$ /home/milnes/projects/veracity/target/release/veracity-review-proof-holes -e benches -e tests -e rust_verify_test -e src/vstdplus -e src/standards -e src/experiments -e scratch -e bugs /home/milnes/projects/APAS-VERUS
Full output: /home/milnes/projects/APAS-VERUS/analyses/veracity-review-verus-proof-holes.log

Table of Contents:
  1. File Holes
  2. Depends Upon
     2.1. By Module
     2.2. By File
  3. Summary of Holes
  4. Proof Targets
     4.1. Worst src/* Directories (all dirs, by holes)
     4.2. Next Target Files (clean deps only, by holes)
     4.3. Next Target Directories
     4.4. Not Verusified
     4.5. Not Verusified (clean deps only)
     4.6. Chapter by Chapter Proof Targeting
  5. Started/Ended/Duration

=================================================================
1. File Holes
=================================================================

✓ src/Chap02/FibonacciHFScheduler.rs
   5 clean proof functions
ℹ src/Chap02/HFSchedulerMtEph.rs
/home/milnes/projects/APAS-VERUS/src/Chap02/HFSchedulerMtEph.rs:95: info: external_type_specification_accept_hole
/home/milnes/projects/APAS-VERUS/src/Chap02/HFSchedulerMtEph.rs:96: info: external_body_accept_hole
/home/milnes/projects/APAS-VERUS/src/Chap02/HFSchedulerMtEph.rs:109: info: external_body_accept_hole
/home/milnes/projects/APAS-VERUS/src/Chap02/HFSchedulerMtEph.rs:31: info: struct_outside_verus_accept_hole
/home/milnes/projects/APAS-VERUS/src/Chap02/HFSchedulerMtEph.rs:37: info: enum_outside_verus_accept_hole
   Info: 5 total
/home/milnes/projects/APAS-VERUS/src/Chap02/HFSchedulerMtEph.rs:118: info: structural_false_positive THREAD_SPAWN join — #[verifier::external_body] // accept hole [high]
/home/milnes/projects/APAS-VERUS/src/Chap02/HFSchedulerMtEph.rs:144: info: structural_false_positive THREAD_SPAWN spawn_join — #[verifier::external_body] // accept hole [high]
/home/milnes/projects/APAS-VERUS/src/Chap02/HFSchedulerMtEph.rs:174: info: structural_false_positive THREAD_SPAWN spawn — #[verifier::external_body] // accept hole [high]
/home/milnes/projects/APAS-VERUS/src/Chap02/HFSchedulerMtEph.rs:195: info: structural_false_positive THREAD_SPAWN wait — #[verifier::external_body] // accept hole [medium]
   Info: 4 × structural_false_positive
✓ src/Chap03/InsertionSortStEph.rs
✓ src/Chap05/KleeneStPer.rs
   9 clean proof functions
ℹ src/Chap05/MappingStEph.rs
/home/milnes/projects/APAS-VERUS/src/Chap05/MappingStEph.rs:626: info: accept()
   Info: 1 total
   2 clean proof functions
✓ src/Chap05/RelationStEph.rs
ℹ src/Chap05/SetMtEph.rs
/home/milnes/projects/APAS-VERUS/src/Chap05/SetMtEph.rs:1136: info: trivial_spec_wf
/home/milnes/projects/APAS-VERUS/src/Chap05/SetMtEph.rs:1161: info: accept()
/home/milnes/projects/APAS-VERUS/src/Chap05/SetMtEph.rs:1172: info: accept()
/home/milnes/projects/APAS-VERUS/src/Chap05/SetMtEph.rs:1195: info: accept()
/home/milnes/projects/APAS-VERUS/src/Chap05/SetMtEph.rs:1255: info: accept()
   Info: 5 total
/home/milnes/projects/APAS-VERUS/src/Chap05/SetMtEph.rs:1182: info: structural_false_positive RWLOCK_GHOST insert — proof { assume(self.ghost_locked_set@ == locked_val@); } [medium]
/home/milnes/projects/APAS-VERUS/src/Chap05/SetMtEph.rs:1235: info: structural_false_positive STD_TRAIT_IMPL hash — #[verifier::external_body] [high]
   Info: 2 × structural_false_positive
   7 clean proof functions
ℹ src/Chap05/SetStEph.rs
/home/milnes/projects/APAS-VERUS/src/Chap05/SetStEph.rs:988: info: accept()
   Info: 1 total
/home/milnes/projects/APAS-VERUS/src/Chap05/SetStEph.rs:967: info: structural_false_positive STD_TRAIT_IMPL hash — #[verifier::external_body] [high]
   Info: 1 × structural_false_positive
   7 clean proof functions
ℹ src/Chap06/DirGraphMtEph.rs
/home/milnes/projects/APAS-VERUS/src/Chap06/DirGraphMtEph.rs:959: info: accept()
/home/milnes/projects/APAS-VERUS/src/Chap06/DirGraphMtEph.rs:971: info: accept()
/home/milnes/projects/APAS-VERUS/src/Chap06/DirGraphMtEph.rs:983: info: accept()
/home/milnes/projects/APAS-VERUS/src/Chap06/DirGraphMtEph.rs:994: info: accept()
/home/milnes/projects/APAS-VERUS/src/Chap06/DirGraphMtEph.rs:1006: info: accept()
/home/milnes/projects/APAS-VERUS/src/Chap06/DirGraphMtEph.rs:1018: info: accept()
/home/milnes/projects/APAS-VERUS/src/Chap06/DirGraphMtEph.rs:1030: info: accept()
/home/milnes/projects/APAS-VERUS/src/Chap06/DirGraphMtEph.rs:1042: info: accept()
/home/milnes/projects/APAS-VERUS/src/Chap06/DirGraphMtEph.rs:1055: info: accept()
/home/milnes/projects/APAS-VERUS/src/Chap06/DirGraphMtEph.rs:1067: info: accept()
/home/milnes/projects/APAS-VERUS/src/Chap06/DirGraphMtEph.rs:1078: info: accept()
   Info: 11 total
✓ src/Chap06/DirGraphStEph.rs
ℹ src/Chap06/LabDirGraphMtEph.rs
/home/milnes/projects/APAS-VERUS/src/Chap06/LabDirGraphMtEph.rs:863: info: accept()
/home/milnes/projects/APAS-VERUS/src/Chap06/LabDirGraphMtEph.rs:874: info: accept()
   Info: 2 total
/home/milnes/projects/APAS-VERUS/src/Chap06/LabDirGraphMtEph.rs:836: info: structural_false_positive RWLOCK_GHOST add_vertex — proof { assume(self.ghost_locked_graph@ == locked_val@); } [medium]
/home/milnes/projects/APAS-VERUS/src/Chap06/LabDirGraphMtEph.rs:849: info: structural_false_positive RWLOCK_GHOST add_labeled_arc — proof { assume(self.ghost_locked_graph@ == locked_val@); } [medium]
   Info: 2 × structural_false_positive
✓ src/Chap06/LabDirGraphStEph.rs
ℹ src/Chap06/LabUnDirGraphMtEph.rs
/home/milnes/projects/APAS-VERUS/src/Chap06/LabUnDirGraphMtEph.rs:798: info: accept()
/home/milnes/projects/APAS-VERUS/src/Chap06/LabUnDirGraphMtEph.rs:810: info: accept()
/home/milnes/projects/APAS-VERUS/src/Chap06/LabUnDirGraphMtEph.rs:822: info: accept()
/home/milnes/projects/APAS-VERUS/src/Chap06/LabUnDirGraphMtEph.rs:834: info: accept()
/home/milnes/projects/APAS-VERUS/src/Chap06/LabUnDirGraphMtEph.rs:846: info: accept()
   Info: 5 total
/home/milnes/projects/APAS-VERUS/src/Chap06/LabUnDirGraphMtEph.rs:857: info: structural_false_positive RWLOCK_GHOST add_vertex — proof { assume(self.ghost_locked_graph@ == locked_val@); } [medium]
/home/milnes/projects/APAS-VERUS/src/Chap06/LabUnDirGraphMtEph.rs:869: info: structural_false_positive RWLOCK_GHOST add_labeled_edge — proof { assume(self.ghost_locked_graph@ == locked_val@); } [medium]
   Info: 2 × structural_false_positive
✓ src/Chap06/LabUnDirGraphStEph.rs
ℹ src/Chap06/UnDirGraphMtEph.rs
/home/milnes/projects/APAS-VERUS/src/Chap06/UnDirGraphMtEph.rs:611: info: accept()
/home/milnes/projects/APAS-VERUS/src/Chap06/UnDirGraphMtEph.rs:623: info: accept()
/home/milnes/projects/APAS-VERUS/src/Chap06/UnDirGraphMtEph.rs:635: info: accept()
/home/milnes/projects/APAS-VERUS/src/Chap06/UnDirGraphMtEph.rs:648: info: accept()
/home/milnes/projects/APAS-VERUS/src/Chap06/UnDirGraphMtEph.rs:660: info: accept()
/home/milnes/projects/APAS-VERUS/src/Chap06/UnDirGraphMtEph.rs:672: info: accept()
/home/milnes/projects/APAS-VERUS/src/Chap06/UnDirGraphMtEph.rs:683: info: accept()
   Info: 7 total
✓ src/Chap06/UnDirGraphStEph.rs
✓ src/Chap06/WeightedDirGraphStEphF64.rs
✓ src/Chap06/WeightedDirGraphStEphI128.rs
✓ src/Chap06/WeightedDirGraphStEphI16.rs
✓ src/Chap06/WeightedDirGraphStEphI32.rs
✓ src/Chap06/WeightedDirGraphStEphI64.rs
✓ src/Chap06/WeightedDirGraphStEphI8.rs
✓ src/Chap06/WeightedDirGraphStEphIsize.rs
✓ src/Chap06/WeightedDirGraphStEphU128.rs
✓ src/Chap06/WeightedDirGraphStEphU16.rs
✓ src/Chap06/WeightedDirGraphStEphU32.rs
✓ src/Chap06/WeightedDirGraphStEphU64.rs
✓ src/Chap06/WeightedDirGraphStEphU8.rs
✓ src/Chap06/WeightedDirGraphStEphUsize.rs
ℹ src/Chap11/FibonacciMtEph2Threads.rs
/home/milnes/projects/APAS-VERUS/src/Chap11/FibonacciMtEph2Threads.rs:173: info: accept()
/home/milnes/projects/APAS-VERUS/src/Chap11/FibonacciMtEph2Threads.rs:182: info: accept()
   Info: 2 total
ℹ src/Chap11/FibonacciMtEphRecomputes.rs
/home/milnes/projects/APAS-VERUS/src/Chap11/FibonacciMtEphRecomputes.rs:169: info: accept()
/home/milnes/projects/APAS-VERUS/src/Chap11/FibonacciMtEphRecomputes.rs:178: info: accept()
   Info: 2 total
✓ src/Chap11/FibonacciMtPerAllThreads.rs
ℹ src/Chap11/FibonacciMtPerTSM.rs
/home/milnes/projects/APAS-VERUS/src/Chap11/FibonacciMtPerTSM.rs:163: info: accept()
/home/milnes/projects/APAS-VERUS/src/Chap11/FibonacciMtPerTSM.rs:172: info: accept()
   Info: 2 total
✓ src/Chap11/FibonacciStEph.rs
   3 clean proof functions
ℹ src/Chap12/Exercise12_1.rs
/home/milnes/projects/APAS-VERUS/src/Chap12/Exercise12_1.rs:41: info: external_body_accept_hole
/home/milnes/projects/APAS-VERUS/src/Chap12/Exercise12_1.rs:84: info: external_body_accept_hole
/home/milnes/projects/APAS-VERUS/src/Chap12/Exercise12_1.rs:93: info: external_body_accept_hole
/home/milnes/projects/APAS-VERUS/src/Chap12/Exercise12_1.rs:102: info: external_body_accept_hole
/home/milnes/projects/APAS-VERUS/src/Chap12/Exercise12_1.rs:108: info: external_body_accept_hole
/home/milnes/projects/APAS-VERUS/src/Chap12/Exercise12_1.rs:119: info: external_body_accept_hole
   Info: 6 total
✓ src/Chap12/Exercise12_2.rs
ℹ src/Chap12/Exercise12_5.rs
/home/milnes/projects/APAS-VERUS/src/Chap12/Exercise12_5.rs:42: info: external_accept_hole
/home/milnes/projects/APAS-VERUS/src/Chap12/Exercise12_5.rs:53: info: external_body_accept_hole
/home/milnes/projects/APAS-VERUS/src/Chap12/Exercise12_5.rs:68: info: trivial_spec_wf
/home/milnes/projects/APAS-VERUS/src/Chap12/Exercise12_5.rs:107: info: external_body_accept_hole
/home/milnes/projects/APAS-VERUS/src/Chap12/Exercise12_5.rs:115: info: external_body_accept_hole
/home/milnes/projects/APAS-VERUS/src/Chap12/Exercise12_5.rs:130: info: external_body_accept_hole
/home/milnes/projects/APAS-VERUS/src/Chap12/Exercise12_5.rs:146: info: external_body_accept_hole
/home/milnes/projects/APAS-VERUS/src/Chap12/Exercise12_5.rs:152: info: external_body_accept_hole
/home/milnes/projects/APAS-VERUS/src/Chap12/Exercise12_5.rs:163: info: external_body_accept_hole
/home/milnes/projects/APAS-VERUS/src/Chap12/Exercise12_5.rs:125: info: unsafe_block_accept_hole
/home/milnes/projects/APAS-VERUS/src/Chap12/Exercise12_5.rs:137: info: unsafe_block_accept_hole
/home/milnes/projects/APAS-VERUS/src/Chap12/Exercise12_5.rs:139: info: unsafe_block_accept_hole
/home/milnes/projects/APAS-VERUS/src/Chap12/Exercise12_5.rs:170: info: unsafe_block_accept_hole
   Info: 13 total
ℹ src/Chap17/MathSeq.rs
/home/milnes/projects/APAS-VERUS/src/Chap17/MathSeq.rs:577: info: accept()
/home/milnes/projects/APAS-VERUS/src/Chap17/MathSeq.rs:591: info: accept()
   Info: 2 total
ℹ src/Chap18/ArraySeq.rs
/home/milnes/projects/APAS-VERUS/src/Chap18/ArraySeq.rs:1521: info: external_accept_hole
/home/milnes/projects/APAS-VERUS/src/Chap18/ArraySeq.rs:1554: info: external_accept_hole
/home/milnes/projects/APAS-VERUS/src/Chap18/ArraySeq.rs:1590: info: accept()
   Info: 3 total
   10 clean proof functions
ℹ src/Chap18/ArraySeqMtEph.rs
/home/milnes/projects/APAS-VERUS/src/Chap18/ArraySeqMtEph.rs:104: info: trivial_spec_wf
/home/milnes/projects/APAS-VERUS/src/Chap18/ArraySeqMtEph.rs:1845: info: accept()
   Info: 2 total
   2 clean proof functions
ℹ src/Chap18/ArraySeqMtEphSlice.rs
/home/milnes/projects/APAS-VERUS/src/Chap18/ArraySeqMtEphSlice.rs:1612: info: accept()
   Info: 1 total
   5 clean proof functions
ℹ src/Chap18/ArraySeqMtPer.rs
/home/milnes/projects/APAS-VERUS/src/Chap18/ArraySeqMtPer.rs:342: info: trivial_spec_wf
/home/milnes/projects/APAS-VERUS/src/Chap18/ArraySeqMtPer.rs:1792: info: accept()
   Info: 2 total
   2 clean proof functions
✓ src/Chap18/ArraySeqSpecsAndLemmas.rs
   2 clean proof functions
ℹ src/Chap18/ArraySeqStEph.rs
/home/milnes/projects/APAS-VERUS/src/Chap18/ArraySeqStEph.rs:345: info: trivial_spec_wf
/home/milnes/projects/APAS-VERUS/src/Chap18/ArraySeqStEph.rs:1021: info: accept()
   Info: 2 total
   2 clean proof functions
ℹ src/Chap18/ArraySeqStPer.rs
/home/milnes/projects/APAS-VERUS/src/Chap18/ArraySeqStPer.rs:336: info: trivial_spec_wf
/home/milnes/projects/APAS-VERUS/src/Chap18/ArraySeqStPer.rs:999: info: accept()
   Info: 2 total
   2 clean proof functions
ℹ src/Chap18/LinkedListStEph.rs
/home/milnes/projects/APAS-VERUS/src/Chap18/LinkedListStEph.rs:287: info: trivial_spec_wf
/home/milnes/projects/APAS-VERUS/src/Chap18/LinkedListStEph.rs:837: info: accept()
/home/milnes/projects/APAS-VERUS/src/Chap18/LinkedListStEph.rs:851: info: accept()
   Info: 3 total
   2 clean proof functions
ℹ src/Chap18/LinkedListStPer.rs
/home/milnes/projects/APAS-VERUS/src/Chap18/LinkedListStPer.rs:279: info: trivial_spec_wf
/home/milnes/projects/APAS-VERUS/src/Chap18/LinkedListStPer.rs:818: info: accept()
/home/milnes/projects/APAS-VERUS/src/Chap18/LinkedListStPer.rs:832: info: accept()
   Info: 3 total
   2 clean proof functions
ℹ src/Chap19/ArraySeqMtEph.rs
/home/milnes/projects/APAS-VERUS/src/Chap19/ArraySeqMtEph.rs:436: info: trivial_spec_wf
/home/milnes/projects/APAS-VERUS/src/Chap19/ArraySeqMtEph.rs:1639: info: accept()
   Info: 2 total
   4 clean proof functions
ℹ src/Chap19/ArraySeqMtEphSlice.rs
/home/milnes/projects/APAS-VERUS/src/Chap19/ArraySeqMtEphSlice.rs:1639: info: accept()
   Info: 1 total
   5 clean proof functions
✓ src/Chap19/ArraySeqSpecsAndLemmas.rs
   2 clean proof functions
ℹ src/Chap19/ArraySeqStEph.rs
/home/milnes/projects/APAS-VERUS/src/Chap19/ArraySeqStEph.rs:416: info: trivial_spec_wf
/home/milnes/projects/APAS-VERUS/src/Chap19/ArraySeqStEph.rs:1088: info: accept()
   Info: 2 total
   4 clean proof functions
ℹ src/Chap19/ArraySeqStPer.rs
/home/milnes/projects/APAS-VERUS/src/Chap19/ArraySeqStPer.rs:404: info: trivial_spec_wf
/home/milnes/projects/APAS-VERUS/src/Chap19/ArraySeqStPer.rs:1083: info: accept()
   Info: 2 total
   4 clean proof functions
✓ src/Chap21/Exercise21_5.rs
   1 clean proof function
✓ src/Chap21/Exercise21_6.rs
✓ src/Chap21/Exercise21_7.rs
✓ src/Chap21/Exercise21_8.rs
   5 clean proof functions
✓ src/Chap21/Exercise21_9.rs
   3 clean proof functions
ℹ src/Chap23/BalBinTreeStEph.rs
/home/milnes/projects/APAS-VERUS/src/Chap23/BalBinTreeStEph.rs:493: info: accept()
/home/milnes/projects/APAS-VERUS/src/Chap23/BalBinTreeStEph.rs:522: info: accept()
/home/milnes/projects/APAS-VERUS/src/Chap23/BalBinTreeStEph.rs:558: info: accept()
/home/milnes/projects/APAS-VERUS/src/Chap23/BalBinTreeStEph.rs:575: info: accept()
   Info: 4 total
   2 clean proof functions
ℹ src/Chap23/PrimTreeSeqStPer.rs
/home/milnes/projects/APAS-VERUS/src/Chap23/PrimTreeSeqStPer.rs:868: info: accept()
/home/milnes/projects/APAS-VERUS/src/Chap23/PrimTreeSeqStPer.rs:880: info: accept()
/home/milnes/projects/APAS-VERUS/src/Chap23/PrimTreeSeqStPer.rs:909: info: accept()
/home/milnes/projects/APAS-VERUS/src/Chap23/PrimTreeSeqStPer.rs:927: info: accept()
/home/milnes/projects/APAS-VERUS/src/Chap23/PrimTreeSeqStPer.rs:933: info: accept()
   Info: 5 total
✓ src/Chap26/DivConReduceMtPer.rs
   3 clean proof functions
✓ src/Chap26/DivConReduceStPer.rs
ℹ src/Chap26/ETSPMtEph.rs
/home/milnes/projects/APAS-VERUS/src/Chap26/ETSPMtEph.rs:617: info: structural_false_positive OPAQUE_EXTERNAL sort_and_split_impl — #[verifier::external_body] [medium]
   Info: 1 × structural_false_positive
   5 clean proof functions
✓ src/Chap26/ETSPStEph.rs
   4 clean proof functions
✓ src/Chap26/MergeSortMtPer.rs
   4 clean proof functions
✓ src/Chap26/MergeSortStPer.rs
   1 clean proof function
✓ src/Chap26/ScanDCMtPer.rs
   1 clean proof function
✓ src/Chap26/ScanDCStPer.rs
   1 clean proof function
✓ src/Chap27/ContractSpecsAndLemmas.rs
   8 clean proof functions
✓ src/Chap27/ReduceContractMtEph.rs
✓ src/Chap27/ReduceContractStEph.rs
✓ src/Chap27/ScanContractMtEph.rs
ℹ src/Chap27/ScanContractStEph.rs
/home/milnes/projects/APAS-VERUS/src/Chap27/ScanContractStEph.rs:48: info: opaque
   Info: 1 total
   1 clean proof function
✓ src/Chap28/MCSSSpec.rs
   10 clean proof functions
✓ src/Chap28/MaxContigSubSumBruteStEph.rs
✓ src/Chap28/MaxContigSubSumDivConMtEph.rs
✓ src/Chap28/MaxContigSubSumDivConOptMtEph.rs
✓ src/Chap28/MaxContigSubSumDivConOptStEph.rs
   1 clean proof function
✓ src/Chap28/MaxContigSubSumDivConStEph.rs
   1 clean proof function
✓ src/Chap28/MaxContigSubSumIterStEph.rs
   2 clean proof functions
✓ src/Chap28/MaxContigSubSumOptMtEph.rs
✓ src/Chap28/MaxContigSubSumOptStEph.rs
   1 clean proof function
✓ src/Chap28/MaxContigSubSumReducedMcsseStEph.rs
✓ src/Chap28/MaxContigSubSumReducedStEph.rs
ℹ src/Chap30/Probability.rs
/home/milnes/projects/APAS-VERUS/src/Chap30/Probability.rs:77: info: external_body_accept_hole
/home/milnes/projects/APAS-VERUS/src/Chap30/Probability.rs:113: info: external_body_accept_hole
/home/milnes/projects/APAS-VERUS/src/Chap30/Probability.rs:119: info: external_body_accept_hole
/home/milnes/projects/APAS-VERUS/src/Chap30/Probability.rs:127: info: external_body_accept_hole
/home/milnes/projects/APAS-VERUS/src/Chap30/Probability.rs:135: info: external_body_accept_hole
/home/milnes/projects/APAS-VERUS/src/Chap30/Probability.rs:143: info: external_body_accept_hole
/home/milnes/projects/APAS-VERUS/src/Chap30/Probability.rs:151: info: external_body_accept_hole
   Info: 7 total
/home/milnes/projects/APAS-VERUS/src/Chap30/Probability.rs:85: info: structural_false_positive STD_TRAIT_IMPL partial_cmp — #[verifier::external_body] // accept hole [high]
/home/milnes/projects/APAS-VERUS/src/Chap30/Probability.rs:92: info: structural_false_positive STD_TRAIT_IMPL cmp — #[verifier::external_body] // accept hole [high]
/home/milnes/projects/APAS-VERUS/src/Chap30/Probability.rs:181: info: structural_false_positive STD_TRAIT_IMPL eq — #[verifier::external_body] // accept hole [high]
/home/milnes/projects/APAS-VERUS/src/Chap30/Probability.rs:192: info: structural_false_positive STD_TRAIT_IMPL hash — #[verifier::external_body]  // accept hole [high]
   Info: 4 × structural_false_positive
ℹ src/Chap35/OrderStatSelectMtEph.rs
/home/milnes/projects/APAS-VERUS/src/Chap35/OrderStatSelectMtEph.rs:172: info: fn_missing_requires
   Info: 1 total
   3 clean proof functions
ℹ src/Chap35/OrderStatSelectMtPer.rs
/home/milnes/projects/APAS-VERUS/src/Chap35/OrderStatSelectMtPer.rs:172: info: fn_missing_requires
   Info: 1 total
   3 clean proof functions
✓ src/Chap35/OrderStatSelectStEph.rs
   1 clean proof function
✓ src/Chap35/OrderStatSelectStPer.rs
   1 clean proof function
✓ src/Chap36/QuickSortMtEph.rs
   2 clean proof functions
✓ src/Chap36/QuickSortMtEphSlice.rs
   3 clean proof functions
✓ src/Chap36/QuickSortStEph.rs
   2 clean proof functions
ℹ src/Chap37/AVLTreeSeq.rs
/home/milnes/projects/APAS-VERUS/src/Chap37/AVLTreeSeq.rs:1354: info: accept()
/home/milnes/projects/APAS-VERUS/src/Chap37/AVLTreeSeq.rs:1355: info: accept()
/home/milnes/projects/APAS-VERUS/src/Chap37/AVLTreeSeq.rs:1356: info: accept()
/home/milnes/projects/APAS-VERUS/src/Chap37/AVLTreeSeq.rs:1379: info: accept()
   Info: 4 total
/home/milnes/projects/APAS-VERUS/src/Chap37/AVLTreeSeq.rs:1255: info: structural_false_positive STD_TRAIT_IMPL next — #[verifier::external_body] [high]
   Info: 1 × structural_false_positive
   3 clean proof functions
ℹ src/Chap37/AVLTreeSeqMtPer.rs
/home/milnes/projects/APAS-VERUS/src/Chap37/AVLTreeSeqMtPer.rs:1005: info: accept()
/home/milnes/projects/APAS-VERUS/src/Chap37/AVLTreeSeqMtPer.rs:1006: info: accept()
/home/milnes/projects/APAS-VERUS/src/Chap37/AVLTreeSeqMtPer.rs:1007: info: accept()
/home/milnes/projects/APAS-VERUS/src/Chap37/AVLTreeSeqMtPer.rs:1020: info: accept()
   Info: 4 total
/home/milnes/projects/APAS-VERUS/src/Chap37/AVLTreeSeqMtPer.rs:793: info: structural_false_positive OPAQUE_EXTERNAL subseq_copy — #[verifier::external_body] [medium]
/home/milnes/projects/APAS-VERUS/src/Chap37/AVLTreeSeqMtPer.rs:919: info: structural_false_positive STD_TRAIT_IMPL next — #[verifier::external_body] [high]
   Info: 2 × structural_false_positive
   3 clean proof functions
ℹ src/Chap37/AVLTreeSeqStEph.rs
/home/milnes/projects/APAS-VERUS/src/Chap37/AVLTreeSeqStEph.rs:1305: info: accept()
/home/milnes/projects/APAS-VERUS/src/Chap37/AVLTreeSeqStEph.rs:1402: info: accept()
/home/milnes/projects/APAS-VERUS/src/Chap37/AVLTreeSeqStEph.rs:1403: info: accept()
/home/milnes/projects/APAS-VERUS/src/Chap37/AVLTreeSeqStEph.rs:1404: info: accept()
   Info: 4 total
/home/milnes/projects/APAS-VERUS/src/Chap37/AVLTreeSeqStEph.rs:1326: info: structural_false_positive STD_TRAIT_IMPL next — #[verifier::external_body] [high]
   Info: 1 × structural_false_positive
   5 clean proof functions
ℹ src/Chap37/AVLTreeSeqStPer.rs
/home/milnes/projects/APAS-VERUS/src/Chap37/AVLTreeSeqStPer.rs:963: info: fn_missing_requires
/home/milnes/projects/APAS-VERUS/src/Chap37/AVLTreeSeqStPer.rs:1124: info: accept()
/home/milnes/projects/APAS-VERUS/src/Chap37/AVLTreeSeqStPer.rs:1125: info: accept()
/home/milnes/projects/APAS-VERUS/src/Chap37/AVLTreeSeqStPer.rs:1126: info: accept()
/home/milnes/projects/APAS-VERUS/src/Chap37/AVLTreeSeqStPer.rs:1141: info: accept()
   Info: 5 total
/home/milnes/projects/APAS-VERUS/src/Chap37/AVLTreeSeqStPer.rs:1045: info: structural_false_positive STD_TRAIT_IMPL next — #[verifier::external_body] [high]
   Info: 1 × structural_false_positive
   5 clean proof functions
ℹ src/Chap37/BSTAVLMtEph.rs
/home/milnes/projects/APAS-VERUS/src/Chap37/BSTAVLMtEph.rs:919: info: accept()
   Info: 1 total
/home/milnes/projects/APAS-VERUS/src/Chap37/BSTAVLMtEph.rs:846: info: structural_false_positive RWLOCK_GHOST insert — proof { assume(self.ghost_root@ == tree); } [medium]
/home/milnes/projects/APAS-VERUS/src/Chap37/BSTAVLMtEph.rs:872: info: structural_false_positive RWLOCK_GHOST contains — proof { assume(found == self@.tree_contains(*target)); } [medium]
/home/milnes/projects/APAS-VERUS/src/Chap37/BSTAVLMtEph.rs:884: info: structural_false_positive RWLOCK_GHOST size — proof { assume(n as nat == self@.spec_size()); } [medium]
/home/milnes/projects/APAS-VERUS/src/Chap37/BSTAVLMtEph.rs:896: info: structural_false_positive RWLOCK_GHOST is_empty — proof { assume(b == (self@ is Leaf)); } [medium]
/home/milnes/projects/APAS-VERUS/src/Chap37/BSTAVLMtEph.rs:907: info: structural_false_positive RWLOCK_GHOST height — proof { assume(h as nat == self@.spec_height()); } [medium]
/home/milnes/projects/APAS-VERUS/src/Chap37/BSTAVLMtEph.rs:918: info: structural_false_positive RWLOCK_GHOST find — assume(found.is_some() == self@.tree_contains(*target)); [medium]
   Info: 6 × structural_false_positive
✓ src/Chap37/BSTAVLStEph.rs
ℹ src/Chap37/BSTBBAlphaMtEph.rs
/home/milnes/projects/APAS-VERUS/src/Chap37/BSTBBAlphaMtEph.rs:726: info: accept()
   Info: 1 total
/home/milnes/projects/APAS-VERUS/src/Chap37/BSTBBAlphaMtEph.rs:639: info: structural_false_positive RWLOCK_GHOST insert — proof { assume(self.ghost_root@ == tree); } [medium]
/home/milnes/projects/APAS-VERUS/src/Chap37/BSTBBAlphaMtEph.rs:662: info: structural_false_positive RWLOCK_GHOST delete — proof { assume(self.ghost_root@ == tree); } [medium]
/home/milnes/projects/APAS-VERUS/src/Chap37/BSTBBAlphaMtEph.rs:677: info: structural_false_positive RWLOCK_GHOST contains — proof { assume(found == self@.tree_contains(*target)); } [medium]
/home/milnes/projects/APAS-VERUS/src/Chap37/BSTBBAlphaMtEph.rs:689: info: structural_false_positive RWLOCK_GHOST size — proof { assume(n as nat == self@.spec_size()); } [medium]
/home/milnes/projects/APAS-VERUS/src/Chap37/BSTBBAlphaMtEph.rs:702: info: structural_false_positive RWLOCK_GHOST is_empty — proof { assume(b == (self@ is Leaf)); } [medium]
/home/milnes/projects/APAS-VERUS/src/Chap37/BSTBBAlphaMtEph.rs:713: info: structural_false_positive RWLOCK_GHOST height — proof { assume(h as nat == self@.spec_height()); } [medium]
/home/milnes/projects/APAS-VERUS/src/Chap37/BSTBBAlphaMtEph.rs:725: info: structural_false_positive RWLOCK_GHOST find — assume(found.is_some() == self@.tree_contains(*target)); [medium]
/home/milnes/projects/APAS-VERUS/src/Chap37/BSTBBAlphaMtEph.rs:739: info: structural_false_positive RWLOCK_GHOST minimum — assume(self@.spec_size() == 0 ==> min.is_none()); [medium]
/home/milnes/projects/APAS-VERUS/src/Chap37/BSTBBAlphaMtEph.rs:740: info: structural_false_positive RWLOCK_GHOST minimum — assume(self@.spec_size() > 0 ==> min.is_some()); [medium]
/home/milnes/projects/APAS-VERUS/src/Chap37/BSTBBAlphaMtEph.rs:741: info: structural_false_positive RWLOCK_GHOST minimum — assume(min.is_some() ==> self@.tree_contains(min.unwrap())); [medium]
/home/milnes/projects/APAS-VERUS/src/Chap37/BSTBBAlphaMtEph.rs:753: info: structural_false_positive RWLOCK_GHOST maximum — assume(self@.spec_size() == 0 ==> max.is_none()); [medium]
/home/milnes/projects/APAS-VERUS/src/Chap37/BSTBBAlphaMtEph.rs:754: info: structural_false_positive RWLOCK_GHOST maximum — assume(self@.spec_size() > 0 ==> max.is_some()); [medium]
/home/milnes/projects/APAS-VERUS/src/Chap37/BSTBBAlphaMtEph.rs:755: info: structural_false_positive RWLOCK_GHOST maximum — assume(max.is_some() ==> self@.tree_contains(max.unwrap())); [medium]
   Info: 13 × structural_false_positive
✓ src/Chap37/BSTBBAlphaStEph.rs
ℹ src/Chap37/BSTPlainMtEph.rs
/home/milnes/projects/APAS-VERUS/src/Chap37/BSTPlainMtEph.rs:705: info: accept()
   Info: 1 total
/home/milnes/projects/APAS-VERUS/src/Chap37/BSTPlainMtEph.rs:619: info: structural_false_positive RWLOCK_GHOST insert — proof { assume(self.ghost_root@ == tree); } [medium]
/home/milnes/projects/APAS-VERUS/src/Chap37/BSTPlainMtEph.rs:642: info: structural_false_positive RWLOCK_GHOST delete — proof { assume(self.ghost_root@ == tree); } [medium]
/home/milnes/projects/APAS-VERUS/src/Chap37/BSTPlainMtEph.rs:657: info: structural_false_positive RWLOCK_GHOST contains — proof { assume(found == self@.tree_contains(*target)); } [medium]
/home/milnes/projects/APAS-VERUS/src/Chap37/BSTPlainMtEph.rs:668: info: structural_false_positive RWLOCK_GHOST size — proof { assume(n as nat == self@.spec_size()); } [medium]
/home/milnes/projects/APAS-VERUS/src/Chap37/BSTPlainMtEph.rs:680: info: structural_false_positive RWLOCK_GHOST is_empty — proof { assume(b == (self@ is Leaf)); } [medium]
/home/milnes/projects/APAS-VERUS/src/Chap37/BSTPlainMtEph.rs:692: info: structural_false_positive RWLOCK_GHOST height — proof { assume(h as nat == self@.spec_height()); } [medium]
/home/milnes/projects/APAS-VERUS/src/Chap37/BSTPlainMtEph.rs:704: info: structural_false_positive RWLOCK_GHOST find — assume(found.is_some() == self@.tree_contains(*target)); [medium]
/home/milnes/projects/APAS-VERUS/src/Chap37/BSTPlainMtEph.rs:718: info: structural_false_positive RWLOCK_GHOST minimum — assume(self@.spec_size() == 0 ==> min.is_none()); [medium]
/home/milnes/projects/APAS-VERUS/src/Chap37/BSTPlainMtEph.rs:719: info: structural_false_positive RWLOCK_GHOST minimum — assume(self@.spec_size() > 0 ==> min.is_some()); [medium]
/home/milnes/projects/APAS-VERUS/src/Chap37/BSTPlainMtEph.rs:720: info: structural_false_positive RWLOCK_GHOST minimum — assume(min.is_some() ==> self@.tree_contains(min.unwrap())); [medium]
/home/milnes/projects/APAS-VERUS/src/Chap37/BSTPlainMtEph.rs:732: info: structural_false_positive RWLOCK_GHOST maximum — assume(self@.spec_size() == 0 ==> max.is_none()); [medium]
/home/milnes/projects/APAS-VERUS/src/Chap37/BSTPlainMtEph.rs:733: info: structural_false_positive RWLOCK_GHOST maximum — assume(self@.spec_size() > 0 ==> max.is_some()); [medium]
/home/milnes/projects/APAS-VERUS/src/Chap37/BSTPlainMtEph.rs:734: info: structural_false_positive RWLOCK_GHOST maximum — assume(max.is_some() ==> self@.tree_contains(max.unwrap())); [medium]
   Info: 13 × structural_false_positive
✓ src/Chap37/BSTPlainStEph.rs
ℹ src/Chap37/BSTRBMtEph.rs
/home/milnes/projects/APAS-VERUS/src/Chap37/BSTRBMtEph.rs:386: info: fn_missing_requires
/home/milnes/projects/APAS-VERUS/src/Chap37/BSTRBMtEph.rs:1122: info: fn_missing_requires
/home/milnes/projects/APAS-VERUS/src/Chap37/BSTRBMtEph.rs:1444: info: accept()
   Info: 3 total
/home/milnes/projects/APAS-VERUS/src/Chap37/BSTRBMtEph.rs:1303: info: structural_false_positive RWLOCK_GHOST from_sorted_slice — assume(spec_is_bst_link(ghost_link)); [medium]
/home/milnes/projects/APAS-VERUS/src/Chap37/BSTRBMtEph.rs:1315: info: structural_false_positive RWLOCK_GHOST insert — proof { assume(self.ghost_root@ == current); } [medium]
/home/milnes/projects/APAS-VERUS/src/Chap37/BSTRBMtEph.rs:1393: info: structural_false_positive RWLOCK_GHOST contains — proof { assume(found == self@.tree_contains(*target)); } [medium]
/home/milnes/projects/APAS-VERUS/src/Chap37/BSTRBMtEph.rs:1405: info: structural_false_positive RWLOCK_GHOST size — proof { assume(n as nat == self@.spec_size()); } [medium]
/home/milnes/projects/APAS-VERUS/src/Chap37/BSTRBMtEph.rs:1415: info: structural_false_positive RWLOCK_GHOST is_empty — proof { assume(b == (self@.spec_size() == 0)); } [medium]
/home/milnes/projects/APAS-VERUS/src/Chap37/BSTRBMtEph.rs:1431: info: structural_false_positive RWLOCK_GHOST height — proof { assume(h as nat == self@.spec_height()); } [medium]
/home/milnes/projects/APAS-VERUS/src/Chap37/BSTRBMtEph.rs:1443: info: structural_false_positive RWLOCK_GHOST find — assume(found.is_some() == self@.tree_contains(*target)); [medium]
   Info: 7 × structural_false_positive
   5 clean proof functions
✓ src/Chap37/BSTRBStEph.rs
ℹ src/Chap37/BSTSetAVLMtEph.rs
/home/milnes/projects/APAS-VERUS/src/Chap37/BSTSetAVLMtEph.rs:181: info: fn_missing_requires
   Info: 1 total
ℹ src/Chap37/BSTSetBBAlphaMtEph.rs
/home/milnes/projects/APAS-VERUS/src/Chap37/BSTSetBBAlphaMtEph.rs:180: info: fn_missing_requires
   Info: 1 total
ℹ src/Chap37/BSTSetPlainMtEph.rs
/home/milnes/projects/APAS-VERUS/src/Chap37/BSTSetPlainMtEph.rs:180: info: fn_missing_requires
   Info: 1 total
ℹ src/Chap37/BSTSetRBMtEph.rs
/home/milnes/projects/APAS-VERUS/src/Chap37/BSTSetRBMtEph.rs:180: info: fn_missing_requires
   Info: 1 total
✓ src/Chap37/BSTSetSplayMtEph.rs
✓ src/Chap37/BSTSpecsAndLemmas.rs
   11 clean proof functions
ℹ src/Chap37/BSTSplayMtEph.rs
/home/milnes/projects/APAS-VERUS/src/Chap37/BSTSplayMtEph.rs:1545: info: accept()
/home/milnes/projects/APAS-VERUS/src/Chap37/BSTSplayMtEph.rs:1999: info: accept()
/home/milnes/projects/APAS-VERUS/src/Chap37/BSTSplayMtEph.rs:2101: info: accept()
   Info: 3 total
/home/milnes/projects/APAS-VERUS/src/Chap37/BSTSplayMtEph.rs:1926: info: structural_false_positive RWLOCK_GHOST insert — proof { assume(self.ghost_root@ == current); } [medium]
/home/milnes/projects/APAS-VERUS/src/Chap37/BSTSplayMtEph.rs:1933: info: structural_false_positive RWLOCK_GHOST insert — assume(link_node_count(current) <= usize::MAX as nat); [medium]
/home/milnes/projects/APAS-VERUS/src/Chap37/BSTSplayMtEph.rs:1934: info: structural_false_positive RWLOCK_GHOST insert — assume(link_spec_size(current) <= link_spec_size(old(self)@) [medium]
/home/milnes/projects/APAS-VERUS/src/Chap37/BSTSplayMtEph.rs:1953: info: structural_false_positive RWLOCK_GHOST contains — proof { assume(found == link_contains(self@, *target)); } [medium]
/home/milnes/projects/APAS-VERUS/src/Chap37/BSTSplayMtEph.rs:1963: info: structural_false_positive RWLOCK_GHOST size — proof { assume(n as nat == link_spec_size(self@)); } [medium]
/home/milnes/projects/APAS-VERUS/src/Chap37/BSTSplayMtEph.rs:1974: info: structural_false_positive RWLOCK_GHOST is_empty — proof { assume(b == (self@ is None)); } [medium]
/home/milnes/projects/APAS-VERUS/src/Chap37/BSTSplayMtEph.rs:1988: info: structural_false_positive RWLOCK_GHOST height — proof { assume(h as nat == link_height(self@)); } [medium]
/home/milnes/projects/APAS-VERUS/src/Chap37/BSTSplayMtEph.rs:1998: info: structural_false_positive RWLOCK_GHOST find — assume(found.is_some() <==> link_contains(self@, *target)); [medium]
/home/milnes/projects/APAS-VERUS/src/Chap37/BSTSplayMtEph.rs:2010: info: structural_false_positive RWLOCK_GHOST minimum — assume(link_spec_size(self@) > 0 ==> min.is_some()); [medium]
/home/milnes/projects/APAS-VERUS/src/Chap37/BSTSplayMtEph.rs:2011: info: structural_false_positive RWLOCK_GHOST minimum — assume(min.is_some() ==> link_contains(self@, min.unwrap())) [medium]
/home/milnes/projects/APAS-VERUS/src/Chap37/BSTSplayMtEph.rs:2012: info: structural_false_positive RWLOCK_GHOST minimum — assume(min.is_some() ==> forall|x: T| link_contains(self@, x [medium]
/home/milnes/projects/APAS-VERUS/src/Chap37/BSTSplayMtEph.rs:2024: info: structural_false_positive RWLOCK_GHOST maximum — assume(link_spec_size(self@) > 0 ==> max.is_some()); [medium]
/home/milnes/projects/APAS-VERUS/src/Chap37/BSTSplayMtEph.rs:2025: info: structural_false_positive RWLOCK_GHOST maximum — assume(max.is_some() ==> link_contains(self@, max.unwrap())) [medium]
/home/milnes/projects/APAS-VERUS/src/Chap37/BSTSplayMtEph.rs:2026: info: structural_false_positive RWLOCK_GHOST maximum — assume(max.is_some() ==> forall|x: T| link_contains(self@, x [medium]
   Info: 14 × structural_false_positive
   3 clean proof functions
✓ src/Chap37/BSTSplayStEph.rs
   3 clean proof functions
ℹ src/Chap38/BSTParaMtEph.rs
/home/milnes/projects/APAS-VERUS/src/Chap38/BSTParaMtEph.rs:798: info: fn_missing_requires
/home/milnes/projects/APAS-VERUS/src/Chap38/BSTParaMtEph.rs:1586: info: fn_missing_requires
/home/milnes/projects/APAS-VERUS/src/Chap38/BSTParaMtEph.rs:1689: info: accept()
/home/milnes/projects/APAS-VERUS/src/Chap38/BSTParaMtEph.rs:1708: info: accept()
   Info: 4 total
/home/milnes/projects/APAS-VERUS/src/Chap38/BSTParaMtEph.rs:1794: info: structural_false_positive UNSAFE_SEND_SYNC ParamBST — unsafe impl<T: MtKey> Send for ParamBST<T> {} [high]
/home/milnes/projects/APAS-VERUS/src/Chap38/BSTParaMtEph.rs:1795: info: structural_false_positive UNSAFE_SEND_SYNC ParamBST — unsafe impl<T: MtKey> Sync for ParamBST<T> {} [high]
   Info: 2 × structural_false_positive
✓ src/Chap38/BSTParaSpecsAndLemmas.rs
   6 clean proof functions
ℹ src/Chap38/BSTParaStEph.rs
/home/milnes/projects/APAS-VERUS/src/Chap38/BSTParaStEph.rs:108: info: fn_missing_requires
   Info: 1 total
ℹ src/Chap39/BSTParaTreapMtEph.rs
/home/milnes/projects/APAS-VERUS/src/Chap39/BSTParaTreapMtEph.rs:80: info: fn_missing_requires
/home/milnes/projects/APAS-VERUS/src/Chap39/BSTParaTreapMtEph.rs:1429: info: trivial_spec_wf
/home/milnes/projects/APAS-VERUS/src/Chap39/BSTParaTreapMtEph.rs:1717: info: accept()
/home/milnes/projects/APAS-VERUS/src/Chap39/BSTParaTreapMtEph.rs:1718: info: accept()
/home/milnes/projects/APAS-VERUS/src/Chap39/BSTParaTreapMtEph.rs:1719: info: accept()
/home/milnes/projects/APAS-VERUS/src/Chap39/BSTParaTreapMtEph.rs:1728: info: accept()
   Info: 6 total
/home/milnes/projects/APAS-VERUS/src/Chap39/BSTParaTreapMtEph.rs:219: info: structural_false_positive OPAQUE_EXTERNAL priority_for — #[verifier::external_body] [medium]
/home/milnes/projects/APAS-VERUS/src/Chap39/BSTParaTreapMtEph.rs:1804: info: structural_false_positive UNSAFE_SEND_SYNC ParamTreap — unsafe impl<T: MtKey> Send for ParamTreap<T> {} [high]
/home/milnes/projects/APAS-VERUS/src/Chap39/BSTParaTreapMtEph.rs:1805: info: structural_false_positive UNSAFE_SEND_SYNC ParamTreap — unsafe impl<T: MtKey> Sync for ParamTreap<T> {} [high]
   Info: 3 × structural_false_positive
ℹ src/Chap39/BSTSetTreapMtEph.rs
/home/milnes/projects/APAS-VERUS/src/Chap39/BSTSetTreapMtEph.rs:282: info: trivial_spec_wf
/home/milnes/projects/APAS-VERUS/src/Chap39/BSTSetTreapMtEph.rs:470: info: accept()
   Info: 2 total
ℹ src/Chap39/BSTTreapMtEph.rs
/home/milnes/projects/APAS-VERUS/src/Chap39/BSTTreapMtEph.rs:1104: info: trivial_spec_wf
/home/milnes/projects/APAS-VERUS/src/Chap39/BSTTreapMtEph.rs:1114: info: trivial_spec_wf
/home/milnes/projects/APAS-VERUS/src/Chap39/BSTTreapMtEph.rs:1252: info: accept()
/home/milnes/projects/APAS-VERUS/src/Chap39/BSTTreapMtEph.rs:1471: info: accept()
/home/milnes/projects/APAS-VERUS/src/Chap39/BSTTreapMtEph.rs:1486: info: accept()
/home/milnes/projects/APAS-VERUS/src/Chap39/BSTTreapMtEph.rs:1527: info: accept()
/home/milnes/projects/APAS-VERUS/src/Chap39/BSTTreapMtEph.rs:1528: info: accept()
/home/milnes/projects/APAS-VERUS/src/Chap39/BSTTreapMtEph.rs:1538: info: accept()
/home/milnes/projects/APAS-VERUS/src/Chap39/BSTTreapMtEph.rs:1559: info: accept()
/home/milnes/projects/APAS-VERUS/src/Chap39/BSTTreapMtEph.rs:1566: info: accept()
   Info: 10 total
/home/milnes/projects/APAS-VERUS/src/Chap39/BSTTreapMtEph.rs:1251: info: structural_false_positive RWLOCK_GHOST find — assume(result.is_some() <==> self@.contains(target@)); [medium]
/home/milnes/projects/APAS-VERUS/src/Chap39/BSTTreapMtEph.rs:1272: info: structural_false_positive RWLOCK_GHOST size — proof { assume(result as nat == self@.len()); } [medium]
/home/milnes/projects/APAS-VERUS/src/Chap39/BSTTreapMtEph.rs:1302: info: structural_false_positive RWLOCK_GHOST minimum — proof { assume(result.is_some() ==> self@.contains(result.un [medium]
/home/milnes/projects/APAS-VERUS/src/Chap39/BSTTreapMtEph.rs:1315: info: structural_false_positive RWLOCK_GHOST maximum — proof { assume(result.is_some() ==> self@.contains(result.un [medium]
/home/milnes/projects/APAS-VERUS/src/Chap39/BSTTreapMtEph.rs:1329: info: structural_false_positive RWLOCK_GHOST in_order — proof { assume(ordered@.len() == self@.len()); } [medium]
/home/milnes/projects/APAS-VERUS/src/Chap39/BSTTreapMtEph.rs:1343: info: structural_false_positive RWLOCK_GHOST pre_order — proof { assume(preordered@.len() == self@.len()); } [medium]
   Info: 6 × structural_false_positive
   24 clean proof functions
✓ src/Chap39/BSTTreapSpecsAndLemmas.rs
   11 clean proof functions
ℹ src/Chap39/BSTTreapStEph.rs
/home/milnes/projects/APAS-VERUS/src/Chap39/BSTTreapStEph.rs:1916: info: fn_missing_requires
/home/milnes/projects/APAS-VERUS/src/Chap39/BSTTreapStEph.rs:1921: info: accept()
/home/milnes/projects/APAS-VERUS/src/Chap39/BSTTreapStEph.rs:1936: info: accept()
   Info: 3 total
/home/milnes/projects/APAS-VERUS/src/Chap39/BSTTreapStEph.rs:1943: info: structural_false_positive OPAQUE_EXTERNAL priority_for_st — #[verifier::external_body] [medium]
   Info: 1 × structural_false_positive
   20 clean proof functions
ℹ src/Chap40/BSTKeyValueStEph.rs
/home/milnes/projects/APAS-VERUS/src/Chap40/BSTKeyValueStEph.rs:1396: info: accept()
/home/milnes/projects/APAS-VERUS/src/Chap40/BSTKeyValueStEph.rs:1515: info: accept()
/home/milnes/projects/APAS-VERUS/src/Chap40/BSTKeyValueStEph.rs:1515: info: accept()
/home/milnes/projects/APAS-VERUS/src/Chap40/BSTKeyValueStEph.rs:1543: info: accept()
/home/milnes/projects/APAS-VERUS/src/Chap40/BSTKeyValueStEph.rs:1564: info: accept()
/home/milnes/projects/APAS-VERUS/src/Chap40/BSTKeyValueStEph.rs:1564: info: accept()
/home/milnes/projects/APAS-VERUS/src/Chap40/BSTKeyValueStEph.rs:1567: info: accept()
   Info: 7 total
   14 clean proof functions
ℹ src/Chap40/BSTReducedStEph.rs
/home/milnes/projects/APAS-VERUS/src/Chap40/BSTReducedStEph.rs:171: info: external_body_accept_hole
/home/milnes/projects/APAS-VERUS/src/Chap40/BSTReducedStEph.rs:174: info: external_body_accept_hole
/home/milnes/projects/APAS-VERUS/src/Chap40/BSTReducedStEph.rs:197: info: external_body_accept_hole
/home/milnes/projects/APAS-VERUS/src/Chap40/BSTReducedStEph.rs:1568: info: accept()
/home/milnes/projects/APAS-VERUS/src/Chap40/BSTReducedStEph.rs:1646: info: accept()
/home/milnes/projects/APAS-VERUS/src/Chap40/BSTReducedStEph.rs:1646: info: accept()
/home/milnes/projects/APAS-VERUS/src/Chap40/BSTReducedStEph.rs:1705: info: accept()
/home/milnes/projects/APAS-VERUS/src/Chap40/BSTReducedStEph.rs:1705: info: accept()
/home/milnes/projects/APAS-VERUS/src/Chap40/BSTReducedStEph.rs:1708: info: accept()
   Info: 9 total
   8 clean proof functions
ℹ src/Chap40/BSTSizeStEph.rs
/home/milnes/projects/APAS-VERUS/src/Chap40/BSTSizeStEph.rs:1449: info: accept()
/home/milnes/projects/APAS-VERUS/src/Chap40/BSTSizeStEph.rs:1505: info: accept()
/home/milnes/projects/APAS-VERUS/src/Chap40/BSTSizeStEph.rs:1505: info: accept()
/home/milnes/projects/APAS-VERUS/src/Chap40/BSTSizeStEph.rs:1533: info: accept()
/home/milnes/projects/APAS-VERUS/src/Chap40/BSTSizeStEph.rs:1551: info: accept()
/home/milnes/projects/APAS-VERUS/src/Chap40/BSTSizeStEph.rs:1551: info: accept()
/home/milnes/projects/APAS-VERUS/src/Chap40/BSTSizeStEph.rs:1554: info: accept()
   Info: 7 total
   8 clean proof functions
ℹ src/Chap41/AVLTreeSetMtEph.rs
/home/milnes/projects/APAS-VERUS/src/Chap41/AVLTreeSetMtEph.rs:359: info: trivial_spec_wf
   Info: 1 total
ℹ src/Chap41/AVLTreeSetMtPer.rs
/home/milnes/projects/APAS-VERUS/src/Chap41/AVLTreeSetMtPer.rs:229: info: trivial_spec_wf
/home/milnes/projects/APAS-VERUS/src/Chap41/AVLTreeSetMtPer.rs:370: info: trivial_spec_wf
/home/milnes/projects/APAS-VERUS/src/Chap41/AVLTreeSetMtPer.rs:608: info: accept()
   Info: 3 total
/home/milnes/projects/APAS-VERUS/src/Chap41/AVLTreeSetMtPer.rs:511: info: structural_false_positive STD_TRAIT_IMPL partial_cmp — #[verifier::external_body] [high]
/home/milnes/projects/APAS-VERUS/src/Chap41/AVLTreeSetMtPer.rs:518: info: structural_false_positive STD_TRAIT_IMPL cmp — #[verifier::external_body] [high]
   Info: 2 × structural_false_positive
ℹ src/Chap41/AVLTreeSetStEph.rs
/home/milnes/projects/APAS-VERUS/src/Chap41/AVLTreeSetStEph.rs:864: info: accept()
/home/milnes/projects/APAS-VERUS/src/Chap41/AVLTreeSetStEph.rs:865: info: accept()
/home/milnes/projects/APAS-VERUS/src/Chap41/AVLTreeSetStEph.rs:866: info: accept()
/home/milnes/projects/APAS-VERUS/src/Chap41/AVLTreeSetStEph.rs:867: info: accept()
/home/milnes/projects/APAS-VERUS/src/Chap41/AVLTreeSetStEph.rs:871: info: accept()
   Info: 5 total
   5 clean proof functions
ℹ src/Chap41/AVLTreeSetStPer.rs
/home/milnes/projects/APAS-VERUS/src/Chap41/AVLTreeSetStPer.rs:743: info: accept()
/home/milnes/projects/APAS-VERUS/src/Chap41/AVLTreeSetStPer.rs:744: info: accept()
/home/milnes/projects/APAS-VERUS/src/Chap41/AVLTreeSetStPer.rs:745: info: accept()
/home/milnes/projects/APAS-VERUS/src/Chap41/AVLTreeSetStPer.rs:746: info: accept()
/home/milnes/projects/APAS-VERUS/src/Chap41/AVLTreeSetStPer.rs:750: info: accept()
   Info: 5 total
   4 clean proof functions
ℹ src/Chap41/ArraySetEnumMtEph.rs
/home/milnes/projects/APAS-VERUS/src/Chap41/ArraySetEnumMtEph.rs:951: info: accept()
/home/milnes/projects/APAS-VERUS/src/Chap41/ArraySetEnumMtEph.rs:965: info: accept()
   Info: 2 total
   5 clean proof functions
ℹ src/Chap41/ArraySetStEph.rs
/home/milnes/projects/APAS-VERUS/src/Chap41/ArraySetStEph.rs:1081: info: accept()
/home/milnes/projects/APAS-VERUS/src/Chap41/ArraySetStEph.rs:1082: info: accept()
/home/milnes/projects/APAS-VERUS/src/Chap41/ArraySetStEph.rs:1105: info: accept()
/home/milnes/projects/APAS-VERUS/src/Chap41/ArraySetStEph.rs:1119: info: accept()
   Info: 4 total
   7 clean proof functions
✓ src/Chap41/OrdKeyMap.rs
   26 clean proof functions
⚠ src/Chap42/TableMtEph.rs
/home/milnes/projects/APAS-VERUS/src/Chap42/TableMtEph.rs:2423: error: fn_missing_ensures - fn from_sorted_entries — exec fn should have ensures
      2411 |         fn iter(&self) -> (it: std::slice::Iter<'_, Pair<K, V>>) {
            ...
      2421 |     /// - Alg Analysis: Code review (Claude Opus 4.6): Work O(n), Span O(n)
      2422 |     // veracity: no_requires
      2424 |     {
      2425 |         let seq = ArraySeqMtEphS::from_vec(entries);
/home/milnes/projects/APAS-VERUS/src/Chap42/TableMtEph.rs:2464: info: accept()
/home/milnes/projects/APAS-VERUS/src/Chap42/TableMtEph.rs:2476: info: accept()
   Info: 2 total
✓ src/Chap42/TableSpecsAndLemmas.rs
   14 clean proof functions
⚠ src/Chap42/TableStEph.rs
/home/milnes/projects/APAS-VERUS/src/Chap42/TableStEph.rs:2533: error: fn_missing_ensures - fn from_sorted_entries — exec fn should have ensures
      2517 |         fn entries(&self) -> (entries: ArraySeqStEphS<Pair<K, V>>) {
            ...
      2531 |     /// - Alg Analysis: Code review (Claude Opus 4.6): Work O(n), Span O(n)
      2532 |     // veracity: no_requires
      2534 |         entries: Vec<Pair<K, V>>,
      2535 |     ) -> (cloned: TableStEph<K, V>)
/home/milnes/projects/APAS-VERUS/src/Chap42/TableStEph.rs:2576: info: accept()
   Info: 1 total
⚠ src/Chap42/TableStPer.rs
/home/milnes/projects/APAS-VERUS/src/Chap42/TableStPer.rs:2586: error: fn_missing_ensures - fn from_sorted_entries — exec fn should have ensures
      2569 |         fn collect(&self) -> (collected: ArraySeqStPerS<Pair<K, V>>)
            ...
      2584 |     /// - Alg Analysis: Code review (Claude Opus 4.6): Work O(n), Span O(n)
      2585 |     // veracity: no_requires
      2587 |         entries: Vec<Pair<K, V>>,
      2588 |     ) -> (cloned: TableStPer<K, V>)
/home/milnes/projects/APAS-VERUS/src/Chap42/TableStPer.rs:2786: info: accept()
/home/milnes/projects/APAS-VERUS/src/Chap42/TableStPer.rs:2797: info: accept()
   Info: 2 total
⚠ src/Chap43/AugOrderedTableMtEph.rs
/home/milnes/projects/APAS-VERUS/src/Chap43/AugOrderedTableMtEph.rs:392: error: fn_missing_ensures - fn recalculate_reduction — exec fn should have ensures
       379 |         fn iter<'a>(&'a self) -> (it: std::vec::IntoIter<Pair<K, V>>)
            ...
       390 | 
       391 |     /// - Alg Analysis: Code review (Claude Opus 4.6): Work O(n), Span O(n) -- delegates to calculate_reduction
       393 |         table: &AugOrderedTableMtEph<K, V, F>,
       394 |     ) -> (reduced: V)
/home/milnes/projects/APAS-VERUS/src/Chap43/AugOrderedTableMtEph.rs:404: error: fn_missing_ensures - fn calculate_reduction — exec fn should have ensures
       392 |     pub fn recalculate_reduction<K: MtKey, V: MtVal + Ord, F: MtReduceFn<V>>(
            ...
       402 | 
       403 |     /// - Alg Analysis: Code review (Claude Opus 4.6): Work O(n), Span O(n) -- collect O(n) + linear fold
       405 |         base: &OrderedTableMtEph<K, V>,
       406 |         reducer: &F,
⚠ src/Chap43/AugOrderedTableStEph.rs
/home/milnes/projects/APAS-VERUS/src/Chap43/AugOrderedTableStEph.rs:428: error: fn_missing_ensures - fn calculate_reduction — exec fn should have ensures
       418 |         fn reduce_range(&self, k1: &K, k2: &K) -> (reduced: V)
            ...
       426 | 
       427 |     /// - Alg Analysis: Code review (Claude Opus 4.6): Work O(n), Span O(n) -- collect O(n) + linear fold
       429 |         base: &OrderedTableStEph<K, V>,
       430 |         reducer: &F,
/home/milnes/projects/APAS-VERUS/src/Chap43/AugOrderedTableStEph.rs:965: info: accept()
   Info: 1 total
⚠ src/Chap43/AugOrderedTableStPer.rs
/home/milnes/projects/APAS-VERUS/src/Chap43/AugOrderedTableStPer.rs:454: error: fn_missing_ensures - fn calculate_reduction — exec fn should have ensures
       442 |         fn reduce_range(&self, k1: &K, k2: &K) -> (reduced: V)
            ...
       452 |     /// Fold all values in `base` through `reducer`, returning `identity` for empty tables.
       453 |     /// - Alg Analysis: Code review (Claude Opus 4.6): Work O(n), Span O(n) -- collect O(n) + linear fold
       455 |         base: &OrderedTableStPer<K, V>,
       456 |         reducer: &F,
ℹ src/Chap43/OrderedSetMtEph.rs
/home/milnes/projects/APAS-VERUS/src/Chap43/OrderedSetMtEph.rs:296: info: trivial_spec_wf
   Info: 1 total
/home/milnes/projects/APAS-VERUS/src/Chap43/OrderedSetMtEph.rs:321: info: structural_false_positive RWLOCK_GHOST size — proof { assume(count == self@.len()); } [medium]
/home/milnes/projects/APAS-VERUS/src/Chap43/OrderedSetMtEph.rs:356: info: structural_false_positive RWLOCK_GHOST find — proof { assume(found == self@.contains(x@)); } [medium]
/home/milnes/projects/APAS-VERUS/src/Chap43/OrderedSetMtEph.rs:371: info: structural_false_positive RWLOCK_GHOST insert — proof { assume(locked_val@.len() + 1 < usize::MAX as nat); } [medium]
/home/milnes/projects/APAS-VERUS/src/Chap43/OrderedSetMtEph.rs:428: info: structural_false_positive RWLOCK_GHOST union — proof { assume(locked_val@.len() + other_ref@.len() < usize: [medium]
/home/milnes/projects/APAS-VERUS/src/Chap43/OrderedSetMtEph.rs:460: info: structural_false_positive RWLOCK_GHOST to_seq — proof { assume(inner@ =~= self@); } [medium]
/home/milnes/projects/APAS-VERUS/src/Chap43/OrderedSetMtEph.rs:522: info: structural_false_positive RWLOCK_GHOST first — proof { assume(inner@ =~= self@); } [medium]
/home/milnes/projects/APAS-VERUS/src/Chap43/OrderedSetMtEph.rs:538: info: structural_false_positive RWLOCK_GHOST last — proof { assume(inner@ =~= self@); } [medium]
/home/milnes/projects/APAS-VERUS/src/Chap43/OrderedSetMtEph.rs:553: info: structural_false_positive RWLOCK_GHOST previous — proof { assume(inner@ =~= self@); } [medium]
/home/milnes/projects/APAS-VERUS/src/Chap43/OrderedSetMtEph.rs:567: info: structural_false_positive RWLOCK_GHOST next — proof { assume(inner@ =~= self@); } [medium]
/home/milnes/projects/APAS-VERUS/src/Chap43/OrderedSetMtEph.rs:575: info: structural_false_positive RWLOCK_GHOST split — proof { assume(locked_val@.len() + 1 < usize::MAX as nat); } [medium]
/home/milnes/projects/APAS-VERUS/src/Chap43/OrderedSetMtEph.rs:582: info: structural_false_positive RWLOCK_GHOST split — assume(left.spec_orderedsetsteph_wf()); [medium]
/home/milnes/projects/APAS-VERUS/src/Chap43/OrderedSetMtEph.rs:583: info: structural_false_positive RWLOCK_GHOST split — assume(right.spec_orderedsetsteph_wf()); [medium]
/home/milnes/projects/APAS-VERUS/src/Chap43/OrderedSetMtEph.rs:598: info: structural_false_positive RWLOCK_GHOST join — proof { assume(locked_val@.len() + other_inner@.len() < usiz [medium]
/home/milnes/projects/APAS-VERUS/src/Chap43/OrderedSetMtEph.rs:619: info: structural_false_positive RWLOCK_GHOST get_range — proof { assume(range.spec_orderedsetsteph_wf()); } [medium]
/home/milnes/projects/APAS-VERUS/src/Chap43/OrderedSetMtEph.rs:633: info: structural_false_positive RWLOCK_GHOST rank — proof { assume(inner@ =~= self@); } [medium]
/home/milnes/projects/APAS-VERUS/src/Chap43/OrderedSetMtEph.rs:648: info: structural_false_positive RWLOCK_GHOST select — proof { assume(inner@ =~= self@); } [medium]
/home/milnes/projects/APAS-VERUS/src/Chap43/OrderedSetMtEph.rs:656: info: structural_false_positive RWLOCK_GHOST split_rank — proof { assume(locked_val@.len() + 1 < usize::MAX as nat); } [medium]
/home/milnes/projects/APAS-VERUS/src/Chap43/OrderedSetMtEph.rs:663: info: structural_false_positive RWLOCK_GHOST split_rank — assume(left.spec_orderedsetsteph_wf()); [medium]
/home/milnes/projects/APAS-VERUS/src/Chap43/OrderedSetMtEph.rs:664: info: structural_false_positive RWLOCK_GHOST split_rank — assume(right.spec_orderedsetsteph_wf()); [medium]
   Info: 19 × structural_false_positive
✓ src/Chap43/OrderedSetStEph.rs
   3 clean proof functions
✓ src/Chap43/OrderedSetStPer.rs
   3 clean proof functions
✓ src/Chap43/OrderedSpecsAndLemmas.rs
   11 clean proof functions
ℹ src/Chap43/OrderedTableMtEph.rs
/home/milnes/projects/APAS-VERUS/src/Chap43/OrderedTableMtEph.rs:820: info: fn_missing_requires
/home/milnes/projects/APAS-VERUS/src/Chap43/OrderedTableMtEph.rs:890: info: accept()
/home/milnes/projects/APAS-VERUS/src/Chap43/OrderedTableMtEph.rs:894: info: accept()
   Info: 3 total
/home/milnes/projects/APAS-VERUS/src/Chap43/OrderedTableMtEph.rs:407: info: structural_false_positive RWLOCK_GHOST size — proof { assume(count == self@.dom().len()); } [medium]
/home/milnes/projects/APAS-VERUS/src/Chap43/OrderedTableMtEph.rs:441: info: structural_false_positive RWLOCK_GHOST find — proof { assume(inner@ =~= self@); } [medium]
/home/milnes/projects/APAS-VERUS/src/Chap43/OrderedTableMtEph.rs:462: info: structural_false_positive RWLOCK_GHOST insert — proof { assume(!locked_val@.contains_key(k@) ==> locked_val@ [medium]
/home/milnes/projects/APAS-VERUS/src/Chap43/OrderedTableMtEph.rs:464: info: structural_false_positive RWLOCK_GHOST insert — proof { assume(locked_val.spec_orderedtablesteph_wf()); } [medium]
/home/milnes/projects/APAS-VERUS/src/Chap43/OrderedTableMtEph.rs:481: info: structural_false_positive RWLOCK_GHOST delete — proof { assume(locked_val.spec_orderedtablesteph_wf()); } [medium]
/home/milnes/projects/APAS-VERUS/src/Chap43/OrderedTableMtEph.rs:492: info: structural_false_positive RWLOCK_GHOST domain — proof { assume(inner.spec_orderedtablesteph_wf()); } [medium]
/home/milnes/projects/APAS-VERUS/src/Chap43/OrderedTableMtEph.rs:545: info: structural_false_positive RWLOCK_GHOST intersection — proof { assume(locked_val.spec_orderedtablesteph_wf()); } [medium]
/home/milnes/projects/APAS-VERUS/src/Chap43/OrderedTableMtEph.rs:565: info: structural_false_positive RWLOCK_GHOST union — proof { assume(locked_val@.dom().len() + other_ref@.dom().le [medium]
/home/milnes/projects/APAS-VERUS/src/Chap43/OrderedTableMtEph.rs:567: info: structural_false_positive RWLOCK_GHOST union — proof { assume(locked_val.spec_orderedtablesteph_wf()); } [medium]
/home/milnes/projects/APAS-VERUS/src/Chap43/OrderedTableMtEph.rs:587: info: structural_false_positive RWLOCK_GHOST difference — proof { assume(other_ref.spec_orderedtablesteph_wf()); } [medium]
/home/milnes/projects/APAS-VERUS/src/Chap43/OrderedTableMtEph.rs:589: info: structural_false_positive RWLOCK_GHOST difference — proof { assume(locked_val.spec_orderedtablesteph_wf()); } [medium]
/home/milnes/projects/APAS-VERUS/src/Chap43/OrderedTableMtEph.rs:607: info: structural_false_positive RWLOCK_GHOST restrict — proof { assume(locked_val.spec_orderedtablesteph_wf()); } [medium]
/home/milnes/projects/APAS-VERUS/src/Chap43/OrderedTableMtEph.rs:623: info: structural_false_positive RWLOCK_GHOST subtract — proof { assume(locked_val.spec_orderedtablesteph_wf()); } [medium]
/home/milnes/projects/APAS-VERUS/src/Chap43/OrderedTableMtEph.rs:634: info: structural_false_positive RWLOCK_GHOST reduce — proof { assume(inner.spec_orderedtablesteph_wf()); } [medium]
/home/milnes/projects/APAS-VERUS/src/Chap43/OrderedTableMtEph.rs:655: info: structural_false_positive RWLOCK_GHOST first_key — proof { assume(inner.spec_orderedtablesteph_wf()); } [medium]
/home/milnes/projects/APAS-VERUS/src/Chap43/OrderedTableMtEph.rs:657: info: structural_false_positive RWLOCK_GHOST first_key — proof { assume(inner@ =~= self@); } [medium]
/home/milnes/projects/APAS-VERUS/src/Chap43/OrderedTableMtEph.rs:668: info: structural_false_positive RWLOCK_GHOST last_key — proof { assume(inner.spec_orderedtablesteph_wf()); } [medium]
/home/milnes/projects/APAS-VERUS/src/Chap43/OrderedTableMtEph.rs:670: info: structural_false_positive RWLOCK_GHOST last_key — proof { assume(inner@ =~= self@); } [medium]
/home/milnes/projects/APAS-VERUS/src/Chap43/OrderedTableMtEph.rs:681: info: structural_false_positive RWLOCK_GHOST previous_key — proof { assume(inner.spec_orderedtablesteph_wf()); } [medium]
/home/milnes/projects/APAS-VERUS/src/Chap43/OrderedTableMtEph.rs:683: info: structural_false_positive RWLOCK_GHOST previous_key — proof { assume(inner@ =~= self@); } [medium]
/home/milnes/projects/APAS-VERUS/src/Chap43/OrderedTableMtEph.rs:694: info: structural_false_positive RWLOCK_GHOST next_key — proof { assume(inner.spec_orderedtablesteph_wf()); } [medium]
/home/milnes/projects/APAS-VERUS/src/Chap43/OrderedTableMtEph.rs:697: info: structural_false_positive RWLOCK_GHOST next_key — proof { assume(inner@ =~= self@); } [medium]
/home/milnes/projects/APAS-VERUS/src/Chap43/OrderedTableMtEph.rs:714: info: structural_false_positive RWLOCK_GHOST split_key — proof { assume(empty_val.spec_orderedtablesteph_wf()); } [medium]
/home/milnes/projects/APAS-VERUS/src/Chap43/OrderedTableMtEph.rs:717: info: structural_false_positive RWLOCK_GHOST split_key — assume(left_inner.spec_orderedtablesteph_wf()); [medium]
/home/milnes/projects/APAS-VERUS/src/Chap43/OrderedTableMtEph.rs:718: info: structural_false_positive RWLOCK_GHOST split_key — assume(right_inner.spec_orderedtablesteph_wf()); [medium]
/home/milnes/projects/APAS-VERUS/src/Chap43/OrderedTableMtEph.rs:740: info: structural_false_positive RWLOCK_GHOST get_key_range — proof { assume(inner@ =~= self@); } [medium]
/home/milnes/projects/APAS-VERUS/src/Chap43/OrderedTableMtEph.rs:743: info: structural_false_positive RWLOCK_GHOST get_key_range — proof { assume(st_range.spec_orderedtablesteph_wf()); } [medium]
/home/milnes/projects/APAS-VERUS/src/Chap43/OrderedTableMtEph.rs:755: info: structural_false_positive RWLOCK_GHOST rank_key — proof { assume(inner@ =~= self@); } [medium]
/home/milnes/projects/APAS-VERUS/src/Chap43/OrderedTableMtEph.rs:768: info: structural_false_positive RWLOCK_GHOST select_key — proof { assume(inner@ =~= self@); } [medium]
/home/milnes/projects/APAS-VERUS/src/Chap43/OrderedTableMtEph.rs:782: info: structural_false_positive RWLOCK_GHOST split_rank_key — proof { assume(empty_val.spec_orderedtablesteph_wf()); } [medium]
/home/milnes/projects/APAS-VERUS/src/Chap43/OrderedTableMtEph.rs:785: info: structural_false_positive RWLOCK_GHOST split_rank_key — assume(left.spec_orderedtablesteph_wf()); [medium]
/home/milnes/projects/APAS-VERUS/src/Chap43/OrderedTableMtEph.rs:786: info: structural_false_positive RWLOCK_GHOST split_rank_key — assume(right.spec_orderedtablesteph_wf()); [medium]
/home/milnes/projects/APAS-VERUS/src/Chap43/OrderedTableMtEph.rs:795: info: structural_false_positive RWLOCK_GHOST iter — proof { assume(inner.spec_orderedtablesteph_wf()); } [medium]
/home/milnes/projects/APAS-VERUS/src/Chap43/OrderedTableMtEph.rs:830: info: structural_false_positive RWLOCK_GHOST from_st — proof { assume(inner.spec_orderedtablesteph_wf()); } [medium]
/home/milnes/projects/APAS-VERUS/src/Chap43/OrderedTableMtEph.rs:947: info: structural_false_positive UNSAFE_SEND_SYNC OrderedTableMtEph — unsafe impl<K: MtKey, V: MtVal + Ord> Send for OrderedTableMtEph<K, V> {} [high]
/home/milnes/projects/APAS-VERUS/src/Chap43/OrderedTableMtEph.rs:948: info: structural_false_positive UNSAFE_SEND_SYNC OrderedTableMtEph — unsafe impl<K: MtKey, V: MtVal + Ord> Sync for OrderedTableMtEph<K, V> {} [high]
   Info: 36 × structural_false_positive
ℹ src/Chap43/OrderedTableMtPer.rs
/home/milnes/projects/APAS-VERUS/src/Chap43/OrderedTableMtPer.rs:337: info: trivial_spec_wf
/home/milnes/projects/APAS-VERUS/src/Chap43/OrderedTableMtPer.rs:847: info: accept()
/home/milnes/projects/APAS-VERUS/src/Chap43/OrderedTableMtPer.rs:848: info: accept()
   Info: 3 total
✓ src/Chap43/OrderedTableStEph.rs
ℹ src/Chap43/OrderedTableStPer.rs
/home/milnes/projects/APAS-VERUS/src/Chap43/OrderedTableStPer.rs:1406: info: accept()
/home/milnes/projects/APAS-VERUS/src/Chap43/OrderedTableStPer.rs:1418: info: accept()
   Info: 2 total
ℹ src/Chap44/DocumentIndex.rs
/home/milnes/projects/APAS-VERUS/src/Chap44/DocumentIndex.rs:643: info: accept()
   Info: 1 total
/home/milnes/projects/APAS-VERUS/src/Chap44/DocumentIndex.rs:649: info: structural_false_positive STD_TRAIT_IMPL eq — #[verifier::external_body] [high]
   Info: 1 × structural_false_positive
ℹ src/Chap45/BalancedTreePQ.rs
/home/milnes/projects/APAS-VERUS/src/Chap45/BalancedTreePQ.rs:860: info: accept()
   Info: 1 total
   1 clean proof function
ℹ src/Chap45/BinaryHeapPQ.rs
/home/milnes/projects/APAS-VERUS/src/Chap45/BinaryHeapPQ.rs:1848: info: accept()
/home/milnes/projects/APAS-VERUS/src/Chap45/BinaryHeapPQ.rs:1865: info: accept()
   Info: 2 total
   5 clean proof functions
ℹ src/Chap45/HeapsortExample.rs
/home/milnes/projects/APAS-VERUS/src/Chap45/HeapsortExample.rs:116: info: accept()
/home/milnes/projects/APAS-VERUS/src/Chap45/HeapsortExample.rs:133: info: accept()
   Info: 2 total
   1 clean proof function
ℹ src/Chap45/LeftistHeapPQ.rs
/home/milnes/projects/APAS-VERUS/src/Chap45/LeftistHeapPQ.rs:734: info: fn_missing_requires
/home/milnes/projects/APAS-VERUS/src/Chap45/LeftistHeapPQ.rs:1197: info: accept()
/home/milnes/projects/APAS-VERUS/src/Chap45/LeftistHeapPQ.rs:1219: info: accept()
/home/milnes/projects/APAS-VERUS/src/Chap45/LeftistHeapPQ.rs:1247: info: accept()
/home/milnes/projects/APAS-VERUS/src/Chap45/LeftistHeapPQ.rs:1258: info: accept()
   Info: 5 total
   4 clean proof functions
ℹ src/Chap45/SortedListPQ.rs
/home/milnes/projects/APAS-VERUS/src/Chap45/SortedListPQ.rs:1256: info: accept()
   Info: 1 total
   4 clean proof functions
ℹ src/Chap45/UnsortedListPQ.rs
/home/milnes/projects/APAS-VERUS/src/Chap45/UnsortedListPQ.rs:847: info: accept()
/home/milnes/projects/APAS-VERUS/src/Chap45/UnsortedListPQ.rs:863: info: accept()
   Info: 2 total
   1 clean proof function
✓ src/Chap47/ChainedHashTable.rs
   5 clean proof functions
ℹ src/Chap47/DoubleHashFlatHashTableStEph.rs
/home/milnes/projects/APAS-VERUS/src/Chap47/DoubleHashFlatHashTableStEph.rs:105: info: structural_false_positive OPAQUE_EXTERNAL second_hash — #[verifier::external_body] [medium]
   Info: 1 × structural_false_positive
   1 clean proof function
ℹ src/Chap47/FlatHashTable.rs
/home/milnes/projects/APAS-VERUS/src/Chap47/FlatHashTable.rs:269: info: accept()
   Info: 1 total
   4 clean proof functions
✓ src/Chap47/LinProbFlatHashTableStEph.rs
✓ src/Chap47/LinkedListChainedHashTableStEph.rs
   1 clean proof function
✓ src/Chap47/ParaHashTableStEph.rs
   6 clean proof functions
✓ src/Chap47/QuadProbFlatHashTableStEph.rs
   6 clean proof functions
ℹ src/Chap47/StructChainedHashTable.rs
/home/milnes/projects/APAS-VERUS/src/Chap47/StructChainedHashTable.rs:881: info: accept()
/home/milnes/projects/APAS-VERUS/src/Chap47/StructChainedHashTable.rs:899: info: accept()
/home/milnes/projects/APAS-VERUS/src/Chap47/StructChainedHashTable.rs:932: info: accept()
/home/milnes/projects/APAS-VERUS/src/Chap47/StructChainedHashTable.rs:947: info: accept()
   Info: 4 total
   1 clean proof function
✓ src/Chap47/VecChainedHashTableStEph.rs
   1 clean proof function
✓ src/Chap49/MinEditDistMtEph.rs
✓ src/Chap49/MinEditDistMtPer.rs
✓ src/Chap49/MinEditDistStEph.rs
✓ src/Chap49/MinEditDistStPer.rs
⚠ src/Chap49/SubsetSumMtEph.rs
/home/milnes/projects/APAS-VERUS/src/Chap49/SubsetSumMtEph.rs:336: error: dummy_rwlock_predicate - RwLockPredicate inv returning true is grossly underspecified.
       321 |         fn memo_size(&self) -> (count: usize) {
            ...
       334 |         // (`Set` is finite by type); a real invariant needs the multiset length as a
       335 |         // ghost field of this predicate (docs/HashMigration.md, Needs discussion).
       337 |             true
       338 |         }
/home/milnes/projects/APAS-VERUS/src/Chap49/SubsetSumMtEph.rs:148: info: fn_missing_requires
   Info: 1 total
⚠ src/Chap49/SubsetSumMtPer.rs
/home/milnes/projects/APAS-VERUS/src/Chap49/SubsetSumMtPer.rs:304: error: dummy_rwlock_predicate - RwLockPredicate inv returning true is grossly underspecified.
       289 |         fn memo_size(&self) -> (count: usize) {
            ...
       302 |         // (`Set` is finite by type); a real invariant needs the multiset length as a
       303 |         // ghost field of this predicate (docs/HashMigration.md, Needs discussion).
       305 |             true
       306 |         }
/home/milnes/projects/APAS-VERUS/src/Chap49/SubsetSumMtPer.rs:131: info: fn_missing_requires
   Info: 1 total
✓ src/Chap49/SubsetSumStEph.rs
✓ src/Chap49/SubsetSumStPer.rs
ℹ src/Chap50/MatrixChainMtEph.rs
/home/milnes/projects/APAS-VERUS/src/Chap50/MatrixChainMtEph.rs:610: info: accept()
/home/milnes/projects/APAS-VERUS/src/Chap50/MatrixChainMtEph.rs:633: info: accept()
   Info: 2 total
ℹ src/Chap50/MatrixChainMtPer.rs
/home/milnes/projects/APAS-VERUS/src/Chap50/MatrixChainMtPer.rs:489: info: accept()
/home/milnes/projects/APAS-VERUS/src/Chap50/MatrixChainMtPer.rs:508: info: accept()
   Info: 2 total
ℹ src/Chap50/MatrixChainStEph.rs
/home/milnes/projects/APAS-VERUS/src/Chap50/MatrixChainStEph.rs:458: info: accept()
/home/milnes/projects/APAS-VERUS/src/Chap50/MatrixChainStEph.rs:475: info: accept()
   Info: 2 total
ℹ src/Chap50/MatrixChainStPer.rs
/home/milnes/projects/APAS-VERUS/src/Chap50/MatrixChainStPer.rs:418: info: accept()
/home/milnes/projects/APAS-VERUS/src/Chap50/MatrixChainStPer.rs:434: info: accept()
   Info: 2 total
⚠ src/Chap50/OptBinSearchTreeMtEph.rs
/home/milnes/projects/APAS-VERUS/src/Chap50/OptBinSearchTreeMtEph.rs:496: error: dummy_rwlock_predicate - RwLockPredicate inv returning true is grossly underspecified.
       487 |             open spec fn inv(self, v: Vec<KeyProb<T>>) -> bool {
            ...
       494 | 
       495 |         impl RwLockPredicate<HashMap<Pair<usize, usize>, Probability>> for OptBSTMtEphMemoInv {
       497 |                 // The previous body, `v@.dom().finite()`, is identically true at vstd
       498 |                 // 0.2026.09.13 (`Set` is finite by type); a real invariant needs the
/home/milnes/projects/APAS-VERUS/src/Chap50/OptBinSearchTreeMtEph.rs:513: info: accept()
/home/milnes/projects/APAS-VERUS/src/Chap50/OptBinSearchTreeMtEph.rs:533: info: accept()
/home/milnes/projects/APAS-VERUS/src/Chap50/OptBinSearchTreeMtEph.rs:556: info: accept()
   Info: 3 total
⚠ src/Chap50/OptBinSearchTreeMtPer.rs
/home/milnes/projects/APAS-VERUS/src/Chap50/OptBinSearchTreeMtPer.rs:375: error: dummy_rwlock_predicate - RwLockPredicate inv returning true is grossly underspecified.
       354 |         fn memo_size(&self) -> (count: usize) {
            ...
       373 | 
       374 |         impl RwLockPredicate<HashMap<Pair<usize, usize>, Probability>> for OptBSTMtPerMemoInv {
       376 |                 // The previous body, `v@.dom().finite()`, is identically true at vstd
       377 |                 // 0.2026.09.13 (`Set` is finite by type); a real invariant needs the
/home/milnes/projects/APAS-VERUS/src/Chap50/OptBinSearchTreeMtPer.rs:392: info: accept()
/home/milnes/projects/APAS-VERUS/src/Chap50/OptBinSearchTreeMtPer.rs:411: info: accept()
/home/milnes/projects/APAS-VERUS/src/Chap50/OptBinSearchTreeMtPer.rs:429: info: accept()
   Info: 3 total
ℹ src/Chap50/OptBinSearchTreeStEph.rs
/home/milnes/projects/APAS-VERUS/src/Chap50/OptBinSearchTreeStEph.rs:326: info: accept()
/home/milnes/projects/APAS-VERUS/src/Chap50/OptBinSearchTreeStEph.rs:345: info: accept()
   Info: 2 total
ℹ src/Chap50/OptBinSearchTreeStPer.rs
/home/milnes/projects/APAS-VERUS/src/Chap50/OptBinSearchTreeStPer.rs:292: info: accept()
/home/milnes/projects/APAS-VERUS/src/Chap50/OptBinSearchTreeStPer.rs:311: info: accept()
   Info: 2 total
ℹ src/Chap51/BottomUpDPMtEph.rs
/home/milnes/projects/APAS-VERUS/src/Chap51/BottomUpDPMtEph.rs:181: info: trivial_spec_wf
/home/milnes/projects/APAS-VERUS/src/Chap51/BottomUpDPMtEph.rs:487: info: accept()
   Info: 2 total
   2 clean proof functions
ℹ src/Chap51/BottomUpDPMtPer.rs
/home/milnes/projects/APAS-VERUS/src/Chap51/BottomUpDPMtPer.rs:161: info: trivial_spec_wf
/home/milnes/projects/APAS-VERUS/src/Chap51/BottomUpDPMtPer.rs:458: info: accept()
   Info: 2 total
   2 clean proof functions
ℹ src/Chap51/BottomUpDPStEph.rs
/home/milnes/projects/APAS-VERUS/src/Chap51/BottomUpDPStEph.rs:182: info: trivial_spec_wf
/home/milnes/projects/APAS-VERUS/src/Chap51/BottomUpDPStEph.rs:506: info: accept()
   Info: 2 total
   2 clean proof functions
ℹ src/Chap51/BottomUpDPStPer.rs
/home/milnes/projects/APAS-VERUS/src/Chap51/BottomUpDPStPer.rs:162: info: trivial_spec_wf
/home/milnes/projects/APAS-VERUS/src/Chap51/BottomUpDPStPer.rs:470: info: accept()
   Info: 2 total
   2 clean proof functions
✓ src/Chap51/SeqSpecsAndLemmas.rs
   1 clean proof function
ℹ src/Chap51/TopDownDPMtEph.rs
/home/milnes/projects/APAS-VERUS/src/Chap51/TopDownDPMtEph.rs:81: info: trivial_spec_wf
/home/milnes/projects/APAS-VERUS/src/Chap51/TopDownDPMtEph.rs:510: info: accept()
   Info: 2 total
   2 clean proof functions
ℹ src/Chap51/TopDownDPMtPer.rs
/home/milnes/projects/APAS-VERUS/src/Chap51/TopDownDPMtPer.rs:81: info: trivial_spec_wf
/home/milnes/projects/APAS-VERUS/src/Chap51/TopDownDPMtPer.rs:470: info: accept()
   Info: 2 total
   2 clean proof functions
ℹ src/Chap51/TopDownDPStEph.rs
/home/milnes/projects/APAS-VERUS/src/Chap51/TopDownDPStEph.rs:406: info: accept()
   Info: 1 total
   2 clean proof functions
ℹ src/Chap51/TopDownDPStPer.rs
/home/milnes/projects/APAS-VERUS/src/Chap51/TopDownDPStPer.rs:369: info: accept()
   Info: 1 total
   2 clean proof functions
✓ src/Chap52/AdjMatrixGraphMtEph.rs
✓ src/Chap52/AdjMatrixGraphMtPer.rs
✓ src/Chap52/AdjMatrixGraphStEph.rs
ℹ src/Chap52/AdjMatrixGraphStPer.rs
/home/milnes/projects/APAS-VERUS/src/Chap52/AdjMatrixGraphStPer.rs:666: info: accept()
   Info: 1 total
✓ src/Chap52/AdjSeqGraphMtEph.rs
✓ src/Chap52/AdjSeqGraphMtPer.rs
✓ src/Chap52/AdjSeqGraphStEph.rs
ℹ src/Chap52/AdjSeqGraphStPer.rs
/home/milnes/projects/APAS-VERUS/src/Chap52/AdjSeqGraphStPer.rs:648: info: accept()
   Info: 1 total
✓ src/Chap52/AdjTableGraphMtPer.rs
✓ src/Chap52/AdjTableGraphSpecsAndLemmas.rs
   18 clean proof functions
✓ src/Chap52/AdjTableGraphStEph.rs
✓ src/Chap52/AdjTableGraphStPer.rs
   3 clean proof functions
ℹ src/Chap52/EdgeSetGraphMtEph.rs
/home/milnes/projects/APAS-VERUS/src/Chap52/EdgeSetGraphMtEph.rs:440: info: accept()
   Info: 1 total
   1 clean proof function
✓ src/Chap52/EdgeSetGraphMtPer.rs
   1 clean proof function
ℹ src/Chap52/EdgeSetGraphStEph.rs
/home/milnes/projects/APAS-VERUS/src/Chap52/EdgeSetGraphStEph.rs:480: info: accept()
   Info: 1 total
   1 clean proof function
ℹ src/Chap52/EdgeSetGraphStPer.rs
/home/milnes/projects/APAS-VERUS/src/Chap52/EdgeSetGraphStPer.rs:458: info: accept()
/home/milnes/projects/APAS-VERUS/src/Chap52/EdgeSetGraphStPer.rs:475: info: accept()
   Info: 2 total
   1 clean proof function
✓ src/Chap53/GraphSearchMtPer.rs
✓ src/Chap53/GraphSearchStEph.rs
✓ src/Chap53/GraphSearchStPer.rs
ℹ src/Chap53/PQMinStEph.rs
/home/milnes/projects/APAS-VERUS/src/Chap53/PQMinStEph.rs:60: info: trivial_spec_wf
   Info: 1 total
ℹ src/Chap53/PQMinStPer.rs
/home/milnes/projects/APAS-VERUS/src/Chap53/PQMinStPer.rs:63: info: trivial_spec_wf
   Info: 1 total
✓ src/Chap54/BFSMtEph.rs
   7 clean proof functions
✓ src/Chap54/BFSMtPer.rs
   7 clean proof functions
✓ src/Chap54/BFSSpecsAndLemmas.rs
   6 clean proof functions
✓ src/Chap54/BFSStEph.rs
   4 clean proof functions
✓ src/Chap54/BFSStPer.rs
   4 clean proof functions
✓ src/Chap55/CycleDetectStEph.rs
   4 clean proof functions
✓ src/Chap55/CycleDetectStPer.rs
   4 clean proof functions
✓ src/Chap55/DFSSpecsAndLemmas.rs
   10 clean proof functions
✓ src/Chap55/DFSStEph.rs
   4 clean proof functions
✓ src/Chap55/DFSStPer.rs
   4 clean proof functions
✓ src/Chap55/SCCStEph.rs
✓ src/Chap55/SCCStPer.rs
✓ src/Chap55/TopoSortStEph.rs
   4 clean proof functions
✓ src/Chap55/TopoSortStPer.rs
   4 clean proof functions
✓ src/Chap56/AllPairsResultStEphF64.rs
✓ src/Chap56/AllPairsResultStEphI64.rs
✓ src/Chap56/AllPairsResultStPerF64.rs
✓ src/Chap56/AllPairsResultStPerI64.rs
✓ src/Chap56/PathWeightUtilsStEph.rs
✓ src/Chap56/PathWeightUtilsStPer.rs
✓ src/Chap56/SSSPResultStEphF64.rs
✓ src/Chap56/SSSPResultStEphI64.rs
✓ src/Chap56/SSSPResultStPerF64.rs
✓ src/Chap56/SSSPResultStPerI64.rs
ℹ src/Chap57/DijkstraStEphF64.rs
/home/milnes/projects/APAS-VERUS/src/Chap57/DijkstraStEphF64.rs:147: info: external_body_accept_hole
/home/milnes/projects/APAS-VERUS/src/Chap57/DijkstraStEphF64.rs:149: info: external_body_accept_hole
/home/milnes/projects/APAS-VERUS/src/Chap57/DijkstraStEphF64.rs:151: info: external_body_accept_hole
/home/milnes/projects/APAS-VERUS/src/Chap57/DijkstraStEphF64.rs:153: info: external_body_accept_hole
/home/milnes/projects/APAS-VERUS/src/Chap57/DijkstraStEphF64.rs:156: info: external_body_accept_hole
/home/milnes/projects/APAS-VERUS/src/Chap57/DijkstraStEphF64.rs:173: info: external_body_accept_hole
/home/milnes/projects/APAS-VERUS/src/Chap57/DijkstraStEphF64.rs:175: info: external_body_accept_hole
   Info: 7 total
/home/milnes/projects/APAS-VERUS/src/Chap57/DijkstraStEphF64.rs:117: info: structural_false_positive STD_TRAIT_IMPL cmp — #[verifier::external_body] [high]
/home/milnes/projects/APAS-VERUS/src/Chap57/DijkstraStEphF64.rs:136: info: structural_false_positive STD_TRAIT_IMPL partial_cmp — #[verifier::external_body] [high]
   Info: 2 × structural_false_positive
   6 clean proof functions
ℹ src/Chap57/DijkstraStEphU64.rs
/home/milnes/projects/APAS-VERUS/src/Chap57/DijkstraStEphU64.rs:113: info: structural_false_positive STD_TRAIT_IMPL cmp — #[verifier::external_body] [high]
/home/milnes/projects/APAS-VERUS/src/Chap57/DijkstraStEphU64.rs:130: info: structural_false_positive STD_TRAIT_IMPL partial_cmp — #[verifier::external_body] [high]
   Info: 2 × structural_false_positive
   4 clean proof functions
✓ src/Chap57/StackStEph.rs
✓ src/Chap58/BellmanFordStEphF64.rs
✓ src/Chap58/BellmanFordStEphI64.rs
✓ src/Chap59/JohnsonMtEphF64.rs
✓ src/Chap59/JohnsonMtEphI64.rs
✓ src/Chap59/JohnsonStEphF64.rs
✓ src/Chap59/JohnsonStEphI64.rs
ℹ src/Chap61/EdgeContractionMtEph.rs
/home/milnes/projects/APAS-VERUS/src/Chap61/EdgeContractionMtEph.rs:100: info: structural_false_positive OPAQUE_EXTERNAL edge_contract_mt — #[verifier::external_body] [medium]
   Info: 1 × structural_false_positive
✓ src/Chap61/EdgeContractionStEph.rs
ℹ src/Chap61/VertexMatchingMtEph.rs
/home/milnes/projects/APAS-VERUS/src/Chap61/VertexMatchingMtEph.rs:148: info: structural_false_positive OPAQUE_EXTERNAL select_edges_parallel — #[verifier::external_body] [medium]
/home/milnes/projects/APAS-VERUS/src/Chap61/VertexMatchingMtEph.rs:181: info: structural_false_positive OPAQUE_EXTERNAL select_edges_recursive — #[verifier::external_body] [medium]
   Info: 2 × structural_false_positive
✓ src/Chap61/VertexMatchingStEph.rs
✓ src/Chap62/StarContractionMtEph.rs
✓ src/Chap62/StarContractionStEph.rs
ℹ src/Chap62/StarPartitionMtEph.rs
/home/milnes/projects/APAS-VERUS/src/Chap62/StarPartitionMtEph.rs:131: info: structural_false_positive OPAQUE_EXTERNAL hash_coin — #[verifier::external_body] [medium]
   Info: 1 × structural_false_positive
✓ src/Chap62/StarPartitionStEph.rs
✓ src/Chap63/ConnectivityMtEph.rs
✓ src/Chap63/ConnectivityStEph.rs
✓ src/Chap64/SpanTreeMtEph.rs
✓ src/Chap64/SpanTreeStEph.rs
✓ src/Chap64/TSPApproxStEph.rs
✓ src/Chap65/KruskalStEph.rs
   1 clean proof function
ℹ src/Chap65/PrimStEph.rs
/home/milnes/projects/APAS-VERUS/src/Chap65/PrimStEph.rs:492: info: accept()
   Info: 1 total
   4 clean proof functions
✓ src/Chap65/UnionFindArrayStEph.rs
   12 clean proof functions
✓ src/Chap65/UnionFindNoPCStEph.rs
   7 clean proof functions
ℹ src/Chap65/UnionFindPCStEph.rs
/home/milnes/projects/APAS-VERUS/src/Chap65/UnionFindPCStEph.rs:116: info: opaque
/home/milnes/projects/APAS-VERUS/src/Chap65/UnionFindPCStEph.rs:131: info: opaque
/home/milnes/projects/APAS-VERUS/src/Chap65/UnionFindPCStEph.rs:141: info: opaque
   Info: 3 total
   20 clean proof functions
ℹ src/Chap66/BoruvkaMtEph.rs
/home/milnes/projects/APAS-VERUS/src/Chap66/BoruvkaMtEph.rs:1018: info: accept()
   Info: 1 total
/home/milnes/projects/APAS-VERUS/src/Chap66/BoruvkaMtEph.rs:191: info: structural_false_positive OPAQUE_EXTERNAL hash_coin — #[verifier::external_body] [medium]
   Info: 1 × structural_false_positive
ℹ src/Chap66/BoruvkaStEph.rs
/home/milnes/projects/APAS-VERUS/src/Chap66/BoruvkaStEph.rs:489: info: structural_false_positive STD_TRAIT_IMPL eq — #[verifier::external_body] [high]
   Info: 1 × structural_false_positive
ℹ src/Concurrency.rs
/home/milnes/projects/APAS-VERUS/src/Concurrency.rs:27: info: external_body_accept_hole
   Info: 1 total
✓ src/ParaPairs.rs

=================================================================
2. Depends Upon
=================================================================

=================================================================
2.1. By Module
=================================================================

Chap02::FibonacciHFScheduler  depends upon only clean modules
Chap02::HFSchedulerMtEph  depends upon only clean modules
Chap03::InsertionSortStEph  depends upon only clean modules
Chap05::KleeneStPer  depends upon only clean modules
Chap05::MappingStEph  depends upon only clean modules
Chap05::RelationStEph  depends upon only clean modules
Chap05::SetMtEph  depends upon only clean modules
Chap05::SetStEph  depends upon only clean modules
Chap06::DirGraphMtEph  depends upon only clean modules
Chap06::DirGraphStEph  depends upon only clean modules
Chap06::LabDirGraphMtEph  depends upon only clean modules
Chap06::LabDirGraphStEph  depends upon only clean modules
Chap06::LabUnDirGraphMtEph  depends upon only clean modules
Chap06::LabUnDirGraphStEph  depends upon only clean modules
Chap06::UnDirGraphMtEph  depends upon only clean modules
Chap06::UnDirGraphStEph  depends upon only clean modules
Chap06::WeightedDirGraphStEphF64  depends upon only clean modules
Chap06::WeightedDirGraphStEphI128  depends upon only clean modules
Chap06::WeightedDirGraphStEphI16  depends upon only clean modules
Chap06::WeightedDirGraphStEphI32  depends upon only clean modules
Chap06::WeightedDirGraphStEphI64  depends upon only clean modules
Chap06::WeightedDirGraphStEphI8  depends upon only clean modules
Chap06::WeightedDirGraphStEphIsize  depends upon only clean modules
Chap06::WeightedDirGraphStEphU128  depends upon only clean modules
Chap06::WeightedDirGraphStEphU16  depends upon only clean modules
Chap06::WeightedDirGraphStEphU32  depends upon only clean modules
Chap06::WeightedDirGraphStEphU64  depends upon only clean modules
Chap06::WeightedDirGraphStEphU8  depends upon only clean modules
Chap06::WeightedDirGraphStEphUsize  depends upon only clean modules
Chap11::FibonacciMtEph2Threads  depends upon only clean modules
Chap11::FibonacciMtEphRecomputes  depends upon only clean modules
Chap11::FibonacciMtPerAllThreads  depends upon only clean modules
Chap11::FibonacciMtPerTSM  depends upon only clean modules
Chap11::FibonacciStEph  depends upon only clean modules
Chap12::Exercise12_1  depends upon only clean modules
Chap12::Exercise12_2  depends upon only clean modules
Chap12::Exercise12_5  depends upon only clean modules
Chap17::MathSeq  depends upon only clean modules
Chap18::ArraySeq  depends upon only clean modules
Chap18::ArraySeqMtEph  depends upon only clean modules
Chap18::ArraySeqMtEphSlice  depends upon only clean modules
Chap18::ArraySeqMtPer  depends upon only clean modules
Chap18::ArraySeqSpecsAndLemmas  depends upon only clean modules
Chap18::ArraySeqStEph  depends upon only clean modules
Chap18::ArraySeqStPer  depends upon only clean modules
Chap18::LinkedListStEph  depends upon only clean modules
Chap18::LinkedListStPer  depends upon only clean modules
Chap19::ArraySeqMtEph  depends upon only clean modules
Chap19::ArraySeqMtEphSlice  depends upon only clean modules
Chap19::ArraySeqSpecsAndLemmas  depends upon only clean modules
Chap19::ArraySeqStEph  depends upon only clean modules
Chap19::ArraySeqStPer  depends upon only clean modules
Chap21::Exercise21_5  depends upon only clean modules
Chap21::Exercise21_6  depends upon only clean modules
Chap21::Exercise21_7  depends upon only clean modules
Chap21::Exercise21_8  depends upon only clean modules
Chap21::Exercise21_9  depends upon only clean modules
Chap23::BalBinTreeStEph  depends upon only clean modules
Chap23::PrimTreeSeqStPer  depends upon only clean modules
Chap26::DivConReduceMtPer  depends upon only clean modules
Chap26::DivConReduceStPer  depends upon only clean modules
Chap26::ETSPMtEph  depends upon only clean modules
Chap26::ETSPStEph  depends upon only clean modules
Chap26::MergeSortMtPer  depends upon only clean modules
Chap26::MergeSortStPer  depends upon only clean modules
Chap26::ScanDCMtPer  depends upon only clean modules
Chap26::ScanDCStPer  depends upon only clean modules
Chap27::ContractSpecsAndLemmas  depends upon only clean modules
Chap27::ReduceContractMtEph  depends upon only clean modules
Chap27::ReduceContractStEph  depends upon only clean modules
Chap27::ScanContractMtEph  depends upon only clean modules
Chap27::ScanContractStEph  depends upon only clean modules
Chap28::MCSSSpec  depends upon only clean modules
Chap28::MaxContigSubSumBruteStEph  depends upon only clean modules
Chap28::MaxContigSubSumDivConMtEph  depends upon only clean modules
Chap28::MaxContigSubSumDivConOptMtEph  depends upon only clean modules
Chap28::MaxContigSubSumDivConOptStEph  depends upon only clean modules
Chap28::MaxContigSubSumDivConStEph  depends upon only clean modules
Chap28::MaxContigSubSumIterStEph  depends upon only clean modules
Chap28::MaxContigSubSumOptMtEph  depends upon only clean modules
Chap28::MaxContigSubSumOptStEph  depends upon only clean modules
Chap28::MaxContigSubSumReducedMcsseStEph  depends upon only clean modules
Chap28::MaxContigSubSumReducedStEph  depends upon only clean modules
Chap30::Probability  depends upon only clean modules
Chap35::OrderStatSelectMtEph  depends upon only clean modules
Chap35::OrderStatSelectMtPer  depends upon only clean modules
Chap35::OrderStatSelectStEph  depends upon only clean modules
Chap35::OrderStatSelectStPer  depends upon only clean modules
Chap36::QuickSortMtEph  depends upon only clean modules
Chap36::QuickSortMtEphSlice  depends upon only clean modules
Chap36::QuickSortStEph  depends upon only clean modules
Chap37::AVLTreeSeq  depends upon only clean modules
Chap37::AVLTreeSeqMtPer  depends upon only clean modules
Chap37::AVLTreeSeqStEph  depends upon only clean modules
Chap37::AVLTreeSeqStPer  depends upon only clean modules
Chap37::BSTAVLMtEph  depends upon only clean modules
Chap37::BSTAVLStEph  depends upon only clean modules
Chap37::BSTBBAlphaMtEph  depends upon only clean modules
Chap37::BSTBBAlphaStEph  depends upon only clean modules
Chap37::BSTPlainMtEph  depends upon only clean modules
Chap37::BSTPlainStEph  depends upon only clean modules
Chap37::BSTRBMtEph  depends upon only clean modules
Chap37::BSTRBStEph  depends upon only clean modules
Chap37::BSTSetAVLMtEph  depends upon only clean modules
Chap37::BSTSetBBAlphaMtEph  depends upon only clean modules
Chap37::BSTSetPlainMtEph  depends upon only clean modules
Chap37::BSTSetRBMtEph  depends upon only clean modules
Chap37::BSTSetSplayMtEph  depends upon only clean modules
Chap37::BSTSpecsAndLemmas  depends upon only clean modules
Chap37::BSTSplayMtEph  depends upon only clean modules
Chap37::BSTSplayStEph  depends upon only clean modules
Chap38::BSTParaMtEph  depends upon only clean modules
Chap38::BSTParaSpecsAndLemmas  depends upon only clean modules
Chap38::BSTParaStEph  depends upon only clean modules
Chap39::BSTParaTreapMtEph  depends upon only clean modules
Chap39::BSTSetTreapMtEph  depends upon only clean modules
Chap39::BSTTreapMtEph  depends upon only clean modules
Chap39::BSTTreapSpecsAndLemmas  depends upon only clean modules
Chap39::BSTTreapStEph  depends upon only clean modules
Chap40::BSTKeyValueStEph  depends upon only clean modules
Chap40::BSTReducedStEph  depends upon only clean modules
Chap40::BSTSizeStEph  depends upon only clean modules
Chap41::AVLTreeSetMtEph  depends upon only clean modules
Chap41::AVLTreeSetMtPer  depends upon only clean modules
Chap41::AVLTreeSetStEph  depends upon only clean modules
Chap41::AVLTreeSetStPer  depends upon only clean modules
Chap41::ArraySetEnumMtEph  depends upon only clean modules
Chap41::ArraySetStEph  depends upon only clean modules
Chap41::OrdKeyMap  depends upon only clean modules
Chap42::TableMtEph  depends upon only clean modules
Chap42::TableSpecsAndLemmas  depends upon only clean modules
Chap42::TableStEph  depends upon only clean modules
Chap42::TableStPer  depends upon only clean modules
Chap43::AugOrderedTableMtEph  depends upon only clean modules
Chap43::AugOrderedTableStEph  depends upon only clean modules
Chap43::AugOrderedTableStPer  depends upon only clean modules
Chap43::OrderedSetMtEph  depends upon only clean modules
Chap43::OrderedSetStEph  depends upon only clean modules
Chap43::OrderedSetStPer  depends upon only clean modules
Chap43::OrderedSpecsAndLemmas  depends upon only clean modules
Chap43::OrderedTableMtEph  depends upon only clean modules
Chap43::OrderedTableMtPer  depends upon only clean modules
Chap43::OrderedTableStEph  depends upon only clean modules
Chap43::OrderedTableStPer  depends upon only clean modules
Chap44::DocumentIndex  depends upon only clean modules
Chap45::BalancedTreePQ  depends upon only clean modules
Chap45::BinaryHeapPQ  depends upon only clean modules
Chap45::HeapsortExample  depends upon only clean modules
Chap45::LeftistHeapPQ  depends upon only clean modules
Chap45::SortedListPQ  depends upon only clean modules
Chap45::UnsortedListPQ  depends upon only clean modules
Chap47::ChainedHashTable  depends upon only clean modules
Chap47::DoubleHashFlatHashTableStEph  depends upon only clean modules
Chap47::FlatHashTable  depends upon only clean modules
Chap47::LinProbFlatHashTableStEph  depends upon only clean modules
Chap47::LinkedListChainedHashTableStEph  depends upon only clean modules
Chap47::ParaHashTableStEph  depends upon only clean modules
Chap47::QuadProbFlatHashTableStEph  depends upon only clean modules
Chap47::StructChainedHashTable  depends upon only clean modules
Chap47::VecChainedHashTableStEph  depends upon only clean modules
Chap49::MinEditDistMtEph  depends upon only clean modules
Chap49::MinEditDistMtPer  depends upon only clean modules
Chap49::MinEditDistStEph  depends upon only clean modules
Chap49::MinEditDistStPer  depends upon only clean modules
Chap49::SubsetSumMtEph  depends upon only clean modules
Chap49::SubsetSumMtPer  depends upon only clean modules
Chap49::SubsetSumStEph  depends upon only clean modules
Chap49::SubsetSumStPer  depends upon only clean modules
Chap50::MatrixChainMtEph  depends upon only clean modules
Chap50::MatrixChainMtPer  depends upon only clean modules
Chap50::MatrixChainStEph  depends upon only clean modules
Chap50::MatrixChainStPer  depends upon only clean modules
Chap50::OptBinSearchTreeMtEph  depends upon only clean modules
Chap50::OptBinSearchTreeMtPer  depends upon only clean modules
Chap50::OptBinSearchTreeStEph  depends upon only clean modules
Chap50::OptBinSearchTreeStPer  depends upon only clean modules
Chap51::BottomUpDPMtEph  depends upon only clean modules
Chap51::BottomUpDPMtPer  depends upon only clean modules
Chap51::BottomUpDPStEph  depends upon only clean modules
Chap51::BottomUpDPStPer  depends upon only clean modules
Chap51::SeqSpecsAndLemmas  depends upon only clean modules
Chap51::TopDownDPMtEph  depends upon only clean modules
Chap51::TopDownDPMtPer  depends upon only clean modules
Chap51::TopDownDPStEph  depends upon only clean modules
Chap51::TopDownDPStPer  depends upon only clean modules
Chap52::AdjMatrixGraphMtEph  depends upon only clean modules
Chap52::AdjMatrixGraphMtPer  depends upon only clean modules
Chap52::AdjMatrixGraphStEph  depends upon only clean modules
Chap52::AdjMatrixGraphStPer  depends upon only clean modules
Chap52::AdjSeqGraphMtEph  depends upon only clean modules
Chap52::AdjSeqGraphMtPer  depends upon only clean modules
Chap52::AdjSeqGraphStEph  depends upon only clean modules
Chap52::AdjSeqGraphStPer  depends upon only clean modules
Chap52::AdjTableGraphMtPer  depends upon only clean modules
Chap52::AdjTableGraphSpecsAndLemmas  depends upon only clean modules
Chap52::AdjTableGraphStEph  depends upon only clean modules
Chap52::AdjTableGraphStPer  depends upon only clean modules
Chap52::EdgeSetGraphMtEph  depends upon only clean modules
Chap52::EdgeSetGraphMtPer  depends upon only clean modules
Chap52::EdgeSetGraphStEph  depends upon only clean modules
Chap52::EdgeSetGraphStPer  depends upon only clean modules
Chap53::GraphSearchMtPer  depends upon only clean modules
Chap53::GraphSearchStEph  depends upon only clean modules
Chap53::GraphSearchStPer  depends upon only clean modules
Chap53::PQMinStEph  depends upon only clean modules
Chap53::PQMinStPer  depends upon only clean modules
Chap54::BFSMtEph  depends upon only clean modules
Chap54::BFSMtPer  depends upon only clean modules
Chap54::BFSSpecsAndLemmas  depends upon only clean modules
Chap54::BFSStEph  depends upon only clean modules
Chap54::BFSStPer  depends upon only clean modules
Chap55::CycleDetectStEph  depends upon only clean modules
Chap55::CycleDetectStPer  depends upon only clean modules
Chap55::DFSSpecsAndLemmas  depends upon only clean modules
Chap55::DFSStEph  depends upon only clean modules
Chap55::DFSStPer  depends upon only clean modules
Chap55::SCCStEph  depends upon only clean modules
Chap55::SCCStPer  depends upon only clean modules
Chap55::TopoSortStEph  depends upon only clean modules
Chap55::TopoSortStPer  depends upon only clean modules
Chap56::AllPairsResultStEphF64  depends upon only clean modules
Chap56::AllPairsResultStEphI64  depends upon only clean modules
Chap56::AllPairsResultStPerF64  depends upon only clean modules
Chap56::AllPairsResultStPerI64  depends upon only clean modules
Chap56::PathWeightUtilsStEph  depends upon only clean modules
Chap56::PathWeightUtilsStPer  depends upon only clean modules
Chap56::SSSPResultStEphF64  depends upon only clean modules
Chap56::SSSPResultStEphI64  depends upon only clean modules
Chap56::SSSPResultStPerF64  depends upon only clean modules
Chap56::SSSPResultStPerI64  depends upon only clean modules
Chap57::DijkstraStEphF64  depends upon only clean modules
Chap57::DijkstraStEphU64  depends upon only clean modules
Chap57::StackStEph  depends upon only clean modules
Chap58::BellmanFordStEphF64  depends upon only clean modules
Chap58::BellmanFordStEphI64  depends upon only clean modules
Chap59::JohnsonMtEphF64  depends upon only clean modules
Chap59::JohnsonMtEphI64  depends upon only clean modules
Chap59::JohnsonStEphF64  depends upon only clean modules
Chap59::JohnsonStEphI64  depends upon only clean modules
Chap61::EdgeContractionMtEph  depends upon only clean modules
Chap61::EdgeContractionStEph  depends upon only clean modules
Chap61::VertexMatchingMtEph  depends upon only clean modules
Chap61::VertexMatchingStEph  depends upon only clean modules
Chap62::StarContractionMtEph  depends upon only clean modules
Chap62::StarContractionStEph  depends upon only clean modules
Chap62::StarPartitionMtEph  depends upon only clean modules
Chap62::StarPartitionStEph  depends upon only clean modules
Chap63::ConnectivityMtEph  depends upon only clean modules
Chap63::ConnectivityStEph  depends upon only clean modules
Chap64::SpanTreeMtEph  depends upon only clean modules
Chap64::SpanTreeStEph  depends upon only clean modules
Chap64::TSPApproxStEph  depends upon only clean modules
Chap65::KruskalStEph  depends upon only clean modules
Chap65::PrimStEph  depends upon only clean modules
Chap65::UnionFindArrayStEph  depends upon only clean modules
Chap65::UnionFindNoPCStEph  depends upon only clean modules
Chap65::UnionFindPCStEph  depends upon only clean modules
Chap66::BoruvkaMtEph  depends upon only clean modules
Chap66::BoruvkaStEph  depends upon only clean modules
Concurrency  depends upon only clean modules
ParaPairs  depends upon only clean modules

=================================================================
2.2. By File
=================================================================

src/Chap02/FibonacciHFScheduler.rs  depends upon only clean modules
src/Chap02/HFSchedulerMtEph.rs  depends upon only clean modules
src/Chap03/InsertionSortStEph.rs  depends upon only clean modules
src/Chap05/KleeneStPer.rs  depends upon only clean modules
src/Chap05/MappingStEph.rs  depends upon only clean modules
src/Chap05/RelationStEph.rs  depends upon only clean modules
src/Chap05/SetMtEph.rs  depends upon only clean modules
src/Chap05/SetStEph.rs  depends upon only clean modules
src/Chap06/DirGraphMtEph.rs  depends upon only clean modules
src/Chap06/DirGraphStEph.rs  depends upon only clean modules
src/Chap06/LabDirGraphMtEph.rs  depends upon only clean modules
src/Chap06/LabDirGraphStEph.rs  depends upon only clean modules
src/Chap06/LabUnDirGraphMtEph.rs  depends upon only clean modules
src/Chap06/LabUnDirGraphStEph.rs  depends upon only clean modules
src/Chap06/UnDirGraphMtEph.rs  depends upon only clean modules
src/Chap06/UnDirGraphStEph.rs  depends upon only clean modules
src/Chap06/WeightedDirGraphStEphF64.rs  depends upon only clean modules
src/Chap06/WeightedDirGraphStEphI128.rs  depends upon only clean modules
src/Chap06/WeightedDirGraphStEphI16.rs  depends upon only clean modules
src/Chap06/WeightedDirGraphStEphI32.rs  depends upon only clean modules
src/Chap06/WeightedDirGraphStEphI64.rs  depends upon only clean modules
src/Chap06/WeightedDirGraphStEphI8.rs  depends upon only clean modules
src/Chap06/WeightedDirGraphStEphIsize.rs  depends upon only clean modules
src/Chap06/WeightedDirGraphStEphU128.rs  depends upon only clean modules
src/Chap06/WeightedDirGraphStEphU16.rs  depends upon only clean modules
src/Chap06/WeightedDirGraphStEphU32.rs  depends upon only clean modules
src/Chap06/WeightedDirGraphStEphU64.rs  depends upon only clean modules
src/Chap06/WeightedDirGraphStEphU8.rs  depends upon only clean modules
src/Chap06/WeightedDirGraphStEphUsize.rs  depends upon only clean modules
src/Chap11/FibonacciMtEph2Threads.rs  depends upon only clean modules
src/Chap11/FibonacciMtEphRecomputes.rs  depends upon only clean modules
src/Chap11/FibonacciMtPerAllThreads.rs  depends upon only clean modules
src/Chap11/FibonacciMtPerTSM.rs  depends upon only clean modules
src/Chap11/FibonacciStEph.rs  depends upon only clean modules
src/Chap12/Exercise12_1.rs  depends upon only clean modules
src/Chap12/Exercise12_2.rs  depends upon only clean modules
src/Chap12/Exercise12_5.rs  depends upon only clean modules
src/Chap17/MathSeq.rs  depends upon only clean modules
src/Chap18/ArraySeq.rs  depends upon only clean modules
src/Chap18/ArraySeqMtEph.rs  depends upon only clean modules
src/Chap18/ArraySeqMtEphSlice.rs  depends upon only clean modules
src/Chap18/ArraySeqMtPer.rs  depends upon only clean modules
src/Chap18/ArraySeqSpecsAndLemmas.rs  depends upon only clean modules
src/Chap18/ArraySeqStEph.rs  depends upon only clean modules
src/Chap18/ArraySeqStPer.rs  depends upon only clean modules
src/Chap18/LinkedListStEph.rs  depends upon only clean modules
src/Chap18/LinkedListStPer.rs  depends upon only clean modules
src/Chap19/ArraySeqMtEph.rs  depends upon only clean modules
src/Chap19/ArraySeqMtEphSlice.rs  depends upon only clean modules
src/Chap19/ArraySeqSpecsAndLemmas.rs  depends upon only clean modules
src/Chap19/ArraySeqStEph.rs  depends upon only clean modules
src/Chap19/ArraySeqStPer.rs  depends upon only clean modules
src/Chap21/Exercise21_5.rs  depends upon only clean modules
src/Chap21/Exercise21_6.rs  depends upon only clean modules
src/Chap21/Exercise21_7.rs  depends upon only clean modules
src/Chap21/Exercise21_8.rs  depends upon only clean modules
src/Chap21/Exercise21_9.rs  depends upon only clean modules
src/Chap23/BalBinTreeStEph.rs  depends upon only clean modules
src/Chap23/PrimTreeSeqStPer.rs  depends upon only clean modules
src/Chap26/DivConReduceMtPer.rs  depends upon only clean modules
src/Chap26/DivConReduceStPer.rs  depends upon only clean modules
src/Chap26/ETSPMtEph.rs  depends upon only clean modules
src/Chap26/ETSPStEph.rs  depends upon only clean modules
src/Chap26/MergeSortMtPer.rs  depends upon only clean modules
src/Chap26/MergeSortStPer.rs  depends upon only clean modules
src/Chap26/ScanDCMtPer.rs  depends upon only clean modules
src/Chap26/ScanDCStPer.rs  depends upon only clean modules
src/Chap27/ContractSpecsAndLemmas.rs  depends upon only clean modules
src/Chap27/ReduceContractMtEph.rs  depends upon only clean modules
src/Chap27/ReduceContractStEph.rs  depends upon only clean modules
src/Chap27/ScanContractMtEph.rs  depends upon only clean modules
src/Chap27/ScanContractStEph.rs  depends upon only clean modules
src/Chap28/MCSSSpec.rs  depends upon only clean modules
src/Chap28/MaxContigSubSumBruteStEph.rs  depends upon only clean modules
src/Chap28/MaxContigSubSumDivConMtEph.rs  depends upon only clean modules
src/Chap28/MaxContigSubSumDivConOptMtEph.rs  depends upon only clean modules
src/Chap28/MaxContigSubSumDivConOptStEph.rs  depends upon only clean modules
src/Chap28/MaxContigSubSumDivConStEph.rs  depends upon only clean modules
src/Chap28/MaxContigSubSumIterStEph.rs  depends upon only clean modules
src/Chap28/MaxContigSubSumOptMtEph.rs  depends upon only clean modules
src/Chap28/MaxContigSubSumOptStEph.rs  depends upon only clean modules
src/Chap28/MaxContigSubSumReducedMcsseStEph.rs  depends upon only clean modules
src/Chap28/MaxContigSubSumReducedStEph.rs  depends upon only clean modules
src/Chap30/Probability.rs  depends upon only clean modules
src/Chap35/OrderStatSelectMtEph.rs  depends upon only clean modules
src/Chap35/OrderStatSelectMtPer.rs  depends upon only clean modules
src/Chap35/OrderStatSelectStEph.rs  depends upon only clean modules
src/Chap35/OrderStatSelectStPer.rs  depends upon only clean modules
src/Chap36/QuickSortMtEph.rs  depends upon only clean modules
src/Chap36/QuickSortMtEphSlice.rs  depends upon only clean modules
src/Chap36/QuickSortStEph.rs  depends upon only clean modules
src/Chap37/AVLTreeSeq.rs  depends upon only clean modules
src/Chap37/AVLTreeSeqMtPer.rs  depends upon only clean modules
src/Chap37/AVLTreeSeqStEph.rs  depends upon only clean modules
src/Chap37/AVLTreeSeqStPer.rs  depends upon only clean modules
src/Chap37/BSTAVLMtEph.rs  depends upon only clean modules
src/Chap37/BSTAVLStEph.rs  depends upon only clean modules
src/Chap37/BSTBBAlphaMtEph.rs  depends upon only clean modules
src/Chap37/BSTBBAlphaStEph.rs  depends upon only clean modules
src/Chap37/BSTPlainMtEph.rs  depends upon only clean modules
src/Chap37/BSTPlainStEph.rs  depends upon only clean modules
src/Chap37/BSTRBMtEph.rs  depends upon only clean modules
src/Chap37/BSTRBStEph.rs  depends upon only clean modules
src/Chap37/BSTSetAVLMtEph.rs  depends upon only clean modules
src/Chap37/BSTSetBBAlphaMtEph.rs  depends upon only clean modules
src/Chap37/BSTSetPlainMtEph.rs  depends upon only clean modules
src/Chap37/BSTSetRBMtEph.rs  depends upon only clean modules
src/Chap37/BSTSetSplayMtEph.rs  depends upon only clean modules
src/Chap37/BSTSpecsAndLemmas.rs  depends upon only clean modules
src/Chap37/BSTSplayMtEph.rs  depends upon only clean modules
src/Chap37/BSTSplayStEph.rs  depends upon only clean modules
src/Chap38/BSTParaMtEph.rs  depends upon only clean modules
src/Chap38/BSTParaSpecsAndLemmas.rs  depends upon only clean modules
src/Chap38/BSTParaStEph.rs  depends upon only clean modules
src/Chap39/BSTParaTreapMtEph.rs  depends upon only clean modules
src/Chap39/BSTSetTreapMtEph.rs  depends upon only clean modules
src/Chap39/BSTTreapMtEph.rs  depends upon only clean modules
src/Chap39/BSTTreapSpecsAndLemmas.rs  depends upon only clean modules
src/Chap39/BSTTreapStEph.rs  depends upon only clean modules
src/Chap40/BSTKeyValueStEph.rs  depends upon only clean modules
src/Chap40/BSTReducedStEph.rs  depends upon only clean modules
src/Chap40/BSTSizeStEph.rs  depends upon only clean modules
src/Chap41/AVLTreeSetMtEph.rs  depends upon only clean modules
src/Chap41/AVLTreeSetMtPer.rs  depends upon only clean modules
src/Chap41/AVLTreeSetStEph.rs  depends upon only clean modules
src/Chap41/AVLTreeSetStPer.rs  depends upon only clean modules
src/Chap41/ArraySetEnumMtEph.rs  depends upon only clean modules
src/Chap41/ArraySetStEph.rs  depends upon only clean modules
src/Chap41/OrdKeyMap.rs  depends upon only clean modules
src/Chap42/TableMtEph.rs  depends upon only clean modules
src/Chap42/TableSpecsAndLemmas.rs  depends upon only clean modules
src/Chap42/TableStEph.rs  depends upon only clean modules
src/Chap42/TableStPer.rs  depends upon only clean modules
src/Chap43/AugOrderedTableMtEph.rs  depends upon only clean modules
src/Chap43/AugOrderedTableStEph.rs  depends upon only clean modules
src/Chap43/AugOrderedTableStPer.rs  depends upon only clean modules
src/Chap43/OrderedSetMtEph.rs  depends upon only clean modules
src/Chap43/OrderedSetStEph.rs  depends upon only clean modules
src/Chap43/OrderedSetStPer.rs  depends upon only clean modules
src/Chap43/OrderedSpecsAndLemmas.rs  depends upon only clean modules
src/Chap43/OrderedTableMtEph.rs  depends upon only clean modules
src/Chap43/OrderedTableMtPer.rs  depends upon only clean modules
src/Chap43/OrderedTableStEph.rs  depends upon only clean modules
src/Chap43/OrderedTableStPer.rs  depends upon only clean modules
src/Chap44/DocumentIndex.rs  depends upon only clean modules
src/Chap45/BalancedTreePQ.rs  depends upon only clean modules
src/Chap45/BinaryHeapPQ.rs  depends upon only clean modules
src/Chap45/HeapsortExample.rs  depends upon only clean modules
src/Chap45/LeftistHeapPQ.rs  depends upon only clean modules
src/Chap45/SortedListPQ.rs  depends upon only clean modules
src/Chap45/UnsortedListPQ.rs  depends upon only clean modules
src/Chap47/ChainedHashTable.rs  depends upon only clean modules
src/Chap47/DoubleHashFlatHashTableStEph.rs  depends upon only clean modules
src/Chap47/FlatHashTable.rs  depends upon only clean modules
src/Chap47/LinProbFlatHashTableStEph.rs  depends upon only clean modules
src/Chap47/LinkedListChainedHashTableStEph.rs  depends upon only clean modules
src/Chap47/ParaHashTableStEph.rs  depends upon only clean modules
src/Chap47/QuadProbFlatHashTableStEph.rs  depends upon only clean modules
src/Chap47/StructChainedHashTable.rs  depends upon only clean modules
src/Chap47/VecChainedHashTableStEph.rs  depends upon only clean modules
src/Chap49/MinEditDistMtEph.rs  depends upon only clean modules
src/Chap49/MinEditDistMtPer.rs  depends upon only clean modules
src/Chap49/MinEditDistStEph.rs  depends upon only clean modules
src/Chap49/MinEditDistStPer.rs  depends upon only clean modules
src/Chap49/SubsetSumMtEph.rs  depends upon only clean modules
src/Chap49/SubsetSumMtPer.rs  depends upon only clean modules
src/Chap49/SubsetSumStEph.rs  depends upon only clean modules
src/Chap49/SubsetSumStPer.rs  depends upon only clean modules
src/Chap50/MatrixChainMtEph.rs  depends upon only clean modules
src/Chap50/MatrixChainMtPer.rs  depends upon only clean modules
src/Chap50/MatrixChainStEph.rs  depends upon only clean modules
src/Chap50/MatrixChainStPer.rs  depends upon only clean modules
src/Chap50/OptBinSearchTreeMtEph.rs  depends upon only clean modules
src/Chap50/OptBinSearchTreeMtPer.rs  depends upon only clean modules
src/Chap50/OptBinSearchTreeStEph.rs  depends upon only clean modules
src/Chap50/OptBinSearchTreeStPer.rs  depends upon only clean modules
src/Chap51/BottomUpDPMtEph.rs  depends upon only clean modules
src/Chap51/BottomUpDPMtPer.rs  depends upon only clean modules
src/Chap51/BottomUpDPStEph.rs  depends upon only clean modules
src/Chap51/BottomUpDPStPer.rs  depends upon only clean modules
src/Chap51/SeqSpecsAndLemmas.rs  depends upon only clean modules
src/Chap51/TopDownDPMtEph.rs  depends upon only clean modules
src/Chap51/TopDownDPMtPer.rs  depends upon only clean modules
src/Chap51/TopDownDPStEph.rs  depends upon only clean modules
src/Chap51/TopDownDPStPer.rs  depends upon only clean modules
src/Chap52/AdjMatrixGraphMtEph.rs  depends upon only clean modules
src/Chap52/AdjMatrixGraphMtPer.rs  depends upon only clean modules
src/Chap52/AdjMatrixGraphStEph.rs  depends upon only clean modules
src/Chap52/AdjMatrixGraphStPer.rs  depends upon only clean modules
src/Chap52/AdjSeqGraphMtEph.rs  depends upon only clean modules
src/Chap52/AdjSeqGraphMtPer.rs  depends upon only clean modules
src/Chap52/AdjSeqGraphStEph.rs  depends upon only clean modules
src/Chap52/AdjSeqGraphStPer.rs  depends upon only clean modules
src/Chap52/AdjTableGraphMtPer.rs  depends upon only clean modules
src/Chap52/AdjTableGraphSpecsAndLemmas.rs  depends upon only clean modules
src/Chap52/AdjTableGraphStEph.rs  depends upon only clean modules
src/Chap52/AdjTableGraphStPer.rs  depends upon only clean modules
src/Chap52/EdgeSetGraphMtEph.rs  depends upon only clean modules
src/Chap52/EdgeSetGraphMtPer.rs  depends upon only clean modules
src/Chap52/EdgeSetGraphStEph.rs  depends upon only clean modules
src/Chap52/EdgeSetGraphStPer.rs  depends upon only clean modules
src/Chap53/GraphSearchMtPer.rs  depends upon only clean modules
src/Chap53/GraphSearchStEph.rs  depends upon only clean modules
src/Chap53/GraphSearchStPer.rs  depends upon only clean modules
src/Chap53/PQMinStEph.rs  depends upon only clean modules
src/Chap53/PQMinStPer.rs  depends upon only clean modules
src/Chap54/BFSMtEph.rs  depends upon only clean modules
src/Chap54/BFSMtPer.rs  depends upon only clean modules
src/Chap54/BFSSpecsAndLemmas.rs  depends upon only clean modules
src/Chap54/BFSStEph.rs  depends upon only clean modules
src/Chap54/BFSStPer.rs  depends upon only clean modules
src/Chap55/CycleDetectStEph.rs  depends upon only clean modules
src/Chap55/CycleDetectStPer.rs  depends upon only clean modules
src/Chap55/DFSSpecsAndLemmas.rs  depends upon only clean modules
src/Chap55/DFSStEph.rs  depends upon only clean modules
src/Chap55/DFSStPer.rs  depends upon only clean modules
src/Chap55/SCCStEph.rs  depends upon only clean modules
src/Chap55/SCCStPer.rs  depends upon only clean modules
src/Chap55/TopoSortStEph.rs  depends upon only clean modules
src/Chap55/TopoSortStPer.rs  depends upon only clean modules
src/Chap56/AllPairsResultStEphF64.rs  depends upon only clean modules
src/Chap56/AllPairsResultStEphI64.rs  depends upon only clean modules
src/Chap56/AllPairsResultStPerF64.rs  depends upon only clean modules
src/Chap56/AllPairsResultStPerI64.rs  depends upon only clean modules
src/Chap56/PathWeightUtilsStEph.rs  depends upon only clean modules
src/Chap56/PathWeightUtilsStPer.rs  depends upon only clean modules
src/Chap56/SSSPResultStEphF64.rs  depends upon only clean modules
src/Chap56/SSSPResultStEphI64.rs  depends upon only clean modules
src/Chap56/SSSPResultStPerF64.rs  depends upon only clean modules
src/Chap56/SSSPResultStPerI64.rs  depends upon only clean modules
src/Chap57/DijkstraStEphF64.rs  depends upon only clean modules
src/Chap57/DijkstraStEphU64.rs  depends upon only clean modules
src/Chap57/StackStEph.rs  depends upon only clean modules
src/Chap58/BellmanFordStEphF64.rs  depends upon only clean modules
src/Chap58/BellmanFordStEphI64.rs  depends upon only clean modules
src/Chap59/JohnsonMtEphF64.rs  depends upon only clean modules
src/Chap59/JohnsonMtEphI64.rs  depends upon only clean modules
src/Chap59/JohnsonStEphF64.rs  depends upon only clean modules
src/Chap59/JohnsonStEphI64.rs  depends upon only clean modules
src/Chap61/EdgeContractionMtEph.rs  depends upon only clean modules
src/Chap61/EdgeContractionStEph.rs  depends upon only clean modules
src/Chap61/VertexMatchingMtEph.rs  depends upon only clean modules
src/Chap61/VertexMatchingStEph.rs  depends upon only clean modules
src/Chap62/StarContractionMtEph.rs  depends upon only clean modules
src/Chap62/StarContractionStEph.rs  depends upon only clean modules
src/Chap62/StarPartitionMtEph.rs  depends upon only clean modules
src/Chap62/StarPartitionStEph.rs  depends upon only clean modules
src/Chap63/ConnectivityMtEph.rs  depends upon only clean modules
src/Chap63/ConnectivityStEph.rs  depends upon only clean modules
src/Chap64/SpanTreeMtEph.rs  depends upon only clean modules
src/Chap64/SpanTreeStEph.rs  depends upon only clean modules
src/Chap64/TSPApproxStEph.rs  depends upon only clean modules
src/Chap65/KruskalStEph.rs  depends upon only clean modules
src/Chap65/PrimStEph.rs  depends upon only clean modules
src/Chap65/UnionFindArrayStEph.rs  depends upon only clean modules
src/Chap65/UnionFindNoPCStEph.rs  depends upon only clean modules
src/Chap65/UnionFindPCStEph.rs  depends upon only clean modules
src/Chap66/BoruvkaMtEph.rs  depends upon only clean modules
src/Chap66/BoruvkaStEph.rs  depends upon only clean modules
src/Concurrency.rs  depends upon only clean modules
src/ParaPairs.rs  depends upon only clean modules

=================================================================
3. Summary of Holes
=================================================================

Modules:
   251 clean (no holes, no errors; 96%)
   10 holed (holes or errors, 3%)
   261 total

Proof Functions:
   565 clean (100%)
   0 holed (0%)
   565 total

Function Specs:
   5795 exec fns with complete spec (requires+ensures) (69%)
   63 exec fns missing spec (0%)
   2430 proof/spec fns clean (29%)
   0 proof/spec fns with holes (0%)
   8288 total fns


Holes Found: 0 (actionable)
Real Proof Targets: 0 (all actionable)

Warnings: 7 total
   7 × fn_missing_ensures

Accepted (reviewed): 296 total
   203 × accept()
   33 × external_body_accept_hole
   28 × trivial_spec_wf
   18 × fn_missing_requires
   4 × unsafe_block_accept_hole
   4 × opaque
   3 × external_accept_hole
   1 × struct_outside_verus_accept_hole
   1 × external_type_specification_accept_hole
   1 × enum_outside_verus_accept_hole

Accepted by Chapter:
  Chap02:  5  Chap05:  7  Chap06: 25
  Chap11:  6  Chap12: 19  Chap17:  2
  Chap18: 18  Chap19:  7  Chap23:  9
  Chap27:  1  Chap30:  7  Chap35:  2
  Chap37: 30  Chap38:  5  Chap39: 21
  Chap40: 23  Chap41: 20  Chap42:  5
  Chap43: 10  Chap44:  1  Chap45: 13
  Chap47:  5  Chap49:  2  Chap50: 18
  Chap51: 14  Chap52:  6  Chap53:  2
  Chap57:  7  Chap65:  4  Chap66:  1

Structural (info only): 155
   117 × RWLOCK_GHOST
   18 × STD_TRAIT_IMPL
   10 × OPAQUE_EXTERNAL
   6 × UNSAFE_SEND_SYNC
   4 × THREAD_SPAWN

No proof holes found! All proofs are complete.

=================================================================
4. Proof Targets
=================================================================

   Holes = proof gaps (assume, admit, external_body, trivial spec*wf, proof_fn_with_holes, etc.).

=================================================================
4.1. Worst src/* Directories (all dirs, by holes)
=================================================================

   1  Chap53  (0 holes, 5 files)
   2  Chap06  (0 holes, 21 files)
   3  Chap51  (0 holes, 9 files)
   4  Chap64  (0 holes, 3 files)
   5  Chap50  (0 holes, 8 files)
   6  Chap65  (0 holes, 5 files)
   7  Chap19  (0 holes, 5 files)
   8  Chap59  (0 holes, 4 files)
   9  Chap05  (0 holes, 5 files)
   10  Chap27  (0 holes, 5 files)
   11  Chap55  (0 holes, 9 files)
   12  Concurrency  (0 holes, 1 files)
   13  Chap17  (0 holes, 1 files)
   14  ParaPairs  (0 holes, 1 files)
   15  Chap38  (0 holes, 3 files)
   16  Chap23  (0 holes, 2 files)
   17  Chap02  (0 holes, 2 files)
   18  Chap61  (0 holes, 4 files)
   19  Chap21  (0 holes, 5 files)
   20  Chap52  (0 holes, 16 files)
   21  Chap35  (0 holes, 4 files)
   22  Chap63  (0 holes, 2 files)
   23  Chap40  (0 holes, 3 files)
   24  Chap45  (0 holes, 6 files)
   25  Chap62  (0 holes, 4 files)
   26  Chap37  (0 holes, 20 files)
   27  Chap30  (0 holes, 1 files)
   28  Chap11  (0 holes, 5 files)
   29  Chap39  (0 holes, 5 files)
   30  Chap28  (0 holes, 11 files)
   31  Chap47  (0 holes, 9 files)
   32  Chap58  (0 holes, 2 files)
   33  Chap41  (0 holes, 7 files)
   34  Chap03  (0 holes, 1 files)
   35  Chap26  (0 holes, 8 files)
   36  Chap56  (0 holes, 10 files)
   37  Chap12  (0 holes, 3 files)
   38  Chap18  (0 holes, 9 files)
   39  Chap57  (0 holes, 3 files)
   40  Chap42  (0 holes, 4 files)
   41  Chap44  (0 holes, 1 files)
   42  Chap49  (0 holes, 8 files)
   43  Chap66  (0 holes, 2 files)
   44  Chap54  (0 holes, 5 files)
   45  Chap43  (0 holes, 11 files)
   46  Chap36  (0 holes, 3 files)

=================================================================
4.4. Not Verusified
=================================================================

   None

=================================================================
4.5. Not Verusified (clean deps only)
=================================================================

   None

=================================================================
4.6. Chapter by Chapter Proof Targeting
=================================================================

Chapter Status — 46 chapters, 46 clean, 0 holed, 0 holes (global), 261 modules

CLEAN CHAPTERS (46)
  Chapter        Files
  -------------- -----
  Chap02             2
  Chap03             1
  Chap05             5
  Chap06            21
  Chap11             5
  Chap12             3
  Chap17             1
  Chap18             9
  Chap19             5
  Chap21             5
  Chap23             2
  Chap26             8
  Chap27             5
  Chap28            11
  Chap30             1
  Chap35             4
  Chap36             3
  Chap37            20
  Chap38             3
  Chap39             5
  Chap40             3
  Chap41             7
  Chap42             4
  Chap43            11
  Chap44             1
  Chap45             6
  Chap47             9
  Chap49             8
  Chap50             8
  Chap51             9
  Chap52            16
  Chap53             5
  Chap54             5
  Chap55             9
  Chap56            10
  Chap57             3
  Chap58             2
  Chap59             4
  Chap61             4
  Chap62             4
  Chap63             2
  Chap64             3
  Chap65             5
  Chap66             2
  Concurrency        1
  ParaPairs          1

HOLED CHAPTERS (0) — 0 holes
  Chapter        Holes Files  ClnDeps?  Blocked by (external holed modules)
  -------------- ----- -----  --------  -----------------------------------

DEPENDENCY CHAIN (chapter-level, external only)
  Chapter         Blocked by chapters
  --------------  -------------------

=================================================================
5. Started/Ended/Duration
=================================================================

Started:   2026-09-22 11:27:00 -07:00
Ended:     2026-09-22 11:27:02 -07:00
Duration:  1246ms

Full output: /home/milnes/projects/APAS-VERUS/analyses/veracity-review-verus-proof-holes.log
