Verus Style Review
==================

Path: /home/milnes/projects/APAS-VERUS/src
Codebase: /home/milnes/projects/APAS-VERUS
Mode: basic
Excluding: ["src/experiments", "src/standards", "src/vstdplus"]
Logging to: /home/milnes/projects/APAS-VERUS/analyses/veracity-review-verus-style.log

Checking 277 files...

/home/milnes/projects/APAS-VERUS/src/Chap02/FibonacciHFScheduler.rs:
/home/milnes/projects/APAS-VERUS/src/Chap02/FibonacciHFScheduler.rs:1: info: [1] has mod declarations
/home/milnes/projects/APAS-VERUS/src/Chap02/FibonacciHFScheduler.rs:1: info: [2] vstd::prelude::* before verus!
/home/milnes/projects/APAS-VERUS/src/Chap02/FibonacciHFScheduler.rs:1: info: [3] has verus! macro
/home/milnes/projects/APAS-VERUS/src/Chap02/FibonacciHFScheduler.rs:1: info: [4] no std imports (ok)
/home/milnes/projects/APAS-VERUS/src/Chap02/FibonacciHFScheduler.rs:1: info: [5] vstd imports grouped with trailing blank
/home/milnes/projects/APAS-VERUS/src/Chap02/FibonacciHFScheduler.rs:1: info: [11] no Set/Seq usage (ok)
/home/milnes/projects/APAS-VERUS/src/Chap02/FibonacciHFScheduler.rs:1: info: [12] no traits (ok)
/home/milnes/projects/APAS-VERUS/src/Chap02/FibonacciHFScheduler.rs:1: info: [13] no non-derive trait impls (ok)
/home/milnes/projects/APAS-VERUS/src/Chap02/FibonacciHFScheduler.rs:1: info: [14] no Debug/Display impls (ok)
/home/milnes/projects/APAS-VERUS/src/Chap02/FibonacciHFScheduler.rs:1: info: [15] no PartialEq/Eq/Clone/Hash/Ord impls (ok)
/home/milnes/projects/APAS-VERUS/src/Chap02/FibonacciHFScheduler.rs:1: info: [16] no Lit macro definitions (ok)
/home/milnes/projects/APAS-VERUS/src/Chap02/FibonacciHFScheduler.rs:1: info: [17] no collection structs (ok)
/home/milnes/projects/APAS-VERUS/src/Chap02/FibonacciHFScheduler.rs:1: info: [18] definition order correct
/home/milnes/projects/APAS-VERUS/src/Chap02/FibonacciHFScheduler.rs:1: info: [19] no generic return names
/home/milnes/projects/APAS-VERUS/src/Chap02/FibonacciHFScheduler.rs:1: info: [20] no traits defined
/home/milnes/projects/APAS-VERUS/src/Chap02/FibonacciHFScheduler.rs:1: info: [21] no broadcast use entries
/home/milnes/projects/APAS-VERUS/src/Chap02/FibonacciHFScheduler.rs:1: info: [22a:exec] free fn fib_seq correctly free (Standard 19)
/home/milnes/projects/APAS-VERUS/src/Chap02/FibonacciHFScheduler.rs:1: info: [22a:exec] free fn fib_par correctly free (Standard 19)
/home/milnes/projects/APAS-VERUS/src/Chap02/FibonacciHFScheduler.rs:1: info: [22a:proof] free proof fn lemma_pow2_mono correctly free (Standard 19)
/home/milnes/projects/APAS-VERUS/src/Chap02/FibonacciHFScheduler.rs:1: info: [22a:proof] free proof fn lemma_pow2_46_lt_u64_max correctly free (Standard 19)
/home/milnes/projects/APAS-VERUS/src/Chap02/FibonacciHFScheduler.rs:1: info: [22a:proof] free proof fn lemma_fib_bound correctly free (Standard 19)
/home/milnes/projects/APAS-VERUS/src/Chap02/FibonacciHFScheduler.rs:1: info: [22a:proof] free proof fn lemma_fib_fits_u64 correctly free (Standard 19)
/home/milnes/projects/APAS-VERUS/src/Chap02/FibonacciHFScheduler.rs:1: info: [22a:proof] free proof fn lemma_fib_sum_fits_u64 correctly free (Standard 19)
/home/milnes/projects/APAS-VERUS/src/Chap02/FibonacciHFScheduler.rs:1: info: [22a:spec] free spec fn spec_fib correctly free (Standard 19)
/home/milnes/projects/APAS-VERUS/src/Chap02/FibonacciHFScheduler.rs:1: info: [23a] spec/proof fn looser bounds: N/A
/home/milnes/projects/APAS-VERUS/src/Chap02/FibonacciHFScheduler.rs:1: info: [23b] free fn stricter bounds: N/A
/home/milnes/projects/APAS-VERUS/src/Chap02/FibonacciHFScheduler.rs:1: warning: [24] missing or incorrect copyright line; expected: //! Copyright (C) 2025 Acar, Blelloch and Milnes from 'Algorithms Parallel and Sequential'.

/home/milnes/projects/APAS-VERUS/src/Chap02/HFSchedulerMtEph.rs:
/home/milnes/projects/APAS-VERUS/src/Chap02/HFSchedulerMtEph.rs:1: info: [1] has mod declarations
/home/milnes/projects/APAS-VERUS/src/Chap02/HFSchedulerMtEph.rs:1: info: [2] vstd::prelude::* before verus!
/home/milnes/projects/APAS-VERUS/src/Chap02/HFSchedulerMtEph.rs:1: info: [3] has verus! macro
/home/milnes/projects/APAS-VERUS/src/Chap02/HFSchedulerMtEph.rs:1: info: [4] std imports grouped with trailing blank
/home/milnes/projects/APAS-VERUS/src/Chap02/HFSchedulerMtEph.rs:1: info: [5] no vstd imports (ok)
/home/milnes/projects/APAS-VERUS/src/Chap02/HFSchedulerMtEph.rs:1: info: [11] no Set/Seq usage (ok)
/home/milnes/projects/APAS-VERUS/src/Chap02/HFSchedulerMtEph.rs:1: info: [12] no traits (ok)
/home/milnes/projects/APAS-VERUS/src/Chap02/HFSchedulerMtEph.rs:1: info: [13] no non-derive trait impls (ok)
/home/milnes/projects/APAS-VERUS/src/Chap02/HFSchedulerMtEph.rs:1: info: [14] Debug, Display outside verus!
/home/milnes/projects/APAS-VERUS/src/Chap02/HFSchedulerMtEph.rs:1: info: [15] no PartialEq/Eq/Clone/Hash/Ord impls (ok)
/home/milnes/projects/APAS-VERUS/src/Chap02/HFSchedulerMtEph.rs:1: info: [16] no Lit macro definitions (ok)
/home/milnes/projects/APAS-VERUS/src/Chap02/HFSchedulerMtEph.rs:1: info: [17] no collection structs (ok)
/home/milnes/projects/APAS-VERUS/src/Chap02/HFSchedulerMtEph.rs:1: info: [18] definition order correct
/home/milnes/projects/APAS-VERUS/src/Chap02/HFSchedulerMtEph.rs:1: info: [19] no generic return names
/home/milnes/projects/APAS-VERUS/src/Chap02/HFSchedulerMtEph.rs:1: info: [20] no traits defined
/home/milnes/projects/APAS-VERUS/src/Chap02/HFSchedulerMtEph.rs:1: info: [21] no broadcast use entries
/home/milnes/projects/APAS-VERUS/src/Chap02/HFSchedulerMtEph.rs:1: info: [22:proof] proof fns: all in traits
/home/milnes/projects/APAS-VERUS/src/Chap02/HFSchedulerMtEph.rs:1: info: [22:spec] spec fns: all in traits as abstract signatures
/home/milnes/projects/APAS-VERUS/src/Chap02/HFSchedulerMtEph.rs:1: info: [22a:exec] free fn set_parallelism correctly free (Standard 19)
/home/milnes/projects/APAS-VERUS/src/Chap02/HFSchedulerMtEph.rs:1: info: [22a:exec] free fn join correctly free (Standard 19)
/home/milnes/projects/APAS-VERUS/src/Chap02/HFSchedulerMtEph.rs:1: info: [22a:exec] free fn spawn_join correctly free (Standard 19)
/home/milnes/projects/APAS-VERUS/src/Chap02/HFSchedulerMtEph.rs:1: info: [22a:exec] free fn spawn correctly free (Standard 19)
/home/milnes/projects/APAS-VERUS/src/Chap02/HFSchedulerMtEph.rs:1: info: [22a:exec] free fn wait correctly free (Standard 19)
/home/milnes/projects/APAS-VERUS/src/Chap02/HFSchedulerMtEph.rs:1: info: [23a] no spec/proof fns with looser bounds
/home/milnes/projects/APAS-VERUS/src/Chap02/HFSchedulerMtEph.rs:1: info: [23b] free fn type bounds compatible with trait
/home/milnes/projects/APAS-VERUS/src/Chap02/HFSchedulerMtEph.rs:1: warning: [24] missing or incorrect copyright line; expected: //! Copyright (C) 2025 Acar, Blelloch and Milnes from 'Algorithms Parallel and Sequential'.

/home/milnes/projects/APAS-VERUS/src/Chap03/InsertionSortStEph.rs:
/home/milnes/projects/APAS-VERUS/src/Chap03/InsertionSortStEph.rs:1: info: [1] has mod declarations
/home/milnes/projects/APAS-VERUS/src/Chap03/InsertionSortStEph.rs:1: info: [2] vstd::prelude::* before verus!
/home/milnes/projects/APAS-VERUS/src/Chap03/InsertionSortStEph.rs:1: info: [3] has verus! macro
/home/milnes/projects/APAS-VERUS/src/Chap03/InsertionSortStEph.rs:1: info: [4] no std imports (ok)
/home/milnes/projects/APAS-VERUS/src/Chap03/InsertionSortStEph.rs:1: info: [5] vstd imports grouped with trailing blank
/home/milnes/projects/APAS-VERUS/src/Chap03/InsertionSortStEph.rs:1: info: [11] Set/Seq usage has broadcast groups
/home/milnes/projects/APAS-VERUS/src/Chap03/InsertionSortStEph.rs:1: info: [12] no traits (ok)
/home/milnes/projects/APAS-VERUS/src/Chap03/InsertionSortStEph.rs:1: info: [13] no non-derive trait impls (ok)
/home/milnes/projects/APAS-VERUS/src/Chap03/InsertionSortStEph.rs:1: info: [14] no Debug/Display impls (ok)
/home/milnes/projects/APAS-VERUS/src/Chap03/InsertionSortStEph.rs:1: info: [15] no PartialEq/Eq/Clone/Hash/Ord impls (ok)
/home/milnes/projects/APAS-VERUS/src/Chap03/InsertionSortStEph.rs:1: info: [16] no Lit macro definitions (ok)
/home/milnes/projects/APAS-VERUS/src/Chap03/InsertionSortStEph.rs:1: info: [17] no collection structs (ok)
/home/milnes/projects/APAS-VERUS/src/Chap03/InsertionSortStEph.rs:1: info: [18] definition order correct
/home/milnes/projects/APAS-VERUS/src/Chap03/InsertionSortStEph.rs:1: info: [19] no generic return names
/home/milnes/projects/APAS-VERUS/src/Chap03/InsertionSortStEph.rs:1: info: [20] no traits defined
/home/milnes/projects/APAS-VERUS/src/Chap03/InsertionSortStEph.rs:1: info: [21] broadcast use: vstd:: before crate::
/home/milnes/projects/APAS-VERUS/src/Chap03/InsertionSortStEph.rs:1: info: [22:proof] proof fns: all in traits
/home/milnes/projects/APAS-VERUS/src/Chap03/InsertionSortStEph.rs:1: info: [22a:exec] free fn insertion_sort correctly free (Standard 19)
/home/milnes/projects/APAS-VERUS/src/Chap03/InsertionSortStEph.rs:1: info: [22a:spec] free spec fn sorted_prefix correctly free (Standard 19)
/home/milnes/projects/APAS-VERUS/src/Chap03/InsertionSortStEph.rs:1: info: [22a:spec] free spec fn cross_sorted correctly free (Standard 19)
/home/milnes/projects/APAS-VERUS/src/Chap03/InsertionSortStEph.rs:1: info: [22a:spec] free spec fn is_sorted correctly free (Standard 19)
/home/milnes/projects/APAS-VERUS/src/Chap03/InsertionSortStEph.rs:1: info: [23a] no spec/proof fns with looser bounds
/home/milnes/projects/APAS-VERUS/src/Chap03/InsertionSortStEph.rs:1: info: [23b] free fn type bounds compatible with trait
/home/milnes/projects/APAS-VERUS/src/Chap03/InsertionSortStEph.rs:1: warning: [24] missing or incorrect copyright line; expected: //! Copyright (C) 2025 Acar, Blelloch and Milnes from 'Algorithms Parallel and Sequential'.

/home/milnes/projects/APAS-VERUS/src/Chap05/KleeneStPer.rs:
/home/milnes/projects/APAS-VERUS/src/Chap05/KleeneStPer.rs:1: info: [1] has mod declarations
/home/milnes/projects/APAS-VERUS/src/Chap05/KleeneStPer.rs:1: info: [2] vstd::prelude::* before verus!
/home/milnes/projects/APAS-VERUS/src/Chap05/KleeneStPer.rs:1: info: [3] has verus! macro
/home/milnes/projects/APAS-VERUS/src/Chap05/KleeneStPer.rs:1: info: [4] no std imports (ok)
/home/milnes/projects/APAS-VERUS/src/Chap05/KleeneStPer.rs:1: info: [5] no vstd imports (ok)
/home/milnes/projects/APAS-VERUS/src/Chap05/KleeneStPer.rs:1: info: [11] Set/Seq usage has broadcast groups
/home/milnes/projects/APAS-VERUS/src/Chap05/KleeneStPer.rs:1: info: [12] all trait fns have specs
/home/milnes/projects/APAS-VERUS/src/Chap05/KleeneStPer.rs:1: info: [13] trait impls inside verus!
/home/milnes/projects/APAS-VERUS/src/Chap05/KleeneStPer.rs:1: info: [14] Debug, Display outside verus!
/home/milnes/projects/APAS-VERUS/src/Chap05/KleeneStPer.rs:1: info: [15] no PartialEq/Eq/Clone/Hash/Ord impls (ok)
/home/milnes/projects/APAS-VERUS/src/Chap05/KleeneStPer.rs:1: info: [16] no Lit macro definitions (ok)
/home/milnes/projects/APAS-VERUS/src/Chap05/KleeneStPer.rs:1: info: [17] no collection structs (ok)
/home/milnes/projects/APAS-VERUS/src/Chap05/KleeneStPer.rs:1: info: [18] definition order correct
/home/milnes/projects/APAS-VERUS/src/Chap05/KleeneStPer.rs:1: info: [19] no generic return names
/home/milnes/projects/APAS-VERUS/src/Chap05/KleeneStPer.rs:1: info: [20] all traits have impls
/home/milnes/projects/APAS-VERUS/src/Chap05/KleeneStPer.rs:1: info: [21] broadcast use: vstd:: before crate::
/home/milnes/projects/APAS-VERUS/src/Chap05/KleeneStPer.rs:1: info: [22:exec] exec fns: all in traits
/home/milnes/projects/APAS-VERUS/src/Chap05/KleeneStPer.rs:1: info: [22a:proof] free proof fn lemma_star_closed_under_concat correctly free (Standard 19)
/home/milnes/projects/APAS-VERUS/src/Chap05/KleeneStPer.rs:1: info: [22a:proof] free proof fn lemma_plus_closed_under_concat correctly free (Standard 19)
/home/milnes/projects/APAS-VERUS/src/Chap05/KleeneStPer.rs:1: info: [22a:proof] free proof fn ptt_star_contains_empty correctly free (Standard 19)
/home/milnes/projects/APAS-VERUS/src/Chap05/KleeneStPer.rs:1: info: [22a:proof] free proof fn ptt_plus_rejects_empty correctly free (Standard 19)
/home/milnes/projects/APAS-VERUS/src/Chap05/KleeneStPer.rs:1: info: [22a:proof] free proof fn ptt_singleton_in_star_and_plus correctly free (Standard 19)
/home/milnes/projects/APAS-VERUS/src/Chap05/KleeneStPer.rs:1: info: [22a:proof] free proof fn ptt_plus_subset_of_star correctly free (Standard 19)
/home/milnes/projects/APAS-VERUS/src/Chap05/KleeneStPer.rs:1: info: [22a:proof] free proof fn ptt_star_property_transfer correctly free (Standard 19)
/home/milnes/projects/APAS-VERUS/src/Chap05/KleeneStPer.rs:1: info: [22a:proof] free proof fn ptt_star_concat_plus_is_plus correctly free (Standard 19)
/home/milnes/projects/APAS-VERUS/src/Chap05/KleeneStPer.rs:1: info: [22a:proof] free proof fn ptt_plus_concat_star_is_plus correctly free (Standard 19)
/home/milnes/projects/APAS-VERUS/src/Chap05/KleeneStPer.rs:1: info: [22a:spec] free spec fn in_star correctly free (Standard 19)
/home/milnes/projects/APAS-VERUS/src/Chap05/KleeneStPer.rs:1: info: [22a:spec] free spec fn in_plus correctly free (Standard 19)
/home/milnes/projects/APAS-VERUS/src/Chap05/KleeneStPer.rs:1: info: [22a:spec] free spec fn viewed correctly free (Standard 19)
/home/milnes/projects/APAS-VERUS/src/Chap05/KleeneStPer.rs:1: info: [23a] spec/proof fn viewed param T has looser bounds `View` (trait KleeneStPerTrait has `StT + Hash`)
/home/milnes/projects/APAS-VERUS/src/Chap05/KleeneStPer.rs:1: info: [23b] free fn type bounds compatible with trait
/home/milnes/projects/APAS-VERUS/src/Chap05/KleeneStPer.rs:1: warning: [24] missing or incorrect copyright line; expected: //! Copyright (C) 2025 Acar, Blelloch and Milnes from 'Algorithms Parallel and Sequential'.

/home/milnes/projects/APAS-VERUS/src/Chap05/MappingStEph.rs:
/home/milnes/projects/APAS-VERUS/src/Chap05/MappingStEph.rs:1: info: [1] has mod declarations
/home/milnes/projects/APAS-VERUS/src/Chap05/MappingStEph.rs:1: info: [2] vstd::prelude::* before verus!
/home/milnes/projects/APAS-VERUS/src/Chap05/MappingStEph.rs:1: info: [3] has verus! macro
/home/milnes/projects/APAS-VERUS/src/Chap05/MappingStEph.rs:1: info: [4] no std imports (ok)
/home/milnes/projects/APAS-VERUS/src/Chap05/MappingStEph.rs:1: info: [5] no vstd imports (ok)
/home/milnes/projects/APAS-VERUS/src/Chap05/MappingStEph.rs:1: info: [11] Set/Seq usage has broadcast groups
/home/milnes/projects/APAS-VERUS/src/Chap05/MappingStEph.rs:1: info: [12] all trait fns have specs
/home/milnes/projects/APAS-VERUS/src/Chap05/MappingStEph.rs:1: info: [13] trait impls inside verus!
/home/milnes/projects/APAS-VERUS/src/Chap05/MappingStEph.rs:1: info: [14] Debug, Display outside verus!
/home/milnes/projects/APAS-VERUS/src/Chap05/MappingStEph.rs:1: info: [15] Clone, Hash, Eq, PartialEq inside verus!
/home/milnes/projects/APAS-VERUS/src/Chap05/MappingStEph.rs:1: info: [16] Lit macro definitions at end of file
/home/milnes/projects/APAS-VERUS/src/Chap05/MappingStEph.rs:1: info: [17] no collection structs (ok)
/home/milnes/projects/APAS-VERUS/src/Chap05/MappingStEph.rs:1: info: [18] definition order correct
/home/milnes/projects/APAS-VERUS/src/Chap05/MappingStEph.rs:1: info: [19] no generic return names
/home/milnes/projects/APAS-VERUS/src/Chap05/MappingStEph.rs:1: info: [20] all traits have impls
/home/milnes/projects/APAS-VERUS/src/Chap05/MappingStEph.rs:1: info: [21] broadcast use: vstd:: before crate::
/home/milnes/projects/APAS-VERUS/src/Chap05/MappingStEph.rs:1: info: [22:exec] exec fns: all in traits
/home/milnes/projects/APAS-VERUS/src/Chap05/MappingStEph.rs:1: info: [22a:spec] free spec fn is_functional_set correctly free (Standard 19)
/home/milnes/projects/APAS-VERUS/src/Chap05/MappingStEph.rs:1: info: [22a:spec] free spec fn is_functional_seq correctly free (Standard 19)
/home/milnes/projects/APAS-VERUS/src/Chap05/MappingStEph.rs:1: info: [22a:spec] free spec fn is_functional_seq_at correctly free (Standard 19)
/home/milnes/projects/APAS-VERUS/src/Chap05/MappingStEph.rs:1: info: [22a:spec] free spec fn is_functional_relation correctly free (Standard 19)
/home/milnes/projects/APAS-VERUS/src/Chap05/MappingStEph.rs:1: info: [22a:spec] free spec fn is_functional_set_at correctly free (Standard 19)
/home/milnes/projects/APAS-VERUS/src/Chap05/MappingStEph.rs:1: info: [23a] spec/proof fn is_functional_set param X has looser bounds `(none)` (trait MappingStEphTrait has `StT + Hash`)
/home/milnes/projects/APAS-VERUS/src/Chap05/MappingStEph.rs:1: info: [23a] spec/proof fn is_functional_set param Y has looser bounds `(none)` (trait MappingStEphTrait has `StT + Hash`)
/home/milnes/projects/APAS-VERUS/src/Chap05/MappingStEph.rs:1: info: [23a] spec/proof fn is_functional_seq param X has looser bounds `View` (trait MappingStEphTrait has `StT + Hash`)
/home/milnes/projects/APAS-VERUS/src/Chap05/MappingStEph.rs:1: info: [23a] spec/proof fn is_functional_seq param Y has looser bounds `View` (trait MappingStEphTrait has `StT + Hash`)
/home/milnes/projects/APAS-VERUS/src/Chap05/MappingStEph.rs:1: info: [23a] spec/proof fn is_functional_seq_at param X has looser bounds `View` (trait MappingStEphTrait has `StT + Hash`)
/home/milnes/projects/APAS-VERUS/src/Chap05/MappingStEph.rs:1: info: [23a] spec/proof fn is_functional_seq_at param Y has looser bounds `View` (trait MappingStEphTrait has `StT + Hash`)
/home/milnes/projects/APAS-VERUS/src/Chap05/MappingStEph.rs:1: info: [23a] spec/proof fn is_functional_set_at param X has looser bounds `(none)` (trait MappingStEphTrait has `StT + Hash`)
/home/milnes/projects/APAS-VERUS/src/Chap05/MappingStEph.rs:1: info: [23a] spec/proof fn is_functional_set_at param Y has looser bounds `(none)` (trait MappingStEphTrait has `StT + Hash`)
/home/milnes/projects/APAS-VERUS/src/Chap05/MappingStEph.rs:1: info: [23b] free fn type bounds compatible with trait
/home/milnes/projects/APAS-VERUS/src/Chap05/MappingStEph.rs:135: warning: [22:proof] free proof fn lemma_view_contains_pair should be a trait method
/home/milnes/projects/APAS-VERUS/src/Chap05/MappingStEph.rs:157: warning: [22:proof] free proof fn lemma_view_kv_pairs should be a trait method
/home/milnes/projects/APAS-VERUS/src/Chap05/MappingStEph.rs:1: warning: [24] missing or incorrect copyright line; expected: //! Copyright (C) 2025 Acar, Blelloch and Milnes from 'Algorithms Parallel and Sequential'.

/home/milnes/projects/APAS-VERUS/src/Chap05/RelationStEph.rs:
/home/milnes/projects/APAS-VERUS/src/Chap05/RelationStEph.rs:1: info: [1] has mod declarations
/home/milnes/projects/APAS-VERUS/src/Chap05/RelationStEph.rs:1: info: [2] vstd::prelude::* before verus!
/home/milnes/projects/APAS-VERUS/src/Chap05/RelationStEph.rs:1: info: [3] has verus! macro
/home/milnes/projects/APAS-VERUS/src/Chap05/RelationStEph.rs:1: info: [4] no std imports (ok)
/home/milnes/projects/APAS-VERUS/src/Chap05/RelationStEph.rs:1: info: [5] no vstd imports (ok)
/home/milnes/projects/APAS-VERUS/src/Chap05/RelationStEph.rs:1: info: [11] Set/Seq usage has broadcast groups
/home/milnes/projects/APAS-VERUS/src/Chap05/RelationStEph.rs:1: info: [12] all trait fns have specs
/home/milnes/projects/APAS-VERUS/src/Chap05/RelationStEph.rs:1: info: [13] trait impls inside verus!
/home/milnes/projects/APAS-VERUS/src/Chap05/RelationStEph.rs:1: info: [14] Debug, Display outside verus!
/home/milnes/projects/APAS-VERUS/src/Chap05/RelationStEph.rs:1: info: [15] Clone, Hash, Eq, PartialEq inside verus!
/home/milnes/projects/APAS-VERUS/src/Chap05/RelationStEph.rs:1: info: [16] Lit macro definitions at end of file
/home/milnes/projects/APAS-VERUS/src/Chap05/RelationStEph.rs:1: info: [17] no collection structs (ok)
/home/milnes/projects/APAS-VERUS/src/Chap05/RelationStEph.rs:1: info: [18] definition order correct
/home/milnes/projects/APAS-VERUS/src/Chap05/RelationStEph.rs:1: info: [19] no generic return names
/home/milnes/projects/APAS-VERUS/src/Chap05/RelationStEph.rs:1: info: [20] all traits have impls
/home/milnes/projects/APAS-VERUS/src/Chap05/RelationStEph.rs:1: info: [21] broadcast use: vstd:: before crate::
/home/milnes/projects/APAS-VERUS/src/Chap05/RelationStEph.rs:1: info: [22:exec] exec fns: all in traits
/home/milnes/projects/APAS-VERUS/src/Chap05/RelationStEph.rs:1: info: [22:proof] proof fns: all in traits
/home/milnes/projects/APAS-VERUS/src/Chap05/RelationStEph.rs:1: info: [22:spec] spec fns: all in traits as abstract signatures
/home/milnes/projects/APAS-VERUS/src/Chap05/RelationStEph.rs:1: info: [23a] spec/proof fn looser bounds: N/A
/home/milnes/projects/APAS-VERUS/src/Chap05/RelationStEph.rs:1: info: [23b] free fn stricter bounds: N/A
/home/milnes/projects/APAS-VERUS/src/Chap05/RelationStEph.rs:1: warning: [24] missing or incorrect copyright line; expected: //! Copyright (C) 2025 Acar, Blelloch and Milnes from 'Algorithms Parallel and Sequential'.

/home/milnes/projects/APAS-VERUS/src/Chap05/SetMtEph.rs:
/home/milnes/projects/APAS-VERUS/src/Chap05/SetMtEph.rs:1: info: [1] has mod declarations
/home/milnes/projects/APAS-VERUS/src/Chap05/SetMtEph.rs:1: info: [2] vstd::prelude::* before verus!
/home/milnes/projects/APAS-VERUS/src/Chap05/SetMtEph.rs:1: info: [3] has verus! macro
/home/milnes/projects/APAS-VERUS/src/Chap05/SetMtEph.rs:1: info: [4] no std imports (ok)
/home/milnes/projects/APAS-VERUS/src/Chap05/SetMtEph.rs:1: info: [5] no vstd imports (ok)
/home/milnes/projects/APAS-VERUS/src/Chap05/SetMtEph.rs:1: info: [11] Set/Seq usage has broadcast groups
/home/milnes/projects/APAS-VERUS/src/Chap05/SetMtEph.rs:1: info: [12] all trait fns have specs
/home/milnes/projects/APAS-VERUS/src/Chap05/SetMtEph.rs:1: info: [13] trait impls inside verus!
/home/milnes/projects/APAS-VERUS/src/Chap05/SetMtEph.rs:1: info: [14] Display, Debug outside verus!
/home/milnes/projects/APAS-VERUS/src/Chap05/SetMtEph.rs:1: info: [15] Clone, Hash, Eq, PartialEq inside verus!
/home/milnes/projects/APAS-VERUS/src/Chap05/SetMtEph.rs:1: info: [16] Lit macro definitions at end of file
/home/milnes/projects/APAS-VERUS/src/Chap05/SetMtEph.rs:1: info: [19] no generic return names
/home/milnes/projects/APAS-VERUS/src/Chap05/SetMtEph.rs:1: info: [20] all traits have impls
/home/milnes/projects/APAS-VERUS/src/Chap05/SetMtEph.rs:1: info: [21] broadcast use: vstd:: before crate::
/home/milnes/projects/APAS-VERUS/src/Chap05/SetMtEph.rs:1: info: [22:exec] exec fns: all in traits
/home/milnes/projects/APAS-VERUS/src/Chap05/SetMtEph.rs:1: info: [22a:proof] free proof fn lemma_singleton_choose correctly free (Standard 19)
/home/milnes/projects/APAS-VERUS/src/Chap05/SetMtEph.rs:1: info: [22a:proof] free proof fn lemma_viewed_contains correctly free (Standard 19)
/home/milnes/projects/APAS-VERUS/src/Chap05/SetMtEph.rs:1: info: [22a:proof] free proof fn lemma_viewed_mem correctly free (Standard 19)
/home/milnes/projects/APAS-VERUS/src/Chap05/SetMtEph.rs:1: info: [22a:proof] free proof fn lemma_viewed_insert correctly free (Standard 19)
/home/milnes/projects/APAS-VERUS/src/Chap05/SetMtEph.rs:1: info: [22a:proof] free proof fn lemma_viewed_empty correctly free (Standard 19)
/home/milnes/projects/APAS-VERUS/src/Chap05/SetMtEph.rs:1: info: [22a:proof] free proof fn lemma_viewed_len correctly free (Standard 19)
/home/milnes/projects/APAS-VERUS/src/Chap05/SetMtEph.rs:1: info: [22a:spec] free spec fn valid_key_type correctly free (Standard 19)
/home/milnes/projects/APAS-VERUS/src/Chap05/SetMtEph.rs:1: info: [23a] spec/proof fn valid_key_type param T has looser bounds `View + Clone + Eq` (trait SetMtEphTrait has `StT + Hash`)
/home/milnes/projects/APAS-VERUS/src/Chap05/SetMtEph.rs:1: info: [23b] free fn type bounds compatible with trait
/home/milnes/projects/APAS-VERUS/src/Chap05/SetMtEph.rs:1: warning: [17] collection SetMtEph should have an Iterator impl
/home/milnes/projects/APAS-VERUS/src/Chap05/SetMtEph.rs:1215: warning: [18] impl PartialEqSpecImpl for SetMtEph < T > should come before top level coarse locking (expected derive impls in verus! before top level coarse locking)
/home/milnes/projects/APAS-VERUS/src/Chap05/SetMtEph.rs:1221: warning: [18] impl Clone for SetMtEph < T > should come before top level coarse locking (expected derive impls in verus! before top level coarse locking)
/home/milnes/projects/APAS-VERUS/src/Chap05/SetMtEph.rs:1231: warning: [18] impl Hash for SetMtEph < T > should come before top level coarse locking (expected derive impls in verus! before top level coarse locking)
/home/milnes/projects/APAS-VERUS/src/Chap05/SetMtEph.rs:1247: warning: [18] impl Eq for SetMtEph < T > should come before top level coarse locking (expected derive impls in verus! before top level coarse locking)
/home/milnes/projects/APAS-VERUS/src/Chap05/SetMtEph.rs:1249: warning: [18] impl PartialEq for SetMtEph < T > should come before top level coarse locking (expected derive impls in verus! before top level coarse locking)
/home/milnes/projects/APAS-VERUS/src/Chap05/SetMtEph.rs:194: warning: [22:proof] free proof fn lemma_iter_keys_view should be a trait method
/home/milnes/projects/APAS-VERUS/src/Chap05/SetMtEph.rs:117: warning: [22:spec] free spec fn spec_setmteph_wf_generic should be an abstract signature in a trait with body in the impl
/home/milnes/projects/APAS-VERUS/src/Chap05/SetMtEph.rs:1: warning: [24] missing or incorrect copyright line; expected: //! Copyright (C) 2025 Acar, Blelloch and Milnes from 'Algorithms Parallel and Sequential'.

/home/milnes/projects/APAS-VERUS/src/Chap05/SetStEph.rs:
/home/milnes/projects/APAS-VERUS/src/Chap05/SetStEph.rs:1: info: [1] has mod declarations
/home/milnes/projects/APAS-VERUS/src/Chap05/SetStEph.rs:1: info: [2] vstd::prelude::* before verus!
/home/milnes/projects/APAS-VERUS/src/Chap05/SetStEph.rs:1: info: [3] has verus! macro
/home/milnes/projects/APAS-VERUS/src/Chap05/SetStEph.rs:1: info: [4] no std imports (ok)
/home/milnes/projects/APAS-VERUS/src/Chap05/SetStEph.rs:1: info: [5] no vstd imports (ok)
/home/milnes/projects/APAS-VERUS/src/Chap05/SetStEph.rs:1: info: [11] Set/Seq usage has broadcast groups
/home/milnes/projects/APAS-VERUS/src/Chap05/SetStEph.rs:1: info: [12] all trait fns have specs
/home/milnes/projects/APAS-VERUS/src/Chap05/SetStEph.rs:1: info: [13] trait impls inside verus!
/home/milnes/projects/APAS-VERUS/src/Chap05/SetStEph.rs:1: info: [14] Display, Debug outside verus!
/home/milnes/projects/APAS-VERUS/src/Chap05/SetStEph.rs:1: info: [15] Clone, Hash, Eq, PartialEq inside verus!
/home/milnes/projects/APAS-VERUS/src/Chap05/SetStEph.rs:1: info: [16] Lit macro definitions at end of file
/home/milnes/projects/APAS-VERUS/src/Chap05/SetStEph.rs:1: info: [18] definition order correct
/home/milnes/projects/APAS-VERUS/src/Chap05/SetStEph.rs:1: info: [19] no generic return names
/home/milnes/projects/APAS-VERUS/src/Chap05/SetStEph.rs:1: info: [20] all traits have impls
/home/milnes/projects/APAS-VERUS/src/Chap05/SetStEph.rs:1: info: [21] broadcast use: vstd:: before crate::
/home/milnes/projects/APAS-VERUS/src/Chap05/SetStEph.rs:1: info: [22:exec] exec fns: all in traits
/home/milnes/projects/APAS-VERUS/src/Chap05/SetStEph.rs:1: info: [22a:proof] free proof fn lemma_singleton_choose correctly free (Standard 19)
/home/milnes/projects/APAS-VERUS/src/Chap05/SetStEph.rs:1: info: [22a:proof] free proof fn lemma_viewed_contains correctly free (Standard 19)
/home/milnes/projects/APAS-VERUS/src/Chap05/SetStEph.rs:1: info: [22a:proof] free proof fn lemma_viewed_mem correctly free (Standard 19)
/home/milnes/projects/APAS-VERUS/src/Chap05/SetStEph.rs:1: info: [22a:proof] free proof fn lemma_viewed_insert correctly free (Standard 19)
/home/milnes/projects/APAS-VERUS/src/Chap05/SetStEph.rs:1: info: [22a:proof] free proof fn lemma_viewed_empty correctly free (Standard 19)
/home/milnes/projects/APAS-VERUS/src/Chap05/SetStEph.rs:1: info: [22a:proof] free proof fn lemma_viewed_len correctly free (Standard 19)
/home/milnes/projects/APAS-VERUS/src/Chap05/SetStEph.rs:1: info: [22a:spec] free spec fn valid_key_type correctly free (Standard 19)
/home/milnes/projects/APAS-VERUS/src/Chap05/SetStEph.rs:1: info: [23a] spec/proof fn valid_key_type param T has looser bounds `View + Clone + Eq` (trait SetStEphTrait has `StT + Hash`)
/home/milnes/projects/APAS-VERUS/src/Chap05/SetStEph.rs:1: info: [23b] free fn type bounds compatible with trait
/home/milnes/projects/APAS-VERUS/src/Chap05/SetStEph.rs:1: warning: [17] collection SetStEph should have an Iterator impl
/home/milnes/projects/APAS-VERUS/src/Chap05/SetStEph.rs:182: warning: [22:proof] free proof fn lemma_iter_keys_view should be a trait method
/home/milnes/projects/APAS-VERUS/src/Chap05/SetStEph.rs:105: warning: [22:spec] free spec fn spec_setsteph_wf_generic should be an abstract signature in a trait with body in the impl
/home/milnes/projects/APAS-VERUS/src/Chap05/SetStEph.rs:1: warning: [24] missing or incorrect copyright line; expected: //! Copyright (C) 2025 Acar, Blelloch and Milnes from 'Algorithms Parallel and Sequential'.

/home/milnes/projects/APAS-VERUS/src/Chap06/DirGraphMtEph.rs:
/home/milnes/projects/APAS-VERUS/src/Chap06/DirGraphMtEph.rs:1: info: [1] has mod declarations
/home/milnes/projects/APAS-VERUS/src/Chap06/DirGraphMtEph.rs:1: info: [2] vstd::prelude::* before verus!
/home/milnes/projects/APAS-VERUS/src/Chap06/DirGraphMtEph.rs:1: info: [3] has verus! macro
/home/milnes/projects/APAS-VERUS/src/Chap06/DirGraphMtEph.rs:1: info: [4] std imports grouped with trailing blank
/home/milnes/projects/APAS-VERUS/src/Chap06/DirGraphMtEph.rs:1: info: [5] vstd imports grouped with trailing blank
/home/milnes/projects/APAS-VERUS/src/Chap06/DirGraphMtEph.rs:1: info: [11] Set/Seq usage has broadcast groups
/home/milnes/projects/APAS-VERUS/src/Chap06/DirGraphMtEph.rs:1: info: [12] all trait fns have specs
/home/milnes/projects/APAS-VERUS/src/Chap06/DirGraphMtEph.rs:1: info: [13] trait impls inside verus!
/home/milnes/projects/APAS-VERUS/src/Chap06/DirGraphMtEph.rs:1: info: [14] Debug, Display outside verus!
/home/milnes/projects/APAS-VERUS/src/Chap06/DirGraphMtEph.rs:1: info: [15] Clone, Eq, PartialEq inside verus!
/home/milnes/projects/APAS-VERUS/src/Chap06/DirGraphMtEph.rs:1: info: [16] Lit macro definitions at end of file
/home/milnes/projects/APAS-VERUS/src/Chap06/DirGraphMtEph.rs:1: info: [17] no collection structs (ok)
/home/milnes/projects/APAS-VERUS/src/Chap06/DirGraphMtEph.rs:1: info: [19] no generic return names
/home/milnes/projects/APAS-VERUS/src/Chap06/DirGraphMtEph.rs:1: info: [20] all traits have impls
/home/milnes/projects/APAS-VERUS/src/Chap06/DirGraphMtEph.rs:1: info: [21] broadcast use: vstd:: before crate::
/home/milnes/projects/APAS-VERUS/src/Chap06/DirGraphMtEph.rs:1: info: [22:exec] exec fns: all in traits
/home/milnes/projects/APAS-VERUS/src/Chap06/DirGraphMtEph.rs:1: info: [22:proof] proof fns: all in traits
/home/milnes/projects/APAS-VERUS/src/Chap06/DirGraphMtEph.rs:1: info: [22a:spec] free spec fn valid_key_type_for_graph correctly free (Standard 19)
/home/milnes/projects/APAS-VERUS/src/Chap06/DirGraphMtEph.rs:1: info: [23a] spec/proof fn valid_key_type_for_graph param V has looser bounds `StTInMtT + Hash` (trait DirGraphMtEphTrait has `StTInMtT + Hash + 'static`)
/home/milnes/projects/APAS-VERUS/src/Chap06/DirGraphMtEph.rs:1: info: [23b] free fn type bounds compatible with trait
/home/milnes/projects/APAS-VERUS/src/Chap06/DirGraphMtEph.rs:1098: warning: [18] impl PartialEqSpecImpl for DirGraphMtEph < V > should come before top level coarse locking (expected derive impls in verus! before top level coarse locking)
/home/milnes/projects/APAS-VERUS/src/Chap06/DirGraphMtEph.rs:1104: warning: [18] impl Clone for DirGraphMtEph < V > should come before top level coarse locking (expected derive impls in verus! before top level coarse locking)
/home/milnes/projects/APAS-VERUS/src/Chap06/DirGraphMtEph.rs:1113: warning: [18] impl Eq for DirGraphMtEph < V > should come before top level coarse locking (expected derive impls in verus! before top level coarse locking)
/home/milnes/projects/APAS-VERUS/src/Chap06/DirGraphMtEph.rs:1115: warning: [18] impl PartialEq for DirGraphMtEph < V > should come before top level coarse locking (expected derive impls in verus! before top level coarse locking)
/home/milnes/projects/APAS-VERUS/src/Chap06/DirGraphMtEph.rs:114: warning: [22:spec] spec fn spec_vertices in trait DirGraphMtEphTrait has a body; should be abstract (no body) with concrete spec in the impl
/home/milnes/projects/APAS-VERUS/src/Chap06/DirGraphMtEph.rs:115: warning: [22:spec] spec fn spec_arcs in trait DirGraphMtEphTrait has a body; should be abstract (no body) with concrete spec in the impl
/home/milnes/projects/APAS-VERUS/src/Chap06/DirGraphMtEph.rs:178: warning: [22:spec] spec fn spec_n_plus in trait DirGraphMtEphTrait has a body; should be abstract (no body) with concrete spec in the impl
/home/milnes/projects/APAS-VERUS/src/Chap06/DirGraphMtEph.rs:184: warning: [22:spec] spec fn spec_n_plus_from_set in trait DirGraphMtEphTrait has a body; should be abstract (no body) with concrete spec in the impl
/home/milnes/projects/APAS-VERUS/src/Chap06/DirGraphMtEph.rs:213: warning: [22:spec] spec fn spec_n_minus in trait DirGraphMtEphTrait has a body; should be abstract (no body) with concrete spec in the impl
/home/milnes/projects/APAS-VERUS/src/Chap06/DirGraphMtEph.rs:219: warning: [22:spec] spec fn spec_n_minus_from_set in trait DirGraphMtEphTrait has a body; should be abstract (no body) with concrete spec in the impl
/home/milnes/projects/APAS-VERUS/src/Chap06/DirGraphMtEph.rs:248: warning: [22:spec] spec fn spec_ng in trait DirGraphMtEphTrait has a body; should be abstract (no body) with concrete spec in the impl
/home/milnes/projects/APAS-VERUS/src/Chap06/DirGraphMtEph.rs:266: warning: [22:spec] spec fn spec_degree in trait DirGraphMtEphTrait has a body; should be abstract (no body) with concrete spec in the impl
/home/milnes/projects/APAS-VERUS/src/Chap06/DirGraphMtEph.rs:281: warning: [22:spec] spec fn spec_n_plus_of_vertices in trait DirGraphMtEphTrait has a body; should be abstract (no body) with concrete spec in the impl
/home/milnes/projects/APAS-VERUS/src/Chap06/DirGraphMtEph.rs:287: warning: [22:spec] spec fn spec_n_plus_of_vertices_from_set in trait DirGraphMtEphTrait has a body; should be abstract (no body) with concrete spec in the impl
/home/milnes/projects/APAS-VERUS/src/Chap06/DirGraphMtEph.rs:305: warning: [22:spec] spec fn spec_n_minus_of_vertices in trait DirGraphMtEphTrait has a body; should be abstract (no body) with concrete spec in the impl
/home/milnes/projects/APAS-VERUS/src/Chap06/DirGraphMtEph.rs:311: warning: [22:spec] spec fn spec_n_minus_of_vertices_from_set in trait DirGraphMtEphTrait has a body; should be abstract (no body) with concrete spec in the impl
/home/milnes/projects/APAS-VERUS/src/Chap06/DirGraphMtEph.rs:329: warning: [22:spec] spec fn spec_ng_of_vertices in trait DirGraphMtEphTrait has a body; should be abstract (no body) with concrete spec in the impl
/home/milnes/projects/APAS-VERUS/src/Chap06/DirGraphMtEph.rs:335: warning: [22:spec] spec fn spec_ng_of_vertices_from_set in trait DirGraphMtEphTrait has a body; should be abstract (no body) with concrete spec in the impl
/home/milnes/projects/APAS-VERUS/src/Chap06/DirGraphMtEph.rs:800: warning: [22:spec] spec fn spec_n_plus in trait LockedDirGraphMtEphTrait has a body; should be abstract (no body) with concrete spec in the impl
/home/milnes/projects/APAS-VERUS/src/Chap06/DirGraphMtEph.rs:804: warning: [22:spec] spec fn spec_n_minus in trait LockedDirGraphMtEphTrait has a body; should be abstract (no body) with concrete spec in the impl
/home/milnes/projects/APAS-VERUS/src/Chap06/DirGraphMtEph.rs:808: warning: [22:spec] spec fn spec_ng in trait LockedDirGraphMtEphTrait has a body; should be abstract (no body) with concrete spec in the impl
/home/milnes/projects/APAS-VERUS/src/Chap06/DirGraphMtEph.rs:812: warning: [22:spec] spec fn spec_n_plus_of_vertices in trait LockedDirGraphMtEphTrait has a body; should be abstract (no body) with concrete spec in the impl
/home/milnes/projects/APAS-VERUS/src/Chap06/DirGraphMtEph.rs:816: warning: [22:spec] spec fn spec_n_minus_of_vertices in trait LockedDirGraphMtEphTrait has a body; should be abstract (no body) with concrete spec in the impl
/home/milnes/projects/APAS-VERUS/src/Chap06/DirGraphMtEph.rs:820: warning: [22:spec] spec fn spec_ng_of_vertices in trait LockedDirGraphMtEphTrait has a body; should be abstract (no body) with concrete spec in the impl
/home/milnes/projects/APAS-VERUS/src/Chap06/DirGraphMtEph.rs:1: warning: [24] missing or incorrect copyright line; expected: //! Copyright (C) 2025 Acar, Blelloch and Milnes from 'Algorithms Parallel and Sequential'.

/home/milnes/projects/APAS-VERUS/src/Chap06/DirGraphStEph.rs:
/home/milnes/projects/APAS-VERUS/src/Chap06/DirGraphStEph.rs:1: info: [1] has mod declarations
/home/milnes/projects/APAS-VERUS/src/Chap06/DirGraphStEph.rs:1: info: [2] vstd::prelude::* before verus!
/home/milnes/projects/APAS-VERUS/src/Chap06/DirGraphStEph.rs:1: info: [3] has verus! macro
/home/milnes/projects/APAS-VERUS/src/Chap06/DirGraphStEph.rs:1: info: [4] std imports grouped with trailing blank
/home/milnes/projects/APAS-VERUS/src/Chap06/DirGraphStEph.rs:1: info: [5] vstd imports grouped with trailing blank
/home/milnes/projects/APAS-VERUS/src/Chap06/DirGraphStEph.rs:1: info: [11] Set/Seq usage has broadcast groups
/home/milnes/projects/APAS-VERUS/src/Chap06/DirGraphStEph.rs:1: info: [12] all trait fns have specs
/home/milnes/projects/APAS-VERUS/src/Chap06/DirGraphStEph.rs:1: info: [13] trait impls inside verus!
/home/milnes/projects/APAS-VERUS/src/Chap06/DirGraphStEph.rs:1: info: [14] Debug, Display outside verus!
/home/milnes/projects/APAS-VERUS/src/Chap06/DirGraphStEph.rs:1: info: [15] Clone, Eq, PartialEq inside verus!
/home/milnes/projects/APAS-VERUS/src/Chap06/DirGraphStEph.rs:1: info: [16] Lit macro definitions at end of file
/home/milnes/projects/APAS-VERUS/src/Chap06/DirGraphStEph.rs:1: info: [17] no collection structs (ok)
/home/milnes/projects/APAS-VERUS/src/Chap06/DirGraphStEph.rs:1: info: [18] definition order correct
/home/milnes/projects/APAS-VERUS/src/Chap06/DirGraphStEph.rs:1: info: [19] no generic return names
/home/milnes/projects/APAS-VERUS/src/Chap06/DirGraphStEph.rs:1: info: [20] all traits have impls
/home/milnes/projects/APAS-VERUS/src/Chap06/DirGraphStEph.rs:1: info: [21] broadcast use: vstd:: before crate::
/home/milnes/projects/APAS-VERUS/src/Chap06/DirGraphStEph.rs:1: info: [22:exec] exec fns: all in traits
/home/milnes/projects/APAS-VERUS/src/Chap06/DirGraphStEph.rs:1: info: [22:proof] proof fns: all in traits
/home/milnes/projects/APAS-VERUS/src/Chap06/DirGraphStEph.rs:1: info: [23a] spec/proof fn looser bounds: N/A
/home/milnes/projects/APAS-VERUS/src/Chap06/DirGraphStEph.rs:1: info: [23b] free fn stricter bounds: N/A
/home/milnes/projects/APAS-VERUS/src/Chap06/DirGraphStEph.rs:87: warning: [22:spec] spec fn spec_n_plus in trait DirGraphStEphTrait has a body; should be abstract (no body) with concrete spec in the impl
/home/milnes/projects/APAS-VERUS/src/Chap06/DirGraphStEph.rs:91: warning: [22:spec] spec fn spec_n_minus in trait DirGraphStEphTrait has a body; should be abstract (no body) with concrete spec in the impl
/home/milnes/projects/APAS-VERUS/src/Chap06/DirGraphStEph.rs:95: warning: [22:spec] spec fn spec_ng in trait DirGraphStEphTrait has a body; should be abstract (no body) with concrete spec in the impl
/home/milnes/projects/APAS-VERUS/src/Chap06/DirGraphStEph.rs:99: warning: [22:spec] spec fn spec_degree in trait DirGraphStEphTrait has a body; should be abstract (no body) with concrete spec in the impl
/home/milnes/projects/APAS-VERUS/src/Chap06/DirGraphStEph.rs:103: warning: [22:spec] spec fn spec_n_plus_of_vertices in trait DirGraphStEphTrait has a body; should be abstract (no body) with concrete spec in the impl
/home/milnes/projects/APAS-VERUS/src/Chap06/DirGraphStEph.rs:109: warning: [22:spec] spec fn spec_n_minus_of_vertices in trait DirGraphStEphTrait has a body; should be abstract (no body) with concrete spec in the impl
/home/milnes/projects/APAS-VERUS/src/Chap06/DirGraphStEph.rs:115: warning: [22:spec] spec fn spec_ng_of_vertices in trait DirGraphStEphTrait has a body; should be abstract (no body) with concrete spec in the impl
/home/milnes/projects/APAS-VERUS/src/Chap06/DirGraphStEph.rs:1: warning: [24] missing or incorrect copyright line; expected: //! Copyright (C) 2025 Acar, Blelloch and Milnes from 'Algorithms Parallel and Sequential'.

/home/milnes/projects/APAS-VERUS/src/Chap06/LabDirGraphMtEph.rs:
/home/milnes/projects/APAS-VERUS/src/Chap06/LabDirGraphMtEph.rs:1: info: [1] has mod declarations
/home/milnes/projects/APAS-VERUS/src/Chap06/LabDirGraphMtEph.rs:1: info: [2] vstd::prelude::* before verus!
/home/milnes/projects/APAS-VERUS/src/Chap06/LabDirGraphMtEph.rs:1: info: [3] has verus! macro
/home/milnes/projects/APAS-VERUS/src/Chap06/LabDirGraphMtEph.rs:1: info: [4] std imports grouped with trailing blank
/home/milnes/projects/APAS-VERUS/src/Chap06/LabDirGraphMtEph.rs:1: info: [5] vstd imports grouped with trailing blank
/home/milnes/projects/APAS-VERUS/src/Chap06/LabDirGraphMtEph.rs:1: info: [11] Set/Seq usage has broadcast groups
/home/milnes/projects/APAS-VERUS/src/Chap06/LabDirGraphMtEph.rs:1: info: [12] all trait fns have specs
/home/milnes/projects/APAS-VERUS/src/Chap06/LabDirGraphMtEph.rs:1: info: [13] trait impls inside verus!
/home/milnes/projects/APAS-VERUS/src/Chap06/LabDirGraphMtEph.rs:1: info: [14] Display, Debug outside verus!
/home/milnes/projects/APAS-VERUS/src/Chap06/LabDirGraphMtEph.rs:1: info: [15] Clone inside verus!
/home/milnes/projects/APAS-VERUS/src/Chap06/LabDirGraphMtEph.rs:1: info: [16] Lit macro definitions at end of file
/home/milnes/projects/APAS-VERUS/src/Chap06/LabDirGraphMtEph.rs:1: info: [17] no collection structs (ok)
/home/milnes/projects/APAS-VERUS/src/Chap06/LabDirGraphMtEph.rs:1: info: [19] no generic return names
/home/milnes/projects/APAS-VERUS/src/Chap06/LabDirGraphMtEph.rs:1: info: [20] all traits have impls
/home/milnes/projects/APAS-VERUS/src/Chap06/LabDirGraphMtEph.rs:1: info: [21] broadcast use: vstd:: before crate::
/home/milnes/projects/APAS-VERUS/src/Chap06/LabDirGraphMtEph.rs:1: info: [22:exec] exec fns: all in traits
/home/milnes/projects/APAS-VERUS/src/Chap06/LabDirGraphMtEph.rs:1: info: [22:proof] proof fns: all in traits
/home/milnes/projects/APAS-VERUS/src/Chap06/LabDirGraphMtEph.rs:1: info: [22a:spec] free spec fn valid_key_type_for_lab_graph correctly free (Standard 19)
/home/milnes/projects/APAS-VERUS/src/Chap06/LabDirGraphMtEph.rs:1: info: [23a] spec/proof fn valid_key_type_for_lab_graph param V has looser bounds `StTInMtT + Hash` (trait LabDirGraphMtEphTrait has `StTInMtT + Hash + 'static`)
/home/milnes/projects/APAS-VERUS/src/Chap06/LabDirGraphMtEph.rs:1: info: [23a] spec/proof fn valid_key_type_for_lab_graph param L has looser bounds `StTInMtT + Hash` (trait LabDirGraphMtEphTrait has `StTInMtT + Hash + 'static`)
/home/milnes/projects/APAS-VERUS/src/Chap06/LabDirGraphMtEph.rs:1: info: [23b] free fn type bounds compatible with trait
/home/milnes/projects/APAS-VERUS/src/Chap06/LabDirGraphMtEph.rs:893: warning: [18] impl Clone for LabDirGraphMtEph < V , L > should come before top level coarse locking (expected derive impls in verus! before top level coarse locking)
/home/milnes/projects/APAS-VERUS/src/Chap06/LabDirGraphMtEph.rs:113: warning: [22:spec] spec fn spec_vertices in trait LabDirGraphMtEphTrait has a body; should be abstract (no body) with concrete spec in the impl
/home/milnes/projects/APAS-VERUS/src/Chap06/LabDirGraphMtEph.rs:114: warning: [22:spec] spec fn spec_labeled_arcs in trait LabDirGraphMtEphTrait has a body; should be abstract (no body) with concrete spec in the impl
/home/milnes/projects/APAS-VERUS/src/Chap06/LabDirGraphMtEph.rs:116: warning: [22:spec] spec fn spec_arcs in trait LabDirGraphMtEphTrait has a body; should be abstract (no body) with concrete spec in the impl
/home/milnes/projects/APAS-VERUS/src/Chap06/LabDirGraphMtEph.rs:188: warning: [22:spec] spec fn spec_n_plus in trait LabDirGraphMtEphTrait has a body; should be abstract (no body) with concrete spec in the impl
/home/milnes/projects/APAS-VERUS/src/Chap06/LabDirGraphMtEph.rs:194: warning: [22:spec] spec fn spec_n_plus_from_set in trait LabDirGraphMtEphTrait has a body; should be abstract (no body) with concrete spec in the impl
/home/milnes/projects/APAS-VERUS/src/Chap06/LabDirGraphMtEph.rs:202: warning: [22:spec] spec fn spec_n_minus in trait LabDirGraphMtEphTrait has a body; should be abstract (no body) with concrete spec in the impl
/home/milnes/projects/APAS-VERUS/src/Chap06/LabDirGraphMtEph.rs:208: warning: [22:spec] spec fn spec_n_minus_from_set in trait LabDirGraphMtEphTrait has a body; should be abstract (no body) with concrete spec in the impl
/home/milnes/projects/APAS-VERUS/src/Chap06/LabDirGraphMtEph.rs:740: warning: [22:spec] spec fn spec_n_plus in trait LockedLabDirGraphMtEphTrait has a body; should be abstract (no body) with concrete spec in the impl
/home/milnes/projects/APAS-VERUS/src/Chap06/LabDirGraphMtEph.rs:744: warning: [22:spec] spec fn spec_n_minus in trait LockedLabDirGraphMtEphTrait has a body; should be abstract (no body) with concrete spec in the impl
/home/milnes/projects/APAS-VERUS/src/Chap06/LabDirGraphMtEph.rs:1: warning: [24] missing or incorrect copyright line; expected: //! Copyright (C) 2025 Acar, Blelloch and Milnes from 'Algorithms Parallel and Sequential'.

/home/milnes/projects/APAS-VERUS/src/Chap06/LabDirGraphStEph.rs:
/home/milnes/projects/APAS-VERUS/src/Chap06/LabDirGraphStEph.rs:1: info: [1] has mod declarations
/home/milnes/projects/APAS-VERUS/src/Chap06/LabDirGraphStEph.rs:1: info: [2] vstd::prelude::* before verus!
/home/milnes/projects/APAS-VERUS/src/Chap06/LabDirGraphStEph.rs:1: info: [3] has verus! macro
/home/milnes/projects/APAS-VERUS/src/Chap06/LabDirGraphStEph.rs:1: info: [4] std imports grouped with trailing blank
/home/milnes/projects/APAS-VERUS/src/Chap06/LabDirGraphStEph.rs:1: info: [5] vstd imports grouped with trailing blank
/home/milnes/projects/APAS-VERUS/src/Chap06/LabDirGraphStEph.rs:1: info: [11] Set/Seq usage has broadcast groups
/home/milnes/projects/APAS-VERUS/src/Chap06/LabDirGraphStEph.rs:1: info: [12] all trait fns have specs
/home/milnes/projects/APAS-VERUS/src/Chap06/LabDirGraphStEph.rs:1: info: [13] trait impls inside verus!
/home/milnes/projects/APAS-VERUS/src/Chap06/LabDirGraphStEph.rs:1: info: [14] Display, Debug outside verus!
/home/milnes/projects/APAS-VERUS/src/Chap06/LabDirGraphStEph.rs:1: info: [15] Clone inside verus!
/home/milnes/projects/APAS-VERUS/src/Chap06/LabDirGraphStEph.rs:1: info: [16] Lit macro definitions at end of file
/home/milnes/projects/APAS-VERUS/src/Chap06/LabDirGraphStEph.rs:1: info: [17] no collection structs (ok)
/home/milnes/projects/APAS-VERUS/src/Chap06/LabDirGraphStEph.rs:1: info: [18] definition order correct
/home/milnes/projects/APAS-VERUS/src/Chap06/LabDirGraphStEph.rs:1: info: [19] no generic return names
/home/milnes/projects/APAS-VERUS/src/Chap06/LabDirGraphStEph.rs:1: info: [20] all traits have impls
/home/milnes/projects/APAS-VERUS/src/Chap06/LabDirGraphStEph.rs:1: info: [21] broadcast use: vstd:: before crate::
/home/milnes/projects/APAS-VERUS/src/Chap06/LabDirGraphStEph.rs:1: info: [22:exec] exec fns: all in traits
/home/milnes/projects/APAS-VERUS/src/Chap06/LabDirGraphStEph.rs:1: info: [22:proof] proof fns: all in traits
/home/milnes/projects/APAS-VERUS/src/Chap06/LabDirGraphStEph.rs:1: info: [23a] spec/proof fn looser bounds: N/A
/home/milnes/projects/APAS-VERUS/src/Chap06/LabDirGraphStEph.rs:1: info: [23b] free fn stricter bounds: N/A
/home/milnes/projects/APAS-VERUS/src/Chap06/LabDirGraphStEph.rs:87: warning: [22:spec] spec fn spec_n_plus in trait LabDirGraphStEphTrait has a body; should be abstract (no body) with concrete spec in the impl
/home/milnes/projects/APAS-VERUS/src/Chap06/LabDirGraphStEph.rs:93: warning: [22:spec] spec fn spec_n_minus in trait LabDirGraphStEphTrait has a body; should be abstract (no body) with concrete spec in the impl
/home/milnes/projects/APAS-VERUS/src/Chap06/LabDirGraphStEph.rs:99: warning: [22:spec] spec fn spec_arcs in trait LabDirGraphStEphTrait has a body; should be abstract (no body) with concrete spec in the impl
/home/milnes/projects/APAS-VERUS/src/Chap06/LabDirGraphStEph.rs:1: warning: [24] missing or incorrect copyright line; expected: //! Copyright (C) 2025 Acar, Blelloch and Milnes from 'Algorithms Parallel and Sequential'.

/home/milnes/projects/APAS-VERUS/src/Chap06/LabUnDirGraphMtEph.rs:
/home/milnes/projects/APAS-VERUS/src/Chap06/LabUnDirGraphMtEph.rs:1: info: [1] has mod declarations
/home/milnes/projects/APAS-VERUS/src/Chap06/LabUnDirGraphMtEph.rs:1: info: [2] vstd::prelude::* before verus!
/home/milnes/projects/APAS-VERUS/src/Chap06/LabUnDirGraphMtEph.rs:1: info: [3] has verus! macro
/home/milnes/projects/APAS-VERUS/src/Chap06/LabUnDirGraphMtEph.rs:1: info: [4] std imports grouped with trailing blank
/home/milnes/projects/APAS-VERUS/src/Chap06/LabUnDirGraphMtEph.rs:1: info: [5] vstd imports grouped with trailing blank
/home/milnes/projects/APAS-VERUS/src/Chap06/LabUnDirGraphMtEph.rs:1: info: [11] Set/Seq usage has broadcast groups
/home/milnes/projects/APAS-VERUS/src/Chap06/LabUnDirGraphMtEph.rs:1: info: [12] all trait fns have specs
/home/milnes/projects/APAS-VERUS/src/Chap06/LabUnDirGraphMtEph.rs:1: info: [13] trait impls inside verus!
/home/milnes/projects/APAS-VERUS/src/Chap06/LabUnDirGraphMtEph.rs:1: info: [14] Display, Debug outside verus!
/home/milnes/projects/APAS-VERUS/src/Chap06/LabUnDirGraphMtEph.rs:1: info: [15] Clone inside verus!
/home/milnes/projects/APAS-VERUS/src/Chap06/LabUnDirGraphMtEph.rs:1: info: [16] Lit macro definitions at end of file
/home/milnes/projects/APAS-VERUS/src/Chap06/LabUnDirGraphMtEph.rs:1: info: [17] no collection structs (ok)
/home/milnes/projects/APAS-VERUS/src/Chap06/LabUnDirGraphMtEph.rs:1: info: [19] no generic return names
/home/milnes/projects/APAS-VERUS/src/Chap06/LabUnDirGraphMtEph.rs:1: info: [20] all traits have impls
/home/milnes/projects/APAS-VERUS/src/Chap06/LabUnDirGraphMtEph.rs:1: info: [21] broadcast use: vstd:: before crate::
/home/milnes/projects/APAS-VERUS/src/Chap06/LabUnDirGraphMtEph.rs:1: info: [22:exec] exec fns: all in traits
/home/milnes/projects/APAS-VERUS/src/Chap06/LabUnDirGraphMtEph.rs:1: info: [22:proof] proof fns: all in traits
/home/milnes/projects/APAS-VERUS/src/Chap06/LabUnDirGraphMtEph.rs:1: info: [22a:spec] free spec fn valid_key_type_for_lab_graph correctly free (Standard 19)
/home/milnes/projects/APAS-VERUS/src/Chap06/LabUnDirGraphMtEph.rs:1: info: [23a] spec/proof fn valid_key_type_for_lab_graph param V has looser bounds `StTInMtT + Hash + Ord` (trait LabUnDirGraphMtEphTrait has `StTInMtT + Hash + Ord + 'static`)
/home/milnes/projects/APAS-VERUS/src/Chap06/LabUnDirGraphMtEph.rs:1: info: [23a] spec/proof fn valid_key_type_for_lab_graph param L has looser bounds `StTInMtT + Hash` (trait LabUnDirGraphMtEphTrait has `StTInMtT + Hash + 'static`)
/home/milnes/projects/APAS-VERUS/src/Chap06/LabUnDirGraphMtEph.rs:1: info: [23b] free fn type bounds compatible with trait
/home/milnes/projects/APAS-VERUS/src/Chap06/LabUnDirGraphMtEph.rs:890: warning: [18] impl Clone for LabUnDirGraphMtEph < V , L > should come before top level coarse locking (expected derive impls in verus! before top level coarse locking)
/home/milnes/projects/APAS-VERUS/src/Chap06/LabUnDirGraphMtEph.rs:113: warning: [22:spec] spec fn spec_vertices in trait LabUnDirGraphMtEphTrait has a body; should be abstract (no body) with concrete spec in the impl
/home/milnes/projects/APAS-VERUS/src/Chap06/LabUnDirGraphMtEph.rs:114: warning: [22:spec] spec fn spec_labeled_edges in trait LabUnDirGraphMtEphTrait has a body; should be abstract (no body) with concrete spec in the impl
/home/milnes/projects/APAS-VERUS/src/Chap06/LabUnDirGraphMtEph.rs:116: warning: [22:spec] spec fn spec_edges in trait LabUnDirGraphMtEphTrait has a body; should be abstract (no body) with concrete spec in the impl
/home/milnes/projects/APAS-VERUS/src/Chap06/LabUnDirGraphMtEph.rs:120: warning: [22:spec] spec fn spec_ng_from_set in trait LabUnDirGraphMtEphTrait has a body; should be abstract (no body) with concrete spec in the impl
/home/milnes/projects/APAS-VERUS/src/Chap06/LabUnDirGraphMtEph.rs:206: warning: [22:spec] spec fn spec_ng in trait LabUnDirGraphMtEphTrait has a body; should be abstract (no body) with concrete spec in the impl
/home/milnes/projects/APAS-VERUS/src/Chap06/LabUnDirGraphMtEph.rs:700: warning: [22:spec] spec fn spec_ng in trait LockedLabUnDirGraphMtEphTrait has a body; should be abstract (no body) with concrete spec in the impl
/home/milnes/projects/APAS-VERUS/src/Chap06/LabUnDirGraphMtEph.rs:1: warning: [24] missing or incorrect copyright line; expected: //! Copyright (C) 2025 Acar, Blelloch and Milnes from 'Algorithms Parallel and Sequential'.

/home/milnes/projects/APAS-VERUS/src/Chap06/LabUnDirGraphStEph.rs:
/home/milnes/projects/APAS-VERUS/src/Chap06/LabUnDirGraphStEph.rs:1: info: [1] has mod declarations
/home/milnes/projects/APAS-VERUS/src/Chap06/LabUnDirGraphStEph.rs:1: info: [2] vstd::prelude::* before verus!
/home/milnes/projects/APAS-VERUS/src/Chap06/LabUnDirGraphStEph.rs:1: info: [3] has verus! macro
/home/milnes/projects/APAS-VERUS/src/Chap06/LabUnDirGraphStEph.rs:1: info: [4] std imports grouped with trailing blank
/home/milnes/projects/APAS-VERUS/src/Chap06/LabUnDirGraphStEph.rs:1: info: [5] vstd imports grouped with trailing blank
/home/milnes/projects/APAS-VERUS/src/Chap06/LabUnDirGraphStEph.rs:1: info: [11] Set/Seq usage has broadcast groups
/home/milnes/projects/APAS-VERUS/src/Chap06/LabUnDirGraphStEph.rs:1: info: [12] all trait fns have specs
/home/milnes/projects/APAS-VERUS/src/Chap06/LabUnDirGraphStEph.rs:1: info: [13] trait impls inside verus!
/home/milnes/projects/APAS-VERUS/src/Chap06/LabUnDirGraphStEph.rs:1: info: [14] Display, Debug outside verus!
/home/milnes/projects/APAS-VERUS/src/Chap06/LabUnDirGraphStEph.rs:1: info: [15] Clone inside verus!
/home/milnes/projects/APAS-VERUS/src/Chap06/LabUnDirGraphStEph.rs:1: info: [16] Lit macro definitions at end of file
/home/milnes/projects/APAS-VERUS/src/Chap06/LabUnDirGraphStEph.rs:1: info: [17] no collection structs (ok)
/home/milnes/projects/APAS-VERUS/src/Chap06/LabUnDirGraphStEph.rs:1: info: [18] definition order correct
/home/milnes/projects/APAS-VERUS/src/Chap06/LabUnDirGraphStEph.rs:1: info: [19] no generic return names
/home/milnes/projects/APAS-VERUS/src/Chap06/LabUnDirGraphStEph.rs:1: info: [20] all traits have impls
/home/milnes/projects/APAS-VERUS/src/Chap06/LabUnDirGraphStEph.rs:1: info: [21] broadcast use: vstd:: before crate::
/home/milnes/projects/APAS-VERUS/src/Chap06/LabUnDirGraphStEph.rs:1: info: [22:exec] exec fns: all in traits
/home/milnes/projects/APAS-VERUS/src/Chap06/LabUnDirGraphStEph.rs:1: info: [22:proof] proof fns: all in traits
/home/milnes/projects/APAS-VERUS/src/Chap06/LabUnDirGraphStEph.rs:1: info: [23a] spec/proof fn looser bounds: N/A
/home/milnes/projects/APAS-VERUS/src/Chap06/LabUnDirGraphStEph.rs:1: info: [23b] free fn stricter bounds: N/A
/home/milnes/projects/APAS-VERUS/src/Chap06/LabUnDirGraphStEph.rs:87: warning: [22:spec] spec fn spec_ng in trait LabUnDirGraphStEphTrait has a body; should be abstract (no body) with concrete spec in the impl
/home/milnes/projects/APAS-VERUS/src/Chap06/LabUnDirGraphStEph.rs:96: warning: [22:spec] spec fn spec_edges in trait LabUnDirGraphStEphTrait has a body; should be abstract (no body) with concrete spec in the impl
/home/milnes/projects/APAS-VERUS/src/Chap06/LabUnDirGraphStEph.rs:1: warning: [24] missing or incorrect copyright line; expected: //! Copyright (C) 2025 Acar, Blelloch and Milnes from 'Algorithms Parallel and Sequential'.

/home/milnes/projects/APAS-VERUS/src/Chap06/UnDirGraphMtEph.rs:
/home/milnes/projects/APAS-VERUS/src/Chap06/UnDirGraphMtEph.rs:1: info: [1] has mod declarations
/home/milnes/projects/APAS-VERUS/src/Chap06/UnDirGraphMtEph.rs:1: info: [2] vstd::prelude::* before verus!
/home/milnes/projects/APAS-VERUS/src/Chap06/UnDirGraphMtEph.rs:1: info: [3] has verus! macro
/home/milnes/projects/APAS-VERUS/src/Chap06/UnDirGraphMtEph.rs:1: info: [4] std imports grouped with trailing blank
/home/milnes/projects/APAS-VERUS/src/Chap06/UnDirGraphMtEph.rs:1: info: [5] vstd imports grouped with trailing blank
/home/milnes/projects/APAS-VERUS/src/Chap06/UnDirGraphMtEph.rs:1: info: [11] Set/Seq usage has broadcast groups
/home/milnes/projects/APAS-VERUS/src/Chap06/UnDirGraphMtEph.rs:1: info: [12] all trait fns have specs
/home/milnes/projects/APAS-VERUS/src/Chap06/UnDirGraphMtEph.rs:1: info: [13] trait impls inside verus!
/home/milnes/projects/APAS-VERUS/src/Chap06/UnDirGraphMtEph.rs:1: info: [14] Debug, Display outside verus!
/home/milnes/projects/APAS-VERUS/src/Chap06/UnDirGraphMtEph.rs:1: info: [15] Clone, Eq, PartialEq inside verus!
/home/milnes/projects/APAS-VERUS/src/Chap06/UnDirGraphMtEph.rs:1: info: [16] Lit macro definitions at end of file
/home/milnes/projects/APAS-VERUS/src/Chap06/UnDirGraphMtEph.rs:1: info: [17] no collection structs (ok)
/home/milnes/projects/APAS-VERUS/src/Chap06/UnDirGraphMtEph.rs:1: info: [19] no generic return names
/home/milnes/projects/APAS-VERUS/src/Chap06/UnDirGraphMtEph.rs:1: info: [20] all traits have impls
/home/milnes/projects/APAS-VERUS/src/Chap06/UnDirGraphMtEph.rs:1: info: [21] broadcast use: vstd:: before crate::
/home/milnes/projects/APAS-VERUS/src/Chap06/UnDirGraphMtEph.rs:1: info: [22:exec] exec fns: all in traits
/home/milnes/projects/APAS-VERUS/src/Chap06/UnDirGraphMtEph.rs:1: info: [22:proof] proof fns: all in traits
/home/milnes/projects/APAS-VERUS/src/Chap06/UnDirGraphMtEph.rs:1: info: [22a:spec] free spec fn valid_key_type_for_graph correctly free (Standard 19)
/home/milnes/projects/APAS-VERUS/src/Chap06/UnDirGraphMtEph.rs:1: info: [23a] spec/proof fn valid_key_type_for_graph param V has looser bounds `StTInMtT + Hash` (trait UnDirGraphMtEphTrait has `StTInMtT + Hash + 'static`)
/home/milnes/projects/APAS-VERUS/src/Chap06/UnDirGraphMtEph.rs:1: info: [23b] free fn type bounds compatible with trait
/home/milnes/projects/APAS-VERUS/src/Chap06/UnDirGraphMtEph.rs:703: warning: [18] impl PartialEqSpecImpl for UnDirGraphMtEph < V > should come before top level coarse locking (expected derive impls in verus! before top level coarse locking)
/home/milnes/projects/APAS-VERUS/src/Chap06/UnDirGraphMtEph.rs:709: warning: [18] impl Clone for UnDirGraphMtEph < V > should come before top level coarse locking (expected derive impls in verus! before top level coarse locking)
/home/milnes/projects/APAS-VERUS/src/Chap06/UnDirGraphMtEph.rs:718: warning: [18] impl Eq for UnDirGraphMtEph < V > should come before top level coarse locking (expected derive impls in verus! before top level coarse locking)
/home/milnes/projects/APAS-VERUS/src/Chap06/UnDirGraphMtEph.rs:720: warning: [18] impl PartialEq for UnDirGraphMtEph < V > should come before top level coarse locking (expected derive impls in verus! before top level coarse locking)
/home/milnes/projects/APAS-VERUS/src/Chap06/UnDirGraphMtEph.rs:113: warning: [22:spec] spec fn spec_vertices in trait UnDirGraphMtEphTrait has a body; should be abstract (no body) with concrete spec in the impl
/home/milnes/projects/APAS-VERUS/src/Chap06/UnDirGraphMtEph.rs:114: warning: [22:spec] spec fn spec_edges in trait UnDirGraphMtEphTrait has a body; should be abstract (no body) with concrete spec in the impl
/home/milnes/projects/APAS-VERUS/src/Chap06/UnDirGraphMtEph.rs:116: warning: [22:spec] spec fn spec_degree in trait UnDirGraphMtEphTrait has a body; should be abstract (no body) with concrete spec in the impl
/home/milnes/projects/APAS-VERUS/src/Chap06/UnDirGraphMtEph.rs:122: warning: [22:spec] spec fn spec_ng_from_set in trait UnDirGraphMtEphTrait has a body; should be abstract (no body) with concrete spec in the impl
/home/milnes/projects/APAS-VERUS/src/Chap06/UnDirGraphMtEph.rs:130: warning: [22:spec] spec fn spec_ng_of_vertices_from_set in trait UnDirGraphMtEphTrait has a body; should be abstract (no body) with concrete spec in the impl
/home/milnes/projects/APAS-VERUS/src/Chap06/UnDirGraphMtEph.rs:190: warning: [22:spec] spec fn spec_ng in trait UnDirGraphMtEphTrait has a body; should be abstract (no body) with concrete spec in the impl
/home/milnes/projects/APAS-VERUS/src/Chap06/UnDirGraphMtEph.rs:208: warning: [22:spec] spec fn spec_ng_of_vertices in trait UnDirGraphMtEphTrait has a body; should be abstract (no body) with concrete spec in the impl
/home/milnes/projects/APAS-VERUS/src/Chap06/UnDirGraphMtEph.rs:508: warning: [22:spec] spec fn spec_ng in trait LockedUnDirGraphMtEphTrait has a body; should be abstract (no body) with concrete spec in the impl
/home/milnes/projects/APAS-VERUS/src/Chap06/UnDirGraphMtEph.rs:512: warning: [22:spec] spec fn spec_ng_of_vertices in trait LockedUnDirGraphMtEphTrait has a body; should be abstract (no body) with concrete spec in the impl
/home/milnes/projects/APAS-VERUS/src/Chap06/UnDirGraphMtEph.rs:1: warning: [24] missing or incorrect copyright line; expected: //! Copyright (C) 2025 Acar, Blelloch and Milnes from 'Algorithms Parallel and Sequential'.

/home/milnes/projects/APAS-VERUS/src/Chap06/UnDirGraphStEph.rs:
/home/milnes/projects/APAS-VERUS/src/Chap06/UnDirGraphStEph.rs:1: info: [1] has mod declarations
/home/milnes/projects/APAS-VERUS/src/Chap06/UnDirGraphStEph.rs:1: info: [2] vstd::prelude::* before verus!
/home/milnes/projects/APAS-VERUS/src/Chap06/UnDirGraphStEph.rs:1: info: [3] has verus! macro
/home/milnes/projects/APAS-VERUS/src/Chap06/UnDirGraphStEph.rs:1: info: [4] std imports grouped with trailing blank
/home/milnes/projects/APAS-VERUS/src/Chap06/UnDirGraphStEph.rs:1: info: [5] vstd imports grouped with trailing blank
/home/milnes/projects/APAS-VERUS/src/Chap06/UnDirGraphStEph.rs:1: info: [11] Set/Seq usage has broadcast groups
/home/milnes/projects/APAS-VERUS/src/Chap06/UnDirGraphStEph.rs:1: info: [12] all trait fns have specs
/home/milnes/projects/APAS-VERUS/src/Chap06/UnDirGraphStEph.rs:1: info: [13] trait impls inside verus!
/home/milnes/projects/APAS-VERUS/src/Chap06/UnDirGraphStEph.rs:1: info: [14] Debug, Display outside verus!
/home/milnes/projects/APAS-VERUS/src/Chap06/UnDirGraphStEph.rs:1: info: [15] Clone, Eq, PartialEq inside verus!
/home/milnes/projects/APAS-VERUS/src/Chap06/UnDirGraphStEph.rs:1: info: [16] Lit macro definitions at end of file
/home/milnes/projects/APAS-VERUS/src/Chap06/UnDirGraphStEph.rs:1: info: [17] no collection structs (ok)
/home/milnes/projects/APAS-VERUS/src/Chap06/UnDirGraphStEph.rs:1: info: [18] definition order correct
/home/milnes/projects/APAS-VERUS/src/Chap06/UnDirGraphStEph.rs:1: info: [19] no generic return names
/home/milnes/projects/APAS-VERUS/src/Chap06/UnDirGraphStEph.rs:1: info: [20] all traits have impls
/home/milnes/projects/APAS-VERUS/src/Chap06/UnDirGraphStEph.rs:1: info: [21] broadcast use: vstd:: before crate::
/home/milnes/projects/APAS-VERUS/src/Chap06/UnDirGraphStEph.rs:1: info: [22:exec] exec fns: all in traits
/home/milnes/projects/APAS-VERUS/src/Chap06/UnDirGraphStEph.rs:1: info: [22:proof] proof fns: all in traits
/home/milnes/projects/APAS-VERUS/src/Chap06/UnDirGraphStEph.rs:1: info: [23a] spec/proof fn looser bounds: N/A
/home/milnes/projects/APAS-VERUS/src/Chap06/UnDirGraphStEph.rs:1: info: [23b] free fn stricter bounds: N/A
/home/milnes/projects/APAS-VERUS/src/Chap06/UnDirGraphStEph.rs:89: warning: [22:spec] spec fn spec_ng in trait UnDirGraphStEphTrait has a body; should be abstract (no body) with concrete spec in the impl
/home/milnes/projects/APAS-VERUS/src/Chap06/UnDirGraphStEph.rs:95: warning: [22:spec] spec fn spec_ng_of_vertices in trait UnDirGraphStEphTrait has a body; should be abstract (no body) with concrete spec in the impl
/home/milnes/projects/APAS-VERUS/src/Chap06/UnDirGraphStEph.rs:101: warning: [22:spec] spec fn spec_degree in trait UnDirGraphStEphTrait has a body; should be abstract (no body) with concrete spec in the impl
/home/milnes/projects/APAS-VERUS/src/Chap06/UnDirGraphStEph.rs:1: warning: [24] missing or incorrect copyright line; expected: //! Copyright (C) 2025 Acar, Blelloch and Milnes from 'Algorithms Parallel and Sequential'.

/home/milnes/projects/APAS-VERUS/src/Chap06/WeightedDirGraphStEphF64.rs:
/home/milnes/projects/APAS-VERUS/src/Chap06/WeightedDirGraphStEphF64.rs:1: info: [1] has mod declarations
/home/milnes/projects/APAS-VERUS/src/Chap06/WeightedDirGraphStEphF64.rs:1: info: [2] vstd::prelude::* before verus!
/home/milnes/projects/APAS-VERUS/src/Chap06/WeightedDirGraphStEphF64.rs:1: info: [3] has verus! macro
/home/milnes/projects/APAS-VERUS/src/Chap06/WeightedDirGraphStEphF64.rs:1: info: [4] std imports grouped with trailing blank
/home/milnes/projects/APAS-VERUS/src/Chap06/WeightedDirGraphStEphF64.rs:1: info: [5] vstd imports grouped with trailing blank
/home/milnes/projects/APAS-VERUS/src/Chap06/WeightedDirGraphStEphF64.rs:1: info: [11] no Set/Seq usage (ok)
/home/milnes/projects/APAS-VERUS/src/Chap06/WeightedDirGraphStEphF64.rs:1: info: [12] all trait fns have specs
/home/milnes/projects/APAS-VERUS/src/Chap06/WeightedDirGraphStEphF64.rs:1: info: [13] trait impls inside verus!
/home/milnes/projects/APAS-VERUS/src/Chap06/WeightedDirGraphStEphF64.rs:1: info: [14] no Debug/Display impls (ok)
/home/milnes/projects/APAS-VERUS/src/Chap06/WeightedDirGraphStEphF64.rs:1: info: [15] no PartialEq/Eq/Clone/Hash/Ord impls (ok)
/home/milnes/projects/APAS-VERUS/src/Chap06/WeightedDirGraphStEphF64.rs:1: info: [16] Lit macro definitions at end of file
/home/milnes/projects/APAS-VERUS/src/Chap06/WeightedDirGraphStEphF64.rs:1: info: [17] no collection structs (ok)
/home/milnes/projects/APAS-VERUS/src/Chap06/WeightedDirGraphStEphF64.rs:1: info: [18] definition order correct
/home/milnes/projects/APAS-VERUS/src/Chap06/WeightedDirGraphStEphF64.rs:1: info: [19] no generic return names
/home/milnes/projects/APAS-VERUS/src/Chap06/WeightedDirGraphStEphF64.rs:1: info: [20] all traits have impls
/home/milnes/projects/APAS-VERUS/src/Chap06/WeightedDirGraphStEphF64.rs:1: info: [21] broadcast use: vstd:: before crate::
/home/milnes/projects/APAS-VERUS/src/Chap06/WeightedDirGraphStEphF64.rs:1: info: [22:exec] exec fns: all in traits
/home/milnes/projects/APAS-VERUS/src/Chap06/WeightedDirGraphStEphF64.rs:1: info: [22:proof] proof fns: all in traits
/home/milnes/projects/APAS-VERUS/src/Chap06/WeightedDirGraphStEphF64.rs:1: info: [22:spec] spec fns: all in traits as abstract signatures
/home/milnes/projects/APAS-VERUS/src/Chap06/WeightedDirGraphStEphF64.rs:1: info: [23a] spec/proof fn looser bounds: N/A
/home/milnes/projects/APAS-VERUS/src/Chap06/WeightedDirGraphStEphF64.rs:1: info: [23b] free fn stricter bounds: N/A
/home/milnes/projects/APAS-VERUS/src/Chap06/WeightedDirGraphStEphF64.rs:1: warning: [24] missing or incorrect copyright line; expected: //! Copyright (C) 2025 Acar, Blelloch and Milnes from 'Algorithms Parallel and Sequential'.

/home/milnes/projects/APAS-VERUS/src/Chap06/WeightedDirGraphStEphI128.rs:
/home/milnes/projects/APAS-VERUS/src/Chap06/WeightedDirGraphStEphI128.rs:1: info: [1] has mod declarations
/home/milnes/projects/APAS-VERUS/src/Chap06/WeightedDirGraphStEphI128.rs:1: info: [2] vstd::prelude::* before verus!
/home/milnes/projects/APAS-VERUS/src/Chap06/WeightedDirGraphStEphI128.rs:1: info: [3] has verus! macro
/home/milnes/projects/APAS-VERUS/src/Chap06/WeightedDirGraphStEphI128.rs:1: info: [4] std imports grouped with trailing blank
/home/milnes/projects/APAS-VERUS/src/Chap06/WeightedDirGraphStEphI128.rs:1: info: [5] vstd imports grouped with trailing blank
/home/milnes/projects/APAS-VERUS/src/Chap06/WeightedDirGraphStEphI128.rs:1: info: [11] no Set/Seq usage (ok)
/home/milnes/projects/APAS-VERUS/src/Chap06/WeightedDirGraphStEphI128.rs:1: info: [12] all trait fns have specs
/home/milnes/projects/APAS-VERUS/src/Chap06/WeightedDirGraphStEphI128.rs:1: info: [13] trait impls inside verus!
/home/milnes/projects/APAS-VERUS/src/Chap06/WeightedDirGraphStEphI128.rs:1: info: [14] no Debug/Display impls (ok)
/home/milnes/projects/APAS-VERUS/src/Chap06/WeightedDirGraphStEphI128.rs:1: info: [15] no PartialEq/Eq/Clone/Hash/Ord impls (ok)
/home/milnes/projects/APAS-VERUS/src/Chap06/WeightedDirGraphStEphI128.rs:1: info: [16] Lit macro definitions at end of file
/home/milnes/projects/APAS-VERUS/src/Chap06/WeightedDirGraphStEphI128.rs:1: info: [17] no collection structs (ok)
/home/milnes/projects/APAS-VERUS/src/Chap06/WeightedDirGraphStEphI128.rs:1: info: [18] definition order correct
/home/milnes/projects/APAS-VERUS/src/Chap06/WeightedDirGraphStEphI128.rs:1: info: [19] no generic return names
/home/milnes/projects/APAS-VERUS/src/Chap06/WeightedDirGraphStEphI128.rs:1: info: [20] all traits have impls
/home/milnes/projects/APAS-VERUS/src/Chap06/WeightedDirGraphStEphI128.rs:1: info: [21] broadcast use: vstd:: before crate::
/home/milnes/projects/APAS-VERUS/src/Chap06/WeightedDirGraphStEphI128.rs:1: info: [22:exec] exec fns: all in traits
/home/milnes/projects/APAS-VERUS/src/Chap06/WeightedDirGraphStEphI128.rs:1: info: [22:proof] proof fns: all in traits
/home/milnes/projects/APAS-VERUS/src/Chap06/WeightedDirGraphStEphI128.rs:1: info: [23a] spec/proof fn looser bounds: N/A
/home/milnes/projects/APAS-VERUS/src/Chap06/WeightedDirGraphStEphI128.rs:1: info: [23b] free fn stricter bounds: N/A
/home/milnes/projects/APAS-VERUS/src/Chap06/WeightedDirGraphStEphI128.rs:68: warning: [22:spec] spec fn spec_total_weight in trait WeightedDirGraphStEphI128Trait has a body; should be abstract (no body) with concrete spec in the impl
/home/milnes/projects/APAS-VERUS/src/Chap06/WeightedDirGraphStEphI128.rs:1: warning: [24] missing or incorrect copyright line; expected: //! Copyright (C) 2025 Acar, Blelloch and Milnes from 'Algorithms Parallel and Sequential'.

/home/milnes/projects/APAS-VERUS/src/Chap06/WeightedDirGraphStEphI16.rs:
/home/milnes/projects/APAS-VERUS/src/Chap06/WeightedDirGraphStEphI16.rs:1: info: [1] has mod declarations
/home/milnes/projects/APAS-VERUS/src/Chap06/WeightedDirGraphStEphI16.rs:1: info: [2] vstd::prelude::* before verus!
/home/milnes/projects/APAS-VERUS/src/Chap06/WeightedDirGraphStEphI16.rs:1: info: [3] has verus! macro
/home/milnes/projects/APAS-VERUS/src/Chap06/WeightedDirGraphStEphI16.rs:1: info: [4] std imports grouped with trailing blank
/home/milnes/projects/APAS-VERUS/src/Chap06/WeightedDirGraphStEphI16.rs:1: info: [5] vstd imports grouped with trailing blank
/home/milnes/projects/APAS-VERUS/src/Chap06/WeightedDirGraphStEphI16.rs:1: info: [11] no Set/Seq usage (ok)
/home/milnes/projects/APAS-VERUS/src/Chap06/WeightedDirGraphStEphI16.rs:1: info: [12] all trait fns have specs
/home/milnes/projects/APAS-VERUS/src/Chap06/WeightedDirGraphStEphI16.rs:1: info: [13] trait impls inside verus!
/home/milnes/projects/APAS-VERUS/src/Chap06/WeightedDirGraphStEphI16.rs:1: info: [14] no Debug/Display impls (ok)
/home/milnes/projects/APAS-VERUS/src/Chap06/WeightedDirGraphStEphI16.rs:1: info: [15] no PartialEq/Eq/Clone/Hash/Ord impls (ok)
/home/milnes/projects/APAS-VERUS/src/Chap06/WeightedDirGraphStEphI16.rs:1: info: [16] Lit macro definitions at end of file
/home/milnes/projects/APAS-VERUS/src/Chap06/WeightedDirGraphStEphI16.rs:1: info: [17] no collection structs (ok)
/home/milnes/projects/APAS-VERUS/src/Chap06/WeightedDirGraphStEphI16.rs:1: info: [18] definition order correct
/home/milnes/projects/APAS-VERUS/src/Chap06/WeightedDirGraphStEphI16.rs:1: info: [19] no generic return names
/home/milnes/projects/APAS-VERUS/src/Chap06/WeightedDirGraphStEphI16.rs:1: info: [20] all traits have impls
/home/milnes/projects/APAS-VERUS/src/Chap06/WeightedDirGraphStEphI16.rs:1: info: [21] broadcast use: vstd:: before crate::
/home/milnes/projects/APAS-VERUS/src/Chap06/WeightedDirGraphStEphI16.rs:1: info: [22:exec] exec fns: all in traits
/home/milnes/projects/APAS-VERUS/src/Chap06/WeightedDirGraphStEphI16.rs:1: info: [22:proof] proof fns: all in traits
/home/milnes/projects/APAS-VERUS/src/Chap06/WeightedDirGraphStEphI16.rs:1: info: [23a] spec/proof fn looser bounds: N/A
/home/milnes/projects/APAS-VERUS/src/Chap06/WeightedDirGraphStEphI16.rs:1: info: [23b] free fn stricter bounds: N/A
/home/milnes/projects/APAS-VERUS/src/Chap06/WeightedDirGraphStEphI16.rs:68: warning: [22:spec] spec fn spec_total_weight in trait WeightedDirGraphStEphI16Trait has a body; should be abstract (no body) with concrete spec in the impl
/home/milnes/projects/APAS-VERUS/src/Chap06/WeightedDirGraphStEphI16.rs:1: warning: [24] missing or incorrect copyright line; expected: //! Copyright (C) 2025 Acar, Blelloch and Milnes from 'Algorithms Parallel and Sequential'.

/home/milnes/projects/APAS-VERUS/src/Chap06/WeightedDirGraphStEphI32.rs:
/home/milnes/projects/APAS-VERUS/src/Chap06/WeightedDirGraphStEphI32.rs:1: info: [1] has mod declarations
/home/milnes/projects/APAS-VERUS/src/Chap06/WeightedDirGraphStEphI32.rs:1: info: [2] vstd::prelude::* before verus!
/home/milnes/projects/APAS-VERUS/src/Chap06/WeightedDirGraphStEphI32.rs:1: info: [3] has verus! macro
/home/milnes/projects/APAS-VERUS/src/Chap06/WeightedDirGraphStEphI32.rs:1: info: [4] std imports grouped with trailing blank
/home/milnes/projects/APAS-VERUS/src/Chap06/WeightedDirGraphStEphI32.rs:1: info: [5] vstd imports grouped with trailing blank
/home/milnes/projects/APAS-VERUS/src/Chap06/WeightedDirGraphStEphI32.rs:1: info: [11] no Set/Seq usage (ok)
/home/milnes/projects/APAS-VERUS/src/Chap06/WeightedDirGraphStEphI32.rs:1: info: [12] all trait fns have specs
/home/milnes/projects/APAS-VERUS/src/Chap06/WeightedDirGraphStEphI32.rs:1: info: [13] trait impls inside verus!
/home/milnes/projects/APAS-VERUS/src/Chap06/WeightedDirGraphStEphI32.rs:1: info: [14] no Debug/Display impls (ok)
/home/milnes/projects/APAS-VERUS/src/Chap06/WeightedDirGraphStEphI32.rs:1: info: [15] no PartialEq/Eq/Clone/Hash/Ord impls (ok)
/home/milnes/projects/APAS-VERUS/src/Chap06/WeightedDirGraphStEphI32.rs:1: info: [16] Lit macro definitions at end of file
/home/milnes/projects/APAS-VERUS/src/Chap06/WeightedDirGraphStEphI32.rs:1: info: [17] no collection structs (ok)
/home/milnes/projects/APAS-VERUS/src/Chap06/WeightedDirGraphStEphI32.rs:1: info: [18] definition order correct
/home/milnes/projects/APAS-VERUS/src/Chap06/WeightedDirGraphStEphI32.rs:1: info: [19] no generic return names
/home/milnes/projects/APAS-VERUS/src/Chap06/WeightedDirGraphStEphI32.rs:1: info: [20] all traits have impls
/home/milnes/projects/APAS-VERUS/src/Chap06/WeightedDirGraphStEphI32.rs:1: info: [21] broadcast use: vstd:: before crate::
/home/milnes/projects/APAS-VERUS/src/Chap06/WeightedDirGraphStEphI32.rs:1: info: [22:exec] exec fns: all in traits
/home/milnes/projects/APAS-VERUS/src/Chap06/WeightedDirGraphStEphI32.rs:1: info: [22:proof] proof fns: all in traits
/home/milnes/projects/APAS-VERUS/src/Chap06/WeightedDirGraphStEphI32.rs:1: info: [23a] spec/proof fn looser bounds: N/A
/home/milnes/projects/APAS-VERUS/src/Chap06/WeightedDirGraphStEphI32.rs:1: info: [23b] free fn stricter bounds: N/A
/home/milnes/projects/APAS-VERUS/src/Chap06/WeightedDirGraphStEphI32.rs:68: warning: [22:spec] spec fn spec_total_weight in trait WeightedDirGraphStEphI32Trait has a body; should be abstract (no body) with concrete spec in the impl
/home/milnes/projects/APAS-VERUS/src/Chap06/WeightedDirGraphStEphI32.rs:1: warning: [24] missing or incorrect copyright line; expected: //! Copyright (C) 2025 Acar, Blelloch and Milnes from 'Algorithms Parallel and Sequential'.

/home/milnes/projects/APAS-VERUS/src/Chap06/WeightedDirGraphStEphI64.rs:
/home/milnes/projects/APAS-VERUS/src/Chap06/WeightedDirGraphStEphI64.rs:1: info: [1] has mod declarations
/home/milnes/projects/APAS-VERUS/src/Chap06/WeightedDirGraphStEphI64.rs:1: info: [2] vstd::prelude::* before verus!
/home/milnes/projects/APAS-VERUS/src/Chap06/WeightedDirGraphStEphI64.rs:1: info: [3] has verus! macro
/home/milnes/projects/APAS-VERUS/src/Chap06/WeightedDirGraphStEphI64.rs:1: info: [4] std imports grouped with trailing blank
/home/milnes/projects/APAS-VERUS/src/Chap06/WeightedDirGraphStEphI64.rs:1: info: [5] vstd imports grouped with trailing blank
/home/milnes/projects/APAS-VERUS/src/Chap06/WeightedDirGraphStEphI64.rs:1: info: [11] no Set/Seq usage (ok)
/home/milnes/projects/APAS-VERUS/src/Chap06/WeightedDirGraphStEphI64.rs:1: info: [12] all trait fns have specs
/home/milnes/projects/APAS-VERUS/src/Chap06/WeightedDirGraphStEphI64.rs:1: info: [13] trait impls inside verus!
/home/milnes/projects/APAS-VERUS/src/Chap06/WeightedDirGraphStEphI64.rs:1: info: [14] no Debug/Display impls (ok)
/home/milnes/projects/APAS-VERUS/src/Chap06/WeightedDirGraphStEphI64.rs:1: info: [15] no PartialEq/Eq/Clone/Hash/Ord impls (ok)
/home/milnes/projects/APAS-VERUS/src/Chap06/WeightedDirGraphStEphI64.rs:1: info: [16] Lit macro definitions at end of file
/home/milnes/projects/APAS-VERUS/src/Chap06/WeightedDirGraphStEphI64.rs:1: info: [17] no collection structs (ok)
/home/milnes/projects/APAS-VERUS/src/Chap06/WeightedDirGraphStEphI64.rs:1: info: [18] definition order correct
/home/milnes/projects/APAS-VERUS/src/Chap06/WeightedDirGraphStEphI64.rs:1: info: [19] no generic return names
/home/milnes/projects/APAS-VERUS/src/Chap06/WeightedDirGraphStEphI64.rs:1: info: [20] all traits have impls
/home/milnes/projects/APAS-VERUS/src/Chap06/WeightedDirGraphStEphI64.rs:1: info: [21] broadcast use: vstd:: before crate::
/home/milnes/projects/APAS-VERUS/src/Chap06/WeightedDirGraphStEphI64.rs:1: info: [22:exec] exec fns: all in traits
/home/milnes/projects/APAS-VERUS/src/Chap06/WeightedDirGraphStEphI64.rs:1: info: [22:proof] proof fns: all in traits
/home/milnes/projects/APAS-VERUS/src/Chap06/WeightedDirGraphStEphI64.rs:1: info: [23a] spec/proof fn looser bounds: N/A
/home/milnes/projects/APAS-VERUS/src/Chap06/WeightedDirGraphStEphI64.rs:1: info: [23b] free fn stricter bounds: N/A
/home/milnes/projects/APAS-VERUS/src/Chap06/WeightedDirGraphStEphI64.rs:68: warning: [22:spec] spec fn spec_total_weight in trait WeightedDirGraphStEphI64Trait has a body; should be abstract (no body) with concrete spec in the impl
/home/milnes/projects/APAS-VERUS/src/Chap06/WeightedDirGraphStEphI64.rs:1: warning: [24] missing or incorrect copyright line; expected: //! Copyright (C) 2025 Acar, Blelloch and Milnes from 'Algorithms Parallel and Sequential'.

/home/milnes/projects/APAS-VERUS/src/Chap06/WeightedDirGraphStEphI8.rs:
/home/milnes/projects/APAS-VERUS/src/Chap06/WeightedDirGraphStEphI8.rs:1: info: [1] has mod declarations
/home/milnes/projects/APAS-VERUS/src/Chap06/WeightedDirGraphStEphI8.rs:1: info: [2] vstd::prelude::* before verus!
/home/milnes/projects/APAS-VERUS/src/Chap06/WeightedDirGraphStEphI8.rs:1: info: [3] has verus! macro
/home/milnes/projects/APAS-VERUS/src/Chap06/WeightedDirGraphStEphI8.rs:1: info: [4] std imports grouped with trailing blank
/home/milnes/projects/APAS-VERUS/src/Chap06/WeightedDirGraphStEphI8.rs:1: info: [5] vstd imports grouped with trailing blank
/home/milnes/projects/APAS-VERUS/src/Chap06/WeightedDirGraphStEphI8.rs:1: info: [11] no Set/Seq usage (ok)
/home/milnes/projects/APAS-VERUS/src/Chap06/WeightedDirGraphStEphI8.rs:1: info: [12] all trait fns have specs
/home/milnes/projects/APAS-VERUS/src/Chap06/WeightedDirGraphStEphI8.rs:1: info: [13] trait impls inside verus!
/home/milnes/projects/APAS-VERUS/src/Chap06/WeightedDirGraphStEphI8.rs:1: info: [14] no Debug/Display impls (ok)
/home/milnes/projects/APAS-VERUS/src/Chap06/WeightedDirGraphStEphI8.rs:1: info: [15] no PartialEq/Eq/Clone/Hash/Ord impls (ok)
/home/milnes/projects/APAS-VERUS/src/Chap06/WeightedDirGraphStEphI8.rs:1: info: [16] Lit macro definitions at end of file
/home/milnes/projects/APAS-VERUS/src/Chap06/WeightedDirGraphStEphI8.rs:1: info: [17] no collection structs (ok)
/home/milnes/projects/APAS-VERUS/src/Chap06/WeightedDirGraphStEphI8.rs:1: info: [18] definition order correct
/home/milnes/projects/APAS-VERUS/src/Chap06/WeightedDirGraphStEphI8.rs:1: info: [19] no generic return names
/home/milnes/projects/APAS-VERUS/src/Chap06/WeightedDirGraphStEphI8.rs:1: info: [20] all traits have impls
/home/milnes/projects/APAS-VERUS/src/Chap06/WeightedDirGraphStEphI8.rs:1: info: [21] broadcast use: vstd:: before crate::
/home/milnes/projects/APAS-VERUS/src/Chap06/WeightedDirGraphStEphI8.rs:1: info: [22:exec] exec fns: all in traits
/home/milnes/projects/APAS-VERUS/src/Chap06/WeightedDirGraphStEphI8.rs:1: info: [22:proof] proof fns: all in traits
/home/milnes/projects/APAS-VERUS/src/Chap06/WeightedDirGraphStEphI8.rs:1: info: [23a] spec/proof fn looser bounds: N/A
/home/milnes/projects/APAS-VERUS/src/Chap06/WeightedDirGraphStEphI8.rs:1: info: [23b] free fn stricter bounds: N/A
/home/milnes/projects/APAS-VERUS/src/Chap06/WeightedDirGraphStEphI8.rs:68: warning: [22:spec] spec fn spec_total_weight in trait WeightedDirGraphStEphI8Trait has a body; should be abstract (no body) with concrete spec in the impl
/home/milnes/projects/APAS-VERUS/src/Chap06/WeightedDirGraphStEphI8.rs:1: warning: [24] missing or incorrect copyright line; expected: //! Copyright (C) 2025 Acar, Blelloch and Milnes from 'Algorithms Parallel and Sequential'.

/home/milnes/projects/APAS-VERUS/src/Chap06/WeightedDirGraphStEphIsize.rs:
/home/milnes/projects/APAS-VERUS/src/Chap06/WeightedDirGraphStEphIsize.rs:1: info: [1] has mod declarations
/home/milnes/projects/APAS-VERUS/src/Chap06/WeightedDirGraphStEphIsize.rs:1: info: [2] vstd::prelude::* before verus!
/home/milnes/projects/APAS-VERUS/src/Chap06/WeightedDirGraphStEphIsize.rs:1: info: [3] has verus! macro
/home/milnes/projects/APAS-VERUS/src/Chap06/WeightedDirGraphStEphIsize.rs:1: info: [4] std imports grouped with trailing blank
/home/milnes/projects/APAS-VERUS/src/Chap06/WeightedDirGraphStEphIsize.rs:1: info: [5] vstd imports grouped with trailing blank
/home/milnes/projects/APAS-VERUS/src/Chap06/WeightedDirGraphStEphIsize.rs:1: info: [11] no Set/Seq usage (ok)
/home/milnes/projects/APAS-VERUS/src/Chap06/WeightedDirGraphStEphIsize.rs:1: info: [12] all trait fns have specs
/home/milnes/projects/APAS-VERUS/src/Chap06/WeightedDirGraphStEphIsize.rs:1: info: [13] trait impls inside verus!
/home/milnes/projects/APAS-VERUS/src/Chap06/WeightedDirGraphStEphIsize.rs:1: info: [14] no Debug/Display impls (ok)
/home/milnes/projects/APAS-VERUS/src/Chap06/WeightedDirGraphStEphIsize.rs:1: info: [15] no PartialEq/Eq/Clone/Hash/Ord impls (ok)
/home/milnes/projects/APAS-VERUS/src/Chap06/WeightedDirGraphStEphIsize.rs:1: info: [16] Lit macro definitions at end of file
/home/milnes/projects/APAS-VERUS/src/Chap06/WeightedDirGraphStEphIsize.rs:1: info: [17] no collection structs (ok)
/home/milnes/projects/APAS-VERUS/src/Chap06/WeightedDirGraphStEphIsize.rs:1: info: [18] definition order correct
/home/milnes/projects/APAS-VERUS/src/Chap06/WeightedDirGraphStEphIsize.rs:1: info: [19] no generic return names
/home/milnes/projects/APAS-VERUS/src/Chap06/WeightedDirGraphStEphIsize.rs:1: info: [20] all traits have impls
/home/milnes/projects/APAS-VERUS/src/Chap06/WeightedDirGraphStEphIsize.rs:1: info: [21] broadcast use: vstd:: before crate::
/home/milnes/projects/APAS-VERUS/src/Chap06/WeightedDirGraphStEphIsize.rs:1: info: [22:exec] exec fns: all in traits
/home/milnes/projects/APAS-VERUS/src/Chap06/WeightedDirGraphStEphIsize.rs:1: info: [22:proof] proof fns: all in traits
/home/milnes/projects/APAS-VERUS/src/Chap06/WeightedDirGraphStEphIsize.rs:1: info: [23a] spec/proof fn looser bounds: N/A
/home/milnes/projects/APAS-VERUS/src/Chap06/WeightedDirGraphStEphIsize.rs:1: info: [23b] free fn stricter bounds: N/A
/home/milnes/projects/APAS-VERUS/src/Chap06/WeightedDirGraphStEphIsize.rs:68: warning: [22:spec] spec fn spec_total_weight in trait WeightedDirGraphStEphIsizeTrait has a body; should be abstract (no body) with concrete spec in the impl
/home/milnes/projects/APAS-VERUS/src/Chap06/WeightedDirGraphStEphIsize.rs:1: warning: [24] missing or incorrect copyright line; expected: //! Copyright (C) 2025 Acar, Blelloch and Milnes from 'Algorithms Parallel and Sequential'.

/home/milnes/projects/APAS-VERUS/src/Chap06/WeightedDirGraphStEphU128.rs:
/home/milnes/projects/APAS-VERUS/src/Chap06/WeightedDirGraphStEphU128.rs:1: info: [1] has mod declarations
/home/milnes/projects/APAS-VERUS/src/Chap06/WeightedDirGraphStEphU128.rs:1: info: [2] vstd::prelude::* before verus!
/home/milnes/projects/APAS-VERUS/src/Chap06/WeightedDirGraphStEphU128.rs:1: info: [3] has verus! macro
/home/milnes/projects/APAS-VERUS/src/Chap06/WeightedDirGraphStEphU128.rs:1: info: [4] std imports grouped with trailing blank
/home/milnes/projects/APAS-VERUS/src/Chap06/WeightedDirGraphStEphU128.rs:1: info: [5] vstd imports grouped with trailing blank
/home/milnes/projects/APAS-VERUS/src/Chap06/WeightedDirGraphStEphU128.rs:1: info: [11] no Set/Seq usage (ok)
/home/milnes/projects/APAS-VERUS/src/Chap06/WeightedDirGraphStEphU128.rs:1: info: [12] all trait fns have specs
/home/milnes/projects/APAS-VERUS/src/Chap06/WeightedDirGraphStEphU128.rs:1: info: [13] trait impls inside verus!
/home/milnes/projects/APAS-VERUS/src/Chap06/WeightedDirGraphStEphU128.rs:1: info: [14] no Debug/Display impls (ok)
/home/milnes/projects/APAS-VERUS/src/Chap06/WeightedDirGraphStEphU128.rs:1: info: [15] no PartialEq/Eq/Clone/Hash/Ord impls (ok)
/home/milnes/projects/APAS-VERUS/src/Chap06/WeightedDirGraphStEphU128.rs:1: info: [16] Lit macro definitions at end of file
/home/milnes/projects/APAS-VERUS/src/Chap06/WeightedDirGraphStEphU128.rs:1: info: [17] no collection structs (ok)
/home/milnes/projects/APAS-VERUS/src/Chap06/WeightedDirGraphStEphU128.rs:1: info: [18] definition order correct
/home/milnes/projects/APAS-VERUS/src/Chap06/WeightedDirGraphStEphU128.rs:1: info: [19] no generic return names
/home/milnes/projects/APAS-VERUS/src/Chap06/WeightedDirGraphStEphU128.rs:1: info: [20] all traits have impls
/home/milnes/projects/APAS-VERUS/src/Chap06/WeightedDirGraphStEphU128.rs:1: info: [21] broadcast use: vstd:: before crate::
/home/milnes/projects/APAS-VERUS/src/Chap06/WeightedDirGraphStEphU128.rs:1: info: [22:exec] exec fns: all in traits
/home/milnes/projects/APAS-VERUS/src/Chap06/WeightedDirGraphStEphU128.rs:1: info: [22:proof] proof fns: all in traits
/home/milnes/projects/APAS-VERUS/src/Chap06/WeightedDirGraphStEphU128.rs:1: info: [23a] spec/proof fn looser bounds: N/A
/home/milnes/projects/APAS-VERUS/src/Chap06/WeightedDirGraphStEphU128.rs:1: info: [23b] free fn stricter bounds: N/A
/home/milnes/projects/APAS-VERUS/src/Chap06/WeightedDirGraphStEphU128.rs:68: warning: [22:spec] spec fn spec_total_weight in trait WeightedDirGraphStEphU128Trait has a body; should be abstract (no body) with concrete spec in the impl
/home/milnes/projects/APAS-VERUS/src/Chap06/WeightedDirGraphStEphU128.rs:1: warning: [24] missing or incorrect copyright line; expected: //! Copyright (C) 2025 Acar, Blelloch and Milnes from 'Algorithms Parallel and Sequential'.

/home/milnes/projects/APAS-VERUS/src/Chap06/WeightedDirGraphStEphU16.rs:
/home/milnes/projects/APAS-VERUS/src/Chap06/WeightedDirGraphStEphU16.rs:1: info: [1] has mod declarations
/home/milnes/projects/APAS-VERUS/src/Chap06/WeightedDirGraphStEphU16.rs:1: info: [2] vstd::prelude::* before verus!
/home/milnes/projects/APAS-VERUS/src/Chap06/WeightedDirGraphStEphU16.rs:1: info: [3] has verus! macro
/home/milnes/projects/APAS-VERUS/src/Chap06/WeightedDirGraphStEphU16.rs:1: info: [4] std imports grouped with trailing blank
/home/milnes/projects/APAS-VERUS/src/Chap06/WeightedDirGraphStEphU16.rs:1: info: [5] vstd imports grouped with trailing blank
/home/milnes/projects/APAS-VERUS/src/Chap06/WeightedDirGraphStEphU16.rs:1: info: [11] no Set/Seq usage (ok)
/home/milnes/projects/APAS-VERUS/src/Chap06/WeightedDirGraphStEphU16.rs:1: info: [12] all trait fns have specs
/home/milnes/projects/APAS-VERUS/src/Chap06/WeightedDirGraphStEphU16.rs:1: info: [13] trait impls inside verus!
/home/milnes/projects/APAS-VERUS/src/Chap06/WeightedDirGraphStEphU16.rs:1: info: [14] no Debug/Display impls (ok)
/home/milnes/projects/APAS-VERUS/src/Chap06/WeightedDirGraphStEphU16.rs:1: info: [15] no PartialEq/Eq/Clone/Hash/Ord impls (ok)
/home/milnes/projects/APAS-VERUS/src/Chap06/WeightedDirGraphStEphU16.rs:1: info: [16] Lit macro definitions at end of file
/home/milnes/projects/APAS-VERUS/src/Chap06/WeightedDirGraphStEphU16.rs:1: info: [17] no collection structs (ok)
/home/milnes/projects/APAS-VERUS/src/Chap06/WeightedDirGraphStEphU16.rs:1: info: [18] definition order correct
/home/milnes/projects/APAS-VERUS/src/Chap06/WeightedDirGraphStEphU16.rs:1: info: [19] no generic return names
/home/milnes/projects/APAS-VERUS/src/Chap06/WeightedDirGraphStEphU16.rs:1: info: [20] all traits have impls
/home/milnes/projects/APAS-VERUS/src/Chap06/WeightedDirGraphStEphU16.rs:1: info: [21] broadcast use: vstd:: before crate::
/home/milnes/projects/APAS-VERUS/src/Chap06/WeightedDirGraphStEphU16.rs:1: info: [22:exec] exec fns: all in traits
/home/milnes/projects/APAS-VERUS/src/Chap06/WeightedDirGraphStEphU16.rs:1: info: [22:proof] proof fns: all in traits
/home/milnes/projects/APAS-VERUS/src/Chap06/WeightedDirGraphStEphU16.rs:1: info: [23a] spec/proof fn looser bounds: N/A
/home/milnes/projects/APAS-VERUS/src/Chap06/WeightedDirGraphStEphU16.rs:1: info: [23b] free fn stricter bounds: N/A
/home/milnes/projects/APAS-VERUS/src/Chap06/WeightedDirGraphStEphU16.rs:68: warning: [22:spec] spec fn spec_total_weight in trait WeightedDirGraphStEphU16Trait has a body; should be abstract (no body) with concrete spec in the impl
/home/milnes/projects/APAS-VERUS/src/Chap06/WeightedDirGraphStEphU16.rs:1: warning: [24] missing or incorrect copyright line; expected: //! Copyright (C) 2025 Acar, Blelloch and Milnes from 'Algorithms Parallel and Sequential'.

/home/milnes/projects/APAS-VERUS/src/Chap06/WeightedDirGraphStEphU32.rs:
/home/milnes/projects/APAS-VERUS/src/Chap06/WeightedDirGraphStEphU32.rs:1: info: [1] has mod declarations
/home/milnes/projects/APAS-VERUS/src/Chap06/WeightedDirGraphStEphU32.rs:1: info: [2] vstd::prelude::* before verus!
/home/milnes/projects/APAS-VERUS/src/Chap06/WeightedDirGraphStEphU32.rs:1: info: [3] has verus! macro
/home/milnes/projects/APAS-VERUS/src/Chap06/WeightedDirGraphStEphU32.rs:1: info: [4] std imports grouped with trailing blank
/home/milnes/projects/APAS-VERUS/src/Chap06/WeightedDirGraphStEphU32.rs:1: info: [5] vstd imports grouped with trailing blank
/home/milnes/projects/APAS-VERUS/src/Chap06/WeightedDirGraphStEphU32.rs:1: info: [11] no Set/Seq usage (ok)
/home/milnes/projects/APAS-VERUS/src/Chap06/WeightedDirGraphStEphU32.rs:1: info: [12] all trait fns have specs
/home/milnes/projects/APAS-VERUS/src/Chap06/WeightedDirGraphStEphU32.rs:1: info: [13] trait impls inside verus!
/home/milnes/projects/APAS-VERUS/src/Chap06/WeightedDirGraphStEphU32.rs:1: info: [14] no Debug/Display impls (ok)
/home/milnes/projects/APAS-VERUS/src/Chap06/WeightedDirGraphStEphU32.rs:1: info: [15] no PartialEq/Eq/Clone/Hash/Ord impls (ok)
/home/milnes/projects/APAS-VERUS/src/Chap06/WeightedDirGraphStEphU32.rs:1: info: [16] Lit macro definitions at end of file
/home/milnes/projects/APAS-VERUS/src/Chap06/WeightedDirGraphStEphU32.rs:1: info: [17] no collection structs (ok)
/home/milnes/projects/APAS-VERUS/src/Chap06/WeightedDirGraphStEphU32.rs:1: info: [18] definition order correct
/home/milnes/projects/APAS-VERUS/src/Chap06/WeightedDirGraphStEphU32.rs:1: info: [19] no generic return names
/home/milnes/projects/APAS-VERUS/src/Chap06/WeightedDirGraphStEphU32.rs:1: info: [20] all traits have impls
/home/milnes/projects/APAS-VERUS/src/Chap06/WeightedDirGraphStEphU32.rs:1: info: [21] broadcast use: vstd:: before crate::
/home/milnes/projects/APAS-VERUS/src/Chap06/WeightedDirGraphStEphU32.rs:1: info: [22:exec] exec fns: all in traits
/home/milnes/projects/APAS-VERUS/src/Chap06/WeightedDirGraphStEphU32.rs:1: info: [22:proof] proof fns: all in traits
/home/milnes/projects/APAS-VERUS/src/Chap06/WeightedDirGraphStEphU32.rs:1: info: [23a] spec/proof fn looser bounds: N/A
/home/milnes/projects/APAS-VERUS/src/Chap06/WeightedDirGraphStEphU32.rs:1: info: [23b] free fn stricter bounds: N/A
/home/milnes/projects/APAS-VERUS/src/Chap06/WeightedDirGraphStEphU32.rs:68: warning: [22:spec] spec fn spec_total_weight in trait WeightedDirGraphStEphU32Trait has a body; should be abstract (no body) with concrete spec in the impl
/home/milnes/projects/APAS-VERUS/src/Chap06/WeightedDirGraphStEphU32.rs:1: warning: [24] missing or incorrect copyright line; expected: //! Copyright (C) 2025 Acar, Blelloch and Milnes from 'Algorithms Parallel and Sequential'.

/home/milnes/projects/APAS-VERUS/src/Chap06/WeightedDirGraphStEphU64.rs:
/home/milnes/projects/APAS-VERUS/src/Chap06/WeightedDirGraphStEphU64.rs:1: info: [1] has mod declarations
/home/milnes/projects/APAS-VERUS/src/Chap06/WeightedDirGraphStEphU64.rs:1: info: [2] vstd::prelude::* before verus!
/home/milnes/projects/APAS-VERUS/src/Chap06/WeightedDirGraphStEphU64.rs:1: info: [3] has verus! macro
/home/milnes/projects/APAS-VERUS/src/Chap06/WeightedDirGraphStEphU64.rs:1: info: [4] std imports grouped with trailing blank
/home/milnes/projects/APAS-VERUS/src/Chap06/WeightedDirGraphStEphU64.rs:1: info: [5] vstd imports grouped with trailing blank
/home/milnes/projects/APAS-VERUS/src/Chap06/WeightedDirGraphStEphU64.rs:1: info: [11] no Set/Seq usage (ok)
/home/milnes/projects/APAS-VERUS/src/Chap06/WeightedDirGraphStEphU64.rs:1: info: [12] all trait fns have specs
/home/milnes/projects/APAS-VERUS/src/Chap06/WeightedDirGraphStEphU64.rs:1: info: [13] trait impls inside verus!
/home/milnes/projects/APAS-VERUS/src/Chap06/WeightedDirGraphStEphU64.rs:1: info: [14] no Debug/Display impls (ok)
/home/milnes/projects/APAS-VERUS/src/Chap06/WeightedDirGraphStEphU64.rs:1: info: [15] no PartialEq/Eq/Clone/Hash/Ord impls (ok)
/home/milnes/projects/APAS-VERUS/src/Chap06/WeightedDirGraphStEphU64.rs:1: info: [16] Lit macro definitions at end of file
/home/milnes/projects/APAS-VERUS/src/Chap06/WeightedDirGraphStEphU64.rs:1: info: [17] no collection structs (ok)
/home/milnes/projects/APAS-VERUS/src/Chap06/WeightedDirGraphStEphU64.rs:1: info: [18] definition order correct
/home/milnes/projects/APAS-VERUS/src/Chap06/WeightedDirGraphStEphU64.rs:1: info: [19] no generic return names
/home/milnes/projects/APAS-VERUS/src/Chap06/WeightedDirGraphStEphU64.rs:1: info: [20] all traits have impls
/home/milnes/projects/APAS-VERUS/src/Chap06/WeightedDirGraphStEphU64.rs:1: info: [21] broadcast use: vstd:: before crate::
/home/milnes/projects/APAS-VERUS/src/Chap06/WeightedDirGraphStEphU64.rs:1: info: [22:exec] exec fns: all in traits
/home/milnes/projects/APAS-VERUS/src/Chap06/WeightedDirGraphStEphU64.rs:1: info: [22:proof] proof fns: all in traits
/home/milnes/projects/APAS-VERUS/src/Chap06/WeightedDirGraphStEphU64.rs:1: info: [23a] spec/proof fn looser bounds: N/A
/home/milnes/projects/APAS-VERUS/src/Chap06/WeightedDirGraphStEphU64.rs:1: info: [23b] free fn stricter bounds: N/A
/home/milnes/projects/APAS-VERUS/src/Chap06/WeightedDirGraphStEphU64.rs:68: warning: [22:spec] spec fn spec_total_weight in trait WeightedDirGraphStEphU64Trait has a body; should be abstract (no body) with concrete spec in the impl
/home/milnes/projects/APAS-VERUS/src/Chap06/WeightedDirGraphStEphU64.rs:1: warning: [24] missing or incorrect copyright line; expected: //! Copyright (C) 2025 Acar, Blelloch and Milnes from 'Algorithms Parallel and Sequential'.

/home/milnes/projects/APAS-VERUS/src/Chap06/WeightedDirGraphStEphU8.rs:
/home/milnes/projects/APAS-VERUS/src/Chap06/WeightedDirGraphStEphU8.rs:1: info: [1] has mod declarations
/home/milnes/projects/APAS-VERUS/src/Chap06/WeightedDirGraphStEphU8.rs:1: info: [2] vstd::prelude::* before verus!
/home/milnes/projects/APAS-VERUS/src/Chap06/WeightedDirGraphStEphU8.rs:1: info: [3] has verus! macro
/home/milnes/projects/APAS-VERUS/src/Chap06/WeightedDirGraphStEphU8.rs:1: info: [4] std imports grouped with trailing blank
/home/milnes/projects/APAS-VERUS/src/Chap06/WeightedDirGraphStEphU8.rs:1: info: [5] vstd imports grouped with trailing blank
/home/milnes/projects/APAS-VERUS/src/Chap06/WeightedDirGraphStEphU8.rs:1: info: [11] no Set/Seq usage (ok)
/home/milnes/projects/APAS-VERUS/src/Chap06/WeightedDirGraphStEphU8.rs:1: info: [12] all trait fns have specs
/home/milnes/projects/APAS-VERUS/src/Chap06/WeightedDirGraphStEphU8.rs:1: info: [13] trait impls inside verus!
/home/milnes/projects/APAS-VERUS/src/Chap06/WeightedDirGraphStEphU8.rs:1: info: [14] no Debug/Display impls (ok)
/home/milnes/projects/APAS-VERUS/src/Chap06/WeightedDirGraphStEphU8.rs:1: info: [15] no PartialEq/Eq/Clone/Hash/Ord impls (ok)
/home/milnes/projects/APAS-VERUS/src/Chap06/WeightedDirGraphStEphU8.rs:1: info: [16] Lit macro definitions at end of file
/home/milnes/projects/APAS-VERUS/src/Chap06/WeightedDirGraphStEphU8.rs:1: info: [17] no collection structs (ok)
/home/milnes/projects/APAS-VERUS/src/Chap06/WeightedDirGraphStEphU8.rs:1: info: [18] definition order correct
/home/milnes/projects/APAS-VERUS/src/Chap06/WeightedDirGraphStEphU8.rs:1: info: [19] no generic return names
/home/milnes/projects/APAS-VERUS/src/Chap06/WeightedDirGraphStEphU8.rs:1: info: [20] all traits have impls
/home/milnes/projects/APAS-VERUS/src/Chap06/WeightedDirGraphStEphU8.rs:1: info: [21] broadcast use: vstd:: before crate::
/home/milnes/projects/APAS-VERUS/src/Chap06/WeightedDirGraphStEphU8.rs:1: info: [22:exec] exec fns: all in traits
/home/milnes/projects/APAS-VERUS/src/Chap06/WeightedDirGraphStEphU8.rs:1: info: [22:proof] proof fns: all in traits
/home/milnes/projects/APAS-VERUS/src/Chap06/WeightedDirGraphStEphU8.rs:1: info: [23a] spec/proof fn looser bounds: N/A
/home/milnes/projects/APAS-VERUS/src/Chap06/WeightedDirGraphStEphU8.rs:1: info: [23b] free fn stricter bounds: N/A
/home/milnes/projects/APAS-VERUS/src/Chap06/WeightedDirGraphStEphU8.rs:68: warning: [22:spec] spec fn spec_total_weight in trait WeightedDirGraphStEphU8Trait has a body; should be abstract (no body) with concrete spec in the impl
/home/milnes/projects/APAS-VERUS/src/Chap06/WeightedDirGraphStEphU8.rs:1: warning: [24] missing or incorrect copyright line; expected: //! Copyright (C) 2025 Acar, Blelloch and Milnes from 'Algorithms Parallel and Sequential'.

/home/milnes/projects/APAS-VERUS/src/Chap06/WeightedDirGraphStEphUsize.rs:
/home/milnes/projects/APAS-VERUS/src/Chap06/WeightedDirGraphStEphUsize.rs:1: info: [1] has mod declarations
/home/milnes/projects/APAS-VERUS/src/Chap06/WeightedDirGraphStEphUsize.rs:1: info: [2] vstd::prelude::* before verus!
/home/milnes/projects/APAS-VERUS/src/Chap06/WeightedDirGraphStEphUsize.rs:1: info: [3] has verus! macro
/home/milnes/projects/APAS-VERUS/src/Chap06/WeightedDirGraphStEphUsize.rs:1: info: [4] std imports grouped with trailing blank
/home/milnes/projects/APAS-VERUS/src/Chap06/WeightedDirGraphStEphUsize.rs:1: info: [5] vstd imports grouped with trailing blank
/home/milnes/projects/APAS-VERUS/src/Chap06/WeightedDirGraphStEphUsize.rs:1: info: [11] no Set/Seq usage (ok)
/home/milnes/projects/APAS-VERUS/src/Chap06/WeightedDirGraphStEphUsize.rs:1: info: [12] all trait fns have specs
/home/milnes/projects/APAS-VERUS/src/Chap06/WeightedDirGraphStEphUsize.rs:1: info: [13] trait impls inside verus!
/home/milnes/projects/APAS-VERUS/src/Chap06/WeightedDirGraphStEphUsize.rs:1: info: [14] no Debug/Display impls (ok)
/home/milnes/projects/APAS-VERUS/src/Chap06/WeightedDirGraphStEphUsize.rs:1: info: [15] no PartialEq/Eq/Clone/Hash/Ord impls (ok)
/home/milnes/projects/APAS-VERUS/src/Chap06/WeightedDirGraphStEphUsize.rs:1: info: [16] Lit macro definitions at end of file
/home/milnes/projects/APAS-VERUS/src/Chap06/WeightedDirGraphStEphUsize.rs:1: info: [17] no collection structs (ok)
/home/milnes/projects/APAS-VERUS/src/Chap06/WeightedDirGraphStEphUsize.rs:1: info: [18] definition order correct
/home/milnes/projects/APAS-VERUS/src/Chap06/WeightedDirGraphStEphUsize.rs:1: info: [19] no generic return names
/home/milnes/projects/APAS-VERUS/src/Chap06/WeightedDirGraphStEphUsize.rs:1: info: [20] all traits have impls
/home/milnes/projects/APAS-VERUS/src/Chap06/WeightedDirGraphStEphUsize.rs:1: info: [21] broadcast use: vstd:: before crate::
/home/milnes/projects/APAS-VERUS/src/Chap06/WeightedDirGraphStEphUsize.rs:1: info: [22:exec] exec fns: all in traits
/home/milnes/projects/APAS-VERUS/src/Chap06/WeightedDirGraphStEphUsize.rs:1: info: [22:proof] proof fns: all in traits
/home/milnes/projects/APAS-VERUS/src/Chap06/WeightedDirGraphStEphUsize.rs:1: info: [23a] spec/proof fn looser bounds: N/A
/home/milnes/projects/APAS-VERUS/src/Chap06/WeightedDirGraphStEphUsize.rs:1: info: [23b] free fn stricter bounds: N/A
/home/milnes/projects/APAS-VERUS/src/Chap06/WeightedDirGraphStEphUsize.rs:68: warning: [22:spec] spec fn spec_total_weight in trait WeightedDirGraphStEphUsizeTrait has a body; should be abstract (no body) with concrete spec in the impl
/home/milnes/projects/APAS-VERUS/src/Chap06/WeightedDirGraphStEphUsize.rs:1: warning: [24] missing or incorrect copyright line; expected: //! Copyright (C) 2025 Acar, Blelloch and Milnes from 'Algorithms Parallel and Sequential'.

/home/milnes/projects/APAS-VERUS/src/Chap11/FibonacciMtEph2Threads.rs:
/home/milnes/projects/APAS-VERUS/src/Chap11/FibonacciMtEph2Threads.rs:1: info: [1] no mod declarations (ok for leaf modules)
/home/milnes/projects/APAS-VERUS/src/Chap11/FibonacciMtEph2Threads.rs:1: info: [2] vstd::prelude::* before verus!
/home/milnes/projects/APAS-VERUS/src/Chap11/FibonacciMtEph2Threads.rs:1: info: [3] has verus! macro
/home/milnes/projects/APAS-VERUS/src/Chap11/FibonacciMtEph2Threads.rs:1: info: [4] std imports grouped with trailing blank
/home/milnes/projects/APAS-VERUS/src/Chap11/FibonacciMtEph2Threads.rs:1: info: [5] vstd imports grouped with trailing blank
/home/milnes/projects/APAS-VERUS/src/Chap11/FibonacciMtEph2Threads.rs:1: info: [11] no Set/Seq usage (ok)
/home/milnes/projects/APAS-VERUS/src/Chap11/FibonacciMtEph2Threads.rs:1: info: [12] no traits (ok)
/home/milnes/projects/APAS-VERUS/src/Chap11/FibonacciMtEph2Threads.rs:1: info: [13] no non-derive trait impls (ok)
/home/milnes/projects/APAS-VERUS/src/Chap11/FibonacciMtEph2Threads.rs:1: info: [14] no Debug/Display impls (ok)
/home/milnes/projects/APAS-VERUS/src/Chap11/FibonacciMtEph2Threads.rs:1: info: [15] no PartialEq/Eq/Clone/Hash/Ord impls (ok)
/home/milnes/projects/APAS-VERUS/src/Chap11/FibonacciMtEph2Threads.rs:1: info: [16] no Lit macro definitions (ok)
/home/milnes/projects/APAS-VERUS/src/Chap11/FibonacciMtEph2Threads.rs:1: info: [17] no collection structs (ok)
/home/milnes/projects/APAS-VERUS/src/Chap11/FibonacciMtEph2Threads.rs:1: info: [18] definition order correct
/home/milnes/projects/APAS-VERUS/src/Chap11/FibonacciMtEph2Threads.rs:1: info: [19] no generic return names
/home/milnes/projects/APAS-VERUS/src/Chap11/FibonacciMtEph2Threads.rs:1: info: [20] no traits defined
/home/milnes/projects/APAS-VERUS/src/Chap11/FibonacciMtEph2Threads.rs:1: info: [21] no broadcast use entries
/home/milnes/projects/APAS-VERUS/src/Chap11/FibonacciMtEph2Threads.rs:1: info: [22:proof] proof fns: all in traits
/home/milnes/projects/APAS-VERUS/src/Chap11/FibonacciMtEph2Threads.rs:1: info: [22:spec] spec fns: all in traits as abstract signatures
/home/milnes/projects/APAS-VERUS/src/Chap11/FibonacciMtEph2Threads.rs:1: info: [22a:exec] free fn fib_2threads correctly free (Standard 19)
/home/milnes/projects/APAS-VERUS/src/Chap11/FibonacciMtEph2Threads.rs:1: info: [23a] spec/proof fn looser bounds: N/A
/home/milnes/projects/APAS-VERUS/src/Chap11/FibonacciMtEph2Threads.rs:1: info: [23b] free fn stricter bounds: N/A
/home/milnes/projects/APAS-VERUS/src/Chap11/FibonacciMtEph2Threads.rs:1: warning: [24] missing or incorrect copyright line; expected: //! Copyright (C) 2025 Acar, Blelloch and Milnes from 'Algorithms Parallel and Sequential'.

/home/milnes/projects/APAS-VERUS/src/Chap11/FibonacciMtEphRecomputes.rs:
/home/milnes/projects/APAS-VERUS/src/Chap11/FibonacciMtEphRecomputes.rs:1: info: [1] no mod declarations (ok for leaf modules)
/home/milnes/projects/APAS-VERUS/src/Chap11/FibonacciMtEphRecomputes.rs:1: info: [2] vstd::prelude::* before verus!
/home/milnes/projects/APAS-VERUS/src/Chap11/FibonacciMtEphRecomputes.rs:1: info: [3] has verus! macro
/home/milnes/projects/APAS-VERUS/src/Chap11/FibonacciMtEphRecomputes.rs:1: info: [4] no std imports (ok)
/home/milnes/projects/APAS-VERUS/src/Chap11/FibonacciMtEphRecomputes.rs:1: info: [5] vstd imports grouped with trailing blank
/home/milnes/projects/APAS-VERUS/src/Chap11/FibonacciMtEphRecomputes.rs:1: info: [11] no Set/Seq usage (ok)
/home/milnes/projects/APAS-VERUS/src/Chap11/FibonacciMtEphRecomputes.rs:1: info: [12] no traits (ok)
/home/milnes/projects/APAS-VERUS/src/Chap11/FibonacciMtEphRecomputes.rs:1: info: [13] no non-derive trait impls (ok)
/home/milnes/projects/APAS-VERUS/src/Chap11/FibonacciMtEphRecomputes.rs:1: info: [14] no Debug/Display impls (ok)
/home/milnes/projects/APAS-VERUS/src/Chap11/FibonacciMtEphRecomputes.rs:1: info: [15] no PartialEq/Eq/Clone/Hash/Ord impls (ok)
/home/milnes/projects/APAS-VERUS/src/Chap11/FibonacciMtEphRecomputes.rs:1: info: [16] no Lit macro definitions (ok)
/home/milnes/projects/APAS-VERUS/src/Chap11/FibonacciMtEphRecomputes.rs:1: info: [17] no collection structs (ok)
/home/milnes/projects/APAS-VERUS/src/Chap11/FibonacciMtEphRecomputes.rs:1: info: [18] definition order correct
/home/milnes/projects/APAS-VERUS/src/Chap11/FibonacciMtEphRecomputes.rs:1: info: [19] no generic return names
/home/milnes/projects/APAS-VERUS/src/Chap11/FibonacciMtEphRecomputes.rs:1: info: [20] no traits defined
/home/milnes/projects/APAS-VERUS/src/Chap11/FibonacciMtEphRecomputes.rs:1: info: [21] no broadcast use entries
/home/milnes/projects/APAS-VERUS/src/Chap11/FibonacciMtEphRecomputes.rs:1: info: [22:proof] proof fns: all in traits
/home/milnes/projects/APAS-VERUS/src/Chap11/FibonacciMtEphRecomputes.rs:1: info: [22:spec] spec fns: all in traits as abstract signatures
/home/milnes/projects/APAS-VERUS/src/Chap11/FibonacciMtEphRecomputes.rs:1: info: [22a:exec] free fn fib_recomputes correctly free (Standard 19)
/home/milnes/projects/APAS-VERUS/src/Chap11/FibonacciMtEphRecomputes.rs:1: info: [23a] spec/proof fn looser bounds: N/A
/home/milnes/projects/APAS-VERUS/src/Chap11/FibonacciMtEphRecomputes.rs:1: info: [23b] free fn stricter bounds: N/A
/home/milnes/projects/APAS-VERUS/src/Chap11/FibonacciMtEphRecomputes.rs:1: warning: [24] missing or incorrect copyright line; expected: //! Copyright (C) 2025 Acar, Blelloch and Milnes from 'Algorithms Parallel and Sequential'.

/home/milnes/projects/APAS-VERUS/src/Chap11/FibonacciMtPerAllThreads.rs:
/home/milnes/projects/APAS-VERUS/src/Chap11/FibonacciMtPerAllThreads.rs:1: info: [1] has mod declarations
/home/milnes/projects/APAS-VERUS/src/Chap11/FibonacciMtPerAllThreads.rs:1: info: [2] vstd::prelude::* before verus!
/home/milnes/projects/APAS-VERUS/src/Chap11/FibonacciMtPerAllThreads.rs:1: info: [3] has verus! macro
/home/milnes/projects/APAS-VERUS/src/Chap11/FibonacciMtPerAllThreads.rs:1: info: [4] no std imports (ok)
/home/milnes/projects/APAS-VERUS/src/Chap11/FibonacciMtPerAllThreads.rs:1: info: [5] no vstd imports (ok)
/home/milnes/projects/APAS-VERUS/src/Chap11/FibonacciMtPerAllThreads.rs:1: info: [11] no Set/Seq usage (ok)
/home/milnes/projects/APAS-VERUS/src/Chap11/FibonacciMtPerAllThreads.rs:1: info: [12] no traits (ok)
/home/milnes/projects/APAS-VERUS/src/Chap11/FibonacciMtPerAllThreads.rs:1: info: [13] no non-derive trait impls (ok)
/home/milnes/projects/APAS-VERUS/src/Chap11/FibonacciMtPerAllThreads.rs:1: info: [14] no Debug/Display impls (ok)
/home/milnes/projects/APAS-VERUS/src/Chap11/FibonacciMtPerAllThreads.rs:1: info: [15] no PartialEq/Eq/Clone/Hash/Ord impls (ok)
/home/milnes/projects/APAS-VERUS/src/Chap11/FibonacciMtPerAllThreads.rs:1: info: [16] no Lit macro definitions (ok)
/home/milnes/projects/APAS-VERUS/src/Chap11/FibonacciMtPerAllThreads.rs:1: info: [17] no collection structs (ok)
/home/milnes/projects/APAS-VERUS/src/Chap11/FibonacciMtPerAllThreads.rs:1: info: [18] definition order correct
/home/milnes/projects/APAS-VERUS/src/Chap11/FibonacciMtPerAllThreads.rs:1: info: [19] no generic return names
/home/milnes/projects/APAS-VERUS/src/Chap11/FibonacciMtPerAllThreads.rs:1: info: [20] no traits defined
/home/milnes/projects/APAS-VERUS/src/Chap11/FibonacciMtPerAllThreads.rs:1: info: [21] no broadcast use entries
/home/milnes/projects/APAS-VERUS/src/Chap11/FibonacciMtPerAllThreads.rs:1: info: [22:proof] proof fns: all in traits
/home/milnes/projects/APAS-VERUS/src/Chap11/FibonacciMtPerAllThreads.rs:1: info: [22:spec] spec fns: all in traits as abstract signatures
/home/milnes/projects/APAS-VERUS/src/Chap11/FibonacciMtPerAllThreads.rs:1: info: [22a:exec] free fn fib correctly free (Standard 19)
/home/milnes/projects/APAS-VERUS/src/Chap11/FibonacciMtPerAllThreads.rs:1: info: [23a] spec/proof fn looser bounds: N/A
/home/milnes/projects/APAS-VERUS/src/Chap11/FibonacciMtPerAllThreads.rs:1: info: [23b] free fn stricter bounds: N/A
/home/milnes/projects/APAS-VERUS/src/Chap11/FibonacciMtPerAllThreads.rs:1: warning: [24] missing or incorrect copyright line; expected: //! Copyright (C) 2025 Acar, Blelloch and Milnes from 'Algorithms Parallel and Sequential'.

/home/milnes/projects/APAS-VERUS/src/Chap11/FibonacciMtPerTSM.rs:
/home/milnes/projects/APAS-VERUS/src/Chap11/FibonacciMtPerTSM.rs:1: info: [1] no mod declarations (ok for leaf modules)
/home/milnes/projects/APAS-VERUS/src/Chap11/FibonacciMtPerTSM.rs:1: info: [2] vstd::prelude::* before verus!
/home/milnes/projects/APAS-VERUS/src/Chap11/FibonacciMtPerTSM.rs:1: info: [3] has verus! macro
/home/milnes/projects/APAS-VERUS/src/Chap11/FibonacciMtPerTSM.rs:1: info: [4] no std imports (ok)
/home/milnes/projects/APAS-VERUS/src/Chap11/FibonacciMtPerTSM.rs:1: info: [5] vstd imports grouped with trailing blank
/home/milnes/projects/APAS-VERUS/src/Chap11/FibonacciMtPerTSM.rs:1: info: [11] no Set/Seq usage (ok)
/home/milnes/projects/APAS-VERUS/src/Chap11/FibonacciMtPerTSM.rs:1: info: [12] no traits (ok)
/home/milnes/projects/APAS-VERUS/src/Chap11/FibonacciMtPerTSM.rs:1: info: [13] no non-derive trait impls (ok)
/home/milnes/projects/APAS-VERUS/src/Chap11/FibonacciMtPerTSM.rs:1: info: [14] no Debug/Display impls (ok)
/home/milnes/projects/APAS-VERUS/src/Chap11/FibonacciMtPerTSM.rs:1: info: [15] no PartialEq/Eq/Clone/Hash/Ord impls (ok)
/home/milnes/projects/APAS-VERUS/src/Chap11/FibonacciMtPerTSM.rs:1: info: [16] no Lit macro definitions (ok)
/home/milnes/projects/APAS-VERUS/src/Chap11/FibonacciMtPerTSM.rs:1: info: [17] no collection structs (ok)
/home/milnes/projects/APAS-VERUS/src/Chap11/FibonacciMtPerTSM.rs:1: info: [18] definition order correct
/home/milnes/projects/APAS-VERUS/src/Chap11/FibonacciMtPerTSM.rs:1: info: [19] no generic return names
/home/milnes/projects/APAS-VERUS/src/Chap11/FibonacciMtPerTSM.rs:1: info: [20] no traits defined
/home/milnes/projects/APAS-VERUS/src/Chap11/FibonacciMtPerTSM.rs:1: info: [21] no broadcast use entries
/home/milnes/projects/APAS-VERUS/src/Chap11/FibonacciMtPerTSM.rs:1: info: [22:proof] proof fns: all in traits
/home/milnes/projects/APAS-VERUS/src/Chap11/FibonacciMtPerTSM.rs:1: info: [22:spec] spec fns: all in traits as abstract signatures
/home/milnes/projects/APAS-VERUS/src/Chap11/FibonacciMtPerTSM.rs:1: info: [22a:exec] free fn fib correctly free (Standard 19)
/home/milnes/projects/APAS-VERUS/src/Chap11/FibonacciMtPerTSM.rs:1: info: [23a] spec/proof fn looser bounds: N/A
/home/milnes/projects/APAS-VERUS/src/Chap11/FibonacciMtPerTSM.rs:1: info: [23b] free fn stricter bounds: N/A
/home/milnes/projects/APAS-VERUS/src/Chap11/FibonacciMtPerTSM.rs:1: warning: [24] missing or incorrect copyright line; expected: //! Copyright (C) 2025 Acar, Blelloch and Milnes from 'Algorithms Parallel and Sequential'.

/home/milnes/projects/APAS-VERUS/src/Chap11/FibonacciStEph.rs:
/home/milnes/projects/APAS-VERUS/src/Chap11/FibonacciStEph.rs:1: info: [1] has mod declarations
/home/milnes/projects/APAS-VERUS/src/Chap11/FibonacciStEph.rs:1: info: [2] vstd::prelude::* before verus!
/home/milnes/projects/APAS-VERUS/src/Chap11/FibonacciStEph.rs:1: info: [3] has verus! macro
/home/milnes/projects/APAS-VERUS/src/Chap11/FibonacciStEph.rs:1: info: [4] no std imports (ok)
/home/milnes/projects/APAS-VERUS/src/Chap11/FibonacciStEph.rs:1: info: [5] vstd imports grouped with trailing blank
/home/milnes/projects/APAS-VERUS/src/Chap11/FibonacciStEph.rs:1: info: [11] no Set/Seq usage (ok)
/home/milnes/projects/APAS-VERUS/src/Chap11/FibonacciStEph.rs:1: info: [12] no traits (ok)
/home/milnes/projects/APAS-VERUS/src/Chap11/FibonacciStEph.rs:1: info: [13] no non-derive trait impls (ok)
/home/milnes/projects/APAS-VERUS/src/Chap11/FibonacciStEph.rs:1: info: [14] no Debug/Display impls (ok)
/home/milnes/projects/APAS-VERUS/src/Chap11/FibonacciStEph.rs:1: info: [15] no PartialEq/Eq/Clone/Hash/Ord impls (ok)
/home/milnes/projects/APAS-VERUS/src/Chap11/FibonacciStEph.rs:1: info: [16] no Lit macro definitions (ok)
/home/milnes/projects/APAS-VERUS/src/Chap11/FibonacciStEph.rs:1: info: [17] no collection structs (ok)
/home/milnes/projects/APAS-VERUS/src/Chap11/FibonacciStEph.rs:1: info: [18] definition order correct
/home/milnes/projects/APAS-VERUS/src/Chap11/FibonacciStEph.rs:1: info: [19] no generic return names
/home/milnes/projects/APAS-VERUS/src/Chap11/FibonacciStEph.rs:1: info: [20] no traits defined
/home/milnes/projects/APAS-VERUS/src/Chap11/FibonacciStEph.rs:1: info: [21] no broadcast use entries
/home/milnes/projects/APAS-VERUS/src/Chap11/FibonacciStEph.rs:1: info: [22a:exec] free fn fib correctly free (Standard 19)
/home/milnes/projects/APAS-VERUS/src/Chap11/FibonacciStEph.rs:1: info: [22a:exec] free fn fib_recursive correctly free (Standard 19)
/home/milnes/projects/APAS-VERUS/src/Chap11/FibonacciStEph.rs:1: info: [22a:proof] free proof fn lemma_fib_bound correctly free (Standard 19)
/home/milnes/projects/APAS-VERUS/src/Chap11/FibonacciStEph.rs:1: info: [22a:proof] free proof fn lemma_fib_fits_u64 correctly free (Standard 19)
/home/milnes/projects/APAS-VERUS/src/Chap11/FibonacciStEph.rs:1: info: [22a:proof] free proof fn lemma_fib_sum_fits_u64 correctly free (Standard 19)
/home/milnes/projects/APAS-VERUS/src/Chap11/FibonacciStEph.rs:1: info: [22a:spec] free spec fn spec_fib correctly free (Standard 19)
/home/milnes/projects/APAS-VERUS/src/Chap11/FibonacciStEph.rs:1: info: [23a] spec/proof fn looser bounds: N/A
/home/milnes/projects/APAS-VERUS/src/Chap11/FibonacciStEph.rs:1: info: [23b] free fn stricter bounds: N/A
/home/milnes/projects/APAS-VERUS/src/Chap11/FibonacciStEph.rs:1: warning: [24] missing or incorrect copyright line; expected: //! Copyright (C) 2025 Acar, Blelloch and Milnes from 'Algorithms Parallel and Sequential'.

/home/milnes/projects/APAS-VERUS/src/Chap12/Exercise12_1.rs:
/home/milnes/projects/APAS-VERUS/src/Chap12/Exercise12_1.rs:1: info: [1] has mod declarations
/home/milnes/projects/APAS-VERUS/src/Chap12/Exercise12_1.rs:1: info: [2] vstd::prelude::* before verus!
/home/milnes/projects/APAS-VERUS/src/Chap12/Exercise12_1.rs:1: info: [3] has verus! macro
/home/milnes/projects/APAS-VERUS/src/Chap12/Exercise12_1.rs:1: info: [4] std imports grouped with trailing blank
/home/milnes/projects/APAS-VERUS/src/Chap12/Exercise12_1.rs:1: info: [5] no vstd imports (ok)
/home/milnes/projects/APAS-VERUS/src/Chap12/Exercise12_1.rs:1: info: [11] no Set/Seq usage (ok)
/home/milnes/projects/APAS-VERUS/src/Chap12/Exercise12_1.rs:1: info: [13] trait impls inside verus!
/home/milnes/projects/APAS-VERUS/src/Chap12/Exercise12_1.rs:1: info: [14] Debug, Display outside verus!
/home/milnes/projects/APAS-VERUS/src/Chap12/Exercise12_1.rs:1: info: [15] no PartialEq/Eq/Clone/Hash/Ord impls (ok)
/home/milnes/projects/APAS-VERUS/src/Chap12/Exercise12_1.rs:1: info: [16] no Lit macro definitions (ok)
/home/milnes/projects/APAS-VERUS/src/Chap12/Exercise12_1.rs:1: info: [17] no collection structs (ok)
/home/milnes/projects/APAS-VERUS/src/Chap12/Exercise12_1.rs:1: info: [18] definition order correct
/home/milnes/projects/APAS-VERUS/src/Chap12/Exercise12_1.rs:1: info: [19] no generic return names
/home/milnes/projects/APAS-VERUS/src/Chap12/Exercise12_1.rs:1: info: [20] all traits have impls
/home/milnes/projects/APAS-VERUS/src/Chap12/Exercise12_1.rs:1: info: [21] no broadcast use entries
/home/milnes/projects/APAS-VERUS/src/Chap12/Exercise12_1.rs:1: info: [22:proof] proof fns: all in traits
/home/milnes/projects/APAS-VERUS/src/Chap12/Exercise12_1.rs:1: info: [22:spec] spec fns: all in traits as abstract signatures
/home/milnes/projects/APAS-VERUS/src/Chap12/Exercise12_1.rs:1: info: [22a:exec] free fn parallel_increment correctly free (Standard 19)
/home/milnes/projects/APAS-VERUS/src/Chap12/Exercise12_1.rs:1: info: [23a] spec/proof fn looser bounds: N/A
/home/milnes/projects/APAS-VERUS/src/Chap12/Exercise12_1.rs:1: info: [23b] free fn stricter bounds: N/A
/home/milnes/projects/APAS-VERUS/src/Chap12/Exercise12_1.rs:74: warning: [12] trait SpinLockTrait fn with_lock should have requires/ensures
/home/milnes/projects/APAS-VERUS/src/Chap12/Exercise12_1.rs:1: warning: [24] missing or incorrect copyright line; expected: //! Copyright (C) 2025 Acar, Blelloch and Milnes from 'Algorithms Parallel and Sequential'.

/home/milnes/projects/APAS-VERUS/src/Chap12/Exercise12_2.rs:
/home/milnes/projects/APAS-VERUS/src/Chap12/Exercise12_2.rs:1: info: [1] has mod declarations
/home/milnes/projects/APAS-VERUS/src/Chap12/Exercise12_2.rs:1: info: [2] vstd::prelude::* before verus!
/home/milnes/projects/APAS-VERUS/src/Chap12/Exercise12_2.rs:1: info: [3] has verus! macro
/home/milnes/projects/APAS-VERUS/src/Chap12/Exercise12_2.rs:1: info: [4] no std imports (ok)
/home/milnes/projects/APAS-VERUS/src/Chap12/Exercise12_2.rs:1: info: [5] no vstd imports (ok)
/home/milnes/projects/APAS-VERUS/src/Chap12/Exercise12_2.rs:1: info: [11] no Set/Seq usage (ok)
/home/milnes/projects/APAS-VERUS/src/Chap12/Exercise12_2.rs:1: info: [13] trait impls inside verus!
/home/milnes/projects/APAS-VERUS/src/Chap12/Exercise12_2.rs:1: info: [14] no Debug/Display impls (ok)
/home/milnes/projects/APAS-VERUS/src/Chap12/Exercise12_2.rs:1: info: [15] no PartialEq/Eq/Clone/Hash/Ord impls (ok)
/home/milnes/projects/APAS-VERUS/src/Chap12/Exercise12_2.rs:1: info: [16] no Lit macro definitions (ok)
/home/milnes/projects/APAS-VERUS/src/Chap12/Exercise12_2.rs:1: info: [17] no collection structs (ok)
/home/milnes/projects/APAS-VERUS/src/Chap12/Exercise12_2.rs:1: info: [18] definition order correct
/home/milnes/projects/APAS-VERUS/src/Chap12/Exercise12_2.rs:1: info: [19] no generic return names
/home/milnes/projects/APAS-VERUS/src/Chap12/Exercise12_2.rs:1: info: [20] all traits have impls
/home/milnes/projects/APAS-VERUS/src/Chap12/Exercise12_2.rs:1: info: [21] no broadcast use entries
/home/milnes/projects/APAS-VERUS/src/Chap12/Exercise12_2.rs:1: info: [22:exec] exec fns: all in traits
/home/milnes/projects/APAS-VERUS/src/Chap12/Exercise12_2.rs:1: info: [22:proof] proof fns: all in traits
/home/milnes/projects/APAS-VERUS/src/Chap12/Exercise12_2.rs:1: info: [22:spec] spec fns: all in traits as abstract signatures
/home/milnes/projects/APAS-VERUS/src/Chap12/Exercise12_2.rs:1: info: [23a] spec/proof fn looser bounds: N/A
/home/milnes/projects/APAS-VERUS/src/Chap12/Exercise12_2.rs:1: info: [23b] free fn stricter bounds: N/A
/home/milnes/projects/APAS-VERUS/src/Chap12/Exercise12_2.rs:39: warning: [12] trait FetchAddCasTrait fn fetch_add_cas should have requires/ensures
/home/milnes/projects/APAS-VERUS/src/Chap12/Exercise12_2.rs:1: warning: [24] missing or incorrect copyright line; expected: //! Copyright (C) 2025 Acar, Blelloch and Milnes from 'Algorithms Parallel and Sequential'.

/home/milnes/projects/APAS-VERUS/src/Chap12/Exercise12_5.rs:
/home/milnes/projects/APAS-VERUS/src/Chap12/Exercise12_5.rs:1: info: [1] has mod declarations
/home/milnes/projects/APAS-VERUS/src/Chap12/Exercise12_5.rs:1: info: [2] vstd::prelude::* before verus!
/home/milnes/projects/APAS-VERUS/src/Chap12/Exercise12_5.rs:1: info: [3] has verus! macro
/home/milnes/projects/APAS-VERUS/src/Chap12/Exercise12_5.rs:1: info: [4] std imports grouped with trailing blank
/home/milnes/projects/APAS-VERUS/src/Chap12/Exercise12_5.rs:1: info: [5] no vstd imports (ok)
/home/milnes/projects/APAS-VERUS/src/Chap12/Exercise12_5.rs:1: info: [11] no Set/Seq usage (ok)
/home/milnes/projects/APAS-VERUS/src/Chap12/Exercise12_5.rs:1: info: [12] all trait fns have specs
/home/milnes/projects/APAS-VERUS/src/Chap12/Exercise12_5.rs:1: info: [13] trait impls inside verus!
/home/milnes/projects/APAS-VERUS/src/Chap12/Exercise12_5.rs:1: info: [14] Debug, Display outside verus!
/home/milnes/projects/APAS-VERUS/src/Chap12/Exercise12_5.rs:1: info: [15] no PartialEq/Eq/Clone/Hash/Ord impls (ok)
/home/milnes/projects/APAS-VERUS/src/Chap12/Exercise12_5.rs:1: info: [16] no Lit macro definitions (ok)
/home/milnes/projects/APAS-VERUS/src/Chap12/Exercise12_5.rs:1: info: [17] no collection structs (ok)
/home/milnes/projects/APAS-VERUS/src/Chap12/Exercise12_5.rs:1: info: [18] definition order correct
/home/milnes/projects/APAS-VERUS/src/Chap12/Exercise12_5.rs:1: info: [19] no generic return names
/home/milnes/projects/APAS-VERUS/src/Chap12/Exercise12_5.rs:1: info: [20] all traits have impls
/home/milnes/projects/APAS-VERUS/src/Chap12/Exercise12_5.rs:1: info: [21] no broadcast use entries
/home/milnes/projects/APAS-VERUS/src/Chap12/Exercise12_5.rs:1: info: [22:exec] exec fns: all in traits
/home/milnes/projects/APAS-VERUS/src/Chap12/Exercise12_5.rs:1: info: [22:proof] proof fns: all in traits
/home/milnes/projects/APAS-VERUS/src/Chap12/Exercise12_5.rs:1: info: [23a] spec/proof fn looser bounds: N/A
/home/milnes/projects/APAS-VERUS/src/Chap12/Exercise12_5.rs:1: info: [23b] free fn stricter bounds: N/A
/home/milnes/projects/APAS-VERUS/src/Chap12/Exercise12_5.rs:68: warning: [22:spec] spec fn wf in trait ConcurrentStackMtTrait has a body; should be abstract (no body) with concrete spec in the impl
/home/milnes/projects/APAS-VERUS/src/Chap12/Exercise12_5.rs:1: warning: [24] missing or incorrect copyright line; expected: //! Copyright (C) 2025 Acar, Blelloch and Milnes from 'Algorithms Parallel and Sequential'.

/home/milnes/projects/APAS-VERUS/src/Chap17/MathSeq.rs:
/home/milnes/projects/APAS-VERUS/src/Chap17/MathSeq.rs:1: info: [1] has mod declarations
/home/milnes/projects/APAS-VERUS/src/Chap17/MathSeq.rs:1: info: [2] vstd::prelude::* before verus!
/home/milnes/projects/APAS-VERUS/src/Chap17/MathSeq.rs:1: info: [3] has verus! macro
/home/milnes/projects/APAS-VERUS/src/Chap17/MathSeq.rs:1: info: [4] std imports grouped with trailing blank
/home/milnes/projects/APAS-VERUS/src/Chap17/MathSeq.rs:1: info: [5] vstd imports grouped with trailing blank
/home/milnes/projects/APAS-VERUS/src/Chap17/MathSeq.rs:1: info: [11] Set/Seq usage has broadcast groups
/home/milnes/projects/APAS-VERUS/src/Chap17/MathSeq.rs:1: info: [12] all trait fns have specs
/home/milnes/projects/APAS-VERUS/src/Chap17/MathSeq.rs:1: info: [14] Debug, Display outside verus!
/home/milnes/projects/APAS-VERUS/src/Chap17/MathSeq.rs:1: info: [15] Clone, Eq, PartialEq inside verus!
/home/milnes/projects/APAS-VERUS/src/Chap17/MathSeq.rs:1: info: [16] Lit macro definitions at end of file
/home/milnes/projects/APAS-VERUS/src/Chap17/MathSeq.rs:1: info: [18] definition order correct
/home/milnes/projects/APAS-VERUS/src/Chap17/MathSeq.rs:1: info: [19] no generic return names
/home/milnes/projects/APAS-VERUS/src/Chap17/MathSeq.rs:1: info: [20] all traits have impls
/home/milnes/projects/APAS-VERUS/src/Chap17/MathSeq.rs:1: info: [21] broadcast use: vstd:: before crate::
/home/milnes/projects/APAS-VERUS/src/Chap17/MathSeq.rs:1: info: [22:exec] exec fns: all in traits
/home/milnes/projects/APAS-VERUS/src/Chap17/MathSeq.rs:1: info: [22:proof] proof fns: all in traits
/home/milnes/projects/APAS-VERUS/src/Chap17/MathSeq.rs:1: info: [22a:spec] free spec fn valid_key_type correctly free (Standard 19)
/home/milnes/projects/APAS-VERUS/src/Chap17/MathSeq.rs:1: info: [22a:spec] free spec fn spec_clamp correctly free (Standard 19)
/home/milnes/projects/APAS-VERUS/src/Chap17/MathSeq.rs:1: info: [23a] spec/proof fn valid_key_type param T has looser bounds `View + Clone + Eq` (trait MathSeqSTrait has `StT`)
/home/milnes/projects/APAS-VERUS/src/Chap17/MathSeq.rs:1: info: [23b] free fn type bounds compatible with trait
/home/milnes/projects/APAS-VERUS/src/Chap17/MathSeq.rs:624: warning: [13] impl IntoIterator for MathSeqS should be inside verus!
/home/milnes/projects/APAS-VERUS/src/Chap17/MathSeq.rs:1: warning: [17] collection MathSeqS should have an Iterator impl
/home/milnes/projects/APAS-VERUS/src/Chap17/MathSeq.rs:1: warning: [24] missing or incorrect copyright line; expected: //! Copyright (C) 2025 Acar, Blelloch and Milnes from 'Algorithms Parallel and Sequential'.

/home/milnes/projects/APAS-VERUS/src/Chap18/ArraySeq.rs:
/home/milnes/projects/APAS-VERUS/src/Chap18/ArraySeq.rs:1: info: [1] has mod declarations
/home/milnes/projects/APAS-VERUS/src/Chap18/ArraySeq.rs:1: info: [2] vstd::prelude::* before verus!
/home/milnes/projects/APAS-VERUS/src/Chap18/ArraySeq.rs:1: info: [3] has verus! macro
/home/milnes/projects/APAS-VERUS/src/Chap18/ArraySeq.rs:1: info: [4] std imports grouped with trailing blank
/home/milnes/projects/APAS-VERUS/src/Chap18/ArraySeq.rs:1: info: [5] vstd imports grouped with trailing blank
/home/milnes/projects/APAS-VERUS/src/Chap18/ArraySeq.rs:1: info: [11] Set/Seq usage has broadcast groups
/home/milnes/projects/APAS-VERUS/src/Chap18/ArraySeq.rs:1: info: [12] all trait fns have specs
/home/milnes/projects/APAS-VERUS/src/Chap18/ArraySeq.rs:1: info: [13] trait impls inside verus!
/home/milnes/projects/APAS-VERUS/src/Chap18/ArraySeq.rs:1: info: [14] Debug, Display outside verus!
/home/milnes/projects/APAS-VERUS/src/Chap18/ArraySeq.rs:1: info: [15] Clone, Eq, PartialEq inside verus!
/home/milnes/projects/APAS-VERUS/src/Chap18/ArraySeq.rs:1: info: [16] no Lit macro definitions (ok)
/home/milnes/projects/APAS-VERUS/src/Chap18/ArraySeq.rs:1: info: [17] Iterator<ArraySeqS>, IntoIterator<ArraySeqS>, runtime test exists, proof test exists
/home/milnes/projects/APAS-VERUS/src/Chap18/ArraySeq.rs:1: info: [19] no generic return names
/home/milnes/projects/APAS-VERUS/src/Chap18/ArraySeq.rs:1: info: [20] all traits have impls
/home/milnes/projects/APAS-VERUS/src/Chap18/ArraySeq.rs:1: info: [21] broadcast use: vstd:: before crate::
/home/milnes/projects/APAS-VERUS/src/Chap18/ArraySeq.rs:1: info: [22a:exec] free fn tabulate correctly free (Standard 19)
/home/milnes/projects/APAS-VERUS/src/Chap18/ArraySeq.rs:1: info: [22a:proof] free proof fn lemma_deep_view_len correctly free (Standard 19)
/home/milnes/projects/APAS-VERUS/src/Chap18/ArraySeq.rs:1: info: [22a:proof] free proof fn lemma_deep_view_key correctly free (Standard 19)
/home/milnes/projects/APAS-VERUS/src/Chap18/ArraySeq.rs:1: info: [22a:proof] free proof fn lemma_find_key_index_bounds correctly free (Standard 19)
/home/milnes/projects/APAS-VERUS/src/Chap18/ArraySeq.rs:1: info: [22a:proof] free proof fn lemma_find_key_index_found correctly free (Standard 19)
/home/milnes/projects/APAS-VERUS/src/Chap18/ArraySeq.rs:1: info: [22a:proof] free proof fn lemma_find_key_index_not_found correctly free (Standard 19)
/home/milnes/projects/APAS-VERUS/src/Chap18/ArraySeq.rs:1: info: [22a:proof] free proof fn lemma_spec_collect_step_some correctly free (Standard 19)
/home/milnes/projects/APAS-VERUS/src/Chap18/ArraySeq.rs:1: info: [22a:proof] free proof fn lemma_spec_collect_step_none correctly free (Standard 19)
/home/milnes/projects/APAS-VERUS/src/Chap18/ArraySeq.rs:1: info: [22a:proof] free proof fn lemma_find_key_some correctly free (Standard 19)
/home/milnes/projects/APAS-VERUS/src/Chap18/ArraySeq.rs:1: info: [22a:proof] free proof fn lemma_find_key_none correctly free (Standard 19)
/home/milnes/projects/APAS-VERUS/src/Chap18/ArraySeq.rs:1: info: [22a:spec] free spec fn spec_iterate_prefixes correctly free (Standard 19)
/home/milnes/projects/APAS-VERUS/src/Chap18/ArraySeq.rs:1: info: [22a:spec] free spec fn spec_find_key_index correctly free (Standard 19)
/home/milnes/projects/APAS-VERUS/src/Chap18/ArraySeq.rs:1: info: [22a:spec] free spec fn spec_collect correctly free (Standard 19)
/home/milnes/projects/APAS-VERUS/src/Chap18/ArraySeq.rs:1: info: [22a:spec] free spec fn obeys_spec_eq correctly free (Standard 19)
/home/milnes/projects/APAS-VERUS/src/Chap18/ArraySeq.rs:1: info: [22a:spec] free spec fn obeys_generic_deep_eq correctly free (Standard 19)
/home/milnes/projects/APAS-VERUS/src/Chap18/ArraySeq.rs:1: info: [23a] spec/proof fn spec_iterate_prefixes param T has looser bounds `(none)` (trait ArraySeqTrait has `View`)
/home/milnes/projects/APAS-VERUS/src/Chap18/ArraySeq.rs:108: warning: [18] spec fn spec_iterate_prefixes should come before impls (expected spec fns before impls)
/home/milnes/projects/APAS-VERUS/src/Chap18/ArraySeq.rs:113: warning: [18] spec fn spec_find_key_index should come before impls (expected spec fns before impls)
/home/milnes/projects/APAS-VERUS/src/Chap18/ArraySeq.rs:131: warning: [18] spec fn spec_collect should come before impls (expected spec fns before impls)
/home/milnes/projects/APAS-VERUS/src/Chap18/ArraySeq.rs:147: warning: [18] spec fn obeys_spec_eq should come before impls (expected spec fns before impls)
/home/milnes/projects/APAS-VERUS/src/Chap18/ArraySeq.rs:152: warning: [18] spec fn obeys_generic_deep_eq should come before impls (expected spec fns before impls)
/home/milnes/projects/APAS-VERUS/src/Chap18/ArraySeq.rs:160: warning: [18] proof fn lemma_deep_view_len should come before impls (expected proof fns/broadcast groups before impls)
/home/milnes/projects/APAS-VERUS/src/Chap18/ArraySeq.rs:167: warning: [18] proof fn lemma_deep_view_key should come before impls (expected proof fns/broadcast groups before impls)
/home/milnes/projects/APAS-VERUS/src/Chap18/ArraySeq.rs:177: warning: [18] proof fn lemma_find_key_index_bounds should come before impls (expected proof fns/broadcast groups before impls)
/home/milnes/projects/APAS-VERUS/src/Chap18/ArraySeq.rs:192: warning: [18] proof fn lemma_find_key_index_found should come before impls (expected proof fns/broadcast groups before impls)
/home/milnes/projects/APAS-VERUS/src/Chap18/ArraySeq.rs:212: warning: [18] proof fn lemma_find_key_index_not_found should come before impls (expected proof fns/broadcast groups before impls)
/home/milnes/projects/APAS-VERUS/src/Chap18/ArraySeq.rs:229: warning: [18] proof fn lemma_spec_collect_step_some should come before impls (expected proof fns/broadcast groups before impls)
/home/milnes/projects/APAS-VERUS/src/Chap18/ArraySeq.rs:251: warning: [18] proof fn lemma_spec_collect_step_none should come before impls (expected proof fns/broadcast groups before impls)
/home/milnes/projects/APAS-VERUS/src/Chap18/ArraySeq.rs:271: warning: [18] proof fn lemma_find_key_some should come before impls (expected proof fns/broadcast groups before impls)
/home/milnes/projects/APAS-VERUS/src/Chap18/ArraySeq.rs:290: warning: [18] proof fn lemma_find_key_none should come before impls (expected proof fns/broadcast groups before impls)
/home/milnes/projects/APAS-VERUS/src/Chap18/ArraySeq.rs:310: warning: [18] trait ArraySeqTrait should come before impls (expected traits before impls)
/home/milnes/projects/APAS-VERUS/src/Chap18/ArraySeq.rs:1301: warning: [22:exec] free fn map should be a trait method
/home/milnes/projects/APAS-VERUS/src/Chap18/ArraySeq.rs:1363: warning: [22:exec] free fn flatten should be a trait method
/home/milnes/projects/APAS-VERUS/src/Chap18/ArraySeq.rs:1423: warning: [22:exec] free fn iterate_prefixes should be a trait method
/home/milnes/projects/APAS-VERUS/src/Chap18/ArraySeq.rs:147: warning: [23b] free fn obeys_spec_eq param T has bounds `PartialEq` but trait ArraySeqTrait has `View`
/home/milnes/projects/APAS-VERUS/src/Chap18/ArraySeq.rs:152: warning: [23b] free fn obeys_generic_deep_eq param T has bounds `DeepView < V = T >` but trait ArraySeqTrait has `View`
/home/milnes/projects/APAS-VERUS/src/Chap18/ArraySeq.rs:160: warning: [23b] free fn lemma_deep_view_len param T has bounds `DeepView` but trait ArraySeqTrait has `View`
/home/milnes/projects/APAS-VERUS/src/Chap18/ArraySeq.rs:1363: warning: [23b] free fn flatten param T has bounds `View + Clone + Eq` but trait ArraySeqTrait has `View`
/home/milnes/projects/APAS-VERUS/src/Chap18/ArraySeq.rs:1: warning: [24] missing or incorrect copyright line; expected: //! Copyright (C) 2025 Acar, Blelloch and Milnes from 'Algorithms Parallel and Sequential'.

/home/milnes/projects/APAS-VERUS/src/Chap18/ArraySeqMtEph.rs:
/home/milnes/projects/APAS-VERUS/src/Chap18/ArraySeqMtEph.rs:1: info: [1] has mod declarations
/home/milnes/projects/APAS-VERUS/src/Chap18/ArraySeqMtEph.rs:1: info: [2] vstd::prelude::* before verus!
/home/milnes/projects/APAS-VERUS/src/Chap18/ArraySeqMtEph.rs:1: info: [3] has verus! macro
/home/milnes/projects/APAS-VERUS/src/Chap18/ArraySeqMtEph.rs:1: info: [4] std imports grouped with trailing blank
/home/milnes/projects/APAS-VERUS/src/Chap18/ArraySeqMtEph.rs:1: info: [5] vstd imports grouped with trailing blank
/home/milnes/projects/APAS-VERUS/src/Chap18/ArraySeqMtEph.rs:1: info: [11] Set/Seq usage has broadcast groups
/home/milnes/projects/APAS-VERUS/src/Chap18/ArraySeqMtEph.rs:1: info: [12] all trait fns have specs
/home/milnes/projects/APAS-VERUS/src/Chap18/ArraySeqMtEph.rs:1: info: [13] trait impls inside verus!
/home/milnes/projects/APAS-VERUS/src/Chap18/ArraySeqMtEph.rs:1: info: [14] Debug, Display outside verus!
/home/milnes/projects/APAS-VERUS/src/Chap18/ArraySeqMtEph.rs:1: info: [15] Clone, Eq, PartialEq inside verus!
/home/milnes/projects/APAS-VERUS/src/Chap18/ArraySeqMtEph.rs:1: info: [16] Lit macro definitions at end of file
/home/milnes/projects/APAS-VERUS/src/Chap18/ArraySeqMtEph.rs:1: info: [19] no generic return names
/home/milnes/projects/APAS-VERUS/src/Chap18/ArraySeqMtEph.rs:1: info: [20] all traits have impls
/home/milnes/projects/APAS-VERUS/src/Chap18/ArraySeqMtEph.rs:1: info: [21] broadcast use: vstd:: before crate::
/home/milnes/projects/APAS-VERUS/src/Chap18/ArraySeqMtEph.rs:1: info: [22:proof] proof fns: all in traits
/home/milnes/projects/APAS-VERUS/src/Chap18/ArraySeqMtEph.rs:1: info: [22:spec] spec fns: all in traits as abstract signatures
/home/milnes/projects/APAS-VERUS/src/Chap18/ArraySeqMtEph.rs:1: info: [22a:exec] free fn apply_ninject_updates correctly free (Standard 19)
/home/milnes/projects/APAS-VERUS/src/Chap18/ArraySeqMtEph.rs:1: info: [23a] no spec/proof fns with looser bounds
/home/milnes/projects/APAS-VERUS/src/Chap18/ArraySeqMtEph.rs:1: warning: [17] collection ArraySeqMtEphS should have an Iterator impl
/home/milnes/projects/APAS-VERUS/src/Chap18/ArraySeqMtEph.rs:1821: warning: [18] impl PartialEqSpecImpl for ArraySeqMtEphS < T > should come before top level coarse locking (expected derive impls in verus! before top level coarse locking)
/home/milnes/projects/APAS-VERUS/src/Chap18/ArraySeqMtEph.rs:1827: warning: [18] impl Clone for ArraySeqMtEphS < T > should come before top level coarse locking (expected derive impls in verus! before top level coarse locking)
/home/milnes/projects/APAS-VERUS/src/Chap18/ArraySeqMtEph.rs:1838: warning: [18] impl Eq for ArraySeqMtEphS < T > should come before top level coarse locking (expected derive impls in verus! before top level coarse locking)
/home/milnes/projects/APAS-VERUS/src/Chap18/ArraySeqMtEph.rs:1840: warning: [18] impl PartialEq for ArraySeqMtEphS < T > should come before top level coarse locking (expected derive impls in verus! before top level coarse locking)
/home/milnes/projects/APAS-VERUS/src/Chap18/ArraySeqMtEph.rs:1742: warning: [23b] free fn apply_ninject_updates param T has bounds `StTInMtT` but trait ArraySeqMtEphBaseTrait has `(none)`
/home/milnes/projects/APAS-VERUS/src/Chap18/ArraySeqMtEph.rs:1: warning: [24] missing or incorrect copyright line; expected: //! Copyright (C) 2025 Acar, Blelloch and Milnes from 'Algorithms Parallel and Sequential'.

/home/milnes/projects/APAS-VERUS/src/Chap18/ArraySeqMtEphSlice.rs:
/home/milnes/projects/APAS-VERUS/src/Chap18/ArraySeqMtEphSlice.rs:1: info: [1] has mod declarations
/home/milnes/projects/APAS-VERUS/src/Chap18/ArraySeqMtEphSlice.rs:1: info: [2] vstd::prelude::* before verus!
/home/milnes/projects/APAS-VERUS/src/Chap18/ArraySeqMtEphSlice.rs:1: info: [3] has verus! macro
/home/milnes/projects/APAS-VERUS/src/Chap18/ArraySeqMtEphSlice.rs:1: info: [4] std imports grouped with trailing blank
/home/milnes/projects/APAS-VERUS/src/Chap18/ArraySeqMtEphSlice.rs:1: info: [5] vstd imports grouped with trailing blank
/home/milnes/projects/APAS-VERUS/src/Chap18/ArraySeqMtEphSlice.rs:1: info: [11] Set/Seq usage has broadcast groups
/home/milnes/projects/APAS-VERUS/src/Chap18/ArraySeqMtEphSlice.rs:1: info: [12] all trait fns have specs
/home/milnes/projects/APAS-VERUS/src/Chap18/ArraySeqMtEphSlice.rs:1: info: [13] trait impls inside verus!
/home/milnes/projects/APAS-VERUS/src/Chap18/ArraySeqMtEphSlice.rs:1: info: [14] Debug, Display outside verus!
/home/milnes/projects/APAS-VERUS/src/Chap18/ArraySeqMtEphSlice.rs:1: info: [15] Clone, PartialEq, Eq inside verus!
/home/milnes/projects/APAS-VERUS/src/Chap18/ArraySeqMtEphSlice.rs:1: info: [16] Lit macro definitions at end of file
/home/milnes/projects/APAS-VERUS/src/Chap18/ArraySeqMtEphSlice.rs:1: info: [18] definition order correct
/home/milnes/projects/APAS-VERUS/src/Chap18/ArraySeqMtEphSlice.rs:1: info: [19] no generic return names
/home/milnes/projects/APAS-VERUS/src/Chap18/ArraySeqMtEphSlice.rs:1: info: [20] all traits have impls
/home/milnes/projects/APAS-VERUS/src/Chap18/ArraySeqMtEphSlice.rs:1: info: [21] broadcast use: vstd:: before crate::
/home/milnes/projects/APAS-VERUS/src/Chap18/ArraySeqMtEphSlice.rs:1: info: [22a:exec] free fn tabulate_dc_vec correctly free (Standard 19)
/home/milnes/projects/APAS-VERUS/src/Chap18/ArraySeqMtEphSlice.rs:1: info: [22a:proof] free proof fn lemma_monoid_fold_left correctly free (Standard 19)
/home/milnes/projects/APAS-VERUS/src/Chap18/ArraySeqMtEphSlice.rs:1: info: [22a:proof] free proof fn lemma_prefix_fold_matching correctly free (Standard 19)
/home/milnes/projects/APAS-VERUS/src/Chap18/ArraySeqMtEphSlice.rs:1: info: [22a:proof] free proof fn lemma_prefix_fold_split correctly free (Standard 19)
/home/milnes/projects/APAS-VERUS/src/Chap18/ArraySeqMtEphSlice.rs:1: info: [22a:proof] free proof fn lemma_prefix_fold_eq_fold_left correctly free (Standard 19)
/home/milnes/projects/APAS-VERUS/src/Chap18/ArraySeqMtEphSlice.rs:1: info: [22a:spec] free spec fn spec_prefix_fold correctly free (Standard 19)
/home/milnes/projects/APAS-VERUS/src/Chap18/ArraySeqMtEphSlice.rs:1: info: [23a] spec/proof fn spec_nested_wf param T has looser bounds `(none)` (trait ArraySeqMtEphSliceTrait has `StTInMtT`)
/home/milnes/projects/APAS-VERUS/src/Chap18/ArraySeqMtEphSlice.rs:1: info: [23a] spec/proof fn spec_prefix_fold param T has looser bounds `(none)` (trait ArraySeqMtEphSliceTrait has `StTInMtT`)
/home/milnes/projects/APAS-VERUS/src/Chap18/ArraySeqMtEphSlice.rs:1: info: [23a] spec/proof fn spec_sum_inner_lens param T has looser bounds `(none)` (trait ArraySeqMtEphSliceTrait has `StTInMtT`)
/home/milnes/projects/APAS-VERUS/src/Chap18/ArraySeqMtEphSlice.rs:1: info: [23a] spec/proof fn lemma_monoid_fold_left param T has looser bounds `(none)` (trait ArraySeqMtEphSliceTrait has `StTInMtT`)
/home/milnes/projects/APAS-VERUS/src/Chap18/ArraySeqMtEphSlice.rs:1: info: [23a] spec/proof fn lemma_prefix_fold_matching param T has looser bounds `(none)` (trait ArraySeqMtEphSliceTrait has `StTInMtT`)
/home/milnes/projects/APAS-VERUS/src/Chap18/ArraySeqMtEphSlice.rs:1: info: [23a] spec/proof fn lemma_prefix_fold_split param T has looser bounds `(none)` (trait ArraySeqMtEphSliceTrait has `StTInMtT`)
/home/milnes/projects/APAS-VERUS/src/Chap18/ArraySeqMtEphSlice.rs:1: info: [23a] spec/proof fn lemma_prefix_fold_eq_fold_left param T has looser bounds `(none)` (trait ArraySeqMtEphSliceTrait has `StTInMtT`)
/home/milnes/projects/APAS-VERUS/src/Chap18/ArraySeqMtEphSlice.rs:1: info: [23a] spec/proof fn lemma_sum_inner_lens_split param T has looser bounds `(none)` (trait ArraySeqMtEphSliceTrait has `StTInMtT`)
/home/milnes/projects/APAS-VERUS/src/Chap18/ArraySeqMtEphSlice.rs:1: info: [23b] free fn type bounds compatible with trait
/home/milnes/projects/APAS-VERUS/src/Chap18/ArraySeqMtEphSlice.rs:1: warning: [17] collection ArraySeqMtEphSliceS should have an Iterator impl
/home/milnes/projects/APAS-VERUS/src/Chap18/ArraySeqMtEphSlice.rs:867: warning: [22:exec] free fn reduce_dc should be a trait method
/home/milnes/projects/APAS-VERUS/src/Chap18/ArraySeqMtEphSlice.rs:979: warning: [22:exec] free fn map_dc_vec should be a trait method
/home/milnes/projects/APAS-VERUS/src/Chap18/ArraySeqMtEphSlice.rs:1052: warning: [22:exec] free fn filter_dc_vec should be a trait method
/home/milnes/projects/APAS-VERUS/src/Chap18/ArraySeqMtEphSlice.rs:1228: warning: [22:exec] free fn scan_dc_vec should be a trait method
/home/milnes/projects/APAS-VERUS/src/Chap18/ArraySeqMtEphSlice.rs:1418: warning: [22:exec] free fn flatten should be a trait method
/home/milnes/projects/APAS-VERUS/src/Chap18/ArraySeqMtEphSlice.rs:1435: warning: [22:exec] free fn flatten_dc_vec should be a trait method
/home/milnes/projects/APAS-VERUS/src/Chap18/ArraySeqMtEphSlice.rs:231: warning: [22:proof] free proof fn lemma_sum_inner_lens_split should be a trait method
/home/milnes/projects/APAS-VERUS/src/Chap18/ArraySeqMtEphSlice.rs:95: warning: [22:spec] free spec fn spec_nested_wf should be an abstract signature in a trait with body in the impl
/home/milnes/projects/APAS-VERUS/src/Chap18/ArraySeqMtEphSlice.rs:119: warning: [22:spec] free spec fn spec_sum_inner_lens should be an abstract signature in a trait with body in the impl
/home/milnes/projects/APAS-VERUS/src/Chap18/ArraySeqMtEphSlice.rs:1: warning: [24] missing or incorrect copyright line; expected: //! Copyright (C) 2025 Acar, Blelloch and Milnes from 'Algorithms Parallel and Sequential'.

/home/milnes/projects/APAS-VERUS/src/Chap18/ArraySeqMtPer.rs:
/home/milnes/projects/APAS-VERUS/src/Chap18/ArraySeqMtPer.rs:1: info: [1] has mod declarations
/home/milnes/projects/APAS-VERUS/src/Chap18/ArraySeqMtPer.rs:1: info: [2] vstd::prelude::* before verus!
/home/milnes/projects/APAS-VERUS/src/Chap18/ArraySeqMtPer.rs:1: info: [3] has verus! macro
/home/milnes/projects/APAS-VERUS/src/Chap18/ArraySeqMtPer.rs:1: info: [4] std imports grouped with trailing blank
/home/milnes/projects/APAS-VERUS/src/Chap18/ArraySeqMtPer.rs:1: info: [5] vstd imports grouped with trailing blank
/home/milnes/projects/APAS-VERUS/src/Chap18/ArraySeqMtPer.rs:1: info: [11] Set/Seq usage has broadcast groups
/home/milnes/projects/APAS-VERUS/src/Chap18/ArraySeqMtPer.rs:1: info: [12] all trait fns have specs
/home/milnes/projects/APAS-VERUS/src/Chap18/ArraySeqMtPer.rs:1: info: [13] trait impls inside verus!
/home/milnes/projects/APAS-VERUS/src/Chap18/ArraySeqMtPer.rs:1: info: [14] Debug, Display outside verus!
/home/milnes/projects/APAS-VERUS/src/Chap18/ArraySeqMtPer.rs:1: info: [15] Clone, Eq, PartialEq inside verus!
/home/milnes/projects/APAS-VERUS/src/Chap18/ArraySeqMtPer.rs:1: info: [16] Lit macro definitions at end of file
/home/milnes/projects/APAS-VERUS/src/Chap18/ArraySeqMtPer.rs:1: info: [18] definition order correct
/home/milnes/projects/APAS-VERUS/src/Chap18/ArraySeqMtPer.rs:1: info: [19] no generic return names
/home/milnes/projects/APAS-VERUS/src/Chap18/ArraySeqMtPer.rs:1: info: [20] all traits have impls
/home/milnes/projects/APAS-VERUS/src/Chap18/ArraySeqMtPer.rs:1: info: [21] broadcast use: vstd:: before crate::
/home/milnes/projects/APAS-VERUS/src/Chap18/ArraySeqMtPer.rs:1: info: [22:exec] exec fns: all in traits
/home/milnes/projects/APAS-VERUS/src/Chap18/ArraySeqMtPer.rs:1: info: [22:proof] proof fns: all in traits
/home/milnes/projects/APAS-VERUS/src/Chap18/ArraySeqMtPer.rs:1: info: [22:spec] spec fns: all in traits as abstract signatures
/home/milnes/projects/APAS-VERUS/src/Chap18/ArraySeqMtPer.rs:1: info: [23a] spec/proof fn looser bounds: N/A
/home/milnes/projects/APAS-VERUS/src/Chap18/ArraySeqMtPer.rs:1: info: [23b] free fn stricter bounds: N/A
/home/milnes/projects/APAS-VERUS/src/Chap18/ArraySeqMtPer.rs:1: warning: [17] collection ArraySeqMtPerS should have an Iterator impl
/home/milnes/projects/APAS-VERUS/src/Chap18/ArraySeqMtPer.rs:1: warning: [24] missing or incorrect copyright line; expected: //! Copyright (C) 2025 Acar, Blelloch and Milnes from 'Algorithms Parallel and Sequential'.

/home/milnes/projects/APAS-VERUS/src/Chap18/ArraySeqSpecsAndLemmas.rs:
/home/milnes/projects/APAS-VERUS/src/Chap18/ArraySeqSpecsAndLemmas.rs:1: info: [1] has mod declarations
/home/milnes/projects/APAS-VERUS/src/Chap18/ArraySeqSpecsAndLemmas.rs:1: info: [2] vstd::prelude::* before verus!
/home/milnes/projects/APAS-VERUS/src/Chap18/ArraySeqSpecsAndLemmas.rs:1: info: [3] has verus! macro
/home/milnes/projects/APAS-VERUS/src/Chap18/ArraySeqSpecsAndLemmas.rs:1: info: [4] no std imports (ok)
/home/milnes/projects/APAS-VERUS/src/Chap18/ArraySeqSpecsAndLemmas.rs:1: info: [5] no vstd imports (ok)
/home/milnes/projects/APAS-VERUS/src/Chap18/ArraySeqSpecsAndLemmas.rs:1: info: [11] Set/Seq usage has broadcast groups
/home/milnes/projects/APAS-VERUS/src/Chap18/ArraySeqSpecsAndLemmas.rs:1: info: [12] no traits (ok)
/home/milnes/projects/APAS-VERUS/src/Chap18/ArraySeqSpecsAndLemmas.rs:1: info: [13] no non-derive trait impls (ok)
/home/milnes/projects/APAS-VERUS/src/Chap18/ArraySeqSpecsAndLemmas.rs:1: info: [14] no Debug/Display impls (ok)
/home/milnes/projects/APAS-VERUS/src/Chap18/ArraySeqSpecsAndLemmas.rs:1: info: [15] no PartialEq/Eq/Clone/Hash/Ord impls (ok)
/home/milnes/projects/APAS-VERUS/src/Chap18/ArraySeqSpecsAndLemmas.rs:1: info: [16] no Lit macro definitions (ok)
/home/milnes/projects/APAS-VERUS/src/Chap18/ArraySeqSpecsAndLemmas.rs:1: info: [17] no collection structs (ok)
/home/milnes/projects/APAS-VERUS/src/Chap18/ArraySeqSpecsAndLemmas.rs:1: info: [18] definition order correct
/home/milnes/projects/APAS-VERUS/src/Chap18/ArraySeqSpecsAndLemmas.rs:1: info: [19] no generic return names
/home/milnes/projects/APAS-VERUS/src/Chap18/ArraySeqSpecsAndLemmas.rs:1: info: [20] no traits defined
/home/milnes/projects/APAS-VERUS/src/Chap18/ArraySeqSpecsAndLemmas.rs:1: info: [21] broadcast use: vstd:: before crate::
/home/milnes/projects/APAS-VERUS/src/Chap18/ArraySeqSpecsAndLemmas.rs:1: info: [22:exec] exec fns: all in traits
/home/milnes/projects/APAS-VERUS/src/Chap18/ArraySeqSpecsAndLemmas.rs:1: info: [22a:proof] free proof fn lemma_spec_inject_len correctly free (Standard 19)
/home/milnes/projects/APAS-VERUS/src/Chap18/ArraySeqSpecsAndLemmas.rs:1: info: [22a:proof] free proof fn lemma_spec_inject_element correctly free (Standard 19)
/home/milnes/projects/APAS-VERUS/src/Chap18/ArraySeqSpecsAndLemmas.rs:1: info: [22a:spec] free spec fn spec_iterate correctly free (Standard 19)
/home/milnes/projects/APAS-VERUS/src/Chap18/ArraySeqSpecsAndLemmas.rs:1: info: [22a:spec] free spec fn spec_inject correctly free (Standard 19)
/home/milnes/projects/APAS-VERUS/src/Chap18/ArraySeqSpecsAndLemmas.rs:1: info: [22a:spec] free spec fn spec_ninject correctly free (Standard 19)
/home/milnes/projects/APAS-VERUS/src/Chap18/ArraySeqSpecsAndLemmas.rs:1: info: [23a] no spec/proof fns with looser bounds
/home/milnes/projects/APAS-VERUS/src/Chap18/ArraySeqSpecsAndLemmas.rs:1: info: [23b] free fn type bounds compatible with trait
/home/milnes/projects/APAS-VERUS/src/Chap18/ArraySeqSpecsAndLemmas.rs:1: warning: [24] missing or incorrect copyright line; expected: //! Copyright (C) 2025 Acar, Blelloch and Milnes from 'Algorithms Parallel and Sequential'.

/home/milnes/projects/APAS-VERUS/src/Chap18/ArraySeqStEph.rs:
/home/milnes/projects/APAS-VERUS/src/Chap18/ArraySeqStEph.rs:1: info: [1] has mod declarations
/home/milnes/projects/APAS-VERUS/src/Chap18/ArraySeqStEph.rs:1: info: [2] vstd::prelude::* before verus!
/home/milnes/projects/APAS-VERUS/src/Chap18/ArraySeqStEph.rs:1: info: [3] has verus! macro
/home/milnes/projects/APAS-VERUS/src/Chap18/ArraySeqStEph.rs:1: info: [4] std imports grouped with trailing blank
/home/milnes/projects/APAS-VERUS/src/Chap18/ArraySeqStEph.rs:1: info: [5] vstd imports grouped with trailing blank
/home/milnes/projects/APAS-VERUS/src/Chap18/ArraySeqStEph.rs:1: info: [11] Set/Seq usage has broadcast groups
/home/milnes/projects/APAS-VERUS/src/Chap18/ArraySeqStEph.rs:1: info: [12] all trait fns have specs
/home/milnes/projects/APAS-VERUS/src/Chap18/ArraySeqStEph.rs:1: info: [13] trait impls inside verus!
/home/milnes/projects/APAS-VERUS/src/Chap18/ArraySeqStEph.rs:1: info: [14] Debug, Display outside verus!
/home/milnes/projects/APAS-VERUS/src/Chap18/ArraySeqStEph.rs:1: info: [15] Clone, Eq, PartialEq inside verus!
/home/milnes/projects/APAS-VERUS/src/Chap18/ArraySeqStEph.rs:1: info: [16] no Lit macro definitions (ok)
/home/milnes/projects/APAS-VERUS/src/Chap18/ArraySeqStEph.rs:1: info: [19] no generic return names
/home/milnes/projects/APAS-VERUS/src/Chap18/ArraySeqStEph.rs:1: info: [20] all traits have impls
/home/milnes/projects/APAS-VERUS/src/Chap18/ArraySeqStEph.rs:1: info: [21] broadcast use: vstd:: before crate::
/home/milnes/projects/APAS-VERUS/src/Chap18/ArraySeqStEph.rs:1: info: [22:exec] exec fns: all in traits
/home/milnes/projects/APAS-VERUS/src/Chap18/ArraySeqStEph.rs:1: info: [22:spec] spec fns: all in traits as abstract signatures
/home/milnes/projects/APAS-VERUS/src/Chap18/ArraySeqStEph.rs:1: info: [22a:proof] free proof fn lemma_take_fold_left_step correctly free (Standard 19)
/home/milnes/projects/APAS-VERUS/src/Chap18/ArraySeqStEph.rs:1: info: [23a] no spec/proof fns with looser bounds
/home/milnes/projects/APAS-VERUS/src/Chap18/ArraySeqStEph.rs:1: info: [23b] free fn type bounds compatible with trait
/home/milnes/projects/APAS-VERUS/src/Chap18/ArraySeqStEph.rs:1: warning: [17] collection ArraySeqStEphS should have an Iterator impl
/home/milnes/projects/APAS-VERUS/src/Chap18/ArraySeqStEph.rs:938: warning: [18] proof fn lemma_take_fold_left_step should come before impls (expected proof fns/broadcast groups before impls)
/home/milnes/projects/APAS-VERUS/src/Chap18/ArraySeqStEph.rs:1: warning: [24] missing or incorrect copyright line; expected: //! Copyright (C) 2025 Acar, Blelloch and Milnes from 'Algorithms Parallel and Sequential'.

/home/milnes/projects/APAS-VERUS/src/Chap18/ArraySeqStPer.rs:
/home/milnes/projects/APAS-VERUS/src/Chap18/ArraySeqStPer.rs:1: info: [1] has mod declarations
/home/milnes/projects/APAS-VERUS/src/Chap18/ArraySeqStPer.rs:1: info: [2] vstd::prelude::* before verus!
/home/milnes/projects/APAS-VERUS/src/Chap18/ArraySeqStPer.rs:1: info: [3] has verus! macro
/home/milnes/projects/APAS-VERUS/src/Chap18/ArraySeqStPer.rs:1: info: [4] std imports grouped with trailing blank
/home/milnes/projects/APAS-VERUS/src/Chap18/ArraySeqStPer.rs:1: info: [5] vstd imports grouped with trailing blank
/home/milnes/projects/APAS-VERUS/src/Chap18/ArraySeqStPer.rs:1: info: [11] Set/Seq usage has broadcast groups
/home/milnes/projects/APAS-VERUS/src/Chap18/ArraySeqStPer.rs:1: info: [12] all trait fns have specs
/home/milnes/projects/APAS-VERUS/src/Chap18/ArraySeqStPer.rs:1: info: [13] trait impls inside verus!
/home/milnes/projects/APAS-VERUS/src/Chap18/ArraySeqStPer.rs:1: info: [14] Debug, Display outside verus!
/home/milnes/projects/APAS-VERUS/src/Chap18/ArraySeqStPer.rs:1: info: [15] Clone, Eq, PartialEq inside verus!
/home/milnes/projects/APAS-VERUS/src/Chap18/ArraySeqStPer.rs:1: info: [16] no Lit macro definitions (ok)
/home/milnes/projects/APAS-VERUS/src/Chap18/ArraySeqStPer.rs:1: info: [19] no generic return names
/home/milnes/projects/APAS-VERUS/src/Chap18/ArraySeqStPer.rs:1: info: [20] all traits have impls
/home/milnes/projects/APAS-VERUS/src/Chap18/ArraySeqStPer.rs:1: info: [21] broadcast use: vstd:: before crate::
/home/milnes/projects/APAS-VERUS/src/Chap18/ArraySeqStPer.rs:1: info: [22:exec] exec fns: all in traits
/home/milnes/projects/APAS-VERUS/src/Chap18/ArraySeqStPer.rs:1: info: [22:spec] spec fns: all in traits as abstract signatures
/home/milnes/projects/APAS-VERUS/src/Chap18/ArraySeqStPer.rs:1: info: [22a:proof] free proof fn lemma_take_fold_left_step correctly free (Standard 19)
/home/milnes/projects/APAS-VERUS/src/Chap18/ArraySeqStPer.rs:1: info: [23a] no spec/proof fns with looser bounds
/home/milnes/projects/APAS-VERUS/src/Chap18/ArraySeqStPer.rs:1: info: [23b] free fn type bounds compatible with trait
/home/milnes/projects/APAS-VERUS/src/Chap18/ArraySeqStPer.rs:1: warning: [17] collection ArraySeqStPerS should have an Iterator impl
/home/milnes/projects/APAS-VERUS/src/Chap18/ArraySeqStPer.rs:915: warning: [18] proof fn lemma_take_fold_left_step should come before impls (expected proof fns/broadcast groups before impls)
/home/milnes/projects/APAS-VERUS/src/Chap18/ArraySeqStPer.rs:954: warning: [18] impl IntoIterator for & 'a ArraySeqStPerS < T > should come before derive impls in verus! (expected iterators before derive impls in verus!)
/home/milnes/projects/APAS-VERUS/src/Chap18/ArraySeqStPer.rs:967: warning: [18] impl IntoIterator for ArraySeqStPerS < T > should come before derive impls in verus! (expected iterators before derive impls in verus!)
/home/milnes/projects/APAS-VERUS/src/Chap18/ArraySeqStPer.rs:1: warning: [24] missing or incorrect copyright line; expected: //! Copyright (C) 2025 Acar, Blelloch and Milnes from 'Algorithms Parallel and Sequential'.

/home/milnes/projects/APAS-VERUS/src/Chap18/LinkedListStEph.rs:
/home/milnes/projects/APAS-VERUS/src/Chap18/LinkedListStEph.rs:1: info: [1] has mod declarations
/home/milnes/projects/APAS-VERUS/src/Chap18/LinkedListStEph.rs:1: info: [2] vstd::prelude::* before verus!
/home/milnes/projects/APAS-VERUS/src/Chap18/LinkedListStEph.rs:1: info: [3] has verus! macro
/home/milnes/projects/APAS-VERUS/src/Chap18/LinkedListStEph.rs:1: info: [4] std imports grouped with trailing blank
/home/milnes/projects/APAS-VERUS/src/Chap18/LinkedListStEph.rs:1: info: [5] vstd imports grouped with trailing blank
/home/milnes/projects/APAS-VERUS/src/Chap18/LinkedListStEph.rs:1: info: [11] Set/Seq usage has broadcast groups
/home/milnes/projects/APAS-VERUS/src/Chap18/LinkedListStEph.rs:1: info: [12] all trait fns have specs
/home/milnes/projects/APAS-VERUS/src/Chap18/LinkedListStEph.rs:1: info: [13] trait impls inside verus!
/home/milnes/projects/APAS-VERUS/src/Chap18/LinkedListStEph.rs:1: info: [14] Debug, Display outside verus!
/home/milnes/projects/APAS-VERUS/src/Chap18/LinkedListStEph.rs:1: info: [15] Clone, Eq, PartialEq inside verus!
/home/milnes/projects/APAS-VERUS/src/Chap18/LinkedListStEph.rs:1: info: [16] no Lit macro definitions (ok)
/home/milnes/projects/APAS-VERUS/src/Chap18/LinkedListStEph.rs:1: info: [19] no generic return names
/home/milnes/projects/APAS-VERUS/src/Chap18/LinkedListStEph.rs:1: info: [20] all traits have impls
/home/milnes/projects/APAS-VERUS/src/Chap18/LinkedListStEph.rs:1: info: [21] broadcast use: vstd:: before crate::
/home/milnes/projects/APAS-VERUS/src/Chap18/LinkedListStEph.rs:1: info: [22:exec] exec fns: all in traits
/home/milnes/projects/APAS-VERUS/src/Chap18/LinkedListStEph.rs:1: info: [22:spec] spec fns: all in traits as abstract signatures
/home/milnes/projects/APAS-VERUS/src/Chap18/LinkedListStEph.rs:1: info: [22a:proof] free proof fn lemma_take_fold_left_step correctly free (Standard 19)
/home/milnes/projects/APAS-VERUS/src/Chap18/LinkedListStEph.rs:1: info: [23a] no spec/proof fns with looser bounds
/home/milnes/projects/APAS-VERUS/src/Chap18/LinkedListStEph.rs:1: info: [23b] free fn type bounds compatible with trait
/home/milnes/projects/APAS-VERUS/src/Chap18/LinkedListStEph.rs:1: warning: [17] collection LinkedListStEphS should have an Iterator impl
/home/milnes/projects/APAS-VERUS/src/Chap18/LinkedListStEph.rs:763: warning: [18] proof fn lemma_take_fold_left_step should come before impls (expected proof fns/broadcast groups before impls)
/home/milnes/projects/APAS-VERUS/src/Chap18/LinkedListStEph.rs:1: warning: [24] missing or incorrect copyright line; expected: //! Copyright (C) 2025 Acar, Blelloch and Milnes from 'Algorithms Parallel and Sequential'.

/home/milnes/projects/APAS-VERUS/src/Chap18/LinkedListStPer.rs:
/home/milnes/projects/APAS-VERUS/src/Chap18/LinkedListStPer.rs:1: info: [1] has mod declarations
/home/milnes/projects/APAS-VERUS/src/Chap18/LinkedListStPer.rs:1: info: [2] vstd::prelude::* before verus!
/home/milnes/projects/APAS-VERUS/src/Chap18/LinkedListStPer.rs:1: info: [3] has verus! macro
/home/milnes/projects/APAS-VERUS/src/Chap18/LinkedListStPer.rs:1: info: [4] std imports grouped with trailing blank
/home/milnes/projects/APAS-VERUS/src/Chap18/LinkedListStPer.rs:1: info: [5] vstd imports grouped with trailing blank
/home/milnes/projects/APAS-VERUS/src/Chap18/LinkedListStPer.rs:1: info: [11] Set/Seq usage has broadcast groups
/home/milnes/projects/APAS-VERUS/src/Chap18/LinkedListStPer.rs:1: info: [12] all trait fns have specs
/home/milnes/projects/APAS-VERUS/src/Chap18/LinkedListStPer.rs:1: info: [13] trait impls inside verus!
/home/milnes/projects/APAS-VERUS/src/Chap18/LinkedListStPer.rs:1: info: [14] Debug, Display outside verus!
/home/milnes/projects/APAS-VERUS/src/Chap18/LinkedListStPer.rs:1: info: [15] Clone, Eq, PartialEq inside verus!
/home/milnes/projects/APAS-VERUS/src/Chap18/LinkedListStPer.rs:1: info: [16] no Lit macro definitions (ok)
/home/milnes/projects/APAS-VERUS/src/Chap18/LinkedListStPer.rs:1: info: [19] no generic return names
/home/milnes/projects/APAS-VERUS/src/Chap18/LinkedListStPer.rs:1: info: [20] all traits have impls
/home/milnes/projects/APAS-VERUS/src/Chap18/LinkedListStPer.rs:1: info: [21] broadcast use: vstd:: before crate::
/home/milnes/projects/APAS-VERUS/src/Chap18/LinkedListStPer.rs:1: info: [22:exec] exec fns: all in traits
/home/milnes/projects/APAS-VERUS/src/Chap18/LinkedListStPer.rs:1: info: [22:spec] spec fns: all in traits as abstract signatures
/home/milnes/projects/APAS-VERUS/src/Chap18/LinkedListStPer.rs:1: info: [22a:proof] free proof fn lemma_take_fold_left_step correctly free (Standard 19)
/home/milnes/projects/APAS-VERUS/src/Chap18/LinkedListStPer.rs:1: info: [23a] no spec/proof fns with looser bounds
/home/milnes/projects/APAS-VERUS/src/Chap18/LinkedListStPer.rs:1: info: [23b] free fn type bounds compatible with trait
/home/milnes/projects/APAS-VERUS/src/Chap18/LinkedListStPer.rs:1: warning: [17] collection LinkedListStPerS should have an Iterator impl
/home/milnes/projects/APAS-VERUS/src/Chap18/LinkedListStPer.rs:744: warning: [18] proof fn lemma_take_fold_left_step should come before impls (expected proof fns/broadcast groups before impls)
/home/milnes/projects/APAS-VERUS/src/Chap18/LinkedListStPer.rs:1: warning: [24] missing or incorrect copyright line; expected: //! Copyright (C) 2025 Acar, Blelloch and Milnes from 'Algorithms Parallel and Sequential'.

/home/milnes/projects/APAS-VERUS/src/Chap19/ArraySeqMtEph.rs:
/home/milnes/projects/APAS-VERUS/src/Chap19/ArraySeqMtEph.rs:1: info: [1] has mod declarations
/home/milnes/projects/APAS-VERUS/src/Chap19/ArraySeqMtEph.rs:1: info: [2] vstd::prelude::* before verus!
/home/milnes/projects/APAS-VERUS/src/Chap19/ArraySeqMtEph.rs:1: info: [3] has verus! macro
/home/milnes/projects/APAS-VERUS/src/Chap19/ArraySeqMtEph.rs:1: info: [4] std imports grouped with trailing blank
/home/milnes/projects/APAS-VERUS/src/Chap19/ArraySeqMtEph.rs:1: info: [5] vstd imports grouped with trailing blank
/home/milnes/projects/APAS-VERUS/src/Chap19/ArraySeqMtEph.rs:1: info: [11] Set/Seq usage has broadcast groups
/home/milnes/projects/APAS-VERUS/src/Chap19/ArraySeqMtEph.rs:1: info: [12] all trait fns have specs
/home/milnes/projects/APAS-VERUS/src/Chap19/ArraySeqMtEph.rs:1: info: [13] trait impls inside verus!
/home/milnes/projects/APAS-VERUS/src/Chap19/ArraySeqMtEph.rs:1: info: [14] Debug, Display outside verus!
/home/milnes/projects/APAS-VERUS/src/Chap19/ArraySeqMtEph.rs:1: info: [15] Clone, Eq, PartialEq inside verus!
/home/milnes/projects/APAS-VERUS/src/Chap19/ArraySeqMtEph.rs:1: info: [16] Lit macro definitions at end of file
/home/milnes/projects/APAS-VERUS/src/Chap19/ArraySeqMtEph.rs:1: info: [18] definition order correct
/home/milnes/projects/APAS-VERUS/src/Chap19/ArraySeqMtEph.rs:1: info: [19] no generic return names
/home/milnes/projects/APAS-VERUS/src/Chap19/ArraySeqMtEph.rs:1: info: [20] all traits have impls
/home/milnes/projects/APAS-VERUS/src/Chap19/ArraySeqMtEph.rs:1: info: [21] broadcast use: vstd:: before crate::
/home/milnes/projects/APAS-VERUS/src/Chap19/ArraySeqMtEph.rs:1: info: [22:exec] exec fns: all in traits
/home/milnes/projects/APAS-VERUS/src/Chap19/ArraySeqMtEph.rs:1: info: [22:spec] spec fns: all in traits as abstract signatures
/home/milnes/projects/APAS-VERUS/src/Chap19/ArraySeqMtEph.rs:1: info: [22a:proof] free proof fn lemma_flatten_bounded_by_outer_len correctly free (Standard 19)
/home/milnes/projects/APAS-VERUS/src/Chap19/ArraySeqMtEph.rs:1: info: [22a:proof] free proof fn lemma_flatten_all_satisfy correctly free (Standard 19)
/home/milnes/projects/APAS-VERUS/src/Chap19/ArraySeqMtEph.rs:1: info: [23a] no spec/proof fns with looser bounds
/home/milnes/projects/APAS-VERUS/src/Chap19/ArraySeqMtEph.rs:1: info: [23b] free fn type bounds compatible with trait
/home/milnes/projects/APAS-VERUS/src/Chap19/ArraySeqMtEph.rs:1: warning: [17] collection ArraySeqMtEphS should have an Iterator impl
/home/milnes/projects/APAS-VERUS/src/Chap19/ArraySeqMtEph.rs:1: warning: [24] missing or incorrect copyright line; expected: //! Copyright (C) 2025 Acar, Blelloch and Milnes from 'Algorithms Parallel and Sequential'.

/home/milnes/projects/APAS-VERUS/src/Chap19/ArraySeqMtEphSlice.rs:
/home/milnes/projects/APAS-VERUS/src/Chap19/ArraySeqMtEphSlice.rs:1: info: [1] has mod declarations
/home/milnes/projects/APAS-VERUS/src/Chap19/ArraySeqMtEphSlice.rs:1: info: [2] vstd::prelude::* before verus!
/home/milnes/projects/APAS-VERUS/src/Chap19/ArraySeqMtEphSlice.rs:1: info: [3] has verus! macro
/home/milnes/projects/APAS-VERUS/src/Chap19/ArraySeqMtEphSlice.rs:1: info: [4] std imports grouped with trailing blank
/home/milnes/projects/APAS-VERUS/src/Chap19/ArraySeqMtEphSlice.rs:1: info: [5] vstd imports grouped with trailing blank
/home/milnes/projects/APAS-VERUS/src/Chap19/ArraySeqMtEphSlice.rs:1: info: [11] Set/Seq usage has broadcast groups
/home/milnes/projects/APAS-VERUS/src/Chap19/ArraySeqMtEphSlice.rs:1: info: [12] all trait fns have specs
/home/milnes/projects/APAS-VERUS/src/Chap19/ArraySeqMtEphSlice.rs:1: info: [13] trait impls inside verus!
/home/milnes/projects/APAS-VERUS/src/Chap19/ArraySeqMtEphSlice.rs:1: info: [14] Debug, Display outside verus!
/home/milnes/projects/APAS-VERUS/src/Chap19/ArraySeqMtEphSlice.rs:1: info: [15] Clone, PartialEq, Eq inside verus!
/home/milnes/projects/APAS-VERUS/src/Chap19/ArraySeqMtEphSlice.rs:1: info: [16] Lit macro definitions at end of file
/home/milnes/projects/APAS-VERUS/src/Chap19/ArraySeqMtEphSlice.rs:1: info: [18] definition order correct
/home/milnes/projects/APAS-VERUS/src/Chap19/ArraySeqMtEphSlice.rs:1: info: [19] no generic return names
/home/milnes/projects/APAS-VERUS/src/Chap19/ArraySeqMtEphSlice.rs:1: info: [20] all traits have impls
/home/milnes/projects/APAS-VERUS/src/Chap19/ArraySeqMtEphSlice.rs:1: info: [21] broadcast use: vstd:: before crate::
/home/milnes/projects/APAS-VERUS/src/Chap19/ArraySeqMtEphSlice.rs:1: info: [22a:exec] free fn tabulate_dc_vec correctly free (Standard 19)
/home/milnes/projects/APAS-VERUS/src/Chap19/ArraySeqMtEphSlice.rs:1: info: [22a:proof] free proof fn lemma_monoid_fold_left correctly free (Standard 19)
/home/milnes/projects/APAS-VERUS/src/Chap19/ArraySeqMtEphSlice.rs:1: info: [22a:proof] free proof fn lemma_prefix_fold_matching correctly free (Standard 19)
/home/milnes/projects/APAS-VERUS/src/Chap19/ArraySeqMtEphSlice.rs:1: info: [22a:proof] free proof fn lemma_prefix_fold_split correctly free (Standard 19)
/home/milnes/projects/APAS-VERUS/src/Chap19/ArraySeqMtEphSlice.rs:1: info: [22a:proof] free proof fn lemma_prefix_fold_eq_fold_left correctly free (Standard 19)
/home/milnes/projects/APAS-VERUS/src/Chap19/ArraySeqMtEphSlice.rs:1: info: [22a:spec] free spec fn spec_prefix_fold correctly free (Standard 19)
/home/milnes/projects/APAS-VERUS/src/Chap19/ArraySeqMtEphSlice.rs:1: info: [23a] spec/proof fn spec_nested_wf param T has looser bounds `(none)` (trait ArraySeqMtEphSliceTrait has `StTInMtT`)
/home/milnes/projects/APAS-VERUS/src/Chap19/ArraySeqMtEphSlice.rs:1: info: [23a] spec/proof fn spec_prefix_fold param T has looser bounds `(none)` (trait ArraySeqMtEphSliceTrait has `StTInMtT`)
/home/milnes/projects/APAS-VERUS/src/Chap19/ArraySeqMtEphSlice.rs:1: info: [23a] spec/proof fn spec_sum_inner_lens param T has looser bounds `(none)` (trait ArraySeqMtEphSliceTrait has `StTInMtT`)
/home/milnes/projects/APAS-VERUS/src/Chap19/ArraySeqMtEphSlice.rs:1: info: [23a] spec/proof fn lemma_monoid_fold_left param T has looser bounds `(none)` (trait ArraySeqMtEphSliceTrait has `StTInMtT`)
/home/milnes/projects/APAS-VERUS/src/Chap19/ArraySeqMtEphSlice.rs:1: info: [23a] spec/proof fn lemma_prefix_fold_matching param T has looser bounds `(none)` (trait ArraySeqMtEphSliceTrait has `StTInMtT`)
/home/milnes/projects/APAS-VERUS/src/Chap19/ArraySeqMtEphSlice.rs:1: info: [23a] spec/proof fn lemma_prefix_fold_split param T has looser bounds `(none)` (trait ArraySeqMtEphSliceTrait has `StTInMtT`)
/home/milnes/projects/APAS-VERUS/src/Chap19/ArraySeqMtEphSlice.rs:1: info: [23a] spec/proof fn lemma_prefix_fold_eq_fold_left param T has looser bounds `(none)` (trait ArraySeqMtEphSliceTrait has `StTInMtT`)
/home/milnes/projects/APAS-VERUS/src/Chap19/ArraySeqMtEphSlice.rs:1: info: [23a] spec/proof fn lemma_sum_inner_lens_split param T has looser bounds `(none)` (trait ArraySeqMtEphSliceTrait has `StTInMtT`)
/home/milnes/projects/APAS-VERUS/src/Chap19/ArraySeqMtEphSlice.rs:1: info: [23b] free fn type bounds compatible with trait
/home/milnes/projects/APAS-VERUS/src/Chap19/ArraySeqMtEphSlice.rs:1: warning: [17] collection ArraySeqMtEphSliceS should have an Iterator impl
/home/milnes/projects/APAS-VERUS/src/Chap19/ArraySeqMtEphSlice.rs:909: warning: [22:exec] free fn reduce_dc should be a trait method
/home/milnes/projects/APAS-VERUS/src/Chap19/ArraySeqMtEphSlice.rs:1017: warning: [22:exec] free fn map_dc_vec should be a trait method
/home/milnes/projects/APAS-VERUS/src/Chap19/ArraySeqMtEphSlice.rs:1090: warning: [22:exec] free fn filter_dc_vec should be a trait method
/home/milnes/projects/APAS-VERUS/src/Chap19/ArraySeqMtEphSlice.rs:1265: warning: [22:exec] free fn scan_dc_vec should be a trait method
/home/milnes/projects/APAS-VERUS/src/Chap19/ArraySeqMtEphSlice.rs:1449: warning: [22:exec] free fn flatten should be a trait method
/home/milnes/projects/APAS-VERUS/src/Chap19/ArraySeqMtEphSlice.rs:1466: warning: [22:exec] free fn flatten_dc_vec should be a trait method
/home/milnes/projects/APAS-VERUS/src/Chap19/ArraySeqMtEphSlice.rs:230: warning: [22:proof] free proof fn lemma_sum_inner_lens_split should be a trait method
/home/milnes/projects/APAS-VERUS/src/Chap19/ArraySeqMtEphSlice.rs:95: warning: [22:spec] free spec fn spec_nested_wf should be an abstract signature in a trait with body in the impl
/home/milnes/projects/APAS-VERUS/src/Chap19/ArraySeqMtEphSlice.rs:119: warning: [22:spec] free spec fn spec_sum_inner_lens should be an abstract signature in a trait with body in the impl
/home/milnes/projects/APAS-VERUS/src/Chap19/ArraySeqMtEphSlice.rs:1: warning: [24] missing or incorrect copyright line; expected: //! Copyright (C) 2025 Acar, Blelloch and Milnes from 'Algorithms Parallel and Sequential'.

/home/milnes/projects/APAS-VERUS/src/Chap19/ArraySeqSpecsAndLemmas.rs:
/home/milnes/projects/APAS-VERUS/src/Chap19/ArraySeqSpecsAndLemmas.rs:1: info: [1] has mod declarations
/home/milnes/projects/APAS-VERUS/src/Chap19/ArraySeqSpecsAndLemmas.rs:1: info: [2] vstd::prelude::* before verus!
/home/milnes/projects/APAS-VERUS/src/Chap19/ArraySeqSpecsAndLemmas.rs:1: info: [3] has verus! macro
/home/milnes/projects/APAS-VERUS/src/Chap19/ArraySeqSpecsAndLemmas.rs:1: info: [4] no std imports (ok)
/home/milnes/projects/APAS-VERUS/src/Chap19/ArraySeqSpecsAndLemmas.rs:1: info: [5] no vstd imports (ok)
/home/milnes/projects/APAS-VERUS/src/Chap19/ArraySeqSpecsAndLemmas.rs:1: info: [11] Set/Seq usage has broadcast groups
/home/milnes/projects/APAS-VERUS/src/Chap19/ArraySeqSpecsAndLemmas.rs:1: info: [12] no traits (ok)
/home/milnes/projects/APAS-VERUS/src/Chap19/ArraySeqSpecsAndLemmas.rs:1: info: [13] no non-derive trait impls (ok)
/home/milnes/projects/APAS-VERUS/src/Chap19/ArraySeqSpecsAndLemmas.rs:1: info: [14] no Debug/Display impls (ok)
/home/milnes/projects/APAS-VERUS/src/Chap19/ArraySeqSpecsAndLemmas.rs:1: info: [15] no PartialEq/Eq/Clone/Hash/Ord impls (ok)
/home/milnes/projects/APAS-VERUS/src/Chap19/ArraySeqSpecsAndLemmas.rs:1: info: [16] no Lit macro definitions (ok)
/home/milnes/projects/APAS-VERUS/src/Chap19/ArraySeqSpecsAndLemmas.rs:1: info: [17] no collection structs (ok)
/home/milnes/projects/APAS-VERUS/src/Chap19/ArraySeqSpecsAndLemmas.rs:1: info: [18] definition order correct
/home/milnes/projects/APAS-VERUS/src/Chap19/ArraySeqSpecsAndLemmas.rs:1: info: [19] no generic return names
/home/milnes/projects/APAS-VERUS/src/Chap19/ArraySeqSpecsAndLemmas.rs:1: info: [20] no traits defined
/home/milnes/projects/APAS-VERUS/src/Chap19/ArraySeqSpecsAndLemmas.rs:1: info: [21] broadcast use: vstd:: before crate::
/home/milnes/projects/APAS-VERUS/src/Chap19/ArraySeqSpecsAndLemmas.rs:1: info: [22:exec] exec fns: all in traits
/home/milnes/projects/APAS-VERUS/src/Chap19/ArraySeqSpecsAndLemmas.rs:1: info: [22a:proof] free proof fn lemma_spec_inject_len correctly free (Standard 19)
/home/milnes/projects/APAS-VERUS/src/Chap19/ArraySeqSpecsAndLemmas.rs:1: info: [22a:proof] free proof fn lemma_spec_inject_element correctly free (Standard 19)
/home/milnes/projects/APAS-VERUS/src/Chap19/ArraySeqSpecsAndLemmas.rs:1: info: [22a:spec] free spec fn spec_iterate correctly free (Standard 19)
/home/milnes/projects/APAS-VERUS/src/Chap19/ArraySeqSpecsAndLemmas.rs:1: info: [22a:spec] free spec fn spec_inject correctly free (Standard 19)
/home/milnes/projects/APAS-VERUS/src/Chap19/ArraySeqSpecsAndLemmas.rs:1: info: [22a:spec] free spec fn spec_ninject correctly free (Standard 19)
/home/milnes/projects/APAS-VERUS/src/Chap19/ArraySeqSpecsAndLemmas.rs:1: info: [23a] no spec/proof fns with looser bounds
/home/milnes/projects/APAS-VERUS/src/Chap19/ArraySeqSpecsAndLemmas.rs:1: info: [23b] free fn type bounds compatible with trait
/home/milnes/projects/APAS-VERUS/src/Chap19/ArraySeqSpecsAndLemmas.rs:1: warning: [24] missing or incorrect copyright line; expected: //! Copyright (C) 2025 Acar, Blelloch and Milnes from 'Algorithms Parallel and Sequential'.

/home/milnes/projects/APAS-VERUS/src/Chap19/ArraySeqStEph.rs:
/home/milnes/projects/APAS-VERUS/src/Chap19/ArraySeqStEph.rs:1: info: [1] has mod declarations
/home/milnes/projects/APAS-VERUS/src/Chap19/ArraySeqStEph.rs:1: info: [2] vstd::prelude::* before verus!
/home/milnes/projects/APAS-VERUS/src/Chap19/ArraySeqStEph.rs:1: info: [3] has verus! macro
/home/milnes/projects/APAS-VERUS/src/Chap19/ArraySeqStEph.rs:1: info: [4] std imports grouped with trailing blank
/home/milnes/projects/APAS-VERUS/src/Chap19/ArraySeqStEph.rs:1: info: [5] vstd imports grouped with trailing blank
/home/milnes/projects/APAS-VERUS/src/Chap19/ArraySeqStEph.rs:1: info: [11] Set/Seq usage has broadcast groups
/home/milnes/projects/APAS-VERUS/src/Chap19/ArraySeqStEph.rs:1: info: [12] all trait fns have specs
/home/milnes/projects/APAS-VERUS/src/Chap19/ArraySeqStEph.rs:1: info: [13] trait impls inside verus!
/home/milnes/projects/APAS-VERUS/src/Chap19/ArraySeqStEph.rs:1: info: [14] Debug, Display outside verus!
/home/milnes/projects/APAS-VERUS/src/Chap19/ArraySeqStEph.rs:1: info: [15] Clone, Eq, PartialEq inside verus!
/home/milnes/projects/APAS-VERUS/src/Chap19/ArraySeqStEph.rs:1: info: [16] Lit macro definitions at end of file
/home/milnes/projects/APAS-VERUS/src/Chap19/ArraySeqStEph.rs:1: info: [18] definition order correct
/home/milnes/projects/APAS-VERUS/src/Chap19/ArraySeqStEph.rs:1: info: [19] no generic return names
/home/milnes/projects/APAS-VERUS/src/Chap19/ArraySeqStEph.rs:1: info: [20] all traits have impls
/home/milnes/projects/APAS-VERUS/src/Chap19/ArraySeqStEph.rs:1: info: [21] broadcast use: vstd:: before crate::
/home/milnes/projects/APAS-VERUS/src/Chap19/ArraySeqStEph.rs:1: info: [22:exec] exec fns: all in traits
/home/milnes/projects/APAS-VERUS/src/Chap19/ArraySeqStEph.rs:1: info: [22:spec] spec fns: all in traits as abstract signatures
/home/milnes/projects/APAS-VERUS/src/Chap19/ArraySeqStEph.rs:1: info: [22a:proof] free proof fn lemma_flatten_bounded_by_outer_len correctly free (Standard 19)
/home/milnes/projects/APAS-VERUS/src/Chap19/ArraySeqStEph.rs:1: info: [22a:proof] free proof fn lemma_flatten_all_satisfy correctly free (Standard 19)
/home/milnes/projects/APAS-VERUS/src/Chap19/ArraySeqStEph.rs:1: info: [23a] no spec/proof fns with looser bounds
/home/milnes/projects/APAS-VERUS/src/Chap19/ArraySeqStEph.rs:1: info: [23b] free fn type bounds compatible with trait
/home/milnes/projects/APAS-VERUS/src/Chap19/ArraySeqStEph.rs:1: warning: [17] collection ArraySeqStEphS should have an Iterator impl
/home/milnes/projects/APAS-VERUS/src/Chap19/ArraySeqStEph.rs:1: warning: [24] missing or incorrect copyright line; expected: //! Copyright (C) 2025 Acar, Blelloch and Milnes from 'Algorithms Parallel and Sequential'.

/home/milnes/projects/APAS-VERUS/src/Chap19/ArraySeqStPer.rs:
/home/milnes/projects/APAS-VERUS/src/Chap19/ArraySeqStPer.rs:1: info: [1] has mod declarations
/home/milnes/projects/APAS-VERUS/src/Chap19/ArraySeqStPer.rs:1: info: [2] vstd::prelude::* before verus!
/home/milnes/projects/APAS-VERUS/src/Chap19/ArraySeqStPer.rs:1: info: [3] has verus! macro
/home/milnes/projects/APAS-VERUS/src/Chap19/ArraySeqStPer.rs:1: info: [4] std imports grouped with trailing blank
/home/milnes/projects/APAS-VERUS/src/Chap19/ArraySeqStPer.rs:1: info: [5] vstd imports grouped with trailing blank
/home/milnes/projects/APAS-VERUS/src/Chap19/ArraySeqStPer.rs:1: info: [11] Set/Seq usage has broadcast groups
/home/milnes/projects/APAS-VERUS/src/Chap19/ArraySeqStPer.rs:1: info: [12] all trait fns have specs
/home/milnes/projects/APAS-VERUS/src/Chap19/ArraySeqStPer.rs:1: info: [13] trait impls inside verus!
/home/milnes/projects/APAS-VERUS/src/Chap19/ArraySeqStPer.rs:1: info: [14] Debug, Display outside verus!
/home/milnes/projects/APAS-VERUS/src/Chap19/ArraySeqStPer.rs:1: info: [15] Clone, Eq, PartialEq inside verus!
/home/milnes/projects/APAS-VERUS/src/Chap19/ArraySeqStPer.rs:1: info: [16] Lit macro definitions at end of file
/home/milnes/projects/APAS-VERUS/src/Chap19/ArraySeqStPer.rs:1: info: [18] definition order correct
/home/milnes/projects/APAS-VERUS/src/Chap19/ArraySeqStPer.rs:1: info: [19] no generic return names
/home/milnes/projects/APAS-VERUS/src/Chap19/ArraySeqStPer.rs:1: info: [20] all traits have impls
/home/milnes/projects/APAS-VERUS/src/Chap19/ArraySeqStPer.rs:1: info: [21] broadcast use: vstd:: before crate::
/home/milnes/projects/APAS-VERUS/src/Chap19/ArraySeqStPer.rs:1: info: [22:exec] exec fns: all in traits
/home/milnes/projects/APAS-VERUS/src/Chap19/ArraySeqStPer.rs:1: info: [22:spec] spec fns: all in traits as abstract signatures
/home/milnes/projects/APAS-VERUS/src/Chap19/ArraySeqStPer.rs:1: info: [22a:proof] free proof fn lemma_flatten_bounded_by_outer_len correctly free (Standard 19)
/home/milnes/projects/APAS-VERUS/src/Chap19/ArraySeqStPer.rs:1: info: [22a:proof] free proof fn lemma_flatten_all_satisfy correctly free (Standard 19)
/home/milnes/projects/APAS-VERUS/src/Chap19/ArraySeqStPer.rs:1: info: [23a] no spec/proof fns with looser bounds
/home/milnes/projects/APAS-VERUS/src/Chap19/ArraySeqStPer.rs:1: info: [23b] free fn type bounds compatible with trait
/home/milnes/projects/APAS-VERUS/src/Chap19/ArraySeqStPer.rs:1: warning: [17] collection ArraySeqStPerS should have an Iterator impl
/home/milnes/projects/APAS-VERUS/src/Chap19/ArraySeqStPer.rs:1: warning: [24] missing or incorrect copyright line; expected: //! Copyright (C) 2025 Acar, Blelloch and Milnes from 'Algorithms Parallel and Sequential'.

/home/milnes/projects/APAS-VERUS/src/Chap21/Algorithm21_1.rs:
/home/milnes/projects/APAS-VERUS/src/Chap21/Algorithm21_1.rs:1: info: [1] has mod declarations
/home/milnes/projects/APAS-VERUS/src/Chap21/Algorithm21_1.rs:1: info: [2] vstd::prelude::* before verus!
/home/milnes/projects/APAS-VERUS/src/Chap21/Algorithm21_1.rs:1: info: [3] has verus! macro
/home/milnes/projects/APAS-VERUS/src/Chap21/Algorithm21_1.rs:1: info: [4] no std imports (ok)
/home/milnes/projects/APAS-VERUS/src/Chap21/Algorithm21_1.rs:1: info: [5] no vstd imports (ok)
/home/milnes/projects/APAS-VERUS/src/Chap21/Algorithm21_1.rs:1: info: [11] Set/Seq usage has broadcast groups
/home/milnes/projects/APAS-VERUS/src/Chap21/Algorithm21_1.rs:1: info: [12] no traits (ok)
/home/milnes/projects/APAS-VERUS/src/Chap21/Algorithm21_1.rs:1: info: [13] no non-derive trait impls (ok)
/home/milnes/projects/APAS-VERUS/src/Chap21/Algorithm21_1.rs:1: info: [14] no Debug/Display impls (ok)
/home/milnes/projects/APAS-VERUS/src/Chap21/Algorithm21_1.rs:1: info: [15] no PartialEq/Eq/Clone/Hash/Ord impls (ok)
/home/milnes/projects/APAS-VERUS/src/Chap21/Algorithm21_1.rs:1: info: [16] no Lit macro definitions (ok)
/home/milnes/projects/APAS-VERUS/src/Chap21/Algorithm21_1.rs:1: info: [17] no collection structs (ok)
/home/milnes/projects/APAS-VERUS/src/Chap21/Algorithm21_1.rs:1: info: [18] definition order correct
/home/milnes/projects/APAS-VERUS/src/Chap21/Algorithm21_1.rs:1: info: [19] no generic return names
/home/milnes/projects/APAS-VERUS/src/Chap21/Algorithm21_1.rs:1: info: [20] no traits defined
/home/milnes/projects/APAS-VERUS/src/Chap21/Algorithm21_1.rs:1: info: [21] broadcast use: vstd:: before crate::
/home/milnes/projects/APAS-VERUS/src/Chap21/Algorithm21_1.rs:1: info: [22a:exec] free fn flatten_inner correctly free (Standard 19)
/home/milnes/projects/APAS-VERUS/src/Chap21/Algorithm21_1.rs:1: info: [22a:exec] free fn points2d_tab_flat correctly free (Standard 19)
/home/milnes/projects/APAS-VERUS/src/Chap21/Algorithm21_1.rs:1: info: [22a:proof] free proof fn lemma_sum_inner_lens_mono correctly free (Standard 19)
/home/milnes/projects/APAS-VERUS/src/Chap21/Algorithm21_1.rs:1: info: [22a:proof] free proof fn lemma_sum_inner_lens_uniform correctly free (Standard 19)
/home/milnes/projects/APAS-VERUS/src/Chap21/Algorithm21_1.rs:1: info: [22a:spec] free spec fn sum_inner_lens correctly free (Standard 19)
/home/milnes/projects/APAS-VERUS/src/Chap21/Algorithm21_1.rs:1: info: [23a] no spec/proof fns with looser bounds
/home/milnes/projects/APAS-VERUS/src/Chap21/Algorithm21_1.rs:1: info: [23b] free fn type bounds compatible with trait
/home/milnes/projects/APAS-VERUS/src/Chap21/Algorithm21_1.rs:1: warning: [24] missing or incorrect copyright line; expected: //! Copyright (C) 2025 Acar, Blelloch and Milnes from 'Algorithms Parallel and Sequential'.

/home/milnes/projects/APAS-VERUS/src/Chap21/Algorithm21_2.rs:
/home/milnes/projects/APAS-VERUS/src/Chap21/Algorithm21_2.rs:1: info: [1] has mod declarations
/home/milnes/projects/APAS-VERUS/src/Chap21/Algorithm21_2.rs:1: info: [2] vstd::prelude::* before verus!
/home/milnes/projects/APAS-VERUS/src/Chap21/Algorithm21_2.rs:1: info: [3] has verus! macro
/home/milnes/projects/APAS-VERUS/src/Chap21/Algorithm21_2.rs:1: info: [4] no std imports (ok)
/home/milnes/projects/APAS-VERUS/src/Chap21/Algorithm21_2.rs:1: info: [5] vstd imports grouped with trailing blank
/home/milnes/projects/APAS-VERUS/src/Chap21/Algorithm21_2.rs:1: info: [11] no Set/Seq usage (ok)
/home/milnes/projects/APAS-VERUS/src/Chap21/Algorithm21_2.rs:1: info: [12] no traits (ok)
/home/milnes/projects/APAS-VERUS/src/Chap21/Algorithm21_2.rs:1: info: [13] no non-derive trait impls (ok)
/home/milnes/projects/APAS-VERUS/src/Chap21/Algorithm21_2.rs:1: info: [14] no Debug/Display impls (ok)
/home/milnes/projects/APAS-VERUS/src/Chap21/Algorithm21_2.rs:1: info: [15] no PartialEq/Eq/Clone/Hash/Ord impls (ok)
/home/milnes/projects/APAS-VERUS/src/Chap21/Algorithm21_2.rs:1: info: [16] no Lit macro definitions (ok)
/home/milnes/projects/APAS-VERUS/src/Chap21/Algorithm21_2.rs:1: info: [17] no collection structs (ok)
/home/milnes/projects/APAS-VERUS/src/Chap21/Algorithm21_2.rs:1: info: [18] definition order correct
/home/milnes/projects/APAS-VERUS/src/Chap21/Algorithm21_2.rs:1: info: [19] no generic return names
/home/milnes/projects/APAS-VERUS/src/Chap21/Algorithm21_2.rs:1: info: [20] no traits defined
/home/milnes/projects/APAS-VERUS/src/Chap21/Algorithm21_2.rs:1: info: [21] broadcast use: vstd:: before crate::
/home/milnes/projects/APAS-VERUS/src/Chap21/Algorithm21_2.rs:1: info: [22:proof] proof fns: all in traits
/home/milnes/projects/APAS-VERUS/src/Chap21/Algorithm21_2.rs:1: info: [22:spec] spec fns: all in traits as abstract signatures
/home/milnes/projects/APAS-VERUS/src/Chap21/Algorithm21_2.rs:1: info: [22a:exec] free fn points3d_tab_flat correctly free (Standard 19)
/home/milnes/projects/APAS-VERUS/src/Chap21/Algorithm21_2.rs:1: info: [23a] spec/proof fn looser bounds: N/A
/home/milnes/projects/APAS-VERUS/src/Chap21/Algorithm21_2.rs:1: info: [23b] free fn stricter bounds: N/A
/home/milnes/projects/APAS-VERUS/src/Chap21/Algorithm21_2.rs:1: warning: [24] missing or incorrect copyright line; expected: //! Copyright (C) 2025 Acar, Blelloch and Milnes from 'Algorithms Parallel and Sequential'.

/home/milnes/projects/APAS-VERUS/src/Chap21/Algorithm21_5.rs:
/home/milnes/projects/APAS-VERUS/src/Chap21/Algorithm21_5.rs:1: info: [1] has mod declarations
/home/milnes/projects/APAS-VERUS/src/Chap21/Algorithm21_5.rs:1: info: [2] vstd::prelude::* before verus!
/home/milnes/projects/APAS-VERUS/src/Chap21/Algorithm21_5.rs:1: info: [3] has verus! macro
/home/milnes/projects/APAS-VERUS/src/Chap21/Algorithm21_5.rs:1: info: [4] no std imports (ok)
/home/milnes/projects/APAS-VERUS/src/Chap21/Algorithm21_5.rs:1: info: [5] no vstd imports (ok)
/home/milnes/projects/APAS-VERUS/src/Chap21/Algorithm21_5.rs:1: info: [12] no traits (ok)
/home/milnes/projects/APAS-VERUS/src/Chap21/Algorithm21_5.rs:1: info: [13] no non-derive trait impls (ok)
/home/milnes/projects/APAS-VERUS/src/Chap21/Algorithm21_5.rs:1: info: [14] no Debug/Display impls (ok)
/home/milnes/projects/APAS-VERUS/src/Chap21/Algorithm21_5.rs:1: info: [15] no PartialEq/Eq/Clone/Hash/Ord impls (ok)
/home/milnes/projects/APAS-VERUS/src/Chap21/Algorithm21_5.rs:1: info: [16] no Lit macro definitions (ok)
/home/milnes/projects/APAS-VERUS/src/Chap21/Algorithm21_5.rs:1: info: [17] no collection structs (ok)
/home/milnes/projects/APAS-VERUS/src/Chap21/Algorithm21_5.rs:1: info: [18] definition order correct
/home/milnes/projects/APAS-VERUS/src/Chap21/Algorithm21_5.rs:1: info: [19] no generic return names
/home/milnes/projects/APAS-VERUS/src/Chap21/Algorithm21_5.rs:1: info: [20] no traits defined
/home/milnes/projects/APAS-VERUS/src/Chap21/Algorithm21_5.rs:1: info: [21] broadcast use: vstd:: before crate::
/home/milnes/projects/APAS-VERUS/src/Chap21/Algorithm21_5.rs:1: info: [22:proof] proof fns: all in traits
/home/milnes/projects/APAS-VERUS/src/Chap21/Algorithm21_5.rs:1: info: [22:spec] spec fns: all in traits as abstract signatures
/home/milnes/projects/APAS-VERUS/src/Chap21/Algorithm21_5.rs:1: info: [22a:exec] free fn primes_bf correctly free (Standard 19)
/home/milnes/projects/APAS-VERUS/src/Chap21/Algorithm21_5.rs:1: info: [23a] spec/proof fn looser bounds: N/A
/home/milnes/projects/APAS-VERUS/src/Chap21/Algorithm21_5.rs:1: info: [23b] free fn stricter bounds: N/A
/home/milnes/projects/APAS-VERUS/src/Chap21/Algorithm21_5.rs:1: warning: [11] Seq usage should have vstd::seq::group_seq_axioms in broadcast use
/home/milnes/projects/APAS-VERUS/src/Chap21/Algorithm21_5.rs:1: warning: [24] missing or incorrect copyright line; expected: //! Copyright (C) 2025 Acar, Blelloch and Milnes from 'Algorithms Parallel and Sequential'.

/home/milnes/projects/APAS-VERUS/src/Chap21/Algorithm21_6.rs:
/home/milnes/projects/APAS-VERUS/src/Chap21/Algorithm21_6.rs:1: info: [1] has mod declarations
/home/milnes/projects/APAS-VERUS/src/Chap21/Algorithm21_6.rs:1: info: [2] vstd::prelude::* before verus!
/home/milnes/projects/APAS-VERUS/src/Chap21/Algorithm21_6.rs:1: info: [3] has verus! macro
/home/milnes/projects/APAS-VERUS/src/Chap21/Algorithm21_6.rs:1: info: [4] no std imports (ok)
/home/milnes/projects/APAS-VERUS/src/Chap21/Algorithm21_6.rs:1: info: [5] no vstd imports (ok)
/home/milnes/projects/APAS-VERUS/src/Chap21/Algorithm21_6.rs:1: info: [11] no Set/Seq usage (ok)
/home/milnes/projects/APAS-VERUS/src/Chap21/Algorithm21_6.rs:1: info: [12] no traits (ok)
/home/milnes/projects/APAS-VERUS/src/Chap21/Algorithm21_6.rs:1: info: [13] no non-derive trait impls (ok)
/home/milnes/projects/APAS-VERUS/src/Chap21/Algorithm21_6.rs:1: info: [14] no Debug/Display impls (ok)
/home/milnes/projects/APAS-VERUS/src/Chap21/Algorithm21_6.rs:1: info: [15] no PartialEq/Eq/Clone/Hash/Ord impls (ok)
/home/milnes/projects/APAS-VERUS/src/Chap21/Algorithm21_6.rs:1: info: [16] no Lit macro definitions (ok)
/home/milnes/projects/APAS-VERUS/src/Chap21/Algorithm21_6.rs:1: info: [17] no collection structs (ok)
/home/milnes/projects/APAS-VERUS/src/Chap21/Algorithm21_6.rs:1: info: [18] definition order correct
/home/milnes/projects/APAS-VERUS/src/Chap21/Algorithm21_6.rs:1: info: [19] no generic return names
/home/milnes/projects/APAS-VERUS/src/Chap21/Algorithm21_6.rs:1: info: [20] no traits defined
/home/milnes/projects/APAS-VERUS/src/Chap21/Algorithm21_6.rs:1: info: [21] broadcast use: vstd:: before crate::
/home/milnes/projects/APAS-VERUS/src/Chap21/Algorithm21_6.rs:1: info: [22:spec] spec fns: all in traits as abstract signatures
/home/milnes/projects/APAS-VERUS/src/Chap21/Algorithm21_6.rs:1: info: [22a:exec] free fn prime_sieve correctly free (Standard 19)
/home/milnes/projects/APAS-VERUS/src/Chap21/Algorithm21_6.rs:1: info: [22a:proof] free proof fn lemma_product_not_prime correctly free (Standard 19)
/home/milnes/projects/APAS-VERUS/src/Chap21/Algorithm21_6.rs:1: info: [23a] spec/proof fn looser bounds: N/A
/home/milnes/projects/APAS-VERUS/src/Chap21/Algorithm21_6.rs:1: info: [23b] free fn stricter bounds: N/A
/home/milnes/projects/APAS-VERUS/src/Chap21/Algorithm21_6.rs:1: warning: [24] missing or incorrect copyright line; expected: //! Copyright (C) 2025 Acar, Blelloch and Milnes from 'Algorithms Parallel and Sequential'.

/home/milnes/projects/APAS-VERUS/src/Chap21/Exercise21_5.rs:
/home/milnes/projects/APAS-VERUS/src/Chap21/Exercise21_5.rs:1: info: [1] has mod declarations
/home/milnes/projects/APAS-VERUS/src/Chap21/Exercise21_5.rs:1: info: [2] vstd::prelude::* before verus!
/home/milnes/projects/APAS-VERUS/src/Chap21/Exercise21_5.rs:1: info: [3] has verus! macro
/home/milnes/projects/APAS-VERUS/src/Chap21/Exercise21_5.rs:1: info: [4] no std imports (ok)
/home/milnes/projects/APAS-VERUS/src/Chap21/Exercise21_5.rs:1: info: [5] no vstd imports (ok)
/home/milnes/projects/APAS-VERUS/src/Chap21/Exercise21_5.rs:1: info: [11] Set/Seq usage has broadcast groups
/home/milnes/projects/APAS-VERUS/src/Chap21/Exercise21_5.rs:1: info: [12] no traits (ok)
/home/milnes/projects/APAS-VERUS/src/Chap21/Exercise21_5.rs:1: info: [13] no non-derive trait impls (ok)
/home/milnes/projects/APAS-VERUS/src/Chap21/Exercise21_5.rs:1: info: [14] no Debug/Display impls (ok)
/home/milnes/projects/APAS-VERUS/src/Chap21/Exercise21_5.rs:1: info: [15] no PartialEq/Eq/Clone/Hash/Ord impls (ok)
/home/milnes/projects/APAS-VERUS/src/Chap21/Exercise21_5.rs:1: info: [16] no Lit macro definitions (ok)
/home/milnes/projects/APAS-VERUS/src/Chap21/Exercise21_5.rs:1: info: [17] no collection structs (ok)
/home/milnes/projects/APAS-VERUS/src/Chap21/Exercise21_5.rs:1: info: [18] definition order correct
/home/milnes/projects/APAS-VERUS/src/Chap21/Exercise21_5.rs:1: info: [19] no generic return names
/home/milnes/projects/APAS-VERUS/src/Chap21/Exercise21_5.rs:1: info: [20] no traits defined
/home/milnes/projects/APAS-VERUS/src/Chap21/Exercise21_5.rs:1: info: [21] broadcast use: vstd:: before crate::
/home/milnes/projects/APAS-VERUS/src/Chap21/Exercise21_5.rs:1: info: [22:spec] spec fns: all in traits as abstract signatures
/home/milnes/projects/APAS-VERUS/src/Chap21/Exercise21_5.rs:1: info: [22a:exec] free fn all_contiguous_subseqs correctly free (Standard 19)
/home/milnes/projects/APAS-VERUS/src/Chap21/Exercise21_5.rs:1: info: [22a:proof] free proof fn lemma_inner_lens_sum_triangular correctly free (Standard 19)
/home/milnes/projects/APAS-VERUS/src/Chap21/Exercise21_5.rs:1: info: [23a] no spec/proof fns with looser bounds
/home/milnes/projects/APAS-VERUS/src/Chap21/Exercise21_5.rs:1: info: [23b] free fn type bounds compatible with trait
/home/milnes/projects/APAS-VERUS/src/Chap21/Exercise21_5.rs:1: warning: [24] missing or incorrect copyright line; expected: //! Copyright (C) 2025 Acar, Blelloch and Milnes from 'Algorithms Parallel and Sequential'.

/home/milnes/projects/APAS-VERUS/src/Chap21/Exercise21_6.rs:
/home/milnes/projects/APAS-VERUS/src/Chap21/Exercise21_6.rs:1: info: [1] has mod declarations
/home/milnes/projects/APAS-VERUS/src/Chap21/Exercise21_6.rs:1: info: [2] vstd::prelude::* before verus!
/home/milnes/projects/APAS-VERUS/src/Chap21/Exercise21_6.rs:1: info: [3] has verus! macro
/home/milnes/projects/APAS-VERUS/src/Chap21/Exercise21_6.rs:1: info: [4] no std imports (ok)
/home/milnes/projects/APAS-VERUS/src/Chap21/Exercise21_6.rs:1: info: [5] no vstd imports (ok)
/home/milnes/projects/APAS-VERUS/src/Chap21/Exercise21_6.rs:1: info: [11] no Set/Seq usage (ok)
/home/milnes/projects/APAS-VERUS/src/Chap21/Exercise21_6.rs:1: info: [12] no traits (ok)
/home/milnes/projects/APAS-VERUS/src/Chap21/Exercise21_6.rs:1: info: [13] no non-derive trait impls (ok)
/home/milnes/projects/APAS-VERUS/src/Chap21/Exercise21_6.rs:1: info: [14] no Debug/Display impls (ok)
/home/milnes/projects/APAS-VERUS/src/Chap21/Exercise21_6.rs:1: info: [15] no PartialEq/Eq/Clone/Hash/Ord impls (ok)
/home/milnes/projects/APAS-VERUS/src/Chap21/Exercise21_6.rs:1: info: [16] no Lit macro definitions (ok)
/home/milnes/projects/APAS-VERUS/src/Chap21/Exercise21_6.rs:1: info: [17] no collection structs (ok)
/home/milnes/projects/APAS-VERUS/src/Chap21/Exercise21_6.rs:1: info: [18] verus! block empty (ok)
/home/milnes/projects/APAS-VERUS/src/Chap21/Exercise21_6.rs:1: info: [19] no generic return names
/home/milnes/projects/APAS-VERUS/src/Chap21/Exercise21_6.rs:1: info: [20] no traits defined
/home/milnes/projects/APAS-VERUS/src/Chap21/Exercise21_6.rs:1: info: [21] no broadcast use entries
/home/milnes/projects/APAS-VERUS/src/Chap21/Exercise21_6.rs:1: info: [22:exec] exec fns: all in traits
/home/milnes/projects/APAS-VERUS/src/Chap21/Exercise21_6.rs:1: info: [22:proof] proof fns: all in traits
/home/milnes/projects/APAS-VERUS/src/Chap21/Exercise21_6.rs:1: info: [22:spec] spec fns: all in traits as abstract signatures
/home/milnes/projects/APAS-VERUS/src/Chap21/Exercise21_6.rs:1: info: [23a] spec/proof fn looser bounds: N/A
/home/milnes/projects/APAS-VERUS/src/Chap21/Exercise21_6.rs:1: info: [23b] free fn stricter bounds: N/A
/home/milnes/projects/APAS-VERUS/src/Chap21/Exercise21_6.rs:1: warning: [24] missing or incorrect copyright line; expected: //! Copyright (C) 2025 Acar, Blelloch and Milnes from 'Algorithms Parallel and Sequential'.

/home/milnes/projects/APAS-VERUS/src/Chap21/Exercise21_7.rs:
/home/milnes/projects/APAS-VERUS/src/Chap21/Exercise21_7.rs:1: info: [1] has mod declarations
/home/milnes/projects/APAS-VERUS/src/Chap21/Exercise21_7.rs:1: info: [2] vstd::prelude::* before verus!
/home/milnes/projects/APAS-VERUS/src/Chap21/Exercise21_7.rs:1: info: [3] has verus! macro
/home/milnes/projects/APAS-VERUS/src/Chap21/Exercise21_7.rs:1: info: [4] no std imports (ok)
/home/milnes/projects/APAS-VERUS/src/Chap21/Exercise21_7.rs:1: info: [5] no vstd imports (ok)
/home/milnes/projects/APAS-VERUS/src/Chap21/Exercise21_7.rs:1: info: [11] no Set/Seq usage (ok)
/home/milnes/projects/APAS-VERUS/src/Chap21/Exercise21_7.rs:1: info: [12] no traits (ok)
/home/milnes/projects/APAS-VERUS/src/Chap21/Exercise21_7.rs:1: info: [13] no non-derive trait impls (ok)
/home/milnes/projects/APAS-VERUS/src/Chap21/Exercise21_7.rs:1: info: [14] no Debug/Display impls (ok)
/home/milnes/projects/APAS-VERUS/src/Chap21/Exercise21_7.rs:1: info: [15] no PartialEq/Eq/Clone/Hash/Ord impls (ok)
/home/milnes/projects/APAS-VERUS/src/Chap21/Exercise21_7.rs:1: info: [16] no Lit macro definitions (ok)
/home/milnes/projects/APAS-VERUS/src/Chap21/Exercise21_7.rs:1: info: [17] no collection structs (ok)
/home/milnes/projects/APAS-VERUS/src/Chap21/Exercise21_7.rs:1: info: [18] definition order correct
/home/milnes/projects/APAS-VERUS/src/Chap21/Exercise21_7.rs:1: info: [20] no traits defined
/home/milnes/projects/APAS-VERUS/src/Chap21/Exercise21_7.rs:1: info: [21] broadcast use: vstd:: before crate::
/home/milnes/projects/APAS-VERUS/src/Chap21/Exercise21_7.rs:1: info: [22:proof] proof fns: all in traits
/home/milnes/projects/APAS-VERUS/src/Chap21/Exercise21_7.rs:1: info: [22a:exec] free fn is_even correctly free (Standard 19)
/home/milnes/projects/APAS-VERUS/src/Chap21/Exercise21_7.rs:1: info: [22a:exec] free fn is_vowel correctly free (Standard 19)
/home/milnes/projects/APAS-VERUS/src/Chap21/Exercise21_7.rs:1: info: [22a:exec] free fn pair_even_with_vowels correctly free (Standard 19)
/home/milnes/projects/APAS-VERUS/src/Chap21/Exercise21_7.rs:1: info: [22a:spec] free spec fn spec_is_even correctly free (Standard 19)
/home/milnes/projects/APAS-VERUS/src/Chap21/Exercise21_7.rs:1: info: [22a:spec] free spec fn spec_is_vowel correctly free (Standard 19)
/home/milnes/projects/APAS-VERUS/src/Chap21/Exercise21_7.rs:1: info: [23a] spec/proof fn looser bounds: N/A
/home/milnes/projects/APAS-VERUS/src/Chap21/Exercise21_7.rs:1: info: [23b] free fn stricter bounds: N/A
/home/milnes/projects/APAS-VERUS/src/Chap21/Exercise21_7.rs:62: warning: [19] is_even return name 'r' could be more descriptive
/home/milnes/projects/APAS-VERUS/src/Chap21/Exercise21_7.rs:70: warning: [19] is_vowel return name 'r' could be more descriptive
/home/milnes/projects/APAS-VERUS/src/Chap21/Exercise21_7.rs:1: warning: [24] missing or incorrect copyright line; expected: //! Copyright (C) 2025 Acar, Blelloch and Milnes from 'Algorithms Parallel and Sequential'.

/home/milnes/projects/APAS-VERUS/src/Chap21/Exercise21_8.rs:
/home/milnes/projects/APAS-VERUS/src/Chap21/Exercise21_8.rs:1: info: [1] has mod declarations
/home/milnes/projects/APAS-VERUS/src/Chap21/Exercise21_8.rs:1: info: [2] vstd::prelude::* before verus!
/home/milnes/projects/APAS-VERUS/src/Chap21/Exercise21_8.rs:1: info: [3] has verus! macro
/home/milnes/projects/APAS-VERUS/src/Chap21/Exercise21_8.rs:1: info: [4] no std imports (ok)
/home/milnes/projects/APAS-VERUS/src/Chap21/Exercise21_8.rs:1: info: [5] no vstd imports (ok)
/home/milnes/projects/APAS-VERUS/src/Chap21/Exercise21_8.rs:1: info: [12] no traits (ok)
/home/milnes/projects/APAS-VERUS/src/Chap21/Exercise21_8.rs:1: info: [13] no non-derive trait impls (ok)
/home/milnes/projects/APAS-VERUS/src/Chap21/Exercise21_8.rs:1: info: [14] no Debug/Display impls (ok)
/home/milnes/projects/APAS-VERUS/src/Chap21/Exercise21_8.rs:1: info: [15] no PartialEq/Eq/Clone/Hash/Ord impls (ok)
/home/milnes/projects/APAS-VERUS/src/Chap21/Exercise21_8.rs:1: info: [16] no Lit macro definitions (ok)
/home/milnes/projects/APAS-VERUS/src/Chap21/Exercise21_8.rs:1: info: [17] no collection structs (ok)
/home/milnes/projects/APAS-VERUS/src/Chap21/Exercise21_8.rs:1: info: [18] definition order correct
/home/milnes/projects/APAS-VERUS/src/Chap21/Exercise21_8.rs:1: info: [19] no generic return names
/home/milnes/projects/APAS-VERUS/src/Chap21/Exercise21_8.rs:1: info: [20] no traits defined
/home/milnes/projects/APAS-VERUS/src/Chap21/Exercise21_8.rs:1: info: [21] broadcast use: vstd:: before crate::
/home/milnes/projects/APAS-VERUS/src/Chap21/Exercise21_8.rs:1: info: [22a:exec] free fn is_divisible correctly free (Standard 19)
/home/milnes/projects/APAS-VERUS/src/Chap21/Exercise21_8.rs:1: info: [22a:exec] free fn is_prime correctly free (Standard 19)
/home/milnes/projects/APAS-VERUS/src/Chap21/Exercise21_8.rs:1: info: [22a:proof] free proof fn lemma_zero_count_means_no_divisors correctly free (Standard 19)
/home/milnes/projects/APAS-VERUS/src/Chap21/Exercise21_8.rs:1: info: [22a:proof] free proof fn lemma_no_divisors_means_zero_count correctly free (Standard 19)
/home/milnes/projects/APAS-VERUS/src/Chap21/Exercise21_8.rs:1: info: [22a:proof] free proof fn lemma_divisor_count_nonneg correctly free (Standard 19)
/home/milnes/projects/APAS-VERUS/src/Chap21/Exercise21_8.rs:1: info: [22a:proof] free proof fn lemma_filter_len_eq_divisor_count correctly free (Standard 19)
/home/milnes/projects/APAS-VERUS/src/Chap21/Exercise21_8.rs:1: info: [22a:proof] free proof fn lemma_divisor_count_split_last correctly free (Standard 19)
/home/milnes/projects/APAS-VERUS/src/Chap21/Exercise21_8.rs:1: info: [22a:spec] free spec fn spec_is_prime correctly free (Standard 19)
/home/milnes/projects/APAS-VERUS/src/Chap21/Exercise21_8.rs:1: info: [22a:spec] free spec fn spec_divisor_count correctly free (Standard 19)
/home/milnes/projects/APAS-VERUS/src/Chap21/Exercise21_8.rs:1: info: [23a] spec/proof fn looser bounds: N/A
/home/milnes/projects/APAS-VERUS/src/Chap21/Exercise21_8.rs:1: info: [23b] free fn stricter bounds: N/A
/home/milnes/projects/APAS-VERUS/src/Chap21/Exercise21_8.rs:1: warning: [11] Seq usage should have vstd::seq::group_seq_axioms in broadcast use
/home/milnes/projects/APAS-VERUS/src/Chap21/Exercise21_8.rs:1: warning: [24] copyright text present but wrong format; got `// Copyright (C) 2025 Acar, Blelloch and Milnes from 'Algorithms Parallel and Sequential'.`

/home/milnes/projects/APAS-VERUS/src/Chap21/Exercise21_9.rs:
/home/milnes/projects/APAS-VERUS/src/Chap21/Exercise21_9.rs:1: info: [1] has mod declarations
/home/milnes/projects/APAS-VERUS/src/Chap21/Exercise21_9.rs:1: info: [2] vstd::prelude::* before verus!
/home/milnes/projects/APAS-VERUS/src/Chap21/Exercise21_9.rs:1: info: [3] has verus! macro
/home/milnes/projects/APAS-VERUS/src/Chap21/Exercise21_9.rs:1: info: [4] no std imports (ok)
/home/milnes/projects/APAS-VERUS/src/Chap21/Exercise21_9.rs:1: info: [5] no vstd imports (ok)
/home/milnes/projects/APAS-VERUS/src/Chap21/Exercise21_9.rs:1: info: [11] no Set/Seq usage (ok)
/home/milnes/projects/APAS-VERUS/src/Chap21/Exercise21_9.rs:1: info: [12] no traits (ok)
/home/milnes/projects/APAS-VERUS/src/Chap21/Exercise21_9.rs:1: info: [13] no non-derive trait impls (ok)
/home/milnes/projects/APAS-VERUS/src/Chap21/Exercise21_9.rs:1: info: [14] no Debug/Display impls (ok)
/home/milnes/projects/APAS-VERUS/src/Chap21/Exercise21_9.rs:1: info: [15] no PartialEq/Eq/Clone/Hash/Ord impls (ok)
/home/milnes/projects/APAS-VERUS/src/Chap21/Exercise21_9.rs:1: info: [16] no Lit macro definitions (ok)
/home/milnes/projects/APAS-VERUS/src/Chap21/Exercise21_9.rs:1: info: [17] no collection structs (ok)
/home/milnes/projects/APAS-VERUS/src/Chap21/Exercise21_9.rs:1: info: [18] definition order correct
/home/milnes/projects/APAS-VERUS/src/Chap21/Exercise21_9.rs:1: info: [19] no generic return names
/home/milnes/projects/APAS-VERUS/src/Chap21/Exercise21_9.rs:1: info: [20] no traits defined
/home/milnes/projects/APAS-VERUS/src/Chap21/Exercise21_9.rs:1: info: [21] no broadcast use entries
/home/milnes/projects/APAS-VERUS/src/Chap21/Exercise21_9.rs:1: info: [22:exec] exec fns: all in traits
/home/milnes/projects/APAS-VERUS/src/Chap21/Exercise21_9.rs:1: info: [22a:proof] free proof fn lemma_div_exact correctly free (Standard 19)
/home/milnes/projects/APAS-VERUS/src/Chap21/Exercise21_9.rs:1: info: [22a:proof] free proof fn lemma_composite_has_small_divisor correctly free (Standard 19)
/home/milnes/projects/APAS-VERUS/src/Chap21/Exercise21_9.rs:1: info: [22a:proof] free proof fn lemma_composites_covered_by_small_multiples correctly free (Standard 19)
/home/milnes/projects/APAS-VERUS/src/Chap21/Exercise21_9.rs:1: info: [22a:spec] free spec fn spec_is_composite correctly free (Standard 19)
/home/milnes/projects/APAS-VERUS/src/Chap21/Exercise21_9.rs:1: info: [23a] spec/proof fn looser bounds: N/A
/home/milnes/projects/APAS-VERUS/src/Chap21/Exercise21_9.rs:1: info: [23b] free fn stricter bounds: N/A
/home/milnes/projects/APAS-VERUS/src/Chap21/Exercise21_9.rs:1: warning: [24] missing or incorrect copyright line; expected: //! Copyright (C) 2025 Acar, Blelloch and Milnes from 'Algorithms Parallel and Sequential'.

/home/milnes/projects/APAS-VERUS/src/Chap21/Problem21_1.rs:
/home/milnes/projects/APAS-VERUS/src/Chap21/Problem21_1.rs:1: info: [1] has mod declarations
/home/milnes/projects/APAS-VERUS/src/Chap21/Problem21_1.rs:1: info: [2] vstd::prelude::* before verus!
/home/milnes/projects/APAS-VERUS/src/Chap21/Problem21_1.rs:1: info: [3] has verus! macro
/home/milnes/projects/APAS-VERUS/src/Chap21/Problem21_1.rs:1: info: [4] no std imports (ok)
/home/milnes/projects/APAS-VERUS/src/Chap21/Problem21_1.rs:1: info: [5] no vstd imports (ok)
/home/milnes/projects/APAS-VERUS/src/Chap21/Problem21_1.rs:1: info: [11] no Set/Seq usage (ok)
/home/milnes/projects/APAS-VERUS/src/Chap21/Problem21_1.rs:1: info: [12] no traits (ok)
/home/milnes/projects/APAS-VERUS/src/Chap21/Problem21_1.rs:1: info: [13] no non-derive trait impls (ok)
/home/milnes/projects/APAS-VERUS/src/Chap21/Problem21_1.rs:1: info: [14] no Debug/Display impls (ok)
/home/milnes/projects/APAS-VERUS/src/Chap21/Problem21_1.rs:1: info: [15] no PartialEq/Eq/Clone/Hash/Ord impls (ok)
/home/milnes/projects/APAS-VERUS/src/Chap21/Problem21_1.rs:1: info: [16] no Lit macro definitions (ok)
/home/milnes/projects/APAS-VERUS/src/Chap21/Problem21_1.rs:1: info: [17] no collection structs (ok)
/home/milnes/projects/APAS-VERUS/src/Chap21/Problem21_1.rs:1: info: [18] definition order correct
/home/milnes/projects/APAS-VERUS/src/Chap21/Problem21_1.rs:1: info: [19] no generic return names
/home/milnes/projects/APAS-VERUS/src/Chap21/Problem21_1.rs:1: info: [20] no traits defined
/home/milnes/projects/APAS-VERUS/src/Chap21/Problem21_1.rs:1: info: [21] broadcast use: vstd:: before crate::
/home/milnes/projects/APAS-VERUS/src/Chap21/Problem21_1.rs:1: info: [22:proof] proof fns: all in traits
/home/milnes/projects/APAS-VERUS/src/Chap21/Problem21_1.rs:1: info: [22:spec] spec fns: all in traits as abstract signatures
/home/milnes/projects/APAS-VERUS/src/Chap21/Problem21_1.rs:1: info: [22a:exec] free fn points2d correctly free (Standard 19)
/home/milnes/projects/APAS-VERUS/src/Chap21/Problem21_1.rs:1: info: [23a] spec/proof fn looser bounds: N/A
/home/milnes/projects/APAS-VERUS/src/Chap21/Problem21_1.rs:1: info: [23b] free fn stricter bounds: N/A
/home/milnes/projects/APAS-VERUS/src/Chap21/Problem21_1.rs:1: warning: [24] copyright text present but wrong format; got `// Copyright (C) 2025 Acar, Blelloch and Milnes from 'Algorithms Parallel and Sequential'.`

/home/milnes/projects/APAS-VERUS/src/Chap21/Problem21_3.rs:
/home/milnes/projects/APAS-VERUS/src/Chap21/Problem21_3.rs:1: info: [1] has mod declarations
/home/milnes/projects/APAS-VERUS/src/Chap21/Problem21_3.rs:1: info: [2] vstd::prelude::* before verus!
/home/milnes/projects/APAS-VERUS/src/Chap21/Problem21_3.rs:1: info: [3] has verus! macro
/home/milnes/projects/APAS-VERUS/src/Chap21/Problem21_3.rs:1: info: [4] no std imports (ok)
/home/milnes/projects/APAS-VERUS/src/Chap21/Problem21_3.rs:1: info: [5] vstd imports grouped with trailing blank
/home/milnes/projects/APAS-VERUS/src/Chap21/Problem21_3.rs:1: info: [11] no Set/Seq usage (ok)
/home/milnes/projects/APAS-VERUS/src/Chap21/Problem21_3.rs:1: info: [12] no traits (ok)
/home/milnes/projects/APAS-VERUS/src/Chap21/Problem21_3.rs:1: info: [13] no non-derive trait impls (ok)
/home/milnes/projects/APAS-VERUS/src/Chap21/Problem21_3.rs:1: info: [14] no Debug/Display impls (ok)
/home/milnes/projects/APAS-VERUS/src/Chap21/Problem21_3.rs:1: info: [15] no PartialEq/Eq/Clone/Hash/Ord impls (ok)
/home/milnes/projects/APAS-VERUS/src/Chap21/Problem21_3.rs:1: info: [16] no Lit macro definitions (ok)
/home/milnes/projects/APAS-VERUS/src/Chap21/Problem21_3.rs:1: info: [17] no collection structs (ok)
/home/milnes/projects/APAS-VERUS/src/Chap21/Problem21_3.rs:1: info: [18] definition order correct
/home/milnes/projects/APAS-VERUS/src/Chap21/Problem21_3.rs:1: info: [19] no generic return names
/home/milnes/projects/APAS-VERUS/src/Chap21/Problem21_3.rs:1: info: [20] no traits defined
/home/milnes/projects/APAS-VERUS/src/Chap21/Problem21_3.rs:1: info: [21] broadcast use: vstd:: before crate::
/home/milnes/projects/APAS-VERUS/src/Chap21/Problem21_3.rs:1: info: [22:proof] proof fns: all in traits
/home/milnes/projects/APAS-VERUS/src/Chap21/Problem21_3.rs:1: info: [22:spec] spec fns: all in traits as abstract signatures
/home/milnes/projects/APAS-VERUS/src/Chap21/Problem21_3.rs:1: info: [22a:exec] free fn points3d_loops correctly free (Standard 19)
/home/milnes/projects/APAS-VERUS/src/Chap21/Problem21_3.rs:1: info: [23a] spec/proof fn looser bounds: N/A
/home/milnes/projects/APAS-VERUS/src/Chap21/Problem21_3.rs:1: info: [23b] free fn stricter bounds: N/A
/home/milnes/projects/APAS-VERUS/src/Chap21/Problem21_3.rs:1: warning: [24] missing or incorrect copyright line; expected: //! Copyright (C) 2025 Acar, Blelloch and Milnes from 'Algorithms Parallel and Sequential'.

/home/milnes/projects/APAS-VERUS/src/Chap21/Problem21_4.rs:
/home/milnes/projects/APAS-VERUS/src/Chap21/Problem21_4.rs:1: info: [1] has mod declarations
/home/milnes/projects/APAS-VERUS/src/Chap21/Problem21_4.rs:1: info: [2] vstd::prelude::* before verus!
/home/milnes/projects/APAS-VERUS/src/Chap21/Problem21_4.rs:1: info: [3] has verus! macro
/home/milnes/projects/APAS-VERUS/src/Chap21/Problem21_4.rs:1: info: [4] no std imports (ok)
/home/milnes/projects/APAS-VERUS/src/Chap21/Problem21_4.rs:1: info: [5] no vstd imports (ok)
/home/milnes/projects/APAS-VERUS/src/Chap21/Problem21_4.rs:1: info: [11] no Set/Seq usage (ok)
/home/milnes/projects/APAS-VERUS/src/Chap21/Problem21_4.rs:1: info: [12] no traits (ok)
/home/milnes/projects/APAS-VERUS/src/Chap21/Problem21_4.rs:1: info: [13] no non-derive trait impls (ok)
/home/milnes/projects/APAS-VERUS/src/Chap21/Problem21_4.rs:1: info: [14] no Debug/Display impls (ok)
/home/milnes/projects/APAS-VERUS/src/Chap21/Problem21_4.rs:1: info: [15] no PartialEq/Eq/Clone/Hash/Ord impls (ok)
/home/milnes/projects/APAS-VERUS/src/Chap21/Problem21_4.rs:1: info: [16] no Lit macro definitions (ok)
/home/milnes/projects/APAS-VERUS/src/Chap21/Problem21_4.rs:1: info: [17] no collection structs (ok)
/home/milnes/projects/APAS-VERUS/src/Chap21/Problem21_4.rs:1: info: [18] definition order correct
/home/milnes/projects/APAS-VERUS/src/Chap21/Problem21_4.rs:1: info: [19] no generic return names
/home/milnes/projects/APAS-VERUS/src/Chap21/Problem21_4.rs:1: info: [20] no traits defined
/home/milnes/projects/APAS-VERUS/src/Chap21/Problem21_4.rs:1: info: [21] broadcast use: vstd:: before crate::
/home/milnes/projects/APAS-VERUS/src/Chap21/Problem21_4.rs:1: info: [22:proof] proof fns: all in traits
/home/milnes/projects/APAS-VERUS/src/Chap21/Problem21_4.rs:1: info: [22:spec] spec fns: all in traits as abstract signatures
/home/milnes/projects/APAS-VERUS/src/Chap21/Problem21_4.rs:1: info: [22a:exec] free fn cartesian_loops correctly free (Standard 19)
/home/milnes/projects/APAS-VERUS/src/Chap21/Problem21_4.rs:1: info: [22a:exec] free fn cartesian_tab_flat correctly free (Standard 19)
/home/milnes/projects/APAS-VERUS/src/Chap21/Problem21_4.rs:1: info: [23a] spec/proof fn looser bounds: N/A
/home/milnes/projects/APAS-VERUS/src/Chap21/Problem21_4.rs:1: info: [23b] free fn stricter bounds: N/A
/home/milnes/projects/APAS-VERUS/src/Chap21/Problem21_4.rs:1: warning: [24] missing or incorrect copyright line; expected: //! Copyright (C) 2025 Acar, Blelloch and Milnes from 'Algorithms Parallel and Sequential'.

/home/milnes/projects/APAS-VERUS/src/Chap23/BalBinTreeStEph.rs:
/home/milnes/projects/APAS-VERUS/src/Chap23/BalBinTreeStEph.rs:1: info: [1] has mod declarations
/home/milnes/projects/APAS-VERUS/src/Chap23/BalBinTreeStEph.rs:1: info: [2] vstd::prelude::* before verus!
/home/milnes/projects/APAS-VERUS/src/Chap23/BalBinTreeStEph.rs:1: info: [3] has verus! macro
/home/milnes/projects/APAS-VERUS/src/Chap23/BalBinTreeStEph.rs:1: info: [4] std imports grouped with trailing blank
/home/milnes/projects/APAS-VERUS/src/Chap23/BalBinTreeStEph.rs:1: info: [5] vstd imports grouped with trailing blank
/home/milnes/projects/APAS-VERUS/src/Chap23/BalBinTreeStEph.rs:1: info: [11] Set/Seq usage has broadcast groups
/home/milnes/projects/APAS-VERUS/src/Chap23/BalBinTreeStEph.rs:1: info: [12] all trait fns have specs
/home/milnes/projects/APAS-VERUS/src/Chap23/BalBinTreeStEph.rs:1: info: [13] trait impls inside verus!
/home/milnes/projects/APAS-VERUS/src/Chap23/BalBinTreeStEph.rs:1: info: [14] Debug, Display outside verus!
/home/milnes/projects/APAS-VERUS/src/Chap23/BalBinTreeStEph.rs:1: info: [15] Eq, PartialEq, Clone inside verus!
/home/milnes/projects/APAS-VERUS/src/Chap23/BalBinTreeStEph.rs:1: info: [16] no Lit macro definitions (ok)
/home/milnes/projects/APAS-VERUS/src/Chap23/BalBinTreeStEph.rs:1: info: [17] no collection structs (ok)
/home/milnes/projects/APAS-VERUS/src/Chap23/BalBinTreeStEph.rs:1: info: [18] definition order correct
/home/milnes/projects/APAS-VERUS/src/Chap23/BalBinTreeStEph.rs:1: info: [19] no generic return names
/home/milnes/projects/APAS-VERUS/src/Chap23/BalBinTreeStEph.rs:1: info: [20] all traits have impls
/home/milnes/projects/APAS-VERUS/src/Chap23/BalBinTreeStEph.rs:1: info: [21] broadcast use: vstd:: before crate::
/home/milnes/projects/APAS-VERUS/src/Chap23/BalBinTreeStEph.rs:1: info: [22:spec] spec fns: all in traits as abstract signatures
/home/milnes/projects/APAS-VERUS/src/Chap23/BalBinTreeStEph.rs:1: info: [23a] no spec/proof fns with looser bounds
/home/milnes/projects/APAS-VERUS/src/Chap23/BalBinTreeStEph.rs:479: warning: [22:exec] free fn clone_tree should be a trait method
/home/milnes/projects/APAS-VERUS/src/Chap23/BalBinTreeStEph.rs:406: warning: [22:proof] free proof fn lemma_in_order_pre_order_permutation should be a trait method
/home/milnes/projects/APAS-VERUS/src/Chap23/BalBinTreeStEph.rs:442: warning: [22:proof] free proof fn lemma_pre_order_post_order_permutation should be a trait method
/home/milnes/projects/APAS-VERUS/src/Chap23/BalBinTreeStEph.rs:479: warning: [23b] free fn clone_tree param T has bounds `Clone` but trait BalBinTreeTrait has `(none)`
/home/milnes/projects/APAS-VERUS/src/Chap23/BalBinTreeStEph.rs:1: warning: [24] missing or incorrect copyright line; expected: //! Copyright (C) 2025 Acar, Blelloch and Milnes from 'Algorithms Parallel and Sequential'.

/home/milnes/projects/APAS-VERUS/src/Chap23/PrimTreeSeqStPer.rs:
/home/milnes/projects/APAS-VERUS/src/Chap23/PrimTreeSeqStPer.rs:1: info: [1] has mod declarations
/home/milnes/projects/APAS-VERUS/src/Chap23/PrimTreeSeqStPer.rs:1: info: [2] vstd::prelude::* before verus!
/home/milnes/projects/APAS-VERUS/src/Chap23/PrimTreeSeqStPer.rs:1: info: [3] has verus! macro
/home/milnes/projects/APAS-VERUS/src/Chap23/PrimTreeSeqStPer.rs:1: info: [4] std imports grouped with trailing blank
/home/milnes/projects/APAS-VERUS/src/Chap23/PrimTreeSeqStPer.rs:1: info: [5] vstd imports grouped with trailing blank
/home/milnes/projects/APAS-VERUS/src/Chap23/PrimTreeSeqStPer.rs:1: info: [11] Set/Seq usage has broadcast groups
/home/milnes/projects/APAS-VERUS/src/Chap23/PrimTreeSeqStPer.rs:1: info: [12] all trait fns have specs
/home/milnes/projects/APAS-VERUS/src/Chap23/PrimTreeSeqStPer.rs:1: info: [13] trait impls inside verus!
/home/milnes/projects/APAS-VERUS/src/Chap23/PrimTreeSeqStPer.rs:1: info: [14] Debug, Display outside verus!
/home/milnes/projects/APAS-VERUS/src/Chap23/PrimTreeSeqStPer.rs:1: info: [15] Clone, PartialEq, Eq inside verus!
/home/milnes/projects/APAS-VERUS/src/Chap23/PrimTreeSeqStPer.rs:1: info: [16] no Lit macro definitions (ok)
/home/milnes/projects/APAS-VERUS/src/Chap23/PrimTreeSeqStPer.rs:1: info: [19] no generic return names
/home/milnes/projects/APAS-VERUS/src/Chap23/PrimTreeSeqStPer.rs:1: info: [20] all traits have impls
/home/milnes/projects/APAS-VERUS/src/Chap23/PrimTreeSeqStPer.rs:1: info: [21] broadcast use: vstd:: before crate::
/home/milnes/projects/APAS-VERUS/src/Chap23/PrimTreeSeqStPer.rs:1: info: [22:exec] exec fns: all in traits
/home/milnes/projects/APAS-VERUS/src/Chap23/PrimTreeSeqStPer.rs:1: info: [22:proof] proof fns: all in traits
/home/milnes/projects/APAS-VERUS/src/Chap23/PrimTreeSeqStPer.rs:1: info: [22:spec] spec fns: all in traits as abstract signatures
/home/milnes/projects/APAS-VERUS/src/Chap23/PrimTreeSeqStPer.rs:1: info: [23a] spec/proof fn looser bounds: N/A
/home/milnes/projects/APAS-VERUS/src/Chap23/PrimTreeSeqStPer.rs:1: info: [23b] free fn stricter bounds: N/A
/home/milnes/projects/APAS-VERUS/src/Chap23/PrimTreeSeqStPer.rs:1: warning: [17] collection PrimTreeSeqStS should have an Iterator impl
/home/milnes/projects/APAS-VERUS/src/Chap23/PrimTreeSeqStPer.rs:649: warning: [18] trait PrimTreeSeqStTrait should come before type definitions (expected traits before type definitions)
/home/milnes/projects/APAS-VERUS/src/Chap23/PrimTreeSeqStPer.rs:1: warning: [24] missing or incorrect copyright line; expected: //! Copyright (C) 2025 Acar, Blelloch and Milnes from 'Algorithms Parallel and Sequential'.

/home/milnes/projects/APAS-VERUS/src/Chap26/DivConReduceMtPer.rs:
/home/milnes/projects/APAS-VERUS/src/Chap26/DivConReduceMtPer.rs:1: info: [1] has mod declarations
/home/milnes/projects/APAS-VERUS/src/Chap26/DivConReduceMtPer.rs:1: info: [2] vstd::prelude::* before verus!
/home/milnes/projects/APAS-VERUS/src/Chap26/DivConReduceMtPer.rs:1: info: [3] has verus! macro
/home/milnes/projects/APAS-VERUS/src/Chap26/DivConReduceMtPer.rs:1: info: [4] no std imports (ok)
/home/milnes/projects/APAS-VERUS/src/Chap26/DivConReduceMtPer.rs:1: info: [5] no vstd imports (ok)
/home/milnes/projects/APAS-VERUS/src/Chap26/DivConReduceMtPer.rs:1: info: [11] Set/Seq usage has broadcast groups
/home/milnes/projects/APAS-VERUS/src/Chap26/DivConReduceMtPer.rs:1: info: [12] all trait fns have specs
/home/milnes/projects/APAS-VERUS/src/Chap26/DivConReduceMtPer.rs:1: info: [13] trait impls inside verus!
/home/milnes/projects/APAS-VERUS/src/Chap26/DivConReduceMtPer.rs:1: info: [14] no Debug/Display impls (ok)
/home/milnes/projects/APAS-VERUS/src/Chap26/DivConReduceMtPer.rs:1: info: [15] no PartialEq/Eq/Clone/Hash/Ord impls (ok)
/home/milnes/projects/APAS-VERUS/src/Chap26/DivConReduceMtPer.rs:1: info: [16] no Lit macro definitions (ok)
/home/milnes/projects/APAS-VERUS/src/Chap26/DivConReduceMtPer.rs:1: info: [17] no collection structs (ok)
/home/milnes/projects/APAS-VERUS/src/Chap26/DivConReduceMtPer.rs:1: info: [18] definition order correct
/home/milnes/projects/APAS-VERUS/src/Chap26/DivConReduceMtPer.rs:1: info: [19] no generic return names
/home/milnes/projects/APAS-VERUS/src/Chap26/DivConReduceMtPer.rs:1: info: [20] all traits have impls
/home/milnes/projects/APAS-VERUS/src/Chap26/DivConReduceMtPer.rs:1: info: [21] broadcast use: vstd:: before crate::
/home/milnes/projects/APAS-VERUS/src/Chap26/DivConReduceMtPer.rs:1: info: [22a:proof] free proof fn lemma_fold_left_step correctly free (Standard 19)
/home/milnes/projects/APAS-VERUS/src/Chap26/DivConReduceMtPer.rs:1: info: [22a:proof] free proof fn lemma_max_fold_left_bound correctly free (Standard 19)
/home/milnes/projects/APAS-VERUS/src/Chap26/DivConReduceMtPer.rs:1: info: [22a:proof] free proof fn lemma_max_fold_left_achievable correctly free (Standard 19)
/home/milnes/projects/APAS-VERUS/src/Chap26/DivConReduceMtPer.rs:1: info: [22a:spec] free spec fn spec_wrapping_add correctly free (Standard 19)
/home/milnes/projects/APAS-VERUS/src/Chap26/DivConReduceMtPer.rs:1: info: [22a:spec] free spec fn spec_wrapping_mul correctly free (Standard 19)
/home/milnes/projects/APAS-VERUS/src/Chap26/DivConReduceMtPer.rs:1: info: [22a:spec] free spec fn spec_sum_fn correctly free (Standard 19)
/home/milnes/projects/APAS-VERUS/src/Chap26/DivConReduceMtPer.rs:1: info: [22a:spec] free spec fn spec_product_fn correctly free (Standard 19)
/home/milnes/projects/APAS-VERUS/src/Chap26/DivConReduceMtPer.rs:1: info: [22a:spec] free spec fn spec_or_fn correctly free (Standard 19)
/home/milnes/projects/APAS-VERUS/src/Chap26/DivConReduceMtPer.rs:1: info: [22a:spec] free spec fn spec_and_fn correctly free (Standard 19)
/home/milnes/projects/APAS-VERUS/src/Chap26/DivConReduceMtPer.rs:1: info: [22a:spec] free spec fn spec_max_fn correctly free (Standard 19)
/home/milnes/projects/APAS-VERUS/src/Chap26/DivConReduceMtPer.rs:1: info: [23a] spec/proof fn looser bounds: N/A
/home/milnes/projects/APAS-VERUS/src/Chap26/DivConReduceMtPer.rs:1: info: [23b] free fn stricter bounds: N/A
/home/milnes/projects/APAS-VERUS/src/Chap26/DivConReduceMtPer.rs:224: warning: [22:exec] free fn call_reduce_max should be a trait method
/home/milnes/projects/APAS-VERUS/src/Chap26/DivConReduceMtPer.rs:236: warning: [22:exec] free fn call_reduce_sum should be a trait method
/home/milnes/projects/APAS-VERUS/src/Chap26/DivConReduceMtPer.rs:248: warning: [22:exec] free fn call_reduce_product should be a trait method
/home/milnes/projects/APAS-VERUS/src/Chap26/DivConReduceMtPer.rs:260: warning: [22:exec] free fn call_reduce_or should be a trait method
/home/milnes/projects/APAS-VERUS/src/Chap26/DivConReduceMtPer.rs:272: warning: [22:exec] free fn call_reduce_and should be a trait method
/home/milnes/projects/APAS-VERUS/src/Chap26/DivConReduceMtPer.rs:1: warning: [24] missing or incorrect copyright line; expected: //! Copyright (C) 2025 Acar, Blelloch and Milnes from 'Algorithms Parallel and Sequential'.

/home/milnes/projects/APAS-VERUS/src/Chap26/DivConReduceStPer.rs:
/home/milnes/projects/APAS-VERUS/src/Chap26/DivConReduceStPer.rs:1: info: [1] has mod declarations
/home/milnes/projects/APAS-VERUS/src/Chap26/DivConReduceStPer.rs:1: info: [2] vstd::prelude::* before verus!
/home/milnes/projects/APAS-VERUS/src/Chap26/DivConReduceStPer.rs:1: info: [3] has verus! macro
/home/milnes/projects/APAS-VERUS/src/Chap26/DivConReduceStPer.rs:1: info: [4] no std imports (ok)
/home/milnes/projects/APAS-VERUS/src/Chap26/DivConReduceStPer.rs:1: info: [5] no vstd imports (ok)
/home/milnes/projects/APAS-VERUS/src/Chap26/DivConReduceStPer.rs:1: info: [11] Set/Seq usage has broadcast groups
/home/milnes/projects/APAS-VERUS/src/Chap26/DivConReduceStPer.rs:1: info: [12] all trait fns have specs
/home/milnes/projects/APAS-VERUS/src/Chap26/DivConReduceStPer.rs:1: info: [13] trait impls inside verus!
/home/milnes/projects/APAS-VERUS/src/Chap26/DivConReduceStPer.rs:1: info: [14] no Debug/Display impls (ok)
/home/milnes/projects/APAS-VERUS/src/Chap26/DivConReduceStPer.rs:1: info: [15] no PartialEq/Eq/Clone/Hash/Ord impls (ok)
/home/milnes/projects/APAS-VERUS/src/Chap26/DivConReduceStPer.rs:1: info: [16] no Lit macro definitions (ok)
/home/milnes/projects/APAS-VERUS/src/Chap26/DivConReduceStPer.rs:1: info: [17] no collection structs (ok)
/home/milnes/projects/APAS-VERUS/src/Chap26/DivConReduceStPer.rs:1: info: [18] definition order correct
/home/milnes/projects/APAS-VERUS/src/Chap26/DivConReduceStPer.rs:1: info: [19] no generic return names
/home/milnes/projects/APAS-VERUS/src/Chap26/DivConReduceStPer.rs:1: info: [20] all traits have impls
/home/milnes/projects/APAS-VERUS/src/Chap26/DivConReduceStPer.rs:1: info: [21] broadcast use: vstd:: before crate::
/home/milnes/projects/APAS-VERUS/src/Chap26/DivConReduceStPer.rs:1: info: [22:exec] exec fns: all in traits
/home/milnes/projects/APAS-VERUS/src/Chap26/DivConReduceStPer.rs:1: info: [22:proof] proof fns: all in traits
/home/milnes/projects/APAS-VERUS/src/Chap26/DivConReduceStPer.rs:1: info: [22a:spec] free spec fn spec_wrapping_add correctly free (Standard 19)
/home/milnes/projects/APAS-VERUS/src/Chap26/DivConReduceStPer.rs:1: info: [22a:spec] free spec fn spec_wrapping_mul correctly free (Standard 19)
/home/milnes/projects/APAS-VERUS/src/Chap26/DivConReduceStPer.rs:1: info: [22a:spec] free spec fn spec_sum_fn correctly free (Standard 19)
/home/milnes/projects/APAS-VERUS/src/Chap26/DivConReduceStPer.rs:1: info: [22a:spec] free spec fn spec_product_fn correctly free (Standard 19)
/home/milnes/projects/APAS-VERUS/src/Chap26/DivConReduceStPer.rs:1: info: [22a:spec] free spec fn spec_or_fn correctly free (Standard 19)
/home/milnes/projects/APAS-VERUS/src/Chap26/DivConReduceStPer.rs:1: info: [22a:spec] free spec fn spec_and_fn correctly free (Standard 19)
/home/milnes/projects/APAS-VERUS/src/Chap26/DivConReduceStPer.rs:1: info: [22a:spec] free spec fn spec_max_fn correctly free (Standard 19)
/home/milnes/projects/APAS-VERUS/src/Chap26/DivConReduceStPer.rs:1: info: [23a] spec/proof fn looser bounds: N/A
/home/milnes/projects/APAS-VERUS/src/Chap26/DivConReduceStPer.rs:1: info: [23b] free fn stricter bounds: N/A
/home/milnes/projects/APAS-VERUS/src/Chap26/DivConReduceStPer.rs:1: warning: [24] missing or incorrect copyright line; expected: //! Copyright (C) 2025 Acar, Blelloch and Milnes from 'Algorithms Parallel and Sequential'.

/home/milnes/projects/APAS-VERUS/src/Chap26/ETSPMtEph.rs:
/home/milnes/projects/APAS-VERUS/src/Chap26/ETSPMtEph.rs:1: info: [1] has mod declarations
/home/milnes/projects/APAS-VERUS/src/Chap26/ETSPMtEph.rs:1: info: [2] vstd::prelude::* before verus!
/home/milnes/projects/APAS-VERUS/src/Chap26/ETSPMtEph.rs:1: info: [3] has verus! macro
/home/milnes/projects/APAS-VERUS/src/Chap26/ETSPMtEph.rs:1: info: [4] std imports grouped with trailing blank
/home/milnes/projects/APAS-VERUS/src/Chap26/ETSPMtEph.rs:1: info: [5] vstd imports grouped with trailing blank
/home/milnes/projects/APAS-VERUS/src/Chap26/ETSPMtEph.rs:1: info: [11] Set/Seq usage has broadcast groups
/home/milnes/projects/APAS-VERUS/src/Chap26/ETSPMtEph.rs:1: info: [13] trait impls inside verus!
/home/milnes/projects/APAS-VERUS/src/Chap26/ETSPMtEph.rs:1: info: [14] Debug, Display outside verus!
/home/milnes/projects/APAS-VERUS/src/Chap26/ETSPMtEph.rs:1: info: [15] Clone inside verus!
/home/milnes/projects/APAS-VERUS/src/Chap26/ETSPMtEph.rs:1: info: [16] no Lit macro definitions (ok)
/home/milnes/projects/APAS-VERUS/src/Chap26/ETSPMtEph.rs:1: info: [17] no collection structs (ok)
/home/milnes/projects/APAS-VERUS/src/Chap26/ETSPMtEph.rs:1: info: [19] no generic return names
/home/milnes/projects/APAS-VERUS/src/Chap26/ETSPMtEph.rs:1: info: [20] all traits have impls
/home/milnes/projects/APAS-VERUS/src/Chap26/ETSPMtEph.rs:1: info: [21] broadcast use: vstd:: before crate::
/home/milnes/projects/APAS-VERUS/src/Chap26/ETSPMtEph.rs:1: info: [22a:proof] free proof fn lemma_next_edge_from_eq correctly free (Standard 19)
/home/milnes/projects/APAS-VERUS/src/Chap26/ETSPMtEph.rs:1: info: [22a:proof] free proof fn lemma_mod_successor correctly free (Standard 19)
/home/milnes/projects/APAS-VERUS/src/Chap26/ETSPMtEph.rs:1: info: [22a:proof] free proof fn lemma_combined_cycle correctly free (Standard 19)
/home/milnes/projects/APAS-VERUS/src/Chap26/ETSPMtEph.rs:1: info: [22a:spec] free spec fn spec_sources_valid correctly free (Standard 19)
/home/milnes/projects/APAS-VERUS/src/Chap26/ETSPMtEph.rs:1: info: [22a:spec] free spec fn spec_targets_valid correctly free (Standard 19)
/home/milnes/projects/APAS-VERUS/src/Chap26/ETSPMtEph.rs:1: info: [22a:spec] free spec fn spec_etsp correctly free (Standard 19)
/home/milnes/projects/APAS-VERUS/src/Chap26/ETSPMtEph.rs:1: info: [22a:spec] free spec fn spec_edges_valid correctly free (Standard 19)
/home/milnes/projects/APAS-VERUS/src/Chap26/ETSPMtEph.rs:1: info: [22a:spec] free spec fn spec_next_edge_from correctly free (Standard 19)
/home/milnes/projects/APAS-VERUS/src/Chap26/ETSPMtEph.rs:1: info: [22a:spec] free spec fn spec_edges_form_cycle correctly free (Standard 19)
/home/milnes/projects/APAS-VERUS/src/Chap26/ETSPMtEph.rs:1: info: [23a] spec/proof fn looser bounds: N/A
/home/milnes/projects/APAS-VERUS/src/Chap26/ETSPMtEph.rs:1: info: [23b] free fn stricter bounds: N/A
/home/milnes/projects/APAS-VERUS/src/Chap26/ETSPMtEph.rs:337: warning: [12] trait ETSPPointTrait fn distance should have requires/ensures
/home/milnes/projects/APAS-VERUS/src/Chap26/ETSPMtEph.rs:781: warning: [18] use std::... should come before derive impls in verus! (expected imports before derive impls in verus!)
/home/milnes/projects/APAS-VERUS/src/Chap26/ETSPMtEph.rs:349: warning: [22:exec] free fn etsp_parallel_inner should be a trait method
/home/milnes/projects/APAS-VERUS/src/Chap26/ETSPMtEph.rs:530: warning: [22:exec] free fn sort_and_split should be a trait method
/home/milnes/projects/APAS-VERUS/src/Chap26/ETSPMtEph.rs:591: warning: [22:exec] free fn find_best_swap should be a trait method
/home/milnes/projects/APAS-VERUS/src/Chap26/ETSPMtEph.rs:604: warning: [22:exec] free fn point_distance should be a trait method
/home/milnes/projects/APAS-VERUS/src/Chap26/ETSPMtEph.rs:618: warning: [22:exec] free fn sort_and_split_impl should be a trait method
/home/milnes/projects/APAS-VERUS/src/Chap26/ETSPMtEph.rs:645: warning: [22:exec] free fn find_best_swap_impl should be a trait method
/home/milnes/projects/APAS-VERUS/src/Chap26/ETSPMtEph.rs:662: warning: [22:exec] free fn find_best_swap_par should be a trait method
/home/milnes/projects/APAS-VERUS/src/Chap26/ETSPMtEph.rs:180: warning: [22:proof] free proof fn lemma_point_in_seq_transitive should be a trait method
/home/milnes/projects/APAS-VERUS/src/Chap26/ETSPMtEph.rs:195: warning: [22:proof] free proof fn lemma_edge_valid_transitive should be a trait method
/home/milnes/projects/APAS-VERUS/src/Chap26/ETSPMtEph.rs:103: warning: [22:spec] free spec fn spec_point_distance should be an abstract signature in a trait with body in the impl
/home/milnes/projects/APAS-VERUS/src/Chap26/ETSPMtEph.rs:113: warning: [22:spec] free spec fn spec_point_eq should be an abstract signature in a trait with body in the impl
/home/milnes/projects/APAS-VERUS/src/Chap26/ETSPMtEph.rs:118: warning: [22:spec] free spec fn spec_point_in_seq should be an abstract signature in a trait with body in the impl
/home/milnes/projects/APAS-VERUS/src/Chap26/ETSPMtEph.rs:1: warning: [24] missing or incorrect copyright line; expected: //! Copyright (C) 2025 Acar, Blelloch and Milnes from 'Algorithms Parallel and Sequential'.

/home/milnes/projects/APAS-VERUS/src/Chap26/ETSPStEph.rs:
/home/milnes/projects/APAS-VERUS/src/Chap26/ETSPStEph.rs:1: info: [1] has mod declarations
/home/milnes/projects/APAS-VERUS/src/Chap26/ETSPStEph.rs:1: info: [2] vstd::prelude::* before verus!
/home/milnes/projects/APAS-VERUS/src/Chap26/ETSPStEph.rs:1: info: [3] has verus! macro
/home/milnes/projects/APAS-VERUS/src/Chap26/ETSPStEph.rs:1: info: [4] std imports grouped with trailing blank
/home/milnes/projects/APAS-VERUS/src/Chap26/ETSPStEph.rs:1: info: [5] vstd imports grouped with trailing blank
/home/milnes/projects/APAS-VERUS/src/Chap26/ETSPStEph.rs:1: info: [11] Set/Seq usage has broadcast groups
/home/milnes/projects/APAS-VERUS/src/Chap26/ETSPStEph.rs:1: info: [14] Debug, Display outside verus!
/home/milnes/projects/APAS-VERUS/src/Chap26/ETSPStEph.rs:1: info: [15] Clone inside verus!
/home/milnes/projects/APAS-VERUS/src/Chap26/ETSPStEph.rs:1: info: [16] no Lit macro definitions (ok)
/home/milnes/projects/APAS-VERUS/src/Chap26/ETSPStEph.rs:1: info: [17] no collection structs (ok)
/home/milnes/projects/APAS-VERUS/src/Chap26/ETSPStEph.rs:1: info: [18] definition order correct
/home/milnes/projects/APAS-VERUS/src/Chap26/ETSPStEph.rs:1: info: [19] no generic return names
/home/milnes/projects/APAS-VERUS/src/Chap26/ETSPStEph.rs:1: info: [20] all traits have impls
/home/milnes/projects/APAS-VERUS/src/Chap26/ETSPStEph.rs:1: info: [21] broadcast use: vstd:: before crate::
/home/milnes/projects/APAS-VERUS/src/Chap26/ETSPStEph.rs:1: info: [22a:proof] free proof fn lemma_next_edge_from_eq correctly free (Standard 19)
/home/milnes/projects/APAS-VERUS/src/Chap26/ETSPStEph.rs:1: info: [22a:proof] free proof fn lemma_combined_cycle correctly free (Standard 19)
/home/milnes/projects/APAS-VERUS/src/Chap26/ETSPStEph.rs:1: info: [22a:spec] free spec fn spec_sources_valid correctly free (Standard 19)
/home/milnes/projects/APAS-VERUS/src/Chap26/ETSPStEph.rs:1: info: [22a:spec] free spec fn spec_targets_valid correctly free (Standard 19)
/home/milnes/projects/APAS-VERUS/src/Chap26/ETSPStEph.rs:1: info: [22a:spec] free spec fn spec_etsp correctly free (Standard 19)
/home/milnes/projects/APAS-VERUS/src/Chap26/ETSPStEph.rs:1: info: [22a:spec] free spec fn spec_edges_valid correctly free (Standard 19)
/home/milnes/projects/APAS-VERUS/src/Chap26/ETSPStEph.rs:1: info: [22a:spec] free spec fn spec_next_edge_from correctly free (Standard 19)
/home/milnes/projects/APAS-VERUS/src/Chap26/ETSPStEph.rs:1: info: [22a:spec] free spec fn spec_edges_form_cycle correctly free (Standard 19)
/home/milnes/projects/APAS-VERUS/src/Chap26/ETSPStEph.rs:1: info: [23a] spec/proof fn looser bounds: N/A
/home/milnes/projects/APAS-VERUS/src/Chap26/ETSPStEph.rs:1: info: [23b] free fn stricter bounds: N/A
/home/milnes/projects/APAS-VERUS/src/Chap26/ETSPStEph.rs:656: warning: [13] impl ETSPPointTrait for Point should be inside verus!
/home/milnes/projects/APAS-VERUS/src/Chap26/ETSPStEph.rs:312: warning: [22:exec] free fn etsp_inner should be a trait method
/home/milnes/projects/APAS-VERUS/src/Chap26/ETSPStEph.rs:506: warning: [22:exec] free fn sort_and_split should be a trait method
/home/milnes/projects/APAS-VERUS/src/Chap26/ETSPStEph.rs:571: warning: [22:exec] free fn find_best_swap should be a trait method
/home/milnes/projects/APAS-VERUS/src/Chap26/ETSPStEph.rs:151: warning: [22:proof] free proof fn lemma_point_in_seq_transitive should be a trait method
/home/milnes/projects/APAS-VERUS/src/Chap26/ETSPStEph.rs:167: warning: [22:proof] free proof fn lemma_edge_valid_transitive should be a trait method
/home/milnes/projects/APAS-VERUS/src/Chap26/ETSPStEph.rs:84: warning: [22:spec] free spec fn spec_point_eq should be an abstract signature in a trait with body in the impl
/home/milnes/projects/APAS-VERUS/src/Chap26/ETSPStEph.rs:89: warning: [22:spec] free spec fn spec_point_in_seq should be an abstract signature in a trait with body in the impl
/home/milnes/projects/APAS-VERUS/src/Chap26/ETSPStEph.rs:1: warning: [24] missing or incorrect copyright line; expected: //! Copyright (C) 2025 Acar, Blelloch and Milnes from 'Algorithms Parallel and Sequential'.

/home/milnes/projects/APAS-VERUS/src/Chap26/MergeSortMtPer.rs:
/home/milnes/projects/APAS-VERUS/src/Chap26/MergeSortMtPer.rs:1: info: [1] has mod declarations
/home/milnes/projects/APAS-VERUS/src/Chap26/MergeSortMtPer.rs:1: info: [2] vstd::prelude::* before verus!
/home/milnes/projects/APAS-VERUS/src/Chap26/MergeSortMtPer.rs:1: info: [3] has verus! macro
/home/milnes/projects/APAS-VERUS/src/Chap26/MergeSortMtPer.rs:1: info: [4] no std imports (ok)
/home/milnes/projects/APAS-VERUS/src/Chap26/MergeSortMtPer.rs:1: info: [5] no vstd imports (ok)
/home/milnes/projects/APAS-VERUS/src/Chap26/MergeSortMtPer.rs:1: info: [11] Set/Seq usage has broadcast groups
/home/milnes/projects/APAS-VERUS/src/Chap26/MergeSortMtPer.rs:1: info: [12] all trait fns have specs
/home/milnes/projects/APAS-VERUS/src/Chap26/MergeSortMtPer.rs:1: info: [13] trait impls inside verus!
/home/milnes/projects/APAS-VERUS/src/Chap26/MergeSortMtPer.rs:1: info: [14] no Debug/Display impls (ok)
/home/milnes/projects/APAS-VERUS/src/Chap26/MergeSortMtPer.rs:1: info: [15] no PartialEq/Eq/Clone/Hash/Ord impls (ok)
/home/milnes/projects/APAS-VERUS/src/Chap26/MergeSortMtPer.rs:1: info: [16] no Lit macro definitions (ok)
/home/milnes/projects/APAS-VERUS/src/Chap26/MergeSortMtPer.rs:1: info: [17] no collection structs (ok)
/home/milnes/projects/APAS-VERUS/src/Chap26/MergeSortMtPer.rs:1: info: [18] definition order correct
/home/milnes/projects/APAS-VERUS/src/Chap26/MergeSortMtPer.rs:1: info: [19] no generic return names
/home/milnes/projects/APAS-VERUS/src/Chap26/MergeSortMtPer.rs:1: info: [20] all traits have impls
/home/milnes/projects/APAS-VERUS/src/Chap26/MergeSortMtPer.rs:1: info: [21] broadcast use: vstd:: before crate::
/home/milnes/projects/APAS-VERUS/src/Chap26/MergeSortMtPer.rs:1: info: [22a:proof] free proof fn lemma_multiset_count_positive_implies_exists correctly free (Standard 19)
/home/milnes/projects/APAS-VERUS/src/Chap26/MergeSortMtPer.rs:1: info: [22a:proof] free proof fn lemma_all_le_preserved_by_permutation correctly free (Standard 19)
/home/milnes/projects/APAS-VERUS/src/Chap26/MergeSortMtPer.rs:1: info: [22a:proof] free proof fn lemma_all_ge_preserved_by_permutation correctly free (Standard 19)
/home/milnes/projects/APAS-VERUS/src/Chap26/MergeSortMtPer.rs:1: info: [22a:proof] free proof fn lemma_sorted_concat_pivot correctly free (Standard 19)
/home/milnes/projects/APAS-VERUS/src/Chap26/MergeSortMtPer.rs:1: info: [22a:spec] free spec fn spec_sorted correctly free (Standard 19)
/home/milnes/projects/APAS-VERUS/src/Chap26/MergeSortMtPer.rs:1: info: [22a:spec] free spec fn spec_is_permutation correctly free (Standard 19)
/home/milnes/projects/APAS-VERUS/src/Chap26/MergeSortMtPer.rs:1: info: [22a:spec] free spec fn spec_merge_post correctly free (Standard 19)
/home/milnes/projects/APAS-VERUS/src/Chap26/MergeSortMtPer.rs:1: info: [22a:spec] free spec fn spec_sort_post correctly free (Standard 19)
/home/milnes/projects/APAS-VERUS/src/Chap26/MergeSortMtPer.rs:1: info: [23a] spec/proof fn looser bounds: N/A
/home/milnes/projects/APAS-VERUS/src/Chap26/MergeSortMtPer.rs:1: info: [23b] free fn stricter bounds: N/A
/home/milnes/projects/APAS-VERUS/src/Chap26/MergeSortMtPer.rs:213: warning: [22:exec] free fn binary_search_upper_bound should be a trait method
/home/milnes/projects/APAS-VERUS/src/Chap26/MergeSortMtPer.rs:278: warning: [22:exec] free fn merge_dc should be a trait method
/home/milnes/projects/APAS-VERUS/src/Chap26/MergeSortMtPer.rs:1: warning: [24] missing or incorrect copyright line; expected: //! Copyright (C) 2025 Acar, Blelloch and Milnes from 'Algorithms Parallel and Sequential'.

/home/milnes/projects/APAS-VERUS/src/Chap26/MergeSortStPer.rs:
/home/milnes/projects/APAS-VERUS/src/Chap26/MergeSortStPer.rs:1: info: [1] has mod declarations
/home/milnes/projects/APAS-VERUS/src/Chap26/MergeSortStPer.rs:1: info: [2] vstd::prelude::* before verus!
/home/milnes/projects/APAS-VERUS/src/Chap26/MergeSortStPer.rs:1: info: [3] has verus! macro
/home/milnes/projects/APAS-VERUS/src/Chap26/MergeSortStPer.rs:1: info: [4] no std imports (ok)
/home/milnes/projects/APAS-VERUS/src/Chap26/MergeSortStPer.rs:1: info: [5] no vstd imports (ok)
/home/milnes/projects/APAS-VERUS/src/Chap26/MergeSortStPer.rs:1: info: [11] Set/Seq usage has broadcast groups
/home/milnes/projects/APAS-VERUS/src/Chap26/MergeSortStPer.rs:1: info: [12] all trait fns have specs
/home/milnes/projects/APAS-VERUS/src/Chap26/MergeSortStPer.rs:1: info: [13] trait impls inside verus!
/home/milnes/projects/APAS-VERUS/src/Chap26/MergeSortStPer.rs:1: info: [14] no Debug/Display impls (ok)
/home/milnes/projects/APAS-VERUS/src/Chap26/MergeSortStPer.rs:1: info: [15] no PartialEq/Eq/Clone/Hash/Ord impls (ok)
/home/milnes/projects/APAS-VERUS/src/Chap26/MergeSortStPer.rs:1: info: [16] no Lit macro definitions (ok)
/home/milnes/projects/APAS-VERUS/src/Chap26/MergeSortStPer.rs:1: info: [17] no collection structs (ok)
/home/milnes/projects/APAS-VERUS/src/Chap26/MergeSortStPer.rs:1: info: [18] definition order correct
/home/milnes/projects/APAS-VERUS/src/Chap26/MergeSortStPer.rs:1: info: [19] no generic return names
/home/milnes/projects/APAS-VERUS/src/Chap26/MergeSortStPer.rs:1: info: [20] all traits have impls
/home/milnes/projects/APAS-VERUS/src/Chap26/MergeSortStPer.rs:1: info: [21] broadcast use: vstd:: before crate::
/home/milnes/projects/APAS-VERUS/src/Chap26/MergeSortStPer.rs:1: info: [22:exec] exec fns: all in traits
/home/milnes/projects/APAS-VERUS/src/Chap26/MergeSortStPer.rs:1: info: [22a:proof] free proof fn lemma_push_sorted correctly free (Standard 19)
/home/milnes/projects/APAS-VERUS/src/Chap26/MergeSortStPer.rs:1: info: [22a:spec] free spec fn spec_sorted correctly free (Standard 19)
/home/milnes/projects/APAS-VERUS/src/Chap26/MergeSortStPer.rs:1: info: [22a:spec] free spec fn spec_is_permutation correctly free (Standard 19)
/home/milnes/projects/APAS-VERUS/src/Chap26/MergeSortStPer.rs:1: info: [22a:spec] free spec fn spec_merge_post correctly free (Standard 19)
/home/milnes/projects/APAS-VERUS/src/Chap26/MergeSortStPer.rs:1: info: [22a:spec] free spec fn spec_sort_post correctly free (Standard 19)
/home/milnes/projects/APAS-VERUS/src/Chap26/MergeSortStPer.rs:1: info: [23a] spec/proof fn looser bounds: N/A
/home/milnes/projects/APAS-VERUS/src/Chap26/MergeSortStPer.rs:1: info: [23b] free fn stricter bounds: N/A
/home/milnes/projects/APAS-VERUS/src/Chap26/MergeSortStPer.rs:1: warning: [24] missing or incorrect copyright line; expected: //! Copyright (C) 2025 Acar, Blelloch and Milnes from 'Algorithms Parallel and Sequential'.

/home/milnes/projects/APAS-VERUS/src/Chap26/ScanDCMtPer.rs:
/home/milnes/projects/APAS-VERUS/src/Chap26/ScanDCMtPer.rs:1: info: [1] has mod declarations
/home/milnes/projects/APAS-VERUS/src/Chap26/ScanDCMtPer.rs:1: info: [2] vstd::prelude::* before verus!
/home/milnes/projects/APAS-VERUS/src/Chap26/ScanDCMtPer.rs:1: info: [3] has verus! macro
/home/milnes/projects/APAS-VERUS/src/Chap26/ScanDCMtPer.rs:1: info: [4] no std imports (ok)
/home/milnes/projects/APAS-VERUS/src/Chap26/ScanDCMtPer.rs:1: info: [5] no vstd imports (ok)
/home/milnes/projects/APAS-VERUS/src/Chap26/ScanDCMtPer.rs:1: info: [11] Set/Seq usage has broadcast groups
/home/milnes/projects/APAS-VERUS/src/Chap26/ScanDCMtPer.rs:1: info: [12] all trait fns have specs
/home/milnes/projects/APAS-VERUS/src/Chap26/ScanDCMtPer.rs:1: info: [13] trait impls inside verus!
/home/milnes/projects/APAS-VERUS/src/Chap26/ScanDCMtPer.rs:1: info: [14] no Debug/Display impls (ok)
/home/milnes/projects/APAS-VERUS/src/Chap26/ScanDCMtPer.rs:1: info: [15] no PartialEq/Eq/Clone/Hash/Ord impls (ok)
/home/milnes/projects/APAS-VERUS/src/Chap26/ScanDCMtPer.rs:1: info: [16] no Lit macro definitions (ok)
/home/milnes/projects/APAS-VERUS/src/Chap26/ScanDCMtPer.rs:1: info: [17] no collection structs (ok)
/home/milnes/projects/APAS-VERUS/src/Chap26/ScanDCMtPer.rs:1: info: [18] definition order correct
/home/milnes/projects/APAS-VERUS/src/Chap26/ScanDCMtPer.rs:1: info: [19] no generic return names
/home/milnes/projects/APAS-VERUS/src/Chap26/ScanDCMtPer.rs:1: info: [20] all traits have impls
/home/milnes/projects/APAS-VERUS/src/Chap26/ScanDCMtPer.rs:1: info: [21] broadcast use: vstd:: before crate::
/home/milnes/projects/APAS-VERUS/src/Chap26/ScanDCMtPer.rs:1: info: [22a:proof] free proof fn lemma_fold_left_monoid correctly free (Standard 19)
/home/milnes/projects/APAS-VERUS/src/Chap26/ScanDCMtPer.rs:1: info: [22a:spec] free spec fn spec_wrapping_add correctly free (Standard 19)
/home/milnes/projects/APAS-VERUS/src/Chap26/ScanDCMtPer.rs:1: info: [22a:spec] free spec fn spec_sum_fn correctly free (Standard 19)
/home/milnes/projects/APAS-VERUS/src/Chap26/ScanDCMtPer.rs:1: info: [22a:spec] free spec fn spec_scan_at correctly free (Standard 19)
/home/milnes/projects/APAS-VERUS/src/Chap26/ScanDCMtPer.rs:1: info: [22a:spec] free spec fn spec_scan_post correctly free (Standard 19)
/home/milnes/projects/APAS-VERUS/src/Chap26/ScanDCMtPer.rs:1: info: [23a] spec/proof fn looser bounds: N/A
/home/milnes/projects/APAS-VERUS/src/Chap26/ScanDCMtPer.rs:1: info: [23b] free fn stricter bounds: N/A
/home/milnes/projects/APAS-VERUS/src/Chap26/ScanDCMtPer.rs:119: warning: [22:exec] free fn prefix_sums_dc_inner should be a trait method
/home/milnes/projects/APAS-VERUS/src/Chap26/ScanDCMtPer.rs:1: warning: [24] missing or incorrect copyright line; expected: //! Copyright (C) 2025 Acar, Blelloch and Milnes from 'Algorithms Parallel and Sequential'.

/home/milnes/projects/APAS-VERUS/src/Chap26/ScanDCStPer.rs:
/home/milnes/projects/APAS-VERUS/src/Chap26/ScanDCStPer.rs:1: info: [1] has mod declarations
/home/milnes/projects/APAS-VERUS/src/Chap26/ScanDCStPer.rs:1: info: [2] vstd::prelude::* before verus!
/home/milnes/projects/APAS-VERUS/src/Chap26/ScanDCStPer.rs:1: info: [3] has verus! macro
/home/milnes/projects/APAS-VERUS/src/Chap26/ScanDCStPer.rs:1: info: [4] no std imports (ok)
/home/milnes/projects/APAS-VERUS/src/Chap26/ScanDCStPer.rs:1: info: [5] no vstd imports (ok)
/home/milnes/projects/APAS-VERUS/src/Chap26/ScanDCStPer.rs:1: info: [11] Set/Seq usage has broadcast groups
/home/milnes/projects/APAS-VERUS/src/Chap26/ScanDCStPer.rs:1: info: [12] all trait fns have specs
/home/milnes/projects/APAS-VERUS/src/Chap26/ScanDCStPer.rs:1: info: [13] trait impls inside verus!
/home/milnes/projects/APAS-VERUS/src/Chap26/ScanDCStPer.rs:1: info: [14] no Debug/Display impls (ok)
/home/milnes/projects/APAS-VERUS/src/Chap26/ScanDCStPer.rs:1: info: [15] no PartialEq/Eq/Clone/Hash/Ord impls (ok)
/home/milnes/projects/APAS-VERUS/src/Chap26/ScanDCStPer.rs:1: info: [16] no Lit macro definitions (ok)
/home/milnes/projects/APAS-VERUS/src/Chap26/ScanDCStPer.rs:1: info: [17] no collection structs (ok)
/home/milnes/projects/APAS-VERUS/src/Chap26/ScanDCStPer.rs:1: info: [18] definition order correct
/home/milnes/projects/APAS-VERUS/src/Chap26/ScanDCStPer.rs:1: info: [19] no generic return names
/home/milnes/projects/APAS-VERUS/src/Chap26/ScanDCStPer.rs:1: info: [20] all traits have impls
/home/milnes/projects/APAS-VERUS/src/Chap26/ScanDCStPer.rs:1: info: [21] broadcast use: vstd:: before crate::
/home/milnes/projects/APAS-VERUS/src/Chap26/ScanDCStPer.rs:1: info: [22:exec] exec fns: all in traits
/home/milnes/projects/APAS-VERUS/src/Chap26/ScanDCStPer.rs:1: info: [22a:proof] free proof fn lemma_fold_left_monoid correctly free (Standard 19)
/home/milnes/projects/APAS-VERUS/src/Chap26/ScanDCStPer.rs:1: info: [22a:spec] free spec fn spec_scan_at correctly free (Standard 19)
/home/milnes/projects/APAS-VERUS/src/Chap26/ScanDCStPer.rs:1: info: [22a:spec] free spec fn spec_scan_post correctly free (Standard 19)
/home/milnes/projects/APAS-VERUS/src/Chap26/ScanDCStPer.rs:1: info: [23a] spec/proof fn looser bounds: N/A
/home/milnes/projects/APAS-VERUS/src/Chap26/ScanDCStPer.rs:1: info: [23b] free fn stricter bounds: N/A
/home/milnes/projects/APAS-VERUS/src/Chap26/ScanDCStPer.rs:1: warning: [24] missing or incorrect copyright line; expected: //! Copyright (C) 2025 Acar, Blelloch and Milnes from 'Algorithms Parallel and Sequential'.

/home/milnes/projects/APAS-VERUS/src/Chap27/ContractSpecsAndLemmas.rs:
/home/milnes/projects/APAS-VERUS/src/Chap27/ContractSpecsAndLemmas.rs:1: info: [1] has mod declarations
/home/milnes/projects/APAS-VERUS/src/Chap27/ContractSpecsAndLemmas.rs:1: info: [2] vstd::prelude::* before verus!
/home/milnes/projects/APAS-VERUS/src/Chap27/ContractSpecsAndLemmas.rs:1: info: [3] has verus! macro
/home/milnes/projects/APAS-VERUS/src/Chap27/ContractSpecsAndLemmas.rs:1: info: [4] no std imports (ok)
/home/milnes/projects/APAS-VERUS/src/Chap27/ContractSpecsAndLemmas.rs:1: info: [5] no vstd imports (ok)
/home/milnes/projects/APAS-VERUS/src/Chap27/ContractSpecsAndLemmas.rs:1: info: [11] Set/Seq usage has broadcast groups
/home/milnes/projects/APAS-VERUS/src/Chap27/ContractSpecsAndLemmas.rs:1: info: [12] no traits (ok)
/home/milnes/projects/APAS-VERUS/src/Chap27/ContractSpecsAndLemmas.rs:1: info: [13] no non-derive trait impls (ok)
/home/milnes/projects/APAS-VERUS/src/Chap27/ContractSpecsAndLemmas.rs:1: info: [14] no Debug/Display impls (ok)
/home/milnes/projects/APAS-VERUS/src/Chap27/ContractSpecsAndLemmas.rs:1: info: [15] no PartialEq/Eq/Clone/Hash/Ord impls (ok)
/home/milnes/projects/APAS-VERUS/src/Chap27/ContractSpecsAndLemmas.rs:1: info: [16] no Lit macro definitions (ok)
/home/milnes/projects/APAS-VERUS/src/Chap27/ContractSpecsAndLemmas.rs:1: info: [17] no collection structs (ok)
/home/milnes/projects/APAS-VERUS/src/Chap27/ContractSpecsAndLemmas.rs:1: info: [18] definition order correct
/home/milnes/projects/APAS-VERUS/src/Chap27/ContractSpecsAndLemmas.rs:1: info: [19] no generic return names
/home/milnes/projects/APAS-VERUS/src/Chap27/ContractSpecsAndLemmas.rs:1: info: [20] no traits defined
/home/milnes/projects/APAS-VERUS/src/Chap27/ContractSpecsAndLemmas.rs:1: info: [21] broadcast use: vstd:: before crate::
/home/milnes/projects/APAS-VERUS/src/Chap27/ContractSpecsAndLemmas.rs:1: info: [22:exec] exec fns: all in traits
/home/milnes/projects/APAS-VERUS/src/Chap27/ContractSpecsAndLemmas.rs:1: info: [22:spec] spec fns: all in traits as abstract signatures
/home/milnes/projects/APAS-VERUS/src/Chap27/ContractSpecsAndLemmas.rs:1: info: [22a:proof] free proof fn lemma_fold_left_monoid correctly free (Standard 19)
/home/milnes/projects/APAS-VERUS/src/Chap27/ContractSpecsAndLemmas.rs:1: info: [22a:proof] free proof fn lemma_fold_left_pair correctly free (Standard 19)
/home/milnes/projects/APAS-VERUS/src/Chap27/ContractSpecsAndLemmas.rs:1: info: [22a:proof] free proof fn lemma_fold_left_singleton correctly free (Standard 19)
/home/milnes/projects/APAS-VERUS/src/Chap27/ContractSpecsAndLemmas.rs:1: info: [22a:proof] free proof fn lemma_contraction_even correctly free (Standard 19)
/home/milnes/projects/APAS-VERUS/src/Chap27/ContractSpecsAndLemmas.rs:1: info: [22a:proof] free proof fn lemma_prefix_contraction correctly free (Standard 19)
/home/milnes/projects/APAS-VERUS/src/Chap27/ContractSpecsAndLemmas.rs:1: info: [22a:proof] free proof fn lemma_expand_even correctly free (Standard 19)
/home/milnes/projects/APAS-VERUS/src/Chap27/ContractSpecsAndLemmas.rs:1: info: [22a:proof] free proof fn lemma_expand_odd correctly free (Standard 19)
/home/milnes/projects/APAS-VERUS/src/Chap27/ContractSpecsAndLemmas.rs:1: info: [22a:proof] free proof fn lemma_expand_odd_tail correctly free (Standard 19)
/home/milnes/projects/APAS-VERUS/src/Chap27/ContractSpecsAndLemmas.rs:1: info: [23a] no spec/proof fns with looser bounds
/home/milnes/projects/APAS-VERUS/src/Chap27/ContractSpecsAndLemmas.rs:1: info: [23b] free fn type bounds compatible with trait
/home/milnes/projects/APAS-VERUS/src/Chap27/ContractSpecsAndLemmas.rs:1: warning: [24] missing or incorrect copyright line; expected: //! Copyright (C) 2025 Acar, Blelloch and Milnes from 'Algorithms Parallel and Sequential'.

/home/milnes/projects/APAS-VERUS/src/Chap27/ReduceContractMtEph.rs:
/home/milnes/projects/APAS-VERUS/src/Chap27/ReduceContractMtEph.rs:1: info: [1] has mod declarations
/home/milnes/projects/APAS-VERUS/src/Chap27/ReduceContractMtEph.rs:1: info: [2] vstd::prelude::* before verus!
/home/milnes/projects/APAS-VERUS/src/Chap27/ReduceContractMtEph.rs:1: info: [3] has verus! macro
/home/milnes/projects/APAS-VERUS/src/Chap27/ReduceContractMtEph.rs:1: info: [4] std imports grouped with trailing blank
/home/milnes/projects/APAS-VERUS/src/Chap27/ReduceContractMtEph.rs:1: info: [5] no vstd imports (ok)
/home/milnes/projects/APAS-VERUS/src/Chap27/ReduceContractMtEph.rs:1: info: [11] Set/Seq usage has broadcast groups
/home/milnes/projects/APAS-VERUS/src/Chap27/ReduceContractMtEph.rs:1: info: [12] all trait fns have specs
/home/milnes/projects/APAS-VERUS/src/Chap27/ReduceContractMtEph.rs:1: info: [13] trait impls inside verus!
/home/milnes/projects/APAS-VERUS/src/Chap27/ReduceContractMtEph.rs:1: info: [14] no Debug/Display impls (ok)
/home/milnes/projects/APAS-VERUS/src/Chap27/ReduceContractMtEph.rs:1: info: [15] no PartialEq/Eq/Clone/Hash/Ord impls (ok)
/home/milnes/projects/APAS-VERUS/src/Chap27/ReduceContractMtEph.rs:1: info: [16] no Lit macro definitions (ok)
/home/milnes/projects/APAS-VERUS/src/Chap27/ReduceContractMtEph.rs:1: info: [17] no collection structs (ok)
/home/milnes/projects/APAS-VERUS/src/Chap27/ReduceContractMtEph.rs:1: info: [18] definition order correct
/home/milnes/projects/APAS-VERUS/src/Chap27/ReduceContractMtEph.rs:1: info: [19] no generic return names
/home/milnes/projects/APAS-VERUS/src/Chap27/ReduceContractMtEph.rs:1: info: [20] all traits have impls
/home/milnes/projects/APAS-VERUS/src/Chap27/ReduceContractMtEph.rs:1: info: [21] broadcast use: vstd:: before crate::
/home/milnes/projects/APAS-VERUS/src/Chap27/ReduceContractMtEph.rs:1: info: [22:proof] proof fns: all in traits
/home/milnes/projects/APAS-VERUS/src/Chap27/ReduceContractMtEph.rs:1: info: [22:spec] spec fns: all in traits as abstract signatures
/home/milnes/projects/APAS-VERUS/src/Chap27/ReduceContractMtEph.rs:1: info: [23a] no spec/proof fns with looser bounds
/home/milnes/projects/APAS-VERUS/src/Chap27/ReduceContractMtEph.rs:1: info: [23b] free fn type bounds compatible with trait
/home/milnes/projects/APAS-VERUS/src/Chap27/ReduceContractMtEph.rs:80: warning: [22:exec] free fn contract_parallel should be a trait method
/home/milnes/projects/APAS-VERUS/src/Chap27/ReduceContractMtEph.rs:1: warning: [24] missing or incorrect copyright line; expected: //! Copyright (C) 2025 Acar, Blelloch and Milnes from 'Algorithms Parallel and Sequential'.

/home/milnes/projects/APAS-VERUS/src/Chap27/ReduceContractStEph.rs:
/home/milnes/projects/APAS-VERUS/src/Chap27/ReduceContractStEph.rs:1: info: [1] has mod declarations
/home/milnes/projects/APAS-VERUS/src/Chap27/ReduceContractStEph.rs:1: info: [2] vstd::prelude::* before verus!
/home/milnes/projects/APAS-VERUS/src/Chap27/ReduceContractStEph.rs:1: info: [3] has verus! macro
/home/milnes/projects/APAS-VERUS/src/Chap27/ReduceContractStEph.rs:1: info: [4] no std imports (ok)
/home/milnes/projects/APAS-VERUS/src/Chap27/ReduceContractStEph.rs:1: info: [5] no vstd imports (ok)
/home/milnes/projects/APAS-VERUS/src/Chap27/ReduceContractStEph.rs:1: info: [11] Set/Seq usage has broadcast groups
/home/milnes/projects/APAS-VERUS/src/Chap27/ReduceContractStEph.rs:1: info: [12] all trait fns have specs
/home/milnes/projects/APAS-VERUS/src/Chap27/ReduceContractStEph.rs:1: info: [13] trait impls inside verus!
/home/milnes/projects/APAS-VERUS/src/Chap27/ReduceContractStEph.rs:1: info: [14] no Debug/Display impls (ok)
/home/milnes/projects/APAS-VERUS/src/Chap27/ReduceContractStEph.rs:1: info: [15] no PartialEq/Eq/Clone/Hash/Ord impls (ok)
/home/milnes/projects/APAS-VERUS/src/Chap27/ReduceContractStEph.rs:1: info: [16] no Lit macro definitions (ok)
/home/milnes/projects/APAS-VERUS/src/Chap27/ReduceContractStEph.rs:1: info: [17] no collection structs (ok)
/home/milnes/projects/APAS-VERUS/src/Chap27/ReduceContractStEph.rs:1: info: [18] definition order correct
/home/milnes/projects/APAS-VERUS/src/Chap27/ReduceContractStEph.rs:1: info: [19] no generic return names
/home/milnes/projects/APAS-VERUS/src/Chap27/ReduceContractStEph.rs:1: info: [20] all traits have impls
/home/milnes/projects/APAS-VERUS/src/Chap27/ReduceContractStEph.rs:1: info: [21] broadcast use: vstd:: before crate::
/home/milnes/projects/APAS-VERUS/src/Chap27/ReduceContractStEph.rs:1: info: [22:exec] exec fns: all in traits
/home/milnes/projects/APAS-VERUS/src/Chap27/ReduceContractStEph.rs:1: info: [22:proof] proof fns: all in traits
/home/milnes/projects/APAS-VERUS/src/Chap27/ReduceContractStEph.rs:1: info: [22:spec] spec fns: all in traits as abstract signatures
/home/milnes/projects/APAS-VERUS/src/Chap27/ReduceContractStEph.rs:1: info: [23a] spec/proof fn looser bounds: N/A
/home/milnes/projects/APAS-VERUS/src/Chap27/ReduceContractStEph.rs:1: info: [23b] free fn stricter bounds: N/A
/home/milnes/projects/APAS-VERUS/src/Chap27/ReduceContractStEph.rs:1: warning: [24] missing or incorrect copyright line; expected: //! Copyright (C) 2025 Acar, Blelloch and Milnes from 'Algorithms Parallel and Sequential'.

/home/milnes/projects/APAS-VERUS/src/Chap27/ScanContractMtEph.rs:
/home/milnes/projects/APAS-VERUS/src/Chap27/ScanContractMtEph.rs:1: info: [1] has mod declarations
/home/milnes/projects/APAS-VERUS/src/Chap27/ScanContractMtEph.rs:1: info: [2] vstd::prelude::* before verus!
/home/milnes/projects/APAS-VERUS/src/Chap27/ScanContractMtEph.rs:1: info: [3] has verus! macro
/home/milnes/projects/APAS-VERUS/src/Chap27/ScanContractMtEph.rs:1: info: [4] std imports grouped with trailing blank
/home/milnes/projects/APAS-VERUS/src/Chap27/ScanContractMtEph.rs:1: info: [5] no vstd imports (ok)
/home/milnes/projects/APAS-VERUS/src/Chap27/ScanContractMtEph.rs:1: info: [11] Set/Seq usage has broadcast groups
/home/milnes/projects/APAS-VERUS/src/Chap27/ScanContractMtEph.rs:1: info: [12] all trait fns have specs
/home/milnes/projects/APAS-VERUS/src/Chap27/ScanContractMtEph.rs:1: info: [13] trait impls inside verus!
/home/milnes/projects/APAS-VERUS/src/Chap27/ScanContractMtEph.rs:1: info: [14] no Debug/Display impls (ok)
/home/milnes/projects/APAS-VERUS/src/Chap27/ScanContractMtEph.rs:1: info: [15] no PartialEq/Eq/Clone/Hash/Ord impls (ok)
/home/milnes/projects/APAS-VERUS/src/Chap27/ScanContractMtEph.rs:1: info: [16] no Lit macro definitions (ok)
/home/milnes/projects/APAS-VERUS/src/Chap27/ScanContractMtEph.rs:1: info: [17] no collection structs (ok)
/home/milnes/projects/APAS-VERUS/src/Chap27/ScanContractMtEph.rs:1: info: [18] definition order correct
/home/milnes/projects/APAS-VERUS/src/Chap27/ScanContractMtEph.rs:1: info: [19] no generic return names
/home/milnes/projects/APAS-VERUS/src/Chap27/ScanContractMtEph.rs:1: info: [20] all traits have impls
/home/milnes/projects/APAS-VERUS/src/Chap27/ScanContractMtEph.rs:1: info: [21] broadcast use: vstd:: before crate::
/home/milnes/projects/APAS-VERUS/src/Chap27/ScanContractMtEph.rs:1: info: [22:exec] exec fns: all in traits
/home/milnes/projects/APAS-VERUS/src/Chap27/ScanContractMtEph.rs:1: info: [22:proof] proof fns: all in traits
/home/milnes/projects/APAS-VERUS/src/Chap27/ScanContractMtEph.rs:1: info: [22:spec] spec fns: all in traits as abstract signatures
/home/milnes/projects/APAS-VERUS/src/Chap27/ScanContractMtEph.rs:1: info: [23a] spec/proof fn looser bounds: N/A
/home/milnes/projects/APAS-VERUS/src/Chap27/ScanContractMtEph.rs:1: info: [23b] free fn stricter bounds: N/A
/home/milnes/projects/APAS-VERUS/src/Chap27/ScanContractMtEph.rs:1: warning: [24] missing or incorrect copyright line; expected: //! Copyright (C) 2025 Acar, Blelloch and Milnes from 'Algorithms Parallel and Sequential'.

/home/milnes/projects/APAS-VERUS/src/Chap27/ScanContractStEph.rs:
/home/milnes/projects/APAS-VERUS/src/Chap27/ScanContractStEph.rs:1: info: [1] has mod declarations
/home/milnes/projects/APAS-VERUS/src/Chap27/ScanContractStEph.rs:1: info: [2] vstd::prelude::* before verus!
/home/milnes/projects/APAS-VERUS/src/Chap27/ScanContractStEph.rs:1: info: [3] has verus! macro
/home/milnes/projects/APAS-VERUS/src/Chap27/ScanContractStEph.rs:1: info: [4] no std imports (ok)
/home/milnes/projects/APAS-VERUS/src/Chap27/ScanContractStEph.rs:1: info: [5] no vstd imports (ok)
/home/milnes/projects/APAS-VERUS/src/Chap27/ScanContractStEph.rs:1: info: [11] Set/Seq usage has broadcast groups
/home/milnes/projects/APAS-VERUS/src/Chap27/ScanContractStEph.rs:1: info: [12] all trait fns have specs
/home/milnes/projects/APAS-VERUS/src/Chap27/ScanContractStEph.rs:1: info: [13] trait impls inside verus!
/home/milnes/projects/APAS-VERUS/src/Chap27/ScanContractStEph.rs:1: info: [14] no Debug/Display impls (ok)
/home/milnes/projects/APAS-VERUS/src/Chap27/ScanContractStEph.rs:1: info: [15] no PartialEq/Eq/Clone/Hash/Ord impls (ok)
/home/milnes/projects/APAS-VERUS/src/Chap27/ScanContractStEph.rs:1: info: [16] no Lit macro definitions (ok)
/home/milnes/projects/APAS-VERUS/src/Chap27/ScanContractStEph.rs:1: info: [17] no collection structs (ok)
/home/milnes/projects/APAS-VERUS/src/Chap27/ScanContractStEph.rs:1: info: [18] definition order correct
/home/milnes/projects/APAS-VERUS/src/Chap27/ScanContractStEph.rs:1: info: [19] no generic return names
/home/milnes/projects/APAS-VERUS/src/Chap27/ScanContractStEph.rs:1: info: [20] all traits have impls
/home/milnes/projects/APAS-VERUS/src/Chap27/ScanContractStEph.rs:1: info: [21] broadcast use: vstd:: before crate::
/home/milnes/projects/APAS-VERUS/src/Chap27/ScanContractStEph.rs:1: info: [22:exec] exec fns: all in traits
/home/milnes/projects/APAS-VERUS/src/Chap27/ScanContractStEph.rs:1: info: [22a:proof] free proof fn lemma_scan_prefix_unfold correctly free (Standard 19)
/home/milnes/projects/APAS-VERUS/src/Chap27/ScanContractStEph.rs:1: info: [22a:spec] free spec fn scan_prefix correctly free (Standard 19)
/home/milnes/projects/APAS-VERUS/src/Chap27/ScanContractStEph.rs:1: info: [23a] spec/proof fn scan_prefix param T has looser bounds `(none)` (trait ScanContractStEphTrait has `StT`)
/home/milnes/projects/APAS-VERUS/src/Chap27/ScanContractStEph.rs:1: info: [23a] spec/proof fn lemma_scan_prefix_unfold param T has looser bounds `(none)` (trait ScanContractStEphTrait has `StT`)
/home/milnes/projects/APAS-VERUS/src/Chap27/ScanContractStEph.rs:1: info: [23b] free fn type bounds compatible with trait
/home/milnes/projects/APAS-VERUS/src/Chap27/ScanContractStEph.rs:1: warning: [24] missing or incorrect copyright line; expected: //! Copyright (C) 2025 Acar, Blelloch and Milnes from 'Algorithms Parallel and Sequential'.

/home/milnes/projects/APAS-VERUS/src/Chap28/MCSSSpec.rs:
/home/milnes/projects/APAS-VERUS/src/Chap28/MCSSSpec.rs:1: info: [1] has mod declarations
/home/milnes/projects/APAS-VERUS/src/Chap28/MCSSSpec.rs:1: info: [2] vstd::prelude::* before verus!
/home/milnes/projects/APAS-VERUS/src/Chap28/MCSSSpec.rs:1: info: [3] has verus! macro
/home/milnes/projects/APAS-VERUS/src/Chap28/MCSSSpec.rs:1: info: [4] no std imports (ok)
/home/milnes/projects/APAS-VERUS/src/Chap28/MCSSSpec.rs:1: info: [5] no vstd imports (ok)
/home/milnes/projects/APAS-VERUS/src/Chap28/MCSSSpec.rs:1: info: [11] Set/Seq usage has broadcast groups
/home/milnes/projects/APAS-VERUS/src/Chap28/MCSSSpec.rs:1: info: [12] no traits (ok)
/home/milnes/projects/APAS-VERUS/src/Chap28/MCSSSpec.rs:1: info: [13] no non-derive trait impls (ok)
/home/milnes/projects/APAS-VERUS/src/Chap28/MCSSSpec.rs:1: info: [14] no Debug/Display impls (ok)
/home/milnes/projects/APAS-VERUS/src/Chap28/MCSSSpec.rs:1: info: [15] no PartialEq/Eq/Clone/Hash/Ord impls (ok)
/home/milnes/projects/APAS-VERUS/src/Chap28/MCSSSpec.rs:1: info: [16] no Lit macro definitions (ok)
/home/milnes/projects/APAS-VERUS/src/Chap28/MCSSSpec.rs:1: info: [17] no collection structs (ok)
/home/milnes/projects/APAS-VERUS/src/Chap28/MCSSSpec.rs:1: info: [18] definition order correct
/home/milnes/projects/APAS-VERUS/src/Chap28/MCSSSpec.rs:1: info: [19] no generic return names
/home/milnes/projects/APAS-VERUS/src/Chap28/MCSSSpec.rs:1: info: [20] no traits defined
/home/milnes/projects/APAS-VERUS/src/Chap28/MCSSSpec.rs:1: info: [21] broadcast use: vstd:: before crate::
/home/milnes/projects/APAS-VERUS/src/Chap28/MCSSSpec.rs:1: info: [22:exec] exec fns: all in traits
/home/milnes/projects/APAS-VERUS/src/Chap28/MCSSSpec.rs:1: info: [22a:proof] free proof fn lemma_range_sum_snoc correctly free (Standard 19)
/home/milnes/projects/APAS-VERUS/src/Chap28/MCSSSpec.rs:1: info: [22a:proof] free proof fn lemma_range_sum_single correctly free (Standard 19)
/home/milnes/projects/APAS-VERUS/src/Chap28/MCSSSpec.rs:1: info: [22a:proof] free proof fn lemma_range_sum_empty correctly free (Standard 19)
/home/milnes/projects/APAS-VERUS/src/Chap28/MCSSSpec.rs:1: info: [22a:proof] free proof fn lemma_range_sum_split correctly free (Standard 19)
/home/milnes/projects/APAS-VERUS/src/Chap28/MCSSSpec.rs:1: info: [22a:proof] free proof fn lemma_range_sum_via_prefix correctly free (Standard 19)
/home/milnes/projects/APAS-VERUS/src/Chap28/MCSSSpec.rs:1: info: [22a:proof] free proof fn lemma_min_prefix_sum_is_min correctly free (Standard 19)
/home/milnes/projects/APAS-VERUS/src/Chap28/MCSSSpec.rs:1: info: [22a:proof] free proof fn lemma_min_prefix_sum_achieved correctly free (Standard 19)
/home/milnes/projects/APAS-VERUS/src/Chap28/MCSSSpec.rs:1: info: [22a:proof] free proof fn lemma_range_sum_subseq correctly free (Standard 19)
/home/milnes/projects/APAS-VERUS/src/Chap28/MCSSSpec.rs:1: info: [22a:proof] free proof fn lemma_crossing_decompose correctly free (Standard 19)
/home/milnes/projects/APAS-VERUS/src/Chap28/MCSSSpec.rs:1: info: [22a:proof] free proof fn lemma_sums_fit_subseq correctly free (Standard 19)
/home/milnes/projects/APAS-VERUS/src/Chap28/MCSSSpec.rs:1: info: [22a:spec] free spec fn spec_range_sum correctly free (Standard 19)
/home/milnes/projects/APAS-VERUS/src/Chap28/MCSSSpec.rs:1: info: [22a:spec] free spec fn is_mcss_of correctly free (Standard 19)
/home/milnes/projects/APAS-VERUS/src/Chap28/MCSSSpec.rs:1: info: [22a:spec] free spec fn spec_mcss correctly free (Standard 19)
/home/milnes/projects/APAS-VERUS/src/Chap28/MCSSSpec.rs:1: info: [22a:spec] free spec fn sums_fit_i32 correctly free (Standard 19)
/home/milnes/projects/APAS-VERUS/src/Chap28/MCSSSpec.rs:1: info: [22a:spec] free spec fn spec_prefix_sum correctly free (Standard 19)
/home/milnes/projects/APAS-VERUS/src/Chap28/MCSSSpec.rs:1: info: [22a:spec] free spec fn spec_min_prefix_sum correctly free (Standard 19)
/home/milnes/projects/APAS-VERUS/src/Chap28/MCSSSpec.rs:1: info: [22a:spec] free spec fn is_max_suffix_sum correctly free (Standard 19)
/home/milnes/projects/APAS-VERUS/src/Chap28/MCSSSpec.rs:1: info: [22a:spec] free spec fn is_max_prefix_sum correctly free (Standard 19)
/home/milnes/projects/APAS-VERUS/src/Chap28/MCSSSpec.rs:1: info: [23a] spec/proof fn looser bounds: N/A
/home/milnes/projects/APAS-VERUS/src/Chap28/MCSSSpec.rs:1: info: [23b] free fn stricter bounds: N/A
/home/milnes/projects/APAS-VERUS/src/Chap28/MCSSSpec.rs:1: warning: [24] missing or incorrect copyright line; expected: //! Copyright (C) 2025 Acar, Blelloch and Milnes from 'Algorithms Parallel and Sequential'.

/home/milnes/projects/APAS-VERUS/src/Chap28/MaxContigSubSumBruteStEph.rs:
/home/milnes/projects/APAS-VERUS/src/Chap28/MaxContigSubSumBruteStEph.rs:1: info: [1] has mod declarations
/home/milnes/projects/APAS-VERUS/src/Chap28/MaxContigSubSumBruteStEph.rs:1: info: [2] vstd::prelude::* before verus!
/home/milnes/projects/APAS-VERUS/src/Chap28/MaxContigSubSumBruteStEph.rs:1: info: [3] has verus! macro
/home/milnes/projects/APAS-VERUS/src/Chap28/MaxContigSubSumBruteStEph.rs:1: info: [4] no std imports (ok)
/home/milnes/projects/APAS-VERUS/src/Chap28/MaxContigSubSumBruteStEph.rs:1: info: [5] no vstd imports (ok)
/home/milnes/projects/APAS-VERUS/src/Chap28/MaxContigSubSumBruteStEph.rs:1: info: [11] no Set/Seq usage (ok)
/home/milnes/projects/APAS-VERUS/src/Chap28/MaxContigSubSumBruteStEph.rs:1: info: [12] all trait fns have specs
/home/milnes/projects/APAS-VERUS/src/Chap28/MaxContigSubSumBruteStEph.rs:1: info: [13] trait impls inside verus!
/home/milnes/projects/APAS-VERUS/src/Chap28/MaxContigSubSumBruteStEph.rs:1: info: [14] no Debug/Display impls (ok)
/home/milnes/projects/APAS-VERUS/src/Chap28/MaxContigSubSumBruteStEph.rs:1: info: [15] no PartialEq/Eq/Clone/Hash/Ord impls (ok)
/home/milnes/projects/APAS-VERUS/src/Chap28/MaxContigSubSumBruteStEph.rs:1: info: [16] no Lit macro definitions (ok)
/home/milnes/projects/APAS-VERUS/src/Chap28/MaxContigSubSumBruteStEph.rs:1: info: [17] no collection structs (ok)
/home/milnes/projects/APAS-VERUS/src/Chap28/MaxContigSubSumBruteStEph.rs:1: info: [18] definition order correct
/home/milnes/projects/APAS-VERUS/src/Chap28/MaxContigSubSumBruteStEph.rs:1: info: [19] no generic return names
/home/milnes/projects/APAS-VERUS/src/Chap28/MaxContigSubSumBruteStEph.rs:1: info: [20] all traits have impls
/home/milnes/projects/APAS-VERUS/src/Chap28/MaxContigSubSumBruteStEph.rs:1: info: [21] no broadcast use entries
/home/milnes/projects/APAS-VERUS/src/Chap28/MaxContigSubSumBruteStEph.rs:1: info: [22:proof] proof fns: all in traits
/home/milnes/projects/APAS-VERUS/src/Chap28/MaxContigSubSumBruteStEph.rs:1: info: [22a:exec] free fn max_with_neginf correctly free (Standard 19)
/home/milnes/projects/APAS-VERUS/src/Chap28/MaxContigSubSumBruteStEph.rs:1: info: [22a:spec] free spec fn spec_max_opt_i32 correctly free (Standard 19)
/home/milnes/projects/APAS-VERUS/src/Chap28/MaxContigSubSumBruteStEph.rs:1: info: [23a] spec/proof fn looser bounds: N/A
/home/milnes/projects/APAS-VERUS/src/Chap28/MaxContigSubSumBruteStEph.rs:1: info: [23b] free fn stricter bounds: N/A
/home/milnes/projects/APAS-VERUS/src/Chap28/MaxContigSubSumBruteStEph.rs:1: warning: [24] missing or incorrect copyright line; expected: //! Copyright (C) 2025 Acar, Blelloch and Milnes from 'Algorithms Parallel and Sequential'.

/home/milnes/projects/APAS-VERUS/src/Chap28/MaxContigSubSumDivConMtEph.rs:
/home/milnes/projects/APAS-VERUS/src/Chap28/MaxContigSubSumDivConMtEph.rs:1: info: [1] has mod declarations
/home/milnes/projects/APAS-VERUS/src/Chap28/MaxContigSubSumDivConMtEph.rs:1: info: [2] vstd::prelude::* before verus!
/home/milnes/projects/APAS-VERUS/src/Chap28/MaxContigSubSumDivConMtEph.rs:1: info: [3] has verus! macro
/home/milnes/projects/APAS-VERUS/src/Chap28/MaxContigSubSumDivConMtEph.rs:1: info: [4] no std imports (ok)
/home/milnes/projects/APAS-VERUS/src/Chap28/MaxContigSubSumDivConMtEph.rs:1: info: [5] no vstd imports (ok)
/home/milnes/projects/APAS-VERUS/src/Chap28/MaxContigSubSumDivConMtEph.rs:1: info: [11] no Set/Seq usage (ok)
/home/milnes/projects/APAS-VERUS/src/Chap28/MaxContigSubSumDivConMtEph.rs:1: info: [12] all trait fns have specs
/home/milnes/projects/APAS-VERUS/src/Chap28/MaxContigSubSumDivConMtEph.rs:1: info: [13] trait impls inside verus!
/home/milnes/projects/APAS-VERUS/src/Chap28/MaxContigSubSumDivConMtEph.rs:1: info: [14] no Debug/Display impls (ok)
/home/milnes/projects/APAS-VERUS/src/Chap28/MaxContigSubSumDivConMtEph.rs:1: info: [15] no PartialEq/Eq/Clone/Hash/Ord impls (ok)
/home/milnes/projects/APAS-VERUS/src/Chap28/MaxContigSubSumDivConMtEph.rs:1: info: [16] no Lit macro definitions (ok)
/home/milnes/projects/APAS-VERUS/src/Chap28/MaxContigSubSumDivConMtEph.rs:1: info: [17] no collection structs (ok)
/home/milnes/projects/APAS-VERUS/src/Chap28/MaxContigSubSumDivConMtEph.rs:1: info: [18] definition order correct
/home/milnes/projects/APAS-VERUS/src/Chap28/MaxContigSubSumDivConMtEph.rs:1: info: [19] no generic return names
/home/milnes/projects/APAS-VERUS/src/Chap28/MaxContigSubSumDivConMtEph.rs:1: info: [20] all traits have impls
/home/milnes/projects/APAS-VERUS/src/Chap28/MaxContigSubSumDivConMtEph.rs:1: info: [21] no broadcast use entries
/home/milnes/projects/APAS-VERUS/src/Chap28/MaxContigSubSumDivConMtEph.rs:1: info: [22:proof] proof fns: all in traits
/home/milnes/projects/APAS-VERUS/src/Chap28/MaxContigSubSumDivConMtEph.rs:1: info: [22a:exec] free fn max_with_neginf correctly free (Standard 19)
/home/milnes/projects/APAS-VERUS/src/Chap28/MaxContigSubSumDivConMtEph.rs:1: info: [22a:spec] free spec fn spec_max_opt_i32 correctly free (Standard 19)
/home/milnes/projects/APAS-VERUS/src/Chap28/MaxContigSubSumDivConMtEph.rs:1: info: [23a] spec/proof fn looser bounds: N/A
/home/milnes/projects/APAS-VERUS/src/Chap28/MaxContigSubSumDivConMtEph.rs:1: info: [23b] free fn stricter bounds: N/A
/home/milnes/projects/APAS-VERUS/src/Chap28/MaxContigSubSumDivConMtEph.rs:86: warning: [22:exec] free fn max_suffix_sum should be a trait method
/home/milnes/projects/APAS-VERUS/src/Chap28/MaxContigSubSumDivConMtEph.rs:144: warning: [22:exec] free fn max_prefix_sum should be a trait method
/home/milnes/projects/APAS-VERUS/src/Chap28/MaxContigSubSumDivConMtEph.rs:1: warning: [24] missing or incorrect copyright line; expected: //! Copyright (C) 2025 Acar, Blelloch and Milnes from 'Algorithms Parallel and Sequential'.

/home/milnes/projects/APAS-VERUS/src/Chap28/MaxContigSubSumDivConOptMtEph.rs:
/home/milnes/projects/APAS-VERUS/src/Chap28/MaxContigSubSumDivConOptMtEph.rs:1: info: [1] has mod declarations
/home/milnes/projects/APAS-VERUS/src/Chap28/MaxContigSubSumDivConOptMtEph.rs:1: info: [2] vstd::prelude::* before verus!
/home/milnes/projects/APAS-VERUS/src/Chap28/MaxContigSubSumDivConOptMtEph.rs:1: info: [3] has verus! macro
/home/milnes/projects/APAS-VERUS/src/Chap28/MaxContigSubSumDivConOptMtEph.rs:1: info: [4] no std imports (ok)
/home/milnes/projects/APAS-VERUS/src/Chap28/MaxContigSubSumDivConOptMtEph.rs:1: info: [5] no vstd imports (ok)
/home/milnes/projects/APAS-VERUS/src/Chap28/MaxContigSubSumDivConOptMtEph.rs:1: info: [11] no Set/Seq usage (ok)
/home/milnes/projects/APAS-VERUS/src/Chap28/MaxContigSubSumDivConOptMtEph.rs:1: info: [12] all trait fns have specs
/home/milnes/projects/APAS-VERUS/src/Chap28/MaxContigSubSumDivConOptMtEph.rs:1: info: [13] trait impls inside verus!
/home/milnes/projects/APAS-VERUS/src/Chap28/MaxContigSubSumDivConOptMtEph.rs:1: info: [14] no Debug/Display impls (ok)
/home/milnes/projects/APAS-VERUS/src/Chap28/MaxContigSubSumDivConOptMtEph.rs:1: info: [15] no PartialEq/Eq/Clone/Hash/Ord impls (ok)
/home/milnes/projects/APAS-VERUS/src/Chap28/MaxContigSubSumDivConOptMtEph.rs:1: info: [16] no Lit macro definitions (ok)
/home/milnes/projects/APAS-VERUS/src/Chap28/MaxContigSubSumDivConOptMtEph.rs:1: info: [17] no collection structs (ok)
/home/milnes/projects/APAS-VERUS/src/Chap28/MaxContigSubSumDivConOptMtEph.rs:1: info: [18] definition order correct
/home/milnes/projects/APAS-VERUS/src/Chap28/MaxContigSubSumDivConOptMtEph.rs:1: info: [19] no generic return names
/home/milnes/projects/APAS-VERUS/src/Chap28/MaxContigSubSumDivConOptMtEph.rs:1: info: [20] all traits have impls
/home/milnes/projects/APAS-VERUS/src/Chap28/MaxContigSubSumDivConOptMtEph.rs:1: info: [21] no broadcast use entries
/home/milnes/projects/APAS-VERUS/src/Chap28/MaxContigSubSumDivConOptMtEph.rs:1: info: [22:proof] proof fns: all in traits
/home/milnes/projects/APAS-VERUS/src/Chap28/MaxContigSubSumDivConOptMtEph.rs:1: info: [22a:exec] free fn max_with_neginf correctly free (Standard 19)
/home/milnes/projects/APAS-VERUS/src/Chap28/MaxContigSubSumDivConOptMtEph.rs:1: info: [22a:spec] free spec fn spec_max_opt_i32 correctly free (Standard 19)
/home/milnes/projects/APAS-VERUS/src/Chap28/MaxContigSubSumDivConOptMtEph.rs:1: info: [23a] spec/proof fn looser bounds: N/A
/home/milnes/projects/APAS-VERUS/src/Chap28/MaxContigSubSumDivConOptMtEph.rs:1: info: [23b] free fn stricter bounds: N/A
/home/milnes/projects/APAS-VERUS/src/Chap28/MaxContigSubSumDivConOptMtEph.rs:92: warning: [22:exec] free fn max_contig_sub_sum_aux should be a trait method
/home/milnes/projects/APAS-VERUS/src/Chap28/MaxContigSubSumDivConOptMtEph.rs:1: warning: [24] missing or incorrect copyright line; expected: //! Copyright (C) 2025 Acar, Blelloch and Milnes from 'Algorithms Parallel and Sequential'.

/home/milnes/projects/APAS-VERUS/src/Chap28/MaxContigSubSumDivConOptStEph.rs:
/home/milnes/projects/APAS-VERUS/src/Chap28/MaxContigSubSumDivConOptStEph.rs:1: info: [1] has mod declarations
/home/milnes/projects/APAS-VERUS/src/Chap28/MaxContigSubSumDivConOptStEph.rs:1: info: [2] vstd::prelude::* before verus!
/home/milnes/projects/APAS-VERUS/src/Chap28/MaxContigSubSumDivConOptStEph.rs:1: info: [3] has verus! macro
/home/milnes/projects/APAS-VERUS/src/Chap28/MaxContigSubSumDivConOptStEph.rs:1: info: [4] no std imports (ok)
/home/milnes/projects/APAS-VERUS/src/Chap28/MaxContigSubSumDivConOptStEph.rs:1: info: [5] no vstd imports (ok)
/home/milnes/projects/APAS-VERUS/src/Chap28/MaxContigSubSumDivConOptStEph.rs:1: info: [11] Set/Seq usage has broadcast groups
/home/milnes/projects/APAS-VERUS/src/Chap28/MaxContigSubSumDivConOptStEph.rs:1: info: [12] all trait fns have specs
/home/milnes/projects/APAS-VERUS/src/Chap28/MaxContigSubSumDivConOptStEph.rs:1: info: [13] trait impls inside verus!
/home/milnes/projects/APAS-VERUS/src/Chap28/MaxContigSubSumDivConOptStEph.rs:1: info: [14] no Debug/Display impls (ok)
/home/milnes/projects/APAS-VERUS/src/Chap28/MaxContigSubSumDivConOptStEph.rs:1: info: [15] no PartialEq/Eq/Clone/Hash/Ord impls (ok)
/home/milnes/projects/APAS-VERUS/src/Chap28/MaxContigSubSumDivConOptStEph.rs:1: info: [16] no Lit macro definitions (ok)
/home/milnes/projects/APAS-VERUS/src/Chap28/MaxContigSubSumDivConOptStEph.rs:1: info: [17] no collection structs (ok)
/home/milnes/projects/APAS-VERUS/src/Chap28/MaxContigSubSumDivConOptStEph.rs:1: info: [18] definition order correct
/home/milnes/projects/APAS-VERUS/src/Chap28/MaxContigSubSumDivConOptStEph.rs:1: info: [19] no generic return names
/home/milnes/projects/APAS-VERUS/src/Chap28/MaxContigSubSumDivConOptStEph.rs:1: info: [20] all traits have impls
/home/milnes/projects/APAS-VERUS/src/Chap28/MaxContigSubSumDivConOptStEph.rs:1: info: [21] broadcast use: vstd:: before crate::
/home/milnes/projects/APAS-VERUS/src/Chap28/MaxContigSubSumDivConOptStEph.rs:1: info: [22a:exec] free fn max_with_neginf correctly free (Standard 19)
/home/milnes/projects/APAS-VERUS/src/Chap28/MaxContigSubSumDivConOptStEph.rs:1: info: [22a:proof] free proof fn lemma_strength_combine correctly free (Standard 19)
/home/milnes/projects/APAS-VERUS/src/Chap28/MaxContigSubSumDivConOptStEph.rs:1: info: [22a:spec] free spec fn spec_max_opt_i32 correctly free (Standard 19)
/home/milnes/projects/APAS-VERUS/src/Chap28/MaxContigSubSumDivConOptStEph.rs:1: info: [23a] spec/proof fn looser bounds: N/A
/home/milnes/projects/APAS-VERUS/src/Chap28/MaxContigSubSumDivConOptStEph.rs:1: info: [23b] free fn stricter bounds: N/A
/home/milnes/projects/APAS-VERUS/src/Chap28/MaxContigSubSumDivConOptStEph.rs:306: warning: [22:exec] free fn max_contig_sub_sum_aux should be a trait method
/home/milnes/projects/APAS-VERUS/src/Chap28/MaxContigSubSumDivConOptStEph.rs:1: warning: [24] missing or incorrect copyright line; expected: //! Copyright (C) 2025 Acar, Blelloch and Milnes from 'Algorithms Parallel and Sequential'.

/home/milnes/projects/APAS-VERUS/src/Chap28/MaxContigSubSumDivConStEph.rs:
/home/milnes/projects/APAS-VERUS/src/Chap28/MaxContigSubSumDivConStEph.rs:1: info: [1] has mod declarations
/home/milnes/projects/APAS-VERUS/src/Chap28/MaxContigSubSumDivConStEph.rs:1: info: [2] vstd::prelude::* before verus!
/home/milnes/projects/APAS-VERUS/src/Chap28/MaxContigSubSumDivConStEph.rs:1: info: [3] has verus! macro
/home/milnes/projects/APAS-VERUS/src/Chap28/MaxContigSubSumDivConStEph.rs:1: info: [4] no std imports (ok)
/home/milnes/projects/APAS-VERUS/src/Chap28/MaxContigSubSumDivConStEph.rs:1: info: [5] no vstd imports (ok)
/home/milnes/projects/APAS-VERUS/src/Chap28/MaxContigSubSumDivConStEph.rs:1: info: [11] Set/Seq usage has broadcast groups
/home/milnes/projects/APAS-VERUS/src/Chap28/MaxContigSubSumDivConStEph.rs:1: info: [12] all trait fns have specs
/home/milnes/projects/APAS-VERUS/src/Chap28/MaxContigSubSumDivConStEph.rs:1: info: [13] trait impls inside verus!
/home/milnes/projects/APAS-VERUS/src/Chap28/MaxContigSubSumDivConStEph.rs:1: info: [14] no Debug/Display impls (ok)
/home/milnes/projects/APAS-VERUS/src/Chap28/MaxContigSubSumDivConStEph.rs:1: info: [15] no PartialEq/Eq/Clone/Hash/Ord impls (ok)
/home/milnes/projects/APAS-VERUS/src/Chap28/MaxContigSubSumDivConStEph.rs:1: info: [16] no Lit macro definitions (ok)
/home/milnes/projects/APAS-VERUS/src/Chap28/MaxContigSubSumDivConStEph.rs:1: info: [17] no collection structs (ok)
/home/milnes/projects/APAS-VERUS/src/Chap28/MaxContigSubSumDivConStEph.rs:1: info: [18] definition order correct
/home/milnes/projects/APAS-VERUS/src/Chap28/MaxContigSubSumDivConStEph.rs:1: info: [19] no generic return names
/home/milnes/projects/APAS-VERUS/src/Chap28/MaxContigSubSumDivConStEph.rs:1: info: [20] all traits have impls
/home/milnes/projects/APAS-VERUS/src/Chap28/MaxContigSubSumDivConStEph.rs:1: info: [21] broadcast use: vstd:: before crate::
/home/milnes/projects/APAS-VERUS/src/Chap28/MaxContigSubSumDivConStEph.rs:1: info: [22a:exec] free fn max_with_neginf correctly free (Standard 19)
/home/milnes/projects/APAS-VERUS/src/Chap28/MaxContigSubSumDivConStEph.rs:1: info: [22a:proof] free proof fn lemma_divcon_combine correctly free (Standard 19)
/home/milnes/projects/APAS-VERUS/src/Chap28/MaxContigSubSumDivConStEph.rs:1: info: [22a:spec] free spec fn spec_max_opt_i32 correctly free (Standard 19)
/home/milnes/projects/APAS-VERUS/src/Chap28/MaxContigSubSumDivConStEph.rs:1: info: [23a] spec/proof fn looser bounds: N/A
/home/milnes/projects/APAS-VERUS/src/Chap28/MaxContigSubSumDivConStEph.rs:1: info: [23b] free fn stricter bounds: N/A
/home/milnes/projects/APAS-VERUS/src/Chap28/MaxContigSubSumDivConStEph.rs:196: warning: [22:exec] free fn max_suffix_sum should be a trait method
/home/milnes/projects/APAS-VERUS/src/Chap28/MaxContigSubSumDivConStEph.rs:277: warning: [22:exec] free fn max_prefix_sum should be a trait method
/home/milnes/projects/APAS-VERUS/src/Chap28/MaxContigSubSumDivConStEph.rs:1: warning: [24] missing or incorrect copyright line; expected: //! Copyright (C) 2025 Acar, Blelloch and Milnes from 'Algorithms Parallel and Sequential'.

/home/milnes/projects/APAS-VERUS/src/Chap28/MaxContigSubSumIterStEph.rs:
/home/milnes/projects/APAS-VERUS/src/Chap28/MaxContigSubSumIterStEph.rs:1: info: [1] has mod declarations
/home/milnes/projects/APAS-VERUS/src/Chap28/MaxContigSubSumIterStEph.rs:1: info: [2] vstd::prelude::* before verus!
/home/milnes/projects/APAS-VERUS/src/Chap28/MaxContigSubSumIterStEph.rs:1: info: [3] has verus! macro
/home/milnes/projects/APAS-VERUS/src/Chap28/MaxContigSubSumIterStEph.rs:1: info: [4] no std imports (ok)
/home/milnes/projects/APAS-VERUS/src/Chap28/MaxContigSubSumIterStEph.rs:1: info: [5] no vstd imports (ok)
/home/milnes/projects/APAS-VERUS/src/Chap28/MaxContigSubSumIterStEph.rs:1: info: [11] Set/Seq usage has broadcast groups
/home/milnes/projects/APAS-VERUS/src/Chap28/MaxContigSubSumIterStEph.rs:1: info: [12] all trait fns have specs
/home/milnes/projects/APAS-VERUS/src/Chap28/MaxContigSubSumIterStEph.rs:1: info: [13] trait impls inside verus!
/home/milnes/projects/APAS-VERUS/src/Chap28/MaxContigSubSumIterStEph.rs:1: info: [14] no Debug/Display impls (ok)
/home/milnes/projects/APAS-VERUS/src/Chap28/MaxContigSubSumIterStEph.rs:1: info: [15] no PartialEq/Eq/Clone/Hash/Ord impls (ok)
/home/milnes/projects/APAS-VERUS/src/Chap28/MaxContigSubSumIterStEph.rs:1: info: [16] no Lit macro definitions (ok)
/home/milnes/projects/APAS-VERUS/src/Chap28/MaxContigSubSumIterStEph.rs:1: info: [17] no collection structs (ok)
/home/milnes/projects/APAS-VERUS/src/Chap28/MaxContigSubSumIterStEph.rs:1: info: [18] definition order correct
/home/milnes/projects/APAS-VERUS/src/Chap28/MaxContigSubSumIterStEph.rs:1: info: [19] no generic return names
/home/milnes/projects/APAS-VERUS/src/Chap28/MaxContigSubSumIterStEph.rs:1: info: [20] all traits have impls
/home/milnes/projects/APAS-VERUS/src/Chap28/MaxContigSubSumIterStEph.rs:1: info: [21] broadcast use: vstd:: before crate::
/home/milnes/projects/APAS-VERUS/src/Chap28/MaxContigSubSumIterStEph.rs:1: info: [22a:exec] free fn max_with_neginf correctly free (Standard 19)
/home/milnes/projects/APAS-VERUS/src/Chap28/MaxContigSubSumIterStEph.rs:1: info: [22a:proof] free proof fn lemma_max_ending_at_is_max correctly free (Standard 19)
/home/milnes/projects/APAS-VERUS/src/Chap28/MaxContigSubSumIterStEph.rs:1: info: [22a:proof] free proof fn lemma_max_ending_at_achieved correctly free (Standard 19)
/home/milnes/projects/APAS-VERUS/src/Chap28/MaxContigSubSumIterStEph.rs:1: info: [22a:spec] free spec fn spec_max_ending_at correctly free (Standard 19)
/home/milnes/projects/APAS-VERUS/src/Chap28/MaxContigSubSumIterStEph.rs:1: info: [22a:spec] free spec fn spec_max_opt_i32 correctly free (Standard 19)
/home/milnes/projects/APAS-VERUS/src/Chap28/MaxContigSubSumIterStEph.rs:1: info: [23a] spec/proof fn looser bounds: N/A
/home/milnes/projects/APAS-VERUS/src/Chap28/MaxContigSubSumIterStEph.rs:1: info: [23b] free fn stricter bounds: N/A
/home/milnes/projects/APAS-VERUS/src/Chap28/MaxContigSubSumIterStEph.rs:1: warning: [24] missing or incorrect copyright line; expected: //! Copyright (C) 2025 Acar, Blelloch and Milnes from 'Algorithms Parallel and Sequential'.

/home/milnes/projects/APAS-VERUS/src/Chap28/MaxContigSubSumOptMtEph.rs:
/home/milnes/projects/APAS-VERUS/src/Chap28/MaxContigSubSumOptMtEph.rs:1: info: [1] has mod declarations
/home/milnes/projects/APAS-VERUS/src/Chap28/MaxContigSubSumOptMtEph.rs:1: info: [2] vstd::prelude::* before verus!
/home/milnes/projects/APAS-VERUS/src/Chap28/MaxContigSubSumOptMtEph.rs:1: info: [3] has verus! macro
/home/milnes/projects/APAS-VERUS/src/Chap28/MaxContigSubSumOptMtEph.rs:1: info: [4] no std imports (ok)
/home/milnes/projects/APAS-VERUS/src/Chap28/MaxContigSubSumOptMtEph.rs:1: info: [5] no vstd imports (ok)
/home/milnes/projects/APAS-VERUS/src/Chap28/MaxContigSubSumOptMtEph.rs:1: info: [11] no Set/Seq usage (ok)
/home/milnes/projects/APAS-VERUS/src/Chap28/MaxContigSubSumOptMtEph.rs:1: info: [12] all trait fns have specs
/home/milnes/projects/APAS-VERUS/src/Chap28/MaxContigSubSumOptMtEph.rs:1: info: [13] trait impls inside verus!
/home/milnes/projects/APAS-VERUS/src/Chap28/MaxContigSubSumOptMtEph.rs:1: info: [14] no Debug/Display impls (ok)
/home/milnes/projects/APAS-VERUS/src/Chap28/MaxContigSubSumOptMtEph.rs:1: info: [15] no PartialEq/Eq/Clone/Hash/Ord impls (ok)
/home/milnes/projects/APAS-VERUS/src/Chap28/MaxContigSubSumOptMtEph.rs:1: info: [16] no Lit macro definitions (ok)
/home/milnes/projects/APAS-VERUS/src/Chap28/MaxContigSubSumOptMtEph.rs:1: info: [17] no collection structs (ok)
/home/milnes/projects/APAS-VERUS/src/Chap28/MaxContigSubSumOptMtEph.rs:1: info: [18] definition order correct
/home/milnes/projects/APAS-VERUS/src/Chap28/MaxContigSubSumOptMtEph.rs:1: info: [19] no generic return names
/home/milnes/projects/APAS-VERUS/src/Chap28/MaxContigSubSumOptMtEph.rs:1: info: [20] all traits have impls
/home/milnes/projects/APAS-VERUS/src/Chap28/MaxContigSubSumOptMtEph.rs:1: info: [21] no broadcast use entries
/home/milnes/projects/APAS-VERUS/src/Chap28/MaxContigSubSumOptMtEph.rs:1: info: [22:exec] exec fns: all in traits
/home/milnes/projects/APAS-VERUS/src/Chap28/MaxContigSubSumOptMtEph.rs:1: info: [22:proof] proof fns: all in traits
/home/milnes/projects/APAS-VERUS/src/Chap28/MaxContigSubSumOptMtEph.rs:1: info: [22:spec] spec fns: all in traits as abstract signatures
/home/milnes/projects/APAS-VERUS/src/Chap28/MaxContigSubSumOptMtEph.rs:1: info: [23a] spec/proof fn looser bounds: N/A
/home/milnes/projects/APAS-VERUS/src/Chap28/MaxContigSubSumOptMtEph.rs:1: info: [23b] free fn stricter bounds: N/A
/home/milnes/projects/APAS-VERUS/src/Chap28/MaxContigSubSumOptMtEph.rs:1: warning: [24] missing or incorrect copyright line; expected: //! Copyright (C) 2025 Acar, Blelloch and Milnes from 'Algorithms Parallel and Sequential'.

/home/milnes/projects/APAS-VERUS/src/Chap28/MaxContigSubSumOptStEph.rs:
/home/milnes/projects/APAS-VERUS/src/Chap28/MaxContigSubSumOptStEph.rs:1: info: [1] has mod declarations
/home/milnes/projects/APAS-VERUS/src/Chap28/MaxContigSubSumOptStEph.rs:1: info: [2] vstd::prelude::* before verus!
/home/milnes/projects/APAS-VERUS/src/Chap28/MaxContigSubSumOptStEph.rs:1: info: [3] has verus! macro
/home/milnes/projects/APAS-VERUS/src/Chap28/MaxContigSubSumOptStEph.rs:1: info: [4] no std imports (ok)
/home/milnes/projects/APAS-VERUS/src/Chap28/MaxContigSubSumOptStEph.rs:1: info: [5] no vstd imports (ok)
/home/milnes/projects/APAS-VERUS/src/Chap28/MaxContigSubSumOptStEph.rs:1: info: [11] Set/Seq usage has broadcast groups
/home/milnes/projects/APAS-VERUS/src/Chap28/MaxContigSubSumOptStEph.rs:1: info: [12] all trait fns have specs
/home/milnes/projects/APAS-VERUS/src/Chap28/MaxContigSubSumOptStEph.rs:1: info: [13] trait impls inside verus!
/home/milnes/projects/APAS-VERUS/src/Chap28/MaxContigSubSumOptStEph.rs:1: info: [14] no Debug/Display impls (ok)
/home/milnes/projects/APAS-VERUS/src/Chap28/MaxContigSubSumOptStEph.rs:1: info: [15] no PartialEq/Eq/Clone/Hash/Ord impls (ok)
/home/milnes/projects/APAS-VERUS/src/Chap28/MaxContigSubSumOptStEph.rs:1: info: [16] no Lit macro definitions (ok)
/home/milnes/projects/APAS-VERUS/src/Chap28/MaxContigSubSumOptStEph.rs:1: info: [17] no collection structs (ok)
/home/milnes/projects/APAS-VERUS/src/Chap28/MaxContigSubSumOptStEph.rs:1: info: [18] definition order correct
/home/milnes/projects/APAS-VERUS/src/Chap28/MaxContigSubSumOptStEph.rs:1: info: [19] no generic return names
/home/milnes/projects/APAS-VERUS/src/Chap28/MaxContigSubSumOptStEph.rs:1: info: [20] all traits have impls
/home/milnes/projects/APAS-VERUS/src/Chap28/MaxContigSubSumOptStEph.rs:1: info: [21] broadcast use: vstd:: before crate::
/home/milnes/projects/APAS-VERUS/src/Chap28/MaxContigSubSumOptStEph.rs:1: info: [22:exec] exec fns: all in traits
/home/milnes/projects/APAS-VERUS/src/Chap28/MaxContigSubSumOptStEph.rs:1: info: [22:spec] spec fns: all in traits as abstract signatures
/home/milnes/projects/APAS-VERUS/src/Chap28/MaxContigSubSumOptStEph.rs:1: info: [22a:proof] free proof fn lemma_prefix_opt_is_mcss correctly free (Standard 19)
/home/milnes/projects/APAS-VERUS/src/Chap28/MaxContigSubSumOptStEph.rs:1: info: [23a] spec/proof fn looser bounds: N/A
/home/milnes/projects/APAS-VERUS/src/Chap28/MaxContigSubSumOptStEph.rs:1: info: [23b] free fn stricter bounds: N/A
/home/milnes/projects/APAS-VERUS/src/Chap28/MaxContigSubSumOptStEph.rs:1: warning: [24] missing or incorrect copyright line; expected: //! Copyright (C) 2025 Acar, Blelloch and Milnes from 'Algorithms Parallel and Sequential'.

/home/milnes/projects/APAS-VERUS/src/Chap28/MaxContigSubSumReducedMcsseStEph.rs:
/home/milnes/projects/APAS-VERUS/src/Chap28/MaxContigSubSumReducedMcsseStEph.rs:1: info: [1] has mod declarations
/home/milnes/projects/APAS-VERUS/src/Chap28/MaxContigSubSumReducedMcsseStEph.rs:1: info: [2] vstd::prelude::* before verus!
/home/milnes/projects/APAS-VERUS/src/Chap28/MaxContigSubSumReducedMcsseStEph.rs:1: info: [3] has verus! macro
/home/milnes/projects/APAS-VERUS/src/Chap28/MaxContigSubSumReducedMcsseStEph.rs:1: info: [4] no std imports (ok)
/home/milnes/projects/APAS-VERUS/src/Chap28/MaxContigSubSumReducedMcsseStEph.rs:1: info: [5] no vstd imports (ok)
/home/milnes/projects/APAS-VERUS/src/Chap28/MaxContigSubSumReducedMcsseStEph.rs:1: info: [11] no Set/Seq usage (ok)
/home/milnes/projects/APAS-VERUS/src/Chap28/MaxContigSubSumReducedMcsseStEph.rs:1: info: [12] all trait fns have specs
/home/milnes/projects/APAS-VERUS/src/Chap28/MaxContigSubSumReducedMcsseStEph.rs:1: info: [13] trait impls inside verus!
/home/milnes/projects/APAS-VERUS/src/Chap28/MaxContigSubSumReducedMcsseStEph.rs:1: info: [14] no Debug/Display impls (ok)
/home/milnes/projects/APAS-VERUS/src/Chap28/MaxContigSubSumReducedMcsseStEph.rs:1: info: [15] no PartialEq/Eq/Clone/Hash/Ord impls (ok)
/home/milnes/projects/APAS-VERUS/src/Chap28/MaxContigSubSumReducedMcsseStEph.rs:1: info: [16] no Lit macro definitions (ok)
/home/milnes/projects/APAS-VERUS/src/Chap28/MaxContigSubSumReducedMcsseStEph.rs:1: info: [17] no collection structs (ok)
/home/milnes/projects/APAS-VERUS/src/Chap28/MaxContigSubSumReducedMcsseStEph.rs:1: info: [18] definition order correct
/home/milnes/projects/APAS-VERUS/src/Chap28/MaxContigSubSumReducedMcsseStEph.rs:1: info: [19] no generic return names
/home/milnes/projects/APAS-VERUS/src/Chap28/MaxContigSubSumReducedMcsseStEph.rs:1: info: [20] all traits have impls
/home/milnes/projects/APAS-VERUS/src/Chap28/MaxContigSubSumReducedMcsseStEph.rs:1: info: [21] no broadcast use entries
/home/milnes/projects/APAS-VERUS/src/Chap28/MaxContigSubSumReducedMcsseStEph.rs:1: info: [22:proof] proof fns: all in traits
/home/milnes/projects/APAS-VERUS/src/Chap28/MaxContigSubSumReducedMcsseStEph.rs:1: info: [22a:exec] free fn max_with_neginf correctly free (Standard 19)
/home/milnes/projects/APAS-VERUS/src/Chap28/MaxContigSubSumReducedMcsseStEph.rs:1: info: [22a:spec] free spec fn spec_max_opt_i32 correctly free (Standard 19)
/home/milnes/projects/APAS-VERUS/src/Chap28/MaxContigSubSumReducedMcsseStEph.rs:1: info: [23a] spec/proof fn looser bounds: N/A
/home/milnes/projects/APAS-VERUS/src/Chap28/MaxContigSubSumReducedMcsseStEph.rs:1: info: [23b] free fn stricter bounds: N/A
/home/milnes/projects/APAS-VERUS/src/Chap28/MaxContigSubSumReducedMcsseStEph.rs:1: warning: [24] missing or incorrect copyright line; expected: //! Copyright (C) 2025 Acar, Blelloch and Milnes from 'Algorithms Parallel and Sequential'.

/home/milnes/projects/APAS-VERUS/src/Chap28/MaxContigSubSumReducedStEph.rs:
/home/milnes/projects/APAS-VERUS/src/Chap28/MaxContigSubSumReducedStEph.rs:1: info: [1] has mod declarations
/home/milnes/projects/APAS-VERUS/src/Chap28/MaxContigSubSumReducedStEph.rs:1: info: [2] vstd::prelude::* before verus!
/home/milnes/projects/APAS-VERUS/src/Chap28/MaxContigSubSumReducedStEph.rs:1: info: [3] has verus! macro
/home/milnes/projects/APAS-VERUS/src/Chap28/MaxContigSubSumReducedStEph.rs:1: info: [4] no std imports (ok)
/home/milnes/projects/APAS-VERUS/src/Chap28/MaxContigSubSumReducedStEph.rs:1: info: [5] no vstd imports (ok)
/home/milnes/projects/APAS-VERUS/src/Chap28/MaxContigSubSumReducedStEph.rs:1: info: [11] no Set/Seq usage (ok)
/home/milnes/projects/APAS-VERUS/src/Chap28/MaxContigSubSumReducedStEph.rs:1: info: [12] all trait fns have specs
/home/milnes/projects/APAS-VERUS/src/Chap28/MaxContigSubSumReducedStEph.rs:1: info: [13] trait impls inside verus!
/home/milnes/projects/APAS-VERUS/src/Chap28/MaxContigSubSumReducedStEph.rs:1: info: [14] no Debug/Display impls (ok)
/home/milnes/projects/APAS-VERUS/src/Chap28/MaxContigSubSumReducedStEph.rs:1: info: [15] no PartialEq/Eq/Clone/Hash/Ord impls (ok)
/home/milnes/projects/APAS-VERUS/src/Chap28/MaxContigSubSumReducedStEph.rs:1: info: [16] no Lit macro definitions (ok)
/home/milnes/projects/APAS-VERUS/src/Chap28/MaxContigSubSumReducedStEph.rs:1: info: [17] no collection structs (ok)
/home/milnes/projects/APAS-VERUS/src/Chap28/MaxContigSubSumReducedStEph.rs:1: info: [18] definition order correct
/home/milnes/projects/APAS-VERUS/src/Chap28/MaxContigSubSumReducedStEph.rs:1: info: [19] no generic return names
/home/milnes/projects/APAS-VERUS/src/Chap28/MaxContigSubSumReducedStEph.rs:1: info: [20] all traits have impls
/home/milnes/projects/APAS-VERUS/src/Chap28/MaxContigSubSumReducedStEph.rs:1: info: [21] no broadcast use entries
/home/milnes/projects/APAS-VERUS/src/Chap28/MaxContigSubSumReducedStEph.rs:1: info: [22:proof] proof fns: all in traits
/home/milnes/projects/APAS-VERUS/src/Chap28/MaxContigSubSumReducedStEph.rs:1: info: [22a:exec] free fn max_with_neginf correctly free (Standard 19)
/home/milnes/projects/APAS-VERUS/src/Chap28/MaxContigSubSumReducedStEph.rs:1: info: [22a:spec] free spec fn spec_max_opt_i32 correctly free (Standard 19)
/home/milnes/projects/APAS-VERUS/src/Chap28/MaxContigSubSumReducedStEph.rs:1: info: [23a] spec/proof fn looser bounds: N/A
/home/milnes/projects/APAS-VERUS/src/Chap28/MaxContigSubSumReducedStEph.rs:1: info: [23b] free fn stricter bounds: N/A
/home/milnes/projects/APAS-VERUS/src/Chap28/MaxContigSubSumReducedStEph.rs:1: warning: [24] missing or incorrect copyright line; expected: //! Copyright (C) 2025 Acar, Blelloch and Milnes from 'Algorithms Parallel and Sequential'.

/home/milnes/projects/APAS-VERUS/src/Chap30/Probability.rs:
/home/milnes/projects/APAS-VERUS/src/Chap30/Probability.rs:1: info: [1] has mod declarations
/home/milnes/projects/APAS-VERUS/src/Chap30/Probability.rs:1: info: [2] vstd::prelude::* before verus!
/home/milnes/projects/APAS-VERUS/src/Chap30/Probability.rs:1: info: [3] has verus! macro
/home/milnes/projects/APAS-VERUS/src/Chap30/Probability.rs:1: info: [4] std imports grouped with trailing blank
/home/milnes/projects/APAS-VERUS/src/Chap30/Probability.rs:1: info: [5] vstd imports grouped with trailing blank
/home/milnes/projects/APAS-VERUS/src/Chap30/Probability.rs:1: info: [11] no Set/Seq usage (ok)
/home/milnes/projects/APAS-VERUS/src/Chap30/Probability.rs:1: info: [13] trait impls inside verus!
/home/milnes/projects/APAS-VERUS/src/Chap30/Probability.rs:1: info: [14] Debug, Display outside verus!
/home/milnes/projects/APAS-VERUS/src/Chap30/Probability.rs:1: info: [15] PartialOrd, Ord, PartialEq, Eq, Hash inside verus!
/home/milnes/projects/APAS-VERUS/src/Chap30/Probability.rs:1: info: [16] no Lit macro definitions (ok)
/home/milnes/projects/APAS-VERUS/src/Chap30/Probability.rs:1: info: [17] no collection structs (ok)
/home/milnes/projects/APAS-VERUS/src/Chap30/Probability.rs:1: info: [19] no generic return names
/home/milnes/projects/APAS-VERUS/src/Chap30/Probability.rs:1: info: [20] all traits have impls
/home/milnes/projects/APAS-VERUS/src/Chap30/Probability.rs:1: info: [21] no broadcast use entries
/home/milnes/projects/APAS-VERUS/src/Chap30/Probability.rs:1: info: [22:exec] exec fns: all in traits
/home/milnes/projects/APAS-VERUS/src/Chap30/Probability.rs:1: info: [22:proof] proof fns: all in traits
/home/milnes/projects/APAS-VERUS/src/Chap30/Probability.rs:1: info: [22:spec] spec fns: all in traits as abstract signatures
/home/milnes/projects/APAS-VERUS/src/Chap30/Probability.rs:1: info: [23a] spec/proof fn looser bounds: N/A
/home/milnes/projects/APAS-VERUS/src/Chap30/Probability.rs:1: info: [23b] free fn stricter bounds: N/A
/home/milnes/projects/APAS-VERUS/src/Chap30/Probability.rs:56: warning: [12] trait ProbabilityTrait fn new should have requires/ensures
/home/milnes/projects/APAS-VERUS/src/Chap30/Probability.rs:59: warning: [12] trait ProbabilityTrait fn value should have requires/ensures
/home/milnes/projects/APAS-VERUS/src/Chap30/Probability.rs:62: warning: [12] trait ProbabilityTrait fn infinity should have requires/ensures
/home/milnes/projects/APAS-VERUS/src/Chap30/Probability.rs:65: warning: [12] trait ProbabilityTrait fn zero should have requires/ensures
/home/milnes/projects/APAS-VERUS/src/Chap30/Probability.rs:111: warning: [18] impl From for Probability should come before derive impls in verus! (expected impls before derive impls in verus!)
/home/milnes/projects/APAS-VERUS/src/Chap30/Probability.rs:117: warning: [18] impl From for f64 should come before derive impls in verus! (expected impls before derive impls in verus!)
/home/milnes/projects/APAS-VERUS/src/Chap30/Probability.rs:123: warning: [18] impl Add for Probability should come before derive impls in verus! (expected impls before derive impls in verus!)
/home/milnes/projects/APAS-VERUS/src/Chap30/Probability.rs:131: warning: [18] impl Sub for Probability should come before derive impls in verus! (expected impls before derive impls in verus!)
/home/milnes/projects/APAS-VERUS/src/Chap30/Probability.rs:139: warning: [18] impl Mul for Probability should come before derive impls in verus! (expected impls before derive impls in verus!)
/home/milnes/projects/APAS-VERUS/src/Chap30/Probability.rs:147: warning: [18] impl Div for Probability should come before derive impls in verus! (expected impls before derive impls in verus!)
/home/milnes/projects/APAS-VERUS/src/Chap30/Probability.rs:156: warning: [18] impl AddSpecImpl for Probability should come before derive impls in verus! (expected impls before derive impls in verus!)
/home/milnes/projects/APAS-VERUS/src/Chap30/Probability.rs:163: warning: [18] impl SubSpecImpl for Probability should come before derive impls in verus! (expected impls before derive impls in verus!)
/home/milnes/projects/APAS-VERUS/src/Chap30/Probability.rs:1: warning: [24] missing or incorrect copyright line; expected: //! Copyright (C) 2025 Acar, Blelloch and Milnes from 'Algorithms Parallel and Sequential'.

/home/milnes/projects/APAS-VERUS/src/Chap35/OrderStatSelectMtEph.rs:
/home/milnes/projects/APAS-VERUS/src/Chap35/OrderStatSelectMtEph.rs:1: info: [1] has mod declarations
/home/milnes/projects/APAS-VERUS/src/Chap35/OrderStatSelectMtEph.rs:1: info: [2] vstd::prelude::* before verus!
/home/milnes/projects/APAS-VERUS/src/Chap35/OrderStatSelectMtEph.rs:1: info: [3] has verus! macro
/home/milnes/projects/APAS-VERUS/src/Chap35/OrderStatSelectMtEph.rs:1: info: [4] no std imports (ok)
/home/milnes/projects/APAS-VERUS/src/Chap35/OrderStatSelectMtEph.rs:1: info: [5] no vstd imports (ok)
/home/milnes/projects/APAS-VERUS/src/Chap35/OrderStatSelectMtEph.rs:1: info: [11] Set/Seq usage has broadcast groups
/home/milnes/projects/APAS-VERUS/src/Chap35/OrderStatSelectMtEph.rs:1: info: [12] all trait fns have specs
/home/milnes/projects/APAS-VERUS/src/Chap35/OrderStatSelectMtEph.rs:1: info: [13] trait impls inside verus!
/home/milnes/projects/APAS-VERUS/src/Chap35/OrderStatSelectMtEph.rs:1: info: [14] no Debug/Display impls (ok)
/home/milnes/projects/APAS-VERUS/src/Chap35/OrderStatSelectMtEph.rs:1: info: [15] no PartialEq/Eq/Clone/Hash/Ord impls (ok)
/home/milnes/projects/APAS-VERUS/src/Chap35/OrderStatSelectMtEph.rs:1: info: [16] no Lit macro definitions (ok)
/home/milnes/projects/APAS-VERUS/src/Chap35/OrderStatSelectMtEph.rs:1: info: [17] no collection structs (ok)
/home/milnes/projects/APAS-VERUS/src/Chap35/OrderStatSelectMtEph.rs:1: info: [18] definition order correct
/home/milnes/projects/APAS-VERUS/src/Chap35/OrderStatSelectMtEph.rs:1: info: [19] no generic return names
/home/milnes/projects/APAS-VERUS/src/Chap35/OrderStatSelectMtEph.rs:1: info: [20] all traits have impls
/home/milnes/projects/APAS-VERUS/src/Chap35/OrderStatSelectMtEph.rs:1: info: [21] broadcast use: vstd:: before crate::
/home/milnes/projects/APAS-VERUS/src/Chap35/OrderStatSelectMtEph.rs:1: info: [22a:exec] free fn append_vec correctly free (Standard 19)
/home/milnes/projects/APAS-VERUS/src/Chap35/OrderStatSelectMtEph.rs:1: info: [22a:exec] free fn partition_three_dc correctly free (Standard 19)
/home/milnes/projects/APAS-VERUS/src/Chap35/OrderStatSelectMtEph.rs:1: info: [22a:proof] free proof fn lemma_total_ordering correctly free (Standard 19)
/home/milnes/projects/APAS-VERUS/src/Chap35/OrderStatSelectMtEph.rs:1: info: [22a:proof] free proof fn lemma_const_seq_multiset correctly free (Standard 19)
/home/milnes/projects/APAS-VERUS/src/Chap35/OrderStatSelectMtEph.rs:1: info: [22a:proof] free proof fn lemma_all_equal_multiset correctly free (Standard 19)
/home/milnes/projects/APAS-VERUS/src/Chap35/OrderStatSelectMtEph.rs:1: info: [22a:spec] free spec fn spec_leq correctly free (Standard 19)
/home/milnes/projects/APAS-VERUS/src/Chap35/OrderStatSelectMtEph.rs:1: info: [22a:spec] free spec fn spec_kth correctly free (Standard 19)
/home/milnes/projects/APAS-VERUS/src/Chap35/OrderStatSelectMtEph.rs:1: info: [22a:spec] free spec fn spec_const_seq correctly free (Standard 19)
/home/milnes/projects/APAS-VERUS/src/Chap35/OrderStatSelectMtEph.rs:1: info: [22a:spec] free spec fn spec_slice_elements correctly free (Standard 19)
/home/milnes/projects/APAS-VERUS/src/Chap35/OrderStatSelectMtEph.rs:1: info: [23a] spec/proof fn spec_leq param T has looser bounds `TotalOrder` (trait OrderStatSelectMtEphTrait has `StTInMtT + TotalOrder`)
/home/milnes/projects/APAS-VERUS/src/Chap35/OrderStatSelectMtEph.rs:1: info: [23a] spec/proof fn spec_kth param T has looser bounds `TotalOrder` (trait OrderStatSelectMtEphTrait has `StTInMtT + TotalOrder`)
/home/milnes/projects/APAS-VERUS/src/Chap35/OrderStatSelectMtEph.rs:1: info: [23a] spec/proof fn spec_const_seq param T has looser bounds `(none)` (trait OrderStatSelectMtEphTrait has `StTInMtT + TotalOrder`)
/home/milnes/projects/APAS-VERUS/src/Chap35/OrderStatSelectMtEph.rs:1: info: [23a] spec/proof fn spec_slice_elements param T has looser bounds `StTInMtT` (trait OrderStatSelectMtEphTrait has `StTInMtT + TotalOrder`)
/home/milnes/projects/APAS-VERUS/src/Chap35/OrderStatSelectMtEph.rs:1: info: [23a] spec/proof fn lemma_total_ordering param T has looser bounds `TotalOrder` (trait OrderStatSelectMtEphTrait has `StTInMtT + TotalOrder`)
/home/milnes/projects/APAS-VERUS/src/Chap35/OrderStatSelectMtEph.rs:1: info: [23a] spec/proof fn lemma_const_seq_multiset param T has looser bounds `(none)` (trait OrderStatSelectMtEphTrait has `StTInMtT + TotalOrder`)
/home/milnes/projects/APAS-VERUS/src/Chap35/OrderStatSelectMtEph.rs:1: info: [23a] spec/proof fn lemma_all_equal_multiset param T has looser bounds `(none)` (trait OrderStatSelectMtEphTrait has `StTInMtT + TotalOrder`)
/home/milnes/projects/APAS-VERUS/src/Chap35/OrderStatSelectMtEph.rs:374: warning: [22:exec] free fn parallel_three_way_partition should be a trait method
/home/milnes/projects/APAS-VERUS/src/Chap35/OrderStatSelectMtEph.rs:493: warning: [22:exec] free fn select_inner should be a trait method
/home/milnes/projects/APAS-VERUS/src/Chap35/OrderStatSelectMtEph.rs:172: warning: [23b] free fn append_vec param T has bounds `Copy` but trait OrderStatSelectMtEphTrait has `StTInMtT + TotalOrder`
/home/milnes/projects/APAS-VERUS/src/Chap35/OrderStatSelectMtEph.rs:218: warning: [23b] free fn partition_three_dc param T has bounds `StTInMtT + TotalOrder + Copy` but trait OrderStatSelectMtEphTrait has `StTInMtT + TotalOrder`
/home/milnes/projects/APAS-VERUS/src/Chap35/OrderStatSelectMtEph.rs:374: warning: [23b] free fn parallel_three_way_partition param T has bounds `StTInMtT + TotalOrder + Copy` but trait OrderStatSelectMtEphTrait has `StTInMtT + TotalOrder`
/home/milnes/projects/APAS-VERUS/src/Chap35/OrderStatSelectMtEph.rs:493: warning: [23b] free fn select_inner param T has bounds `StTInMtT + TotalOrder + Copy` but trait OrderStatSelectMtEphTrait has `StTInMtT + TotalOrder`
/home/milnes/projects/APAS-VERUS/src/Chap35/OrderStatSelectMtEph.rs:1: warning: [24] missing or incorrect copyright line; expected: //! Copyright (C) 2025 Acar, Blelloch and Milnes from 'Algorithms Parallel and Sequential'.

/home/milnes/projects/APAS-VERUS/src/Chap35/OrderStatSelectMtPer.rs:
/home/milnes/projects/APAS-VERUS/src/Chap35/OrderStatSelectMtPer.rs:1: info: [1] has mod declarations
/home/milnes/projects/APAS-VERUS/src/Chap35/OrderStatSelectMtPer.rs:1: info: [2] vstd::prelude::* before verus!
/home/milnes/projects/APAS-VERUS/src/Chap35/OrderStatSelectMtPer.rs:1: info: [3] has verus! macro
/home/milnes/projects/APAS-VERUS/src/Chap35/OrderStatSelectMtPer.rs:1: info: [4] no std imports (ok)
/home/milnes/projects/APAS-VERUS/src/Chap35/OrderStatSelectMtPer.rs:1: info: [5] no vstd imports (ok)
/home/milnes/projects/APAS-VERUS/src/Chap35/OrderStatSelectMtPer.rs:1: info: [11] Set/Seq usage has broadcast groups
/home/milnes/projects/APAS-VERUS/src/Chap35/OrderStatSelectMtPer.rs:1: info: [12] all trait fns have specs
/home/milnes/projects/APAS-VERUS/src/Chap35/OrderStatSelectMtPer.rs:1: info: [13] trait impls inside verus!
/home/milnes/projects/APAS-VERUS/src/Chap35/OrderStatSelectMtPer.rs:1: info: [14] no Debug/Display impls (ok)
/home/milnes/projects/APAS-VERUS/src/Chap35/OrderStatSelectMtPer.rs:1: info: [15] no PartialEq/Eq/Clone/Hash/Ord impls (ok)
/home/milnes/projects/APAS-VERUS/src/Chap35/OrderStatSelectMtPer.rs:1: info: [16] no Lit macro definitions (ok)
/home/milnes/projects/APAS-VERUS/src/Chap35/OrderStatSelectMtPer.rs:1: info: [17] no collection structs (ok)
/home/milnes/projects/APAS-VERUS/src/Chap35/OrderStatSelectMtPer.rs:1: info: [18] definition order correct
/home/milnes/projects/APAS-VERUS/src/Chap35/OrderStatSelectMtPer.rs:1: info: [19] no generic return names
/home/milnes/projects/APAS-VERUS/src/Chap35/OrderStatSelectMtPer.rs:1: info: [20] all traits have impls
/home/milnes/projects/APAS-VERUS/src/Chap35/OrderStatSelectMtPer.rs:1: info: [21] broadcast use: vstd:: before crate::
/home/milnes/projects/APAS-VERUS/src/Chap35/OrderStatSelectMtPer.rs:1: info: [22a:exec] free fn append_vec correctly free (Standard 19)
/home/milnes/projects/APAS-VERUS/src/Chap35/OrderStatSelectMtPer.rs:1: info: [22a:exec] free fn partition_three_dc correctly free (Standard 19)
/home/milnes/projects/APAS-VERUS/src/Chap35/OrderStatSelectMtPer.rs:1: info: [22a:proof] free proof fn lemma_total_ordering correctly free (Standard 19)
/home/milnes/projects/APAS-VERUS/src/Chap35/OrderStatSelectMtPer.rs:1: info: [22a:proof] free proof fn lemma_const_seq_multiset correctly free (Standard 19)
/home/milnes/projects/APAS-VERUS/src/Chap35/OrderStatSelectMtPer.rs:1: info: [22a:proof] free proof fn lemma_all_equal_multiset correctly free (Standard 19)
/home/milnes/projects/APAS-VERUS/src/Chap35/OrderStatSelectMtPer.rs:1: info: [22a:spec] free spec fn spec_leq correctly free (Standard 19)
/home/milnes/projects/APAS-VERUS/src/Chap35/OrderStatSelectMtPer.rs:1: info: [22a:spec] free spec fn spec_kth correctly free (Standard 19)
/home/milnes/projects/APAS-VERUS/src/Chap35/OrderStatSelectMtPer.rs:1: info: [22a:spec] free spec fn spec_const_seq correctly free (Standard 19)
/home/milnes/projects/APAS-VERUS/src/Chap35/OrderStatSelectMtPer.rs:1: info: [22a:spec] free spec fn spec_slice_elements correctly free (Standard 19)
/home/milnes/projects/APAS-VERUS/src/Chap35/OrderStatSelectMtPer.rs:1: info: [23a] spec/proof fn spec_leq param T has looser bounds `TotalOrder` (trait OrderStatSelectMtPerTrait has `StTInMtT + TotalOrder`)
/home/milnes/projects/APAS-VERUS/src/Chap35/OrderStatSelectMtPer.rs:1: info: [23a] spec/proof fn spec_kth param T has looser bounds `TotalOrder` (trait OrderStatSelectMtPerTrait has `StTInMtT + TotalOrder`)
/home/milnes/projects/APAS-VERUS/src/Chap35/OrderStatSelectMtPer.rs:1: info: [23a] spec/proof fn spec_const_seq param T has looser bounds `(none)` (trait OrderStatSelectMtPerTrait has `StTInMtT + TotalOrder`)
/home/milnes/projects/APAS-VERUS/src/Chap35/OrderStatSelectMtPer.rs:1: info: [23a] spec/proof fn spec_slice_elements param T has looser bounds `StTInMtT` (trait OrderStatSelectMtPerTrait has `StTInMtT + TotalOrder`)
/home/milnes/projects/APAS-VERUS/src/Chap35/OrderStatSelectMtPer.rs:1: info: [23a] spec/proof fn lemma_total_ordering param T has looser bounds `TotalOrder` (trait OrderStatSelectMtPerTrait has `StTInMtT + TotalOrder`)
/home/milnes/projects/APAS-VERUS/src/Chap35/OrderStatSelectMtPer.rs:1: info: [23a] spec/proof fn lemma_const_seq_multiset param T has looser bounds `(none)` (trait OrderStatSelectMtPerTrait has `StTInMtT + TotalOrder`)
/home/milnes/projects/APAS-VERUS/src/Chap35/OrderStatSelectMtPer.rs:1: info: [23a] spec/proof fn lemma_all_equal_multiset param T has looser bounds `(none)` (trait OrderStatSelectMtPerTrait has `StTInMtT + TotalOrder`)
/home/milnes/projects/APAS-VERUS/src/Chap35/OrderStatSelectMtPer.rs:374: warning: [22:exec] free fn parallel_three_way_partition should be a trait method
/home/milnes/projects/APAS-VERUS/src/Chap35/OrderStatSelectMtPer.rs:491: warning: [22:exec] free fn select_inner should be a trait method
/home/milnes/projects/APAS-VERUS/src/Chap35/OrderStatSelectMtPer.rs:172: warning: [23b] free fn append_vec param T has bounds `Copy` but trait OrderStatSelectMtPerTrait has `StTInMtT + TotalOrder`
/home/milnes/projects/APAS-VERUS/src/Chap35/OrderStatSelectMtPer.rs:218: warning: [23b] free fn partition_three_dc param T has bounds `StTInMtT + TotalOrder + Copy` but trait OrderStatSelectMtPerTrait has `StTInMtT + TotalOrder`
/home/milnes/projects/APAS-VERUS/src/Chap35/OrderStatSelectMtPer.rs:374: warning: [23b] free fn parallel_three_way_partition param T has bounds `StTInMtT + TotalOrder + Copy` but trait OrderStatSelectMtPerTrait has `StTInMtT + TotalOrder`
/home/milnes/projects/APAS-VERUS/src/Chap35/OrderStatSelectMtPer.rs:491: warning: [23b] free fn select_inner param T has bounds `StTInMtT + TotalOrder + Copy` but trait OrderStatSelectMtPerTrait has `StTInMtT + TotalOrder`
/home/milnes/projects/APAS-VERUS/src/Chap35/OrderStatSelectMtPer.rs:1: warning: [24] missing or incorrect copyright line; expected: //! Copyright (C) 2025 Acar, Blelloch and Milnes from 'Algorithms Parallel and Sequential'.

/home/milnes/projects/APAS-VERUS/src/Chap35/OrderStatSelectStEph.rs:
/home/milnes/projects/APAS-VERUS/src/Chap35/OrderStatSelectStEph.rs:1: info: [1] has mod declarations
/home/milnes/projects/APAS-VERUS/src/Chap35/OrderStatSelectStEph.rs:1: info: [2] vstd::prelude::* before verus!
/home/milnes/projects/APAS-VERUS/src/Chap35/OrderStatSelectStEph.rs:1: info: [3] has verus! macro
/home/milnes/projects/APAS-VERUS/src/Chap35/OrderStatSelectStEph.rs:1: info: [4] no std imports (ok)
/home/milnes/projects/APAS-VERUS/src/Chap35/OrderStatSelectStEph.rs:1: info: [5] no vstd imports (ok)
/home/milnes/projects/APAS-VERUS/src/Chap35/OrderStatSelectStEph.rs:1: info: [11] Set/Seq usage has broadcast groups
/home/milnes/projects/APAS-VERUS/src/Chap35/OrderStatSelectStEph.rs:1: info: [12] all trait fns have specs
/home/milnes/projects/APAS-VERUS/src/Chap35/OrderStatSelectStEph.rs:1: info: [13] trait impls inside verus!
/home/milnes/projects/APAS-VERUS/src/Chap35/OrderStatSelectStEph.rs:1: info: [14] no Debug/Display impls (ok)
/home/milnes/projects/APAS-VERUS/src/Chap35/OrderStatSelectStEph.rs:1: info: [15] no PartialEq/Eq/Clone/Hash/Ord impls (ok)
/home/milnes/projects/APAS-VERUS/src/Chap35/OrderStatSelectStEph.rs:1: info: [16] no Lit macro definitions (ok)
/home/milnes/projects/APAS-VERUS/src/Chap35/OrderStatSelectStEph.rs:1: info: [17] no collection structs (ok)
/home/milnes/projects/APAS-VERUS/src/Chap35/OrderStatSelectStEph.rs:1: info: [18] definition order correct
/home/milnes/projects/APAS-VERUS/src/Chap35/OrderStatSelectStEph.rs:1: info: [19] no generic return names
/home/milnes/projects/APAS-VERUS/src/Chap35/OrderStatSelectStEph.rs:1: info: [20] all traits have impls
/home/milnes/projects/APAS-VERUS/src/Chap35/OrderStatSelectStEph.rs:1: info: [21] broadcast use: vstd:: before crate::
/home/milnes/projects/APAS-VERUS/src/Chap35/OrderStatSelectStEph.rs:1: info: [22a:proof] free proof fn lemma_total_ordering correctly free (Standard 19)
/home/milnes/projects/APAS-VERUS/src/Chap35/OrderStatSelectStEph.rs:1: info: [22a:spec] free spec fn spec_leq correctly free (Standard 19)
/home/milnes/projects/APAS-VERUS/src/Chap35/OrderStatSelectStEph.rs:1: info: [22a:spec] free spec fn spec_kth correctly free (Standard 19)
/home/milnes/projects/APAS-VERUS/src/Chap35/OrderStatSelectStEph.rs:1: info: [23a] no spec/proof fns with looser bounds
/home/milnes/projects/APAS-VERUS/src/Chap35/OrderStatSelectStEph.rs:134: warning: [22:exec] free fn select_inner should be a trait method
/home/milnes/projects/APAS-VERUS/src/Chap35/OrderStatSelectStEph.rs:134: warning: [23b] free fn select_inner param T has bounds `TotalOrder + Copy` but trait OrderStatSelectStEphTrait has `TotalOrder`
/home/milnes/projects/APAS-VERUS/src/Chap35/OrderStatSelectStEph.rs:1: warning: [24] missing or incorrect copyright line; expected: //! Copyright (C) 2025 Acar, Blelloch and Milnes from 'Algorithms Parallel and Sequential'.

/home/milnes/projects/APAS-VERUS/src/Chap35/OrderStatSelectStPer.rs:
/home/milnes/projects/APAS-VERUS/src/Chap35/OrderStatSelectStPer.rs:1: info: [1] has mod declarations
/home/milnes/projects/APAS-VERUS/src/Chap35/OrderStatSelectStPer.rs:1: info: [2] vstd::prelude::* before verus!
/home/milnes/projects/APAS-VERUS/src/Chap35/OrderStatSelectStPer.rs:1: info: [3] has verus! macro
/home/milnes/projects/APAS-VERUS/src/Chap35/OrderStatSelectStPer.rs:1: info: [4] no std imports (ok)
/home/milnes/projects/APAS-VERUS/src/Chap35/OrderStatSelectStPer.rs:1: info: [5] no vstd imports (ok)
/home/milnes/projects/APAS-VERUS/src/Chap35/OrderStatSelectStPer.rs:1: info: [11] Set/Seq usage has broadcast groups
/home/milnes/projects/APAS-VERUS/src/Chap35/OrderStatSelectStPer.rs:1: info: [12] all trait fns have specs
/home/milnes/projects/APAS-VERUS/src/Chap35/OrderStatSelectStPer.rs:1: info: [13] trait impls inside verus!
/home/milnes/projects/APAS-VERUS/src/Chap35/OrderStatSelectStPer.rs:1: info: [14] no Debug/Display impls (ok)
/home/milnes/projects/APAS-VERUS/src/Chap35/OrderStatSelectStPer.rs:1: info: [15] no PartialEq/Eq/Clone/Hash/Ord impls (ok)
/home/milnes/projects/APAS-VERUS/src/Chap35/OrderStatSelectStPer.rs:1: info: [16] no Lit macro definitions (ok)
/home/milnes/projects/APAS-VERUS/src/Chap35/OrderStatSelectStPer.rs:1: info: [17] no collection structs (ok)
/home/milnes/projects/APAS-VERUS/src/Chap35/OrderStatSelectStPer.rs:1: info: [18] definition order correct
/home/milnes/projects/APAS-VERUS/src/Chap35/OrderStatSelectStPer.rs:1: info: [19] no generic return names
/home/milnes/projects/APAS-VERUS/src/Chap35/OrderStatSelectStPer.rs:1: info: [20] all traits have impls
/home/milnes/projects/APAS-VERUS/src/Chap35/OrderStatSelectStPer.rs:1: info: [21] broadcast use: vstd:: before crate::
/home/milnes/projects/APAS-VERUS/src/Chap35/OrderStatSelectStPer.rs:1: info: [22a:proof] free proof fn lemma_total_ordering correctly free (Standard 19)
/home/milnes/projects/APAS-VERUS/src/Chap35/OrderStatSelectStPer.rs:1: info: [22a:spec] free spec fn spec_leq correctly free (Standard 19)
/home/milnes/projects/APAS-VERUS/src/Chap35/OrderStatSelectStPer.rs:1: info: [22a:spec] free spec fn spec_kth correctly free (Standard 19)
/home/milnes/projects/APAS-VERUS/src/Chap35/OrderStatSelectStPer.rs:1: info: [23a] no spec/proof fns with looser bounds
/home/milnes/projects/APAS-VERUS/src/Chap35/OrderStatSelectStPer.rs:134: warning: [22:exec] free fn select_inner should be a trait method
/home/milnes/projects/APAS-VERUS/src/Chap35/OrderStatSelectStPer.rs:134: warning: [23b] free fn select_inner param T has bounds `TotalOrder + Copy` but trait OrderStatSelectStPerTrait has `TotalOrder`
/home/milnes/projects/APAS-VERUS/src/Chap35/OrderStatSelectStPer.rs:1: warning: [24] missing or incorrect copyright line; expected: //! Copyright (C) 2025 Acar, Blelloch and Milnes from 'Algorithms Parallel and Sequential'.

/home/milnes/projects/APAS-VERUS/src/Chap36/QuickSortMtEph.rs:
/home/milnes/projects/APAS-VERUS/src/Chap36/QuickSortMtEph.rs:1: info: [1] has mod declarations
/home/milnes/projects/APAS-VERUS/src/Chap36/QuickSortMtEph.rs:1: info: [2] vstd::prelude::* before verus!
/home/milnes/projects/APAS-VERUS/src/Chap36/QuickSortMtEph.rs:1: info: [3] has verus! macro
/home/milnes/projects/APAS-VERUS/src/Chap36/QuickSortMtEph.rs:1: info: [4] no std imports (ok)
/home/milnes/projects/APAS-VERUS/src/Chap36/QuickSortMtEph.rs:1: info: [5] no vstd imports (ok)
/home/milnes/projects/APAS-VERUS/src/Chap36/QuickSortMtEph.rs:1: info: [11] Set/Seq usage has broadcast groups
/home/milnes/projects/APAS-VERUS/src/Chap36/QuickSortMtEph.rs:1: info: [12] all trait fns have specs
/home/milnes/projects/APAS-VERUS/src/Chap36/QuickSortMtEph.rs:1: info: [13] trait impls inside verus!
/home/milnes/projects/APAS-VERUS/src/Chap36/QuickSortMtEph.rs:1: info: [14] no Debug/Display impls (ok)
/home/milnes/projects/APAS-VERUS/src/Chap36/QuickSortMtEph.rs:1: info: [15] no PartialEq/Eq/Clone/Hash/Ord impls (ok)
/home/milnes/projects/APAS-VERUS/src/Chap36/QuickSortMtEph.rs:1: info: [16] no Lit macro definitions (ok)
/home/milnes/projects/APAS-VERUS/src/Chap36/QuickSortMtEph.rs:1: info: [17] no collection structs (ok)
/home/milnes/projects/APAS-VERUS/src/Chap36/QuickSortMtEph.rs:1: info: [18] definition order correct
/home/milnes/projects/APAS-VERUS/src/Chap36/QuickSortMtEph.rs:1: info: [19] no generic return names
/home/milnes/projects/APAS-VERUS/src/Chap36/QuickSortMtEph.rs:1: info: [20] all traits have impls
/home/milnes/projects/APAS-VERUS/src/Chap36/QuickSortMtEph.rs:1: info: [21] broadcast use: vstd:: before crate::
/home/milnes/projects/APAS-VERUS/src/Chap36/QuickSortMtEph.rs:1: info: [22:exec] exec fns: all in traits
/home/milnes/projects/APAS-VERUS/src/Chap36/QuickSortMtEph.rs:1: info: [22a:proof] free proof fn lemma_total_ordering correctly free (Standard 19)
/home/milnes/projects/APAS-VERUS/src/Chap36/QuickSortMtEph.rs:1: info: [22a:proof] free proof fn lemma_partition_sort_concat correctly free (Standard 19)
/home/milnes/projects/APAS-VERUS/src/Chap36/QuickSortMtEph.rs:1: info: [22a:spec] free spec fn spec_leq correctly free (Standard 19)
/home/milnes/projects/APAS-VERUS/src/Chap36/QuickSortMtEph.rs:1: info: [22a:spec] free spec fn spec_median_of_three correctly free (Standard 19)
/home/milnes/projects/APAS-VERUS/src/Chap36/QuickSortMtEph.rs:1: info: [23a] no spec/proof fns with looser bounds
/home/milnes/projects/APAS-VERUS/src/Chap36/QuickSortMtEph.rs:1: info: [23b] free fn type bounds compatible with trait
/home/milnes/projects/APAS-VERUS/src/Chap36/QuickSortMtEph.rs:1: warning: [24] missing or incorrect copyright line; expected: //! Copyright (C) 2025 Acar, Blelloch and Milnes from 'Algorithms Parallel and Sequential'.

/home/milnes/projects/APAS-VERUS/src/Chap36/QuickSortMtEphSlice.rs:
/home/milnes/projects/APAS-VERUS/src/Chap36/QuickSortMtEphSlice.rs:1: info: [1] has mod declarations
/home/milnes/projects/APAS-VERUS/src/Chap36/QuickSortMtEphSlice.rs:1: info: [2] vstd::prelude::* before verus!
/home/milnes/projects/APAS-VERUS/src/Chap36/QuickSortMtEphSlice.rs:1: info: [3] has verus! macro
/home/milnes/projects/APAS-VERUS/src/Chap36/QuickSortMtEphSlice.rs:1: info: [4] no std imports (ok)
/home/milnes/projects/APAS-VERUS/src/Chap36/QuickSortMtEphSlice.rs:1: info: [5] no vstd imports (ok)
/home/milnes/projects/APAS-VERUS/src/Chap36/QuickSortMtEphSlice.rs:1: info: [11] Set/Seq usage has broadcast groups
/home/milnes/projects/APAS-VERUS/src/Chap36/QuickSortMtEphSlice.rs:1: info: [12] all trait fns have specs
/home/milnes/projects/APAS-VERUS/src/Chap36/QuickSortMtEphSlice.rs:1: info: [13] trait impls inside verus!
/home/milnes/projects/APAS-VERUS/src/Chap36/QuickSortMtEphSlice.rs:1: info: [14] no Debug/Display impls (ok)
/home/milnes/projects/APAS-VERUS/src/Chap36/QuickSortMtEphSlice.rs:1: info: [15] no PartialEq/Eq/Clone/Hash/Ord impls (ok)
/home/milnes/projects/APAS-VERUS/src/Chap36/QuickSortMtEphSlice.rs:1: info: [16] no Lit macro definitions (ok)
/home/milnes/projects/APAS-VERUS/src/Chap36/QuickSortMtEphSlice.rs:1: info: [17] no collection structs (ok)
/home/milnes/projects/APAS-VERUS/src/Chap36/QuickSortMtEphSlice.rs:1: info: [18] definition order correct
/home/milnes/projects/APAS-VERUS/src/Chap36/QuickSortMtEphSlice.rs:1: info: [19] no generic return names
/home/milnes/projects/APAS-VERUS/src/Chap36/QuickSortMtEphSlice.rs:1: info: [20] all traits have impls
/home/milnes/projects/APAS-VERUS/src/Chap36/QuickSortMtEphSlice.rs:1: info: [21] broadcast use: vstd:: before crate::
/home/milnes/projects/APAS-VERUS/src/Chap36/QuickSortMtEphSlice.rs:1: info: [22a:exec] free fn append_vec correctly free (Standard 19)
/home/milnes/projects/APAS-VERUS/src/Chap36/QuickSortMtEphSlice.rs:1: info: [22a:proof] free proof fn lemma_total_ordering correctly free (Standard 19)
/home/milnes/projects/APAS-VERUS/src/Chap36/QuickSortMtEphSlice.rs:1: info: [22a:proof] free proof fn lemma_partition_sort_concat correctly free (Standard 19)
/home/milnes/projects/APAS-VERUS/src/Chap36/QuickSortMtEphSlice.rs:1: info: [22a:proof] free proof fn lemma_elements_from_vec correctly free (Standard 19)
/home/milnes/projects/APAS-VERUS/src/Chap36/QuickSortMtEphSlice.rs:1: info: [22a:spec] free spec fn spec_leq correctly free (Standard 19)
/home/milnes/projects/APAS-VERUS/src/Chap36/QuickSortMtEphSlice.rs:1: info: [22a:spec] free spec fn spec_median_of_three correctly free (Standard 19)
/home/milnes/projects/APAS-VERUS/src/Chap36/QuickSortMtEphSlice.rs:1: info: [23a] spec/proof fn spec_leq param T has looser bounds `TotalOrder` (trait QuickSortMtEphSliceTrait has `StTInMtT + TotalOrder`)
/home/milnes/projects/APAS-VERUS/src/Chap36/QuickSortMtEphSlice.rs:1: info: [23a] spec/proof fn elements param T has looser bounds `StTInMtT` (trait QuickSortMtEphSliceTrait has `StTInMtT + TotalOrder`)
/home/milnes/projects/APAS-VERUS/src/Chap36/QuickSortMtEphSlice.rs:1: info: [23a] spec/proof fn spec_median_of_three param T has looser bounds `TotalOrder` (trait QuickSortMtEphSliceTrait has `StTInMtT + TotalOrder`)
/home/milnes/projects/APAS-VERUS/src/Chap36/QuickSortMtEphSlice.rs:1: info: [23a] spec/proof fn lemma_total_ordering param T has looser bounds `TotalOrder` (trait QuickSortMtEphSliceTrait has `StTInMtT + TotalOrder`)
/home/milnes/projects/APAS-VERUS/src/Chap36/QuickSortMtEphSlice.rs:1: info: [23a] spec/proof fn lemma_partition_sort_concat param T has looser bounds `TotalOrder` (trait QuickSortMtEphSliceTrait has `StTInMtT + TotalOrder`)
/home/milnes/projects/APAS-VERUS/src/Chap36/QuickSortMtEphSlice.rs:336: warning: [22:exec] free fn partition_three_dc should be a trait method
/home/milnes/projects/APAS-VERUS/src/Chap36/QuickSortMtEphSlice.rs:62: warning: [22:spec] free spec fn elements should be an abstract signature in a trait with body in the impl
/home/milnes/projects/APAS-VERUS/src/Chap36/QuickSortMtEphSlice.rs:293: warning: [23b] free fn append_vec param T has bounds `Eq + Clone` but trait QuickSortMtEphSliceTrait has `StTInMtT + TotalOrder`
/home/milnes/projects/APAS-VERUS/src/Chap36/QuickSortMtEphSlice.rs:1: warning: [24] missing or incorrect copyright line; expected: //! Copyright (C) 2025 Acar, Blelloch and Milnes from 'Algorithms Parallel and Sequential'.

/home/milnes/projects/APAS-VERUS/src/Chap36/QuickSortStEph.rs:
/home/milnes/projects/APAS-VERUS/src/Chap36/QuickSortStEph.rs:1: info: [1] has mod declarations
/home/milnes/projects/APAS-VERUS/src/Chap36/QuickSortStEph.rs:1: info: [2] vstd::prelude::* before verus!
/home/milnes/projects/APAS-VERUS/src/Chap36/QuickSortStEph.rs:1: info: [3] has verus! macro
/home/milnes/projects/APAS-VERUS/src/Chap36/QuickSortStEph.rs:1: info: [4] no std imports (ok)
/home/milnes/projects/APAS-VERUS/src/Chap36/QuickSortStEph.rs:1: info: [5] no vstd imports (ok)
/home/milnes/projects/APAS-VERUS/src/Chap36/QuickSortStEph.rs:1: info: [11] Set/Seq usage has broadcast groups
/home/milnes/projects/APAS-VERUS/src/Chap36/QuickSortStEph.rs:1: info: [12] all trait fns have specs
/home/milnes/projects/APAS-VERUS/src/Chap36/QuickSortStEph.rs:1: info: [13] trait impls inside verus!
/home/milnes/projects/APAS-VERUS/src/Chap36/QuickSortStEph.rs:1: info: [14] no Debug/Display impls (ok)
/home/milnes/projects/APAS-VERUS/src/Chap36/QuickSortStEph.rs:1: info: [15] no PartialEq/Eq/Clone/Hash/Ord impls (ok)
/home/milnes/projects/APAS-VERUS/src/Chap36/QuickSortStEph.rs:1: info: [16] no Lit macro definitions (ok)
/home/milnes/projects/APAS-VERUS/src/Chap36/QuickSortStEph.rs:1: info: [17] no collection structs (ok)
/home/milnes/projects/APAS-VERUS/src/Chap36/QuickSortStEph.rs:1: info: [18] definition order correct
/home/milnes/projects/APAS-VERUS/src/Chap36/QuickSortStEph.rs:1: info: [19] no generic return names
/home/milnes/projects/APAS-VERUS/src/Chap36/QuickSortStEph.rs:1: info: [20] all traits have impls
/home/milnes/projects/APAS-VERUS/src/Chap36/QuickSortStEph.rs:1: info: [21] broadcast use: vstd:: before crate::
/home/milnes/projects/APAS-VERUS/src/Chap36/QuickSortStEph.rs:1: info: [22:exec] exec fns: all in traits
/home/milnes/projects/APAS-VERUS/src/Chap36/QuickSortStEph.rs:1: info: [22a:proof] free proof fn lemma_total_ordering correctly free (Standard 19)
/home/milnes/projects/APAS-VERUS/src/Chap36/QuickSortStEph.rs:1: info: [22a:proof] free proof fn lemma_partition_sort_concat correctly free (Standard 19)
/home/milnes/projects/APAS-VERUS/src/Chap36/QuickSortStEph.rs:1: info: [22a:spec] free spec fn spec_leq correctly free (Standard 19)
/home/milnes/projects/APAS-VERUS/src/Chap36/QuickSortStEph.rs:1: info: [22a:spec] free spec fn spec_median_of_three correctly free (Standard 19)
/home/milnes/projects/APAS-VERUS/src/Chap36/QuickSortStEph.rs:1: info: [23a] no spec/proof fns with looser bounds
/home/milnes/projects/APAS-VERUS/src/Chap36/QuickSortStEph.rs:1: info: [23b] free fn type bounds compatible with trait
/home/milnes/projects/APAS-VERUS/src/Chap36/QuickSortStEph.rs:1: warning: [24] missing or incorrect copyright line; expected: //! Copyright (C) 2025 Acar, Blelloch and Milnes from 'Algorithms Parallel and Sequential'.

/home/milnes/projects/APAS-VERUS/src/Chap37/AVLTreeSeq.rs:
/home/milnes/projects/APAS-VERUS/src/Chap37/AVLTreeSeq.rs:1: info: [1] has mod declarations
/home/milnes/projects/APAS-VERUS/src/Chap37/AVLTreeSeq.rs:1: info: [2] vstd::prelude::* before verus!
/home/milnes/projects/APAS-VERUS/src/Chap37/AVLTreeSeq.rs:1: info: [3] has verus! macro
/home/milnes/projects/APAS-VERUS/src/Chap37/AVLTreeSeq.rs:1: info: [4] std imports grouped with trailing blank
/home/milnes/projects/APAS-VERUS/src/Chap37/AVLTreeSeq.rs:1: info: [5] vstd imports grouped with trailing blank
/home/milnes/projects/APAS-VERUS/src/Chap37/AVLTreeSeq.rs:1: info: [11] Set/Seq usage has broadcast groups
/home/milnes/projects/APAS-VERUS/src/Chap37/AVLTreeSeq.rs:1: info: [12] all trait fns have specs
/home/milnes/projects/APAS-VERUS/src/Chap37/AVLTreeSeq.rs:1: info: [13] trait impls inside verus!
/home/milnes/projects/APAS-VERUS/src/Chap37/AVLTreeSeq.rs:1: info: [14] Debug, Display outside verus!
/home/milnes/projects/APAS-VERUS/src/Chap37/AVLTreeSeq.rs:1: info: [15] Clone, Eq, PartialEq inside verus!
/home/milnes/projects/APAS-VERUS/src/Chap37/AVLTreeSeq.rs:1: info: [16] no Lit macro definitions (ok)
/home/milnes/projects/APAS-VERUS/src/Chap37/AVLTreeSeq.rs:1: info: [17] no collection structs (ok)
/home/milnes/projects/APAS-VERUS/src/Chap37/AVLTreeSeq.rs:1: info: [19] no generic return names
/home/milnes/projects/APAS-VERUS/src/Chap37/AVLTreeSeq.rs:1: info: [20] all traits have impls
/home/milnes/projects/APAS-VERUS/src/Chap37/AVLTreeSeq.rs:1: info: [21] broadcast use: vstd:: before crate::
/home/milnes/projects/APAS-VERUS/src/Chap37/AVLTreeSeq.rs:1: info: [22:exec] exec fns: all in traits
/home/milnes/projects/APAS-VERUS/src/Chap37/AVLTreeSeq.rs:1: info: [22a:spec] free spec fn spec_avltreeseq_nat_max correctly free (Standard 19)
/home/milnes/projects/APAS-VERUS/src/Chap37/AVLTreeSeq.rs:1: info: [22a:spec] free spec fn spec_avltreeseq_subseq correctly free (Standard 19)
/home/milnes/projects/APAS-VERUS/src/Chap37/AVLTreeSeq.rs:1: info: [23a] no spec/proof fns with looser bounds
/home/milnes/projects/APAS-VERUS/src/Chap37/AVLTreeSeq.rs:1: info: [23b] free fn type bounds compatible with trait
/home/milnes/projects/APAS-VERUS/src/Chap37/AVLTreeSeq.rs:56: warning: [18] use crate::... should come before broadcast use (expected imports before broadcast use)
/home/milnes/projects/APAS-VERUS/src/Chap37/AVLTreeSeq.rs:486: warning: [18] impl AVLTreeSeqNodeSpec for Box < AVLTreeNode < T > > should come before traits (expected impls before traits)
/home/milnes/projects/APAS-VERUS/src/Chap37/AVLTreeSeq.rs:504: warning: [18] impl AVLTreeSeqNodeFns for Box < AVLTreeNode < T > > should come before impls (expected impls before impls)
/home/milnes/projects/APAS-VERUS/src/Chap37/AVLTreeSeq.rs:178: warning: [22:proof] free proof fn lemma_size_eq_inorder_len should be a trait method
/home/milnes/projects/APAS-VERUS/src/Chap37/AVLTreeSeq.rs:192: warning: [22:proof] free proof fn lemma_inorder_values_maps_to_inorder should be a trait method
/home/milnes/projects/APAS-VERUS/src/Chap37/AVLTreeSeq.rs:205: warning: [22:proof] free proof fn lemma_height_le_size should be a trait method
/home/milnes/projects/APAS-VERUS/src/Chap37/AVLTreeSeq.rs:97: warning: [22:spec] free spec fn spec_avltreeseq_inorder_values should be an abstract signature in a trait with body in the impl
/home/milnes/projects/APAS-VERUS/src/Chap37/AVLTreeSeq.rs:106: warning: [22:spec] free spec fn spec_avltreeseq_inorder should be an abstract signature in a trait with body in the impl
/home/milnes/projects/APAS-VERUS/src/Chap37/AVLTreeSeq.rs:115: warning: [22:spec] free spec fn spec_avltreeseq_cached_size should be an abstract signature in a trait with body in the impl
/home/milnes/projects/APAS-VERUS/src/Chap37/AVLTreeSeq.rs:122: warning: [22:spec] free spec fn spec_avltreeseq_cached_height should be an abstract signature in a trait with body in the impl
/home/milnes/projects/APAS-VERUS/src/Chap37/AVLTreeSeq.rs:133: warning: [22:spec] free spec fn spec_avltreeseq_wf should be an abstract signature in a trait with body in the impl
/home/milnes/projects/APAS-VERUS/src/Chap37/AVLTreeSeq.rs:153: warning: [22:spec] free spec fn spec_avltreeseq_avl_balanced should be an abstract signature in a trait with body in the impl
/home/milnes/projects/APAS-VERUS/src/Chap37/AVLTreeSeq.rs:1: warning: [24] missing or incorrect copyright line; expected: //! Copyright (C) 2025 Acar, Blelloch and Milnes from 'Algorithms Parallel and Sequential'.

/home/milnes/projects/APAS-VERUS/src/Chap37/AVLTreeSeqMtPer.rs:
/home/milnes/projects/APAS-VERUS/src/Chap37/AVLTreeSeqMtPer.rs:1: info: [1] has mod declarations
/home/milnes/projects/APAS-VERUS/src/Chap37/AVLTreeSeqMtPer.rs:1: info: [2] vstd::prelude::* before verus!
/home/milnes/projects/APAS-VERUS/src/Chap37/AVLTreeSeqMtPer.rs:1: info: [3] has verus! macro
/home/milnes/projects/APAS-VERUS/src/Chap37/AVLTreeSeqMtPer.rs:1: info: [4] std imports grouped with trailing blank
/home/milnes/projects/APAS-VERUS/src/Chap37/AVLTreeSeqMtPer.rs:1: info: [5] vstd imports grouped with trailing blank
/home/milnes/projects/APAS-VERUS/src/Chap37/AVLTreeSeqMtPer.rs:1: info: [11] Set/Seq usage has broadcast groups
/home/milnes/projects/APAS-VERUS/src/Chap37/AVLTreeSeqMtPer.rs:1: info: [12] all trait fns have specs
/home/milnes/projects/APAS-VERUS/src/Chap37/AVLTreeSeqMtPer.rs:1: info: [13] trait impls inside verus!
/home/milnes/projects/APAS-VERUS/src/Chap37/AVLTreeSeqMtPer.rs:1: info: [14] Debug, Display outside verus!
/home/milnes/projects/APAS-VERUS/src/Chap37/AVLTreeSeqMtPer.rs:1: info: [15] Eq, PartialEq, Clone inside verus!
/home/milnes/projects/APAS-VERUS/src/Chap37/AVLTreeSeqMtPer.rs:1: info: [16] Lit macro definitions at end of file
/home/milnes/projects/APAS-VERUS/src/Chap37/AVLTreeSeqMtPer.rs:1: info: [17] no collection structs (ok)
/home/milnes/projects/APAS-VERUS/src/Chap37/AVLTreeSeqMtPer.rs:1: info: [19] no generic return names
/home/milnes/projects/APAS-VERUS/src/Chap37/AVLTreeSeqMtPer.rs:1: info: [20] all traits have impls
/home/milnes/projects/APAS-VERUS/src/Chap37/AVLTreeSeqMtPer.rs:1: info: [21] broadcast use: vstd:: before crate::
/home/milnes/projects/APAS-VERUS/src/Chap37/AVLTreeSeqMtPer.rs:1: info: [22a:exec] free fn mk correctly free (Standard 19)
/home/milnes/projects/APAS-VERUS/src/Chap37/AVLTreeSeqMtPer.rs:1: info: [22a:exec] free fn build_balanced_from_slice correctly free (Standard 19)
/home/milnes/projects/APAS-VERUS/src/Chap37/AVLTreeSeqMtPer.rs:1: info: [22a:spec] free spec fn spec_nat_max correctly free (Standard 19)
/home/milnes/projects/APAS-VERUS/src/Chap37/AVLTreeSeqMtPer.rs:1: info: [23a] no spec/proof fns with looser bounds
/home/milnes/projects/APAS-VERUS/src/Chap37/AVLTreeSeqMtPer.rs:1: info: [23b] free fn type bounds compatible with trait
/home/milnes/projects/APAS-VERUS/src/Chap37/AVLTreeSeqMtPer.rs:138: warning: [18] spec fn spec_cached_height should come before proof fns/broadcast groups (expected spec fns before proof fns/broadcast groups)
/home/milnes/projects/APAS-VERUS/src/Chap37/AVLTreeSeqMtPer.rs:145: warning: [18] spec fn spec_cached_size should come before proof fns/broadcast groups (expected spec fns before proof fns/broadcast groups)
/home/milnes/projects/APAS-VERUS/src/Chap37/AVLTreeSeqMtPer.rs:152: warning: [18] spec fn spec_nat_max should come before proof fns/broadcast groups (expected spec fns before proof fns/broadcast groups)
/home/milnes/projects/APAS-VERUS/src/Chap37/AVLTreeSeqMtPer.rs:157: warning: [18] spec fn spec_avltreeseqmtper_wf should come before proof fns/broadcast groups (expected spec fns before proof fns/broadcast groups)
/home/milnes/projects/APAS-VERUS/src/Chap37/AVLTreeSeqMtPer.rs:379: warning: [18] impl AVLTreeSeqMtPerNodeSpec for Arc < Node < T > > should come before traits (expected impls before traits)
/home/milnes/projects/APAS-VERUS/src/Chap37/AVLTreeSeqMtPer.rs:417: warning: [18] impl AVLTreeSeqMtPerNodeFns for Arc < Node < T > > should come before impls (expected impls before impls)
/home/milnes/projects/APAS-VERUS/src/Chap37/AVLTreeSeqMtPer.rs:871: warning: [18] impl AVLTreeSeqMtPerBorrowIter < 'a , T > should come before iterators (expected impls before iterators)
/home/milnes/projects/APAS-VERUS/src/Chap37/AVLTreeSeqMtPer.rs:125: warning: [22:proof] free proof fn lemma_inorder_values_maps_to_inorder should be a trait method
/home/milnes/projects/APAS-VERUS/src/Chap37/AVLTreeSeqMtPer.rs:179: warning: [22:proof] free proof fn lemma_size_eq_inorder_len should be a trait method
/home/milnes/projects/APAS-VERUS/src/Chap37/AVLTreeSeqMtPer.rs:194: warning: [22:proof] free proof fn lemma_height_le_size should be a trait method
/home/milnes/projects/APAS-VERUS/src/Chap37/AVLTreeSeqMtPer.rs:105: warning: [22:spec] free spec fn spec_inorder should be an abstract signature in a trait with body in the impl
/home/milnes/projects/APAS-VERUS/src/Chap37/AVLTreeSeqMtPer.rs:116: warning: [22:spec] free spec fn spec_inorder_values should be an abstract signature in a trait with body in the impl
/home/milnes/projects/APAS-VERUS/src/Chap37/AVLTreeSeqMtPer.rs:138: warning: [22:spec] free spec fn spec_cached_height should be an abstract signature in a trait with body in the impl
/home/milnes/projects/APAS-VERUS/src/Chap37/AVLTreeSeqMtPer.rs:145: warning: [22:spec] free spec fn spec_cached_size should be an abstract signature in a trait with body in the impl
/home/milnes/projects/APAS-VERUS/src/Chap37/AVLTreeSeqMtPer.rs:157: warning: [22:spec] free spec fn spec_avltreeseqmtper_wf should be an abstract signature in a trait with body in the impl
/home/milnes/projects/APAS-VERUS/src/Chap37/AVLTreeSeqMtPer.rs:1: warning: [24] missing or incorrect copyright line; expected: //! Copyright (C) 2025 Acar, Blelloch and Milnes from 'Algorithms Parallel and Sequential'.

/home/milnes/projects/APAS-VERUS/src/Chap37/AVLTreeSeqStEph.rs:
/home/milnes/projects/APAS-VERUS/src/Chap37/AVLTreeSeqStEph.rs:1: info: [1] has mod declarations
/home/milnes/projects/APAS-VERUS/src/Chap37/AVLTreeSeqStEph.rs:1: info: [2] vstd::prelude::* before verus!
/home/milnes/projects/APAS-VERUS/src/Chap37/AVLTreeSeqStEph.rs:1: info: [3] has verus! macro
/home/milnes/projects/APAS-VERUS/src/Chap37/AVLTreeSeqStEph.rs:1: info: [4] std imports grouped with trailing blank
/home/milnes/projects/APAS-VERUS/src/Chap37/AVLTreeSeqStEph.rs:1: info: [5] vstd imports grouped with trailing blank
/home/milnes/projects/APAS-VERUS/src/Chap37/AVLTreeSeqStEph.rs:1: info: [11] Set/Seq usage has broadcast groups
/home/milnes/projects/APAS-VERUS/src/Chap37/AVLTreeSeqStEph.rs:1: info: [12] all trait fns have specs
/home/milnes/projects/APAS-VERUS/src/Chap37/AVLTreeSeqStEph.rs:1: info: [13] trait impls inside verus!
/home/milnes/projects/APAS-VERUS/src/Chap37/AVLTreeSeqStEph.rs:1: info: [14] Debug, Display outside verus!
/home/milnes/projects/APAS-VERUS/src/Chap37/AVLTreeSeqStEph.rs:1: info: [15] Clone, Eq, PartialEq inside verus!
/home/milnes/projects/APAS-VERUS/src/Chap37/AVLTreeSeqStEph.rs:1: info: [16] Lit macro definitions at end of file
/home/milnes/projects/APAS-VERUS/src/Chap37/AVLTreeSeqStEph.rs:1: info: [17] no collection structs (ok)
/home/milnes/projects/APAS-VERUS/src/Chap37/AVLTreeSeqStEph.rs:1: info: [19] no generic return names
/home/milnes/projects/APAS-VERUS/src/Chap37/AVLTreeSeqStEph.rs:1: info: [20] all traits have impls
/home/milnes/projects/APAS-VERUS/src/Chap37/AVLTreeSeqStEph.rs:1: info: [21] broadcast use: vstd:: before crate::
/home/milnes/projects/APAS-VERUS/src/Chap37/AVLTreeSeqStEph.rs:1: info: [22a:spec] free spec fn spec_nat_max correctly free (Standard 19)
/home/milnes/projects/APAS-VERUS/src/Chap37/AVLTreeSeqStEph.rs:1: info: [22a:spec] free spec fn spec_subseq correctly free (Standard 19)
/home/milnes/projects/APAS-VERUS/src/Chap37/AVLTreeSeqStEph.rs:1: info: [23a] no spec/proof fns with looser bounds
/home/milnes/projects/APAS-VERUS/src/Chap37/AVLTreeSeqStEph.rs:1: info: [23b] free fn type bounds compatible with trait
/home/milnes/projects/APAS-VERUS/src/Chap37/AVLTreeSeqStEph.rs:554: warning: [18] spec fn avltreeseqsteph_iter_invariant should come before impls (expected spec fns before impls)
/home/milnes/projects/APAS-VERUS/src/Chap37/AVLTreeSeqStEph.rs:559: warning: [18] spec fn spec_inorder should come before impls (expected spec fns before impls)
/home/milnes/projects/APAS-VERUS/src/Chap37/AVLTreeSeqStEph.rs:570: warning: [18] spec fn spec_inorder_values should come before impls (expected spec fns before impls)
/home/milnes/projects/APAS-VERUS/src/Chap37/AVLTreeSeqStEph.rs:579: warning: [18] proof fn lemma_inorder_values_maps_to_inorder should come before impls (expected proof fns/broadcast groups before impls)
/home/milnes/projects/APAS-VERUS/src/Chap37/AVLTreeSeqStEph.rs:592: warning: [18] spec fn spec_cached_size should come before impls (expected spec fns before impls)
/home/milnes/projects/APAS-VERUS/src/Chap37/AVLTreeSeqStEph.rs:599: warning: [18] spec fn spec_cached_height should come before impls (expected spec fns before impls)
/home/milnes/projects/APAS-VERUS/src/Chap37/AVLTreeSeqStEph.rs:606: warning: [18] spec fn spec_nat_max should come before impls (expected spec fns before impls)
/home/milnes/projects/APAS-VERUS/src/Chap37/AVLTreeSeqStEph.rs:610: warning: [18] spec fn spec_subseq should come before impls (expected spec fns before impls)
/home/milnes/projects/APAS-VERUS/src/Chap37/AVLTreeSeqStEph.rs:619: warning: [18] spec fn spec_avltreeseqsteph_wf should come before impls (expected spec fns before impls)
/home/milnes/projects/APAS-VERUS/src/Chap37/AVLTreeSeqStEph.rs:642: warning: [18] proof fn lemma_size_eq_inorder_len should come before impls (expected proof fns/broadcast groups before impls)
/home/milnes/projects/APAS-VERUS/src/Chap37/AVLTreeSeqStEph.rs:657: warning: [18] proof fn lemma_height_le_size should come before impls (expected proof fns/broadcast groups before impls)
/home/milnes/projects/APAS-VERUS/src/Chap37/AVLTreeSeqStEph.rs:672: warning: [18] proof fn lemma_size_lt_usize_max should come before impls (expected proof fns/broadcast groups before impls)
/home/milnes/projects/APAS-VERUS/src/Chap37/AVLTreeSeqStEph.rs:687: warning: [18] proof fn lemma_wf_implies_len_bound_steph should come before impls (expected proof fns/broadcast groups before impls)
/home/milnes/projects/APAS-VERUS/src/Chap37/AVLTreeSeqStEph.rs:695: warning: [18] broadcast group group_avltreeseqsteph_len_bound should come before impls (expected proof fns/broadcast groups before impls)
/home/milnes/projects/APAS-VERUS/src/Chap37/AVLTreeSeqStEph.rs:703: warning: [18] trait AVLTreeSeqStEphNodeSpec should come before impls (expected traits before impls)
/home/milnes/projects/APAS-VERUS/src/Chap37/AVLTreeSeqStEph.rs:714: warning: [18] trait AVLTreeSeqStEphNodeFns should come before impls (expected traits before impls)
/home/milnes/projects/APAS-VERUS/src/Chap37/AVLTreeSeqStEph.rs:767: warning: [18] trait AVLTreeSeqStEphLinkSpec should come before impls (expected traits before impls)
/home/milnes/projects/APAS-VERUS/src/Chap37/AVLTreeSeqStEph.rs:775: warning: [18] trait AVLTreeSeqStEphLinkFns should come before impls (expected traits before impls)
/home/milnes/projects/APAS-VERUS/src/Chap37/AVLTreeSeqStEph.rs:835: warning: [18] trait AVLTreeSeqStEphTrait should come before impls (expected traits before impls)
/home/milnes/projects/APAS-VERUS/src/Chap37/AVLTreeSeqStEph.rs:972: warning: [18] impl AVLTreeSeqStEphNodeSpec for Box < AVLTreeNode < T > > should come before impls (expected impls before impls)
/home/milnes/projects/APAS-VERUS/src/Chap37/AVLTreeSeqStEph.rs:991: warning: [18] impl AVLTreeSeqStEphNodeFns for Box < AVLTreeNode < T > > should come before impls (expected impls before impls)
/home/milnes/projects/APAS-VERUS/src/Chap37/AVLTreeSeqStEph.rs:449: warning: [22:exec] free fn push_left_iter should be a trait method
/home/milnes/projects/APAS-VERUS/src/Chap37/AVLTreeSeqStEph.rs:579: warning: [22:proof] free proof fn lemma_inorder_values_maps_to_inorder should be a trait method
/home/milnes/projects/APAS-VERUS/src/Chap37/AVLTreeSeqStEph.rs:642: warning: [22:proof] free proof fn lemma_size_eq_inorder_len should be a trait method
/home/milnes/projects/APAS-VERUS/src/Chap37/AVLTreeSeqStEph.rs:657: warning: [22:proof] free proof fn lemma_height_le_size should be a trait method
/home/milnes/projects/APAS-VERUS/src/Chap37/AVLTreeSeqStEph.rs:672: warning: [22:proof] free proof fn lemma_size_lt_usize_max should be a trait method
/home/milnes/projects/APAS-VERUS/src/Chap37/AVLTreeSeqStEph.rs:687: warning: [22:proof] free proof fn lemma_wf_implies_len_bound_steph should be a trait method
/home/milnes/projects/APAS-VERUS/src/Chap37/AVLTreeSeqStEph.rs:554: warning: [22:spec] free spec fn avltreeseqsteph_iter_invariant should be an abstract signature in a trait with body in the impl
/home/milnes/projects/APAS-VERUS/src/Chap37/AVLTreeSeqStEph.rs:559: warning: [22:spec] free spec fn spec_inorder should be an abstract signature in a trait with body in the impl
/home/milnes/projects/APAS-VERUS/src/Chap37/AVLTreeSeqStEph.rs:570: warning: [22:spec] free spec fn spec_inorder_values should be an abstract signature in a trait with body in the impl
/home/milnes/projects/APAS-VERUS/src/Chap37/AVLTreeSeqStEph.rs:592: warning: [22:spec] free spec fn spec_cached_size should be an abstract signature in a trait with body in the impl
/home/milnes/projects/APAS-VERUS/src/Chap37/AVLTreeSeqStEph.rs:599: warning: [22:spec] free spec fn spec_cached_height should be an abstract signature in a trait with body in the impl
/home/milnes/projects/APAS-VERUS/src/Chap37/AVLTreeSeqStEph.rs:619: warning: [22:spec] free spec fn spec_avltreeseqsteph_wf should be an abstract signature in a trait with body in the impl
/home/milnes/projects/APAS-VERUS/src/Chap37/AVLTreeSeqStEph.rs:1: warning: [24] missing or incorrect copyright line; expected: //! Copyright (C) 2025 Acar, Blelloch and Milnes from 'Algorithms Parallel and Sequential'.

/home/milnes/projects/APAS-VERUS/src/Chap37/AVLTreeSeqStPer.rs:
/home/milnes/projects/APAS-VERUS/src/Chap37/AVLTreeSeqStPer.rs:1: info: [1] has mod declarations
/home/milnes/projects/APAS-VERUS/src/Chap37/AVLTreeSeqStPer.rs:1: info: [2] vstd::prelude::* before verus!
/home/milnes/projects/APAS-VERUS/src/Chap37/AVLTreeSeqStPer.rs:1: info: [3] has verus! macro
/home/milnes/projects/APAS-VERUS/src/Chap37/AVLTreeSeqStPer.rs:1: info: [4] std imports grouped with trailing blank
/home/milnes/projects/APAS-VERUS/src/Chap37/AVLTreeSeqStPer.rs:1: info: [5] vstd imports grouped with trailing blank
/home/milnes/projects/APAS-VERUS/src/Chap37/AVLTreeSeqStPer.rs:1: info: [11] Set/Seq usage has broadcast groups
/home/milnes/projects/APAS-VERUS/src/Chap37/AVLTreeSeqStPer.rs:1: info: [12] all trait fns have specs
/home/milnes/projects/APAS-VERUS/src/Chap37/AVLTreeSeqStPer.rs:1: info: [13] trait impls inside verus!
/home/milnes/projects/APAS-VERUS/src/Chap37/AVLTreeSeqStPer.rs:1: info: [14] Debug, Display outside verus!
/home/milnes/projects/APAS-VERUS/src/Chap37/AVLTreeSeqStPer.rs:1: info: [15] Eq, PartialEq, Clone inside verus!
/home/milnes/projects/APAS-VERUS/src/Chap37/AVLTreeSeqStPer.rs:1: info: [16] Lit macro definitions at end of file
/home/milnes/projects/APAS-VERUS/src/Chap37/AVLTreeSeqStPer.rs:1: info: [17] no collection structs (ok)
/home/milnes/projects/APAS-VERUS/src/Chap37/AVLTreeSeqStPer.rs:1: info: [19] no generic return names
/home/milnes/projects/APAS-VERUS/src/Chap37/AVLTreeSeqStPer.rs:1: info: [20] all traits have impls
/home/milnes/projects/APAS-VERUS/src/Chap37/AVLTreeSeqStPer.rs:1: info: [21] broadcast use: vstd:: before crate::
/home/milnes/projects/APAS-VERUS/src/Chap37/AVLTreeSeqStPer.rs:1: info: [22a:exec] free fn mk correctly free (Standard 19)
/home/milnes/projects/APAS-VERUS/src/Chap37/AVLTreeSeqStPer.rs:1: info: [22a:exec] free fn build_balanced_from_slice correctly free (Standard 19)
/home/milnes/projects/APAS-VERUS/src/Chap37/AVLTreeSeqStPer.rs:1: info: [22a:spec] free spec fn spec_nat_max correctly free (Standard 19)
/home/milnes/projects/APAS-VERUS/src/Chap37/AVLTreeSeqStPer.rs:1: info: [23a] no spec/proof fns with looser bounds
/home/milnes/projects/APAS-VERUS/src/Chap37/AVLTreeSeqStPer.rs:1: info: [23b] free fn type bounds compatible with trait
/home/milnes/projects/APAS-VERUS/src/Chap37/AVLTreeSeqStPer.rs:139: warning: [18] spec fn spec_cached_height should come before proof fns/broadcast groups (expected spec fns before proof fns/broadcast groups)
/home/milnes/projects/APAS-VERUS/src/Chap37/AVLTreeSeqStPer.rs:146: warning: [18] spec fn spec_cached_size should come before proof fns/broadcast groups (expected spec fns before proof fns/broadcast groups)
/home/milnes/projects/APAS-VERUS/src/Chap37/AVLTreeSeqStPer.rs:153: warning: [18] spec fn spec_nat_max should come before proof fns/broadcast groups (expected spec fns before proof fns/broadcast groups)
/home/milnes/projects/APAS-VERUS/src/Chap37/AVLTreeSeqStPer.rs:160: warning: [18] spec fn spec_avltreeseqstper_wf should come before proof fns/broadcast groups (expected spec fns before proof fns/broadcast groups)
/home/milnes/projects/APAS-VERUS/src/Chap37/AVLTreeSeqStPer.rs:421: warning: [18] impl AVLTreeSeqStPerNodeSpec for Arc < Node < T > > should come before traits (expected impls before traits)
/home/milnes/projects/APAS-VERUS/src/Chap37/AVLTreeSeqStPer.rs:458: warning: [18] impl AVLTreeSeqStPerNodeFns for Arc < Node < T > > should come before impls (expected impls before impls)
/home/milnes/projects/APAS-VERUS/src/Chap37/AVLTreeSeqStPer.rs:998: warning: [18] impl AVLTreeSeqStPerIter < 'a , T > should come before iterators (expected impls before iterators)
/home/milnes/projects/APAS-VERUS/src/Chap37/AVLTreeSeqStPer.rs:963: warning: [22:exec] free fn push_left_iter_stper should be a trait method
/home/milnes/projects/APAS-VERUS/src/Chap37/AVLTreeSeqStPer.rs:126: warning: [22:proof] free proof fn lemma_inorder_values_maps_to_inorder should be a trait method
/home/milnes/projects/APAS-VERUS/src/Chap37/AVLTreeSeqStPer.rs:183: warning: [22:proof] free proof fn lemma_size_eq_inorder_len should be a trait method
/home/milnes/projects/APAS-VERUS/src/Chap37/AVLTreeSeqStPer.rs:198: warning: [22:proof] free proof fn lemma_height_le_size should be a trait method
/home/milnes/projects/APAS-VERUS/src/Chap37/AVLTreeSeqStPer.rs:214: warning: [22:proof] free proof fn lemma_size_lt_usize_max should be a trait method
/home/milnes/projects/APAS-VERUS/src/Chap37/AVLTreeSeqStPer.rs:232: warning: [22:proof] free proof fn lemma_wf_implies_len_bound_stper should be a trait method
/home/milnes/projects/APAS-VERUS/src/Chap37/AVLTreeSeqStPer.rs:101: warning: [22:spec] free spec fn avltreeseqstper_iter_invariant should be an abstract signature in a trait with body in the impl
/home/milnes/projects/APAS-VERUS/src/Chap37/AVLTreeSeqStPer.rs:106: warning: [22:spec] free spec fn spec_inorder should be an abstract signature in a trait with body in the impl
/home/milnes/projects/APAS-VERUS/src/Chap37/AVLTreeSeqStPer.rs:117: warning: [22:spec] free spec fn spec_inorder_values should be an abstract signature in a trait with body in the impl
/home/milnes/projects/APAS-VERUS/src/Chap37/AVLTreeSeqStPer.rs:139: warning: [22:spec] free spec fn spec_cached_height should be an abstract signature in a trait with body in the impl
/home/milnes/projects/APAS-VERUS/src/Chap37/AVLTreeSeqStPer.rs:146: warning: [22:spec] free spec fn spec_cached_size should be an abstract signature in a trait with body in the impl
/home/milnes/projects/APAS-VERUS/src/Chap37/AVLTreeSeqStPer.rs:160: warning: [22:spec] free spec fn spec_avltreeseqstper_wf should be an abstract signature in a trait with body in the impl
/home/milnes/projects/APAS-VERUS/src/Chap37/AVLTreeSeqStPer.rs:1: warning: [24] missing or incorrect copyright line; expected: //! Copyright (C) 2025 Acar, Blelloch and Milnes from 'Algorithms Parallel and Sequential'.

/home/milnes/projects/APAS-VERUS/src/Chap37/BSTAVLMtEph.rs:
/home/milnes/projects/APAS-VERUS/src/Chap37/BSTAVLMtEph.rs:1: info: [1] has mod declarations
/home/milnes/projects/APAS-VERUS/src/Chap37/BSTAVLMtEph.rs:1: info: [2] vstd::prelude::* before verus!
/home/milnes/projects/APAS-VERUS/src/Chap37/BSTAVLMtEph.rs:1: info: [3] has verus! macro
/home/milnes/projects/APAS-VERUS/src/Chap37/BSTAVLMtEph.rs:1: info: [4] no std imports (ok)
/home/milnes/projects/APAS-VERUS/src/Chap37/BSTAVLMtEph.rs:1: info: [5] vstd imports grouped with trailing blank
/home/milnes/projects/APAS-VERUS/src/Chap37/BSTAVLMtEph.rs:1: info: [11] no Set/Seq usage (ok)
/home/milnes/projects/APAS-VERUS/src/Chap37/BSTAVLMtEph.rs:1: info: [12] all trait fns have specs
/home/milnes/projects/APAS-VERUS/src/Chap37/BSTAVLMtEph.rs:1: info: [13] trait impls inside verus!
/home/milnes/projects/APAS-VERUS/src/Chap37/BSTAVLMtEph.rs:1: info: [14] Debug, Display outside verus!
/home/milnes/projects/APAS-VERUS/src/Chap37/BSTAVLMtEph.rs:1: info: [15] no PartialEq/Eq/Clone/Hash/Ord impls (ok)
/home/milnes/projects/APAS-VERUS/src/Chap37/BSTAVLMtEph.rs:1: info: [16] Lit macro definitions at end of file
/home/milnes/projects/APAS-VERUS/src/Chap37/BSTAVLMtEph.rs:1: info: [17] no collection structs (ok)
/home/milnes/projects/APAS-VERUS/src/Chap37/BSTAVLMtEph.rs:1: info: [19] no generic return names
/home/milnes/projects/APAS-VERUS/src/Chap37/BSTAVLMtEph.rs:1: info: [20] all traits have impls
/home/milnes/projects/APAS-VERUS/src/Chap37/BSTAVLMtEph.rs:1: info: [21] no broadcast use entries
/home/milnes/projects/APAS-VERUS/src/Chap37/BSTAVLMtEph.rs:1: info: [22:exec] exec fns: all in traits
/home/milnes/projects/APAS-VERUS/src/Chap37/BSTAVLMtEph.rs:1: info: [22:proof] proof fns: all in traits
/home/milnes/projects/APAS-VERUS/src/Chap37/BSTAVLMtEph.rs:1: info: [22:spec] spec fns: all in traits as abstract signatures
/home/milnes/projects/APAS-VERUS/src/Chap37/BSTAVLMtEph.rs:1: info: [23a] spec/proof fn looser bounds: N/A
/home/milnes/projects/APAS-VERUS/src/Chap37/BSTAVLMtEph.rs:1: info: [23b] free fn stricter bounds: N/A
/home/milnes/projects/APAS-VERUS/src/Chap37/BSTAVLMtEph.rs:710: warning: [18] struct BSTAVLMtEphInv should come before impls (expected type definitions before impls)
/home/milnes/projects/APAS-VERUS/src/Chap37/BSTAVLMtEph.rs:1: warning: [24] missing or incorrect copyright line; expected: //! Copyright (C) 2025 Acar, Blelloch and Milnes from 'Algorithms Parallel and Sequential'.

/home/milnes/projects/APAS-VERUS/src/Chap37/BSTAVLStEph.rs:
/home/milnes/projects/APAS-VERUS/src/Chap37/BSTAVLStEph.rs:1: info: [1] has mod declarations
/home/milnes/projects/APAS-VERUS/src/Chap37/BSTAVLStEph.rs:1: info: [2] vstd::prelude::* before verus!
/home/milnes/projects/APAS-VERUS/src/Chap37/BSTAVLStEph.rs:1: info: [3] has verus! macro
/home/milnes/projects/APAS-VERUS/src/Chap37/BSTAVLStEph.rs:1: info: [4] no std imports (ok)
/home/milnes/projects/APAS-VERUS/src/Chap37/BSTAVLStEph.rs:1: info: [5] vstd imports grouped with trailing blank
/home/milnes/projects/APAS-VERUS/src/Chap37/BSTAVLStEph.rs:1: info: [11] no Set/Seq usage (ok)
/home/milnes/projects/APAS-VERUS/src/Chap37/BSTAVLStEph.rs:1: info: [12] all trait fns have specs
/home/milnes/projects/APAS-VERUS/src/Chap37/BSTAVLStEph.rs:1: info: [13] trait impls inside verus!
/home/milnes/projects/APAS-VERUS/src/Chap37/BSTAVLStEph.rs:1: info: [14] Debug, Display outside verus!
/home/milnes/projects/APAS-VERUS/src/Chap37/BSTAVLStEph.rs:1: info: [15] no PartialEq/Eq/Clone/Hash/Ord impls (ok)
/home/milnes/projects/APAS-VERUS/src/Chap37/BSTAVLStEph.rs:1: info: [16] Lit macro definitions at end of file
/home/milnes/projects/APAS-VERUS/src/Chap37/BSTAVLStEph.rs:1: info: [17] no collection structs (ok)
/home/milnes/projects/APAS-VERUS/src/Chap37/BSTAVLStEph.rs:1: info: [18] definition order correct
/home/milnes/projects/APAS-VERUS/src/Chap37/BSTAVLStEph.rs:1: info: [19] no generic return names
/home/milnes/projects/APAS-VERUS/src/Chap37/BSTAVLStEph.rs:1: info: [20] all traits have impls
/home/milnes/projects/APAS-VERUS/src/Chap37/BSTAVLStEph.rs:1: info: [21] no broadcast use entries
/home/milnes/projects/APAS-VERUS/src/Chap37/BSTAVLStEph.rs:1: info: [22:exec] exec fns: all in traits
/home/milnes/projects/APAS-VERUS/src/Chap37/BSTAVLStEph.rs:1: info: [22:proof] proof fns: all in traits
/home/milnes/projects/APAS-VERUS/src/Chap37/BSTAVLStEph.rs:1: info: [23a] spec/proof fn avl_balanced param T has looser bounds `(none)` (trait BSTAVLStEphTrait has `TotalOrder`)
/home/milnes/projects/APAS-VERUS/src/Chap37/BSTAVLStEph.rs:1: info: [23b] free fn type bounds compatible with trait
/home/milnes/projects/APAS-VERUS/src/Chap37/BSTAVLStEph.rs:62: warning: [22:spec] free spec fn avl_balanced should be an abstract signature in a trait with body in the impl
/home/milnes/projects/APAS-VERUS/src/Chap37/BSTAVLStEph.rs:79: warning: [22:spec] free spec fn tree_is_avl should be an abstract signature in a trait with body in the impl
/home/milnes/projects/APAS-VERUS/src/Chap37/BSTAVLStEph.rs:1: warning: [24] missing or incorrect copyright line; expected: //! Copyright (C) 2025 Acar, Blelloch and Milnes from 'Algorithms Parallel and Sequential'.

/home/milnes/projects/APAS-VERUS/src/Chap37/BSTBBAlphaMtEph.rs:
/home/milnes/projects/APAS-VERUS/src/Chap37/BSTBBAlphaMtEph.rs:1: info: [1] has mod declarations
/home/milnes/projects/APAS-VERUS/src/Chap37/BSTBBAlphaMtEph.rs:1: info: [2] vstd::prelude::* before verus!
/home/milnes/projects/APAS-VERUS/src/Chap37/BSTBBAlphaMtEph.rs:1: info: [3] has verus! macro
/home/milnes/projects/APAS-VERUS/src/Chap37/BSTBBAlphaMtEph.rs:1: info: [4] no std imports (ok)
/home/milnes/projects/APAS-VERUS/src/Chap37/BSTBBAlphaMtEph.rs:1: info: [5] vstd imports grouped with trailing blank
/home/milnes/projects/APAS-VERUS/src/Chap37/BSTBBAlphaMtEph.rs:1: info: [11] no Set/Seq usage (ok)
/home/milnes/projects/APAS-VERUS/src/Chap37/BSTBBAlphaMtEph.rs:1: info: [12] all trait fns have specs
/home/milnes/projects/APAS-VERUS/src/Chap37/BSTBBAlphaMtEph.rs:1: info: [13] trait impls inside verus!
/home/milnes/projects/APAS-VERUS/src/Chap37/BSTBBAlphaMtEph.rs:1: info: [14] Debug, Display outside verus!
/home/milnes/projects/APAS-VERUS/src/Chap37/BSTBBAlphaMtEph.rs:1: info: [15] no PartialEq/Eq/Clone/Hash/Ord impls (ok)
/home/milnes/projects/APAS-VERUS/src/Chap37/BSTBBAlphaMtEph.rs:1: info: [16] Lit macro definitions at end of file
/home/milnes/projects/APAS-VERUS/src/Chap37/BSTBBAlphaMtEph.rs:1: info: [17] no collection structs (ok)
/home/milnes/projects/APAS-VERUS/src/Chap37/BSTBBAlphaMtEph.rs:1: info: [19] no generic return names
/home/milnes/projects/APAS-VERUS/src/Chap37/BSTBBAlphaMtEph.rs:1: info: [20] all traits have impls
/home/milnes/projects/APAS-VERUS/src/Chap37/BSTBBAlphaMtEph.rs:1: info: [21] no broadcast use entries
/home/milnes/projects/APAS-VERUS/src/Chap37/BSTBBAlphaMtEph.rs:1: info: [22:exec] exec fns: all in traits
/home/milnes/projects/APAS-VERUS/src/Chap37/BSTBBAlphaMtEph.rs:1: info: [22:proof] proof fns: all in traits
/home/milnes/projects/APAS-VERUS/src/Chap37/BSTBBAlphaMtEph.rs:1: info: [22:spec] spec fns: all in traits as abstract signatures
/home/milnes/projects/APAS-VERUS/src/Chap37/BSTBBAlphaMtEph.rs:1: info: [23a] spec/proof fn looser bounds: N/A
/home/milnes/projects/APAS-VERUS/src/Chap37/BSTBBAlphaMtEph.rs:1: info: [23b] free fn stricter bounds: N/A
/home/milnes/projects/APAS-VERUS/src/Chap37/BSTBBAlphaMtEph.rs:486: warning: [18] struct BSTBBAlphaMtEphInv should come before impls (expected type definitions before impls)
/home/milnes/projects/APAS-VERUS/src/Chap37/BSTBBAlphaMtEph.rs:1: warning: [24] missing or incorrect copyright line; expected: //! Copyright (C) 2025 Acar, Blelloch and Milnes from 'Algorithms Parallel and Sequential'.

/home/milnes/projects/APAS-VERUS/src/Chap37/BSTBBAlphaStEph.rs:
/home/milnes/projects/APAS-VERUS/src/Chap37/BSTBBAlphaStEph.rs:1: info: [1] has mod declarations
/home/milnes/projects/APAS-VERUS/src/Chap37/BSTBBAlphaStEph.rs:1: info: [2] vstd::prelude::* before verus!
/home/milnes/projects/APAS-VERUS/src/Chap37/BSTBBAlphaStEph.rs:1: info: [3] has verus! macro
/home/milnes/projects/APAS-VERUS/src/Chap37/BSTBBAlphaStEph.rs:1: info: [4] no std imports (ok)
/home/milnes/projects/APAS-VERUS/src/Chap37/BSTBBAlphaStEph.rs:1: info: [5] vstd imports grouped with trailing blank
/home/milnes/projects/APAS-VERUS/src/Chap37/BSTBBAlphaStEph.rs:1: info: [11] no Set/Seq usage (ok)
/home/milnes/projects/APAS-VERUS/src/Chap37/BSTBBAlphaStEph.rs:1: info: [12] all trait fns have specs
/home/milnes/projects/APAS-VERUS/src/Chap37/BSTBBAlphaStEph.rs:1: info: [13] trait impls inside verus!
/home/milnes/projects/APAS-VERUS/src/Chap37/BSTBBAlphaStEph.rs:1: info: [14] Debug, Display outside verus!
/home/milnes/projects/APAS-VERUS/src/Chap37/BSTBBAlphaStEph.rs:1: info: [15] no PartialEq/Eq/Clone/Hash/Ord impls (ok)
/home/milnes/projects/APAS-VERUS/src/Chap37/BSTBBAlphaStEph.rs:1: info: [16] Lit macro definitions at end of file
/home/milnes/projects/APAS-VERUS/src/Chap37/BSTBBAlphaStEph.rs:1: info: [17] no collection structs (ok)
/home/milnes/projects/APAS-VERUS/src/Chap37/BSTBBAlphaStEph.rs:1: info: [18] definition order correct
/home/milnes/projects/APAS-VERUS/src/Chap37/BSTBBAlphaStEph.rs:1: info: [19] no generic return names
/home/milnes/projects/APAS-VERUS/src/Chap37/BSTBBAlphaStEph.rs:1: info: [20] all traits have impls
/home/milnes/projects/APAS-VERUS/src/Chap37/BSTBBAlphaStEph.rs:1: info: [21] no broadcast use entries
/home/milnes/projects/APAS-VERUS/src/Chap37/BSTBBAlphaStEph.rs:1: info: [22:exec] exec fns: all in traits
/home/milnes/projects/APAS-VERUS/src/Chap37/BSTBBAlphaStEph.rs:1: info: [22:proof] proof fns: all in traits
/home/milnes/projects/APAS-VERUS/src/Chap37/BSTBBAlphaStEph.rs:1: info: [23a] spec/proof fn weight_balanced param T has looser bounds `(none)` (trait BSTBBAlphaStEphTrait has `TotalOrder`)
/home/milnes/projects/APAS-VERUS/src/Chap37/BSTBBAlphaStEph.rs:1: info: [23b] free fn type bounds compatible with trait
/home/milnes/projects/APAS-VERUS/src/Chap37/BSTBBAlphaStEph.rs:68: warning: [22:spec] free spec fn weight_balanced should be an abstract signature in a trait with body in the impl
/home/milnes/projects/APAS-VERUS/src/Chap37/BSTBBAlphaStEph.rs:84: warning: [22:spec] free spec fn tree_is_bb should be an abstract signature in a trait with body in the impl
/home/milnes/projects/APAS-VERUS/src/Chap37/BSTBBAlphaStEph.rs:1: warning: [24] missing or incorrect copyright line; expected: //! Copyright (C) 2025 Acar, Blelloch and Milnes from 'Algorithms Parallel and Sequential'.

/home/milnes/projects/APAS-VERUS/src/Chap37/BSTPlainMtEph.rs:
/home/milnes/projects/APAS-VERUS/src/Chap37/BSTPlainMtEph.rs:1: info: [1] has mod declarations
/home/milnes/projects/APAS-VERUS/src/Chap37/BSTPlainMtEph.rs:1: info: [2] vstd::prelude::* before verus!
/home/milnes/projects/APAS-VERUS/src/Chap37/BSTPlainMtEph.rs:1: info: [3] has verus! macro
/home/milnes/projects/APAS-VERUS/src/Chap37/BSTPlainMtEph.rs:1: info: [4] no std imports (ok)
/home/milnes/projects/APAS-VERUS/src/Chap37/BSTPlainMtEph.rs:1: info: [5] vstd imports grouped with trailing blank
/home/milnes/projects/APAS-VERUS/src/Chap37/BSTPlainMtEph.rs:1: info: [11] no Set/Seq usage (ok)
/home/milnes/projects/APAS-VERUS/src/Chap37/BSTPlainMtEph.rs:1: info: [12] all trait fns have specs
/home/milnes/projects/APAS-VERUS/src/Chap37/BSTPlainMtEph.rs:1: info: [13] trait impls inside verus!
/home/milnes/projects/APAS-VERUS/src/Chap37/BSTPlainMtEph.rs:1: info: [14] Debug, Display outside verus!
/home/milnes/projects/APAS-VERUS/src/Chap37/BSTPlainMtEph.rs:1: info: [15] no PartialEq/Eq/Clone/Hash/Ord impls (ok)
/home/milnes/projects/APAS-VERUS/src/Chap37/BSTPlainMtEph.rs:1: info: [16] Lit macro definitions at end of file
/home/milnes/projects/APAS-VERUS/src/Chap37/BSTPlainMtEph.rs:1: info: [17] no collection structs (ok)
/home/milnes/projects/APAS-VERUS/src/Chap37/BSTPlainMtEph.rs:1: info: [19] no generic return names
/home/milnes/projects/APAS-VERUS/src/Chap37/BSTPlainMtEph.rs:1: info: [20] all traits have impls
/home/milnes/projects/APAS-VERUS/src/Chap37/BSTPlainMtEph.rs:1: info: [21] no broadcast use entries
/home/milnes/projects/APAS-VERUS/src/Chap37/BSTPlainMtEph.rs:1: info: [22:exec] exec fns: all in traits
/home/milnes/projects/APAS-VERUS/src/Chap37/BSTPlainMtEph.rs:1: info: [22:proof] proof fns: all in traits
/home/milnes/projects/APAS-VERUS/src/Chap37/BSTPlainMtEph.rs:1: info: [22:spec] spec fns: all in traits as abstract signatures
/home/milnes/projects/APAS-VERUS/src/Chap37/BSTPlainMtEph.rs:1: info: [23a] spec/proof fn looser bounds: N/A
/home/milnes/projects/APAS-VERUS/src/Chap37/BSTPlainMtEph.rs:1: info: [23b] free fn stricter bounds: N/A
/home/milnes/projects/APAS-VERUS/src/Chap37/BSTPlainMtEph.rs:466: warning: [18] struct BSTPlainMtEphInv should come before impls (expected type definitions before impls)
/home/milnes/projects/APAS-VERUS/src/Chap37/BSTPlainMtEph.rs:1: warning: [24] missing or incorrect copyright line; expected: //! Copyright (C) 2025 Acar, Blelloch and Milnes from 'Algorithms Parallel and Sequential'.

/home/milnes/projects/APAS-VERUS/src/Chap37/BSTPlainStEph.rs:
/home/milnes/projects/APAS-VERUS/src/Chap37/BSTPlainStEph.rs:1: info: [1] has mod declarations
/home/milnes/projects/APAS-VERUS/src/Chap37/BSTPlainStEph.rs:1: info: [2] vstd::prelude::* before verus!
/home/milnes/projects/APAS-VERUS/src/Chap37/BSTPlainStEph.rs:1: info: [3] has verus! macro
/home/milnes/projects/APAS-VERUS/src/Chap37/BSTPlainStEph.rs:1: info: [4] no std imports (ok)
/home/milnes/projects/APAS-VERUS/src/Chap37/BSTPlainStEph.rs:1: info: [5] vstd imports grouped with trailing blank
/home/milnes/projects/APAS-VERUS/src/Chap37/BSTPlainStEph.rs:1: info: [11] no Set/Seq usage (ok)
/home/milnes/projects/APAS-VERUS/src/Chap37/BSTPlainStEph.rs:1: info: [12] all trait fns have specs
/home/milnes/projects/APAS-VERUS/src/Chap37/BSTPlainStEph.rs:1: info: [13] trait impls inside verus!
/home/milnes/projects/APAS-VERUS/src/Chap37/BSTPlainStEph.rs:1: info: [14] Debug, Display outside verus!
/home/milnes/projects/APAS-VERUS/src/Chap37/BSTPlainStEph.rs:1: info: [15] no PartialEq/Eq/Clone/Hash/Ord impls (ok)
/home/milnes/projects/APAS-VERUS/src/Chap37/BSTPlainStEph.rs:1: info: [16] Lit macro definitions at end of file
/home/milnes/projects/APAS-VERUS/src/Chap37/BSTPlainStEph.rs:1: info: [17] no collection structs (ok)
/home/milnes/projects/APAS-VERUS/src/Chap37/BSTPlainStEph.rs:1: info: [18] definition order correct
/home/milnes/projects/APAS-VERUS/src/Chap37/BSTPlainStEph.rs:1: info: [19] no generic return names
/home/milnes/projects/APAS-VERUS/src/Chap37/BSTPlainStEph.rs:1: info: [20] all traits have impls
/home/milnes/projects/APAS-VERUS/src/Chap37/BSTPlainStEph.rs:1: info: [21] no broadcast use entries
/home/milnes/projects/APAS-VERUS/src/Chap37/BSTPlainStEph.rs:1: info: [22:exec] exec fns: all in traits
/home/milnes/projects/APAS-VERUS/src/Chap37/BSTPlainStEph.rs:1: info: [22:proof] proof fns: all in traits
/home/milnes/projects/APAS-VERUS/src/Chap37/BSTPlainStEph.rs:1: info: [22:spec] spec fns: all in traits as abstract signatures
/home/milnes/projects/APAS-VERUS/src/Chap37/BSTPlainStEph.rs:1: info: [23a] spec/proof fn looser bounds: N/A
/home/milnes/projects/APAS-VERUS/src/Chap37/BSTPlainStEph.rs:1: info: [23b] free fn stricter bounds: N/A
/home/milnes/projects/APAS-VERUS/src/Chap37/BSTPlainStEph.rs:1: warning: [24] missing or incorrect copyright line; expected: //! Copyright (C) 2025 Acar, Blelloch and Milnes from 'Algorithms Parallel and Sequential'.

/home/milnes/projects/APAS-VERUS/src/Chap37/BSTRBMtEph.rs:
/home/milnes/projects/APAS-VERUS/src/Chap37/BSTRBMtEph.rs:1: info: [1] has mod declarations
/home/milnes/projects/APAS-VERUS/src/Chap37/BSTRBMtEph.rs:1: info: [2] vstd::prelude::* before verus!
/home/milnes/projects/APAS-VERUS/src/Chap37/BSTRBMtEph.rs:1: info: [3] has verus! macro
/home/milnes/projects/APAS-VERUS/src/Chap37/BSTRBMtEph.rs:1: info: [4] std imports grouped with trailing blank
/home/milnes/projects/APAS-VERUS/src/Chap37/BSTRBMtEph.rs:1: info: [5] vstd imports grouped with trailing blank
/home/milnes/projects/APAS-VERUS/src/Chap37/BSTRBMtEph.rs:1: info: [11] no Set/Seq usage (ok)
/home/milnes/projects/APAS-VERUS/src/Chap37/BSTRBMtEph.rs:1: info: [12] all trait fns have specs
/home/milnes/projects/APAS-VERUS/src/Chap37/BSTRBMtEph.rs:1: info: [13] trait impls inside verus!
/home/milnes/projects/APAS-VERUS/src/Chap37/BSTRBMtEph.rs:1: info: [14] Debug, Display outside verus!
/home/milnes/projects/APAS-VERUS/src/Chap37/BSTRBMtEph.rs:1: info: [15] no PartialEq/Eq/Clone/Hash/Ord impls (ok)
/home/milnes/projects/APAS-VERUS/src/Chap37/BSTRBMtEph.rs:1: info: [16] Lit macro definitions at end of file
/home/milnes/projects/APAS-VERUS/src/Chap37/BSTRBMtEph.rs:1: info: [17] no collection structs (ok)
/home/milnes/projects/APAS-VERUS/src/Chap37/BSTRBMtEph.rs:1: info: [18] definition order correct
/home/milnes/projects/APAS-VERUS/src/Chap37/BSTRBMtEph.rs:1: info: [19] no generic return names
/home/milnes/projects/APAS-VERUS/src/Chap37/BSTRBMtEph.rs:1: info: [20] all traits have impls
/home/milnes/projects/APAS-VERUS/src/Chap37/BSTRBMtEph.rs:1: info: [21] no broadcast use entries
/home/milnes/projects/APAS-VERUS/src/Chap37/BSTRBMtEph.rs:1: info: [22a:exec] free fn new_node correctly free (Standard 19)
/home/milnes/projects/APAS-VERUS/src/Chap37/BSTRBMtEph.rs:1: info: [22a:exec] free fn update correctly free (Standard 19)
/home/milnes/projects/APAS-VERUS/src/Chap37/BSTRBMtEph.rs:1: info: [22a:exec] free fn build_balanced correctly free (Standard 19)
/home/milnes/projects/APAS-VERUS/src/Chap37/BSTRBMtEph.rs:1: info: [23a] no spec/proof fns with looser bounds
/home/milnes/projects/APAS-VERUS/src/Chap37/BSTRBMtEph.rs:1: info: [23b] free fn type bounds compatible with trait
/home/milnes/projects/APAS-VERUS/src/Chap37/BSTRBMtEph.rs:158: warning: [22:proof] free proof fn lemma_link_to_bbt_size should be a trait method
/home/milnes/projects/APAS-VERUS/src/Chap37/BSTRBMtEph.rs:172: warning: [22:proof] free proof fn lemma_link_to_bbt_contains should be a trait method
/home/milnes/projects/APAS-VERUS/src/Chap37/BSTRBMtEph.rs:186: warning: [22:proof] free proof fn lemma_link_to_bbt_height should be a trait method
/home/milnes/projects/APAS-VERUS/src/Chap37/BSTRBMtEph.rs:200: warning: [22:proof] free proof fn lemma_link_to_bbt_is_bst should be a trait method
/home/milnes/projects/APAS-VERUS/src/Chap37/BSTRBMtEph.rs:228: warning: [22:proof] free proof fn lemma_height_le_size should be a trait method
/home/milnes/projects/APAS-VERUS/src/Chap37/BSTRBMtEph.rs:87: warning: [22:spec] free spec fn link_spec_size should be an abstract signature in a trait with body in the impl
/home/milnes/projects/APAS-VERUS/src/Chap37/BSTRBMtEph.rs:97: warning: [22:spec] free spec fn link_contains should be an abstract signature in a trait with body in the impl
/home/milnes/projects/APAS-VERUS/src/Chap37/BSTRBMtEph.rs:109: warning: [22:spec] free spec fn link_height should be an abstract signature in a trait with body in the impl
/home/milnes/projects/APAS-VERUS/src/Chap37/BSTRBMtEph.rs:123: warning: [22:spec] free spec fn spec_is_bst_link should be an abstract signature in a trait with body in the impl
/home/milnes/projects/APAS-VERUS/src/Chap37/BSTRBMtEph.rs:141: warning: [22:spec] free spec fn link_to_bbt should be an abstract signature in a trait with body in the impl
/home/milnes/projects/APAS-VERUS/src/Chap37/BSTRBMtEph.rs:1: warning: [24] missing or incorrect copyright line; expected: //! Copyright (C) 2025 Acar, Blelloch and Milnes from 'Algorithms Parallel and Sequential'.

/home/milnes/projects/APAS-VERUS/src/Chap37/BSTRBStEph.rs:
/home/milnes/projects/APAS-VERUS/src/Chap37/BSTRBStEph.rs:1: info: [1] has mod declarations
/home/milnes/projects/APAS-VERUS/src/Chap37/BSTRBStEph.rs:1: info: [2] vstd::prelude::* before verus!
/home/milnes/projects/APAS-VERUS/src/Chap37/BSTRBStEph.rs:1: info: [3] has verus! macro
/home/milnes/projects/APAS-VERUS/src/Chap37/BSTRBStEph.rs:1: info: [4] no std imports (ok)
/home/milnes/projects/APAS-VERUS/src/Chap37/BSTRBStEph.rs:1: info: [5] vstd imports grouped with trailing blank
/home/milnes/projects/APAS-VERUS/src/Chap37/BSTRBStEph.rs:1: info: [11] no Set/Seq usage (ok)
/home/milnes/projects/APAS-VERUS/src/Chap37/BSTRBStEph.rs:1: info: [12] all trait fns have specs
/home/milnes/projects/APAS-VERUS/src/Chap37/BSTRBStEph.rs:1: info: [13] trait impls inside verus!
/home/milnes/projects/APAS-VERUS/src/Chap37/BSTRBStEph.rs:1: info: [14] Debug, Display outside verus!
/home/milnes/projects/APAS-VERUS/src/Chap37/BSTRBStEph.rs:1: info: [15] no PartialEq/Eq/Clone/Hash/Ord impls (ok)
/home/milnes/projects/APAS-VERUS/src/Chap37/BSTRBStEph.rs:1: info: [16] Lit macro definitions at end of file
/home/milnes/projects/APAS-VERUS/src/Chap37/BSTRBStEph.rs:1: info: [17] no collection structs (ok)
/home/milnes/projects/APAS-VERUS/src/Chap37/BSTRBStEph.rs:1: info: [18] definition order correct
/home/milnes/projects/APAS-VERUS/src/Chap37/BSTRBStEph.rs:1: info: [19] no generic return names
/home/milnes/projects/APAS-VERUS/src/Chap37/BSTRBStEph.rs:1: info: [20] all traits have impls
/home/milnes/projects/APAS-VERUS/src/Chap37/BSTRBStEph.rs:1: info: [21] no broadcast use entries
/home/milnes/projects/APAS-VERUS/src/Chap37/BSTRBStEph.rs:1: info: [22:exec] exec fns: all in traits
/home/milnes/projects/APAS-VERUS/src/Chap37/BSTRBStEph.rs:1: info: [22:proof] proof fns: all in traits
/home/milnes/projects/APAS-VERUS/src/Chap37/BSTRBStEph.rs:1: info: [22:spec] spec fns: all in traits as abstract signatures
/home/milnes/projects/APAS-VERUS/src/Chap37/BSTRBStEph.rs:1: info: [23a] spec/proof fn looser bounds: N/A
/home/milnes/projects/APAS-VERUS/src/Chap37/BSTRBStEph.rs:1: info: [23b] free fn stricter bounds: N/A
/home/milnes/projects/APAS-VERUS/src/Chap37/BSTRBStEph.rs:1: warning: [24] missing or incorrect copyright line; expected: //! Copyright (C) 2025 Acar, Blelloch and Milnes from 'Algorithms Parallel and Sequential'.

/home/milnes/projects/APAS-VERUS/src/Chap37/BSTSetAVLMtEph.rs:
/home/milnes/projects/APAS-VERUS/src/Chap37/BSTSetAVLMtEph.rs:1: info: [1] has mod declarations
/home/milnes/projects/APAS-VERUS/src/Chap37/BSTSetAVLMtEph.rs:1: info: [2] vstd::prelude::* before verus!
/home/milnes/projects/APAS-VERUS/src/Chap37/BSTSetAVLMtEph.rs:1: info: [3] has verus! macro
/home/milnes/projects/APAS-VERUS/src/Chap37/BSTSetAVLMtEph.rs:1: info: [4] std imports grouped with trailing blank
/home/milnes/projects/APAS-VERUS/src/Chap37/BSTSetAVLMtEph.rs:1: info: [5] vstd imports grouped with trailing blank
/home/milnes/projects/APAS-VERUS/src/Chap37/BSTSetAVLMtEph.rs:1: info: [11] no Set/Seq usage (ok)
/home/milnes/projects/APAS-VERUS/src/Chap37/BSTSetAVLMtEph.rs:1: info: [12] all trait fns have specs
/home/milnes/projects/APAS-VERUS/src/Chap37/BSTSetAVLMtEph.rs:1: info: [13] trait impls inside verus!
/home/milnes/projects/APAS-VERUS/src/Chap37/BSTSetAVLMtEph.rs:1: info: [14] Debug, Display outside verus!
/home/milnes/projects/APAS-VERUS/src/Chap37/BSTSetAVLMtEph.rs:1: info: [15] no PartialEq/Eq/Clone/Hash/Ord impls (ok)
/home/milnes/projects/APAS-VERUS/src/Chap37/BSTSetAVLMtEph.rs:1: info: [16] Lit macro definitions at end of file
/home/milnes/projects/APAS-VERUS/src/Chap37/BSTSetAVLMtEph.rs:1: info: [18] definition order correct
/home/milnes/projects/APAS-VERUS/src/Chap37/BSTSetAVLMtEph.rs:1: info: [19] no generic return names
/home/milnes/projects/APAS-VERUS/src/Chap37/BSTSetAVLMtEph.rs:1: info: [20] all traits have impls
/home/milnes/projects/APAS-VERUS/src/Chap37/BSTSetAVLMtEph.rs:1: info: [21] no broadcast use entries
/home/milnes/projects/APAS-VERUS/src/Chap37/BSTSetAVLMtEph.rs:1: info: [22:proof] proof fns: all in traits
/home/milnes/projects/APAS-VERUS/src/Chap37/BSTSetAVLMtEph.rs:1: info: [22:spec] spec fns: all in traits as abstract signatures
/home/milnes/projects/APAS-VERUS/src/Chap37/BSTSetAVLMtEph.rs:1: info: [22a:exec] free fn values_vec correctly free (Standard 19)
/home/milnes/projects/APAS-VERUS/src/Chap37/BSTSetAVLMtEph.rs:1: info: [22a:exec] free fn rebuild_from_vec correctly free (Standard 19)
/home/milnes/projects/APAS-VERUS/src/Chap37/BSTSetAVLMtEph.rs:1: info: [22a:exec] free fn build_from_vec correctly free (Standard 19)
/home/milnes/projects/APAS-VERUS/src/Chap37/BSTSetAVLMtEph.rs:1: info: [23a] no spec/proof fns with looser bounds
/home/milnes/projects/APAS-VERUS/src/Chap37/BSTSetAVLMtEph.rs:1: info: [23b] free fn type bounds compatible with trait
/home/milnes/projects/APAS-VERUS/src/Chap37/BSTSetAVLMtEph.rs:1: warning: [17] collection BSTSetAVLMtEph should have an Iterator impl
/home/milnes/projects/APAS-VERUS/src/Chap37/BSTSetAVLMtEph.rs:1: warning: [17] collection BSTSetAVLMtEph should have an IntoIterator impl
/home/milnes/projects/APAS-VERUS/src/Chap37/BSTSetAVLMtEph.rs:1: warning: [24] missing or incorrect copyright line; expected: //! Copyright (C) 2025 Acar, Blelloch and Milnes from 'Algorithms Parallel and Sequential'.

/home/milnes/projects/APAS-VERUS/src/Chap37/BSTSetBBAlphaMtEph.rs:
/home/milnes/projects/APAS-VERUS/src/Chap37/BSTSetBBAlphaMtEph.rs:1: info: [1] has mod declarations
/home/milnes/projects/APAS-VERUS/src/Chap37/BSTSetBBAlphaMtEph.rs:1: info: [2] vstd::prelude::* before verus!
/home/milnes/projects/APAS-VERUS/src/Chap37/BSTSetBBAlphaMtEph.rs:1: info: [3] has verus! macro
/home/milnes/projects/APAS-VERUS/src/Chap37/BSTSetBBAlphaMtEph.rs:1: info: [4] std imports grouped with trailing blank
/home/milnes/projects/APAS-VERUS/src/Chap37/BSTSetBBAlphaMtEph.rs:1: info: [5] vstd imports grouped with trailing blank
/home/milnes/projects/APAS-VERUS/src/Chap37/BSTSetBBAlphaMtEph.rs:1: info: [11] no Set/Seq usage (ok)
/home/milnes/projects/APAS-VERUS/src/Chap37/BSTSetBBAlphaMtEph.rs:1: info: [12] all trait fns have specs
/home/milnes/projects/APAS-VERUS/src/Chap37/BSTSetBBAlphaMtEph.rs:1: info: [13] trait impls inside verus!
/home/milnes/projects/APAS-VERUS/src/Chap37/BSTSetBBAlphaMtEph.rs:1: info: [14] Debug, Display outside verus!
/home/milnes/projects/APAS-VERUS/src/Chap37/BSTSetBBAlphaMtEph.rs:1: info: [15] no PartialEq/Eq/Clone/Hash/Ord impls (ok)
/home/milnes/projects/APAS-VERUS/src/Chap37/BSTSetBBAlphaMtEph.rs:1: info: [16] Lit macro definitions at end of file
/home/milnes/projects/APAS-VERUS/src/Chap37/BSTSetBBAlphaMtEph.rs:1: info: [18] definition order correct
/home/milnes/projects/APAS-VERUS/src/Chap37/BSTSetBBAlphaMtEph.rs:1: info: [19] no generic return names
/home/milnes/projects/APAS-VERUS/src/Chap37/BSTSetBBAlphaMtEph.rs:1: info: [20] all traits have impls
/home/milnes/projects/APAS-VERUS/src/Chap37/BSTSetBBAlphaMtEph.rs:1: info: [21] no broadcast use entries
/home/milnes/projects/APAS-VERUS/src/Chap37/BSTSetBBAlphaMtEph.rs:1: info: [22:proof] proof fns: all in traits
/home/milnes/projects/APAS-VERUS/src/Chap37/BSTSetBBAlphaMtEph.rs:1: info: [22:spec] spec fns: all in traits as abstract signatures
/home/milnes/projects/APAS-VERUS/src/Chap37/BSTSetBBAlphaMtEph.rs:1: info: [22a:exec] free fn values_vec correctly free (Standard 19)
/home/milnes/projects/APAS-VERUS/src/Chap37/BSTSetBBAlphaMtEph.rs:1: info: [22a:exec] free fn rebuild_from_vec correctly free (Standard 19)
/home/milnes/projects/APAS-VERUS/src/Chap37/BSTSetBBAlphaMtEph.rs:1: info: [22a:exec] free fn from_vec correctly free (Standard 19)
/home/milnes/projects/APAS-VERUS/src/Chap37/BSTSetBBAlphaMtEph.rs:1: info: [23a] no spec/proof fns with looser bounds
/home/milnes/projects/APAS-VERUS/src/Chap37/BSTSetBBAlphaMtEph.rs:1: info: [23b] free fn type bounds compatible with trait
/home/milnes/projects/APAS-VERUS/src/Chap37/BSTSetBBAlphaMtEph.rs:1: warning: [17] collection BSTSetBBAlphaMtEph should have an Iterator impl
/home/milnes/projects/APAS-VERUS/src/Chap37/BSTSetBBAlphaMtEph.rs:1: warning: [17] collection BSTSetBBAlphaMtEph should have an IntoIterator impl
/home/milnes/projects/APAS-VERUS/src/Chap37/BSTSetBBAlphaMtEph.rs:1: warning: [24] missing or incorrect copyright line; expected: //! Copyright (C) 2025 Acar, Blelloch and Milnes from 'Algorithms Parallel and Sequential'.

/home/milnes/projects/APAS-VERUS/src/Chap37/BSTSetPlainMtEph.rs:
/home/milnes/projects/APAS-VERUS/src/Chap37/BSTSetPlainMtEph.rs:1: info: [1] has mod declarations
/home/milnes/projects/APAS-VERUS/src/Chap37/BSTSetPlainMtEph.rs:1: info: [2] vstd::prelude::* before verus!
/home/milnes/projects/APAS-VERUS/src/Chap37/BSTSetPlainMtEph.rs:1: info: [3] has verus! macro
/home/milnes/projects/APAS-VERUS/src/Chap37/BSTSetPlainMtEph.rs:1: info: [4] std imports grouped with trailing blank
/home/milnes/projects/APAS-VERUS/src/Chap37/BSTSetPlainMtEph.rs:1: info: [5] vstd imports grouped with trailing blank
/home/milnes/projects/APAS-VERUS/src/Chap37/BSTSetPlainMtEph.rs:1: info: [11] no Set/Seq usage (ok)
/home/milnes/projects/APAS-VERUS/src/Chap37/BSTSetPlainMtEph.rs:1: info: [12] all trait fns have specs
/home/milnes/projects/APAS-VERUS/src/Chap37/BSTSetPlainMtEph.rs:1: info: [13] trait impls inside verus!
/home/milnes/projects/APAS-VERUS/src/Chap37/BSTSetPlainMtEph.rs:1: info: [14] Debug, Display outside verus!
/home/milnes/projects/APAS-VERUS/src/Chap37/BSTSetPlainMtEph.rs:1: info: [15] no PartialEq/Eq/Clone/Hash/Ord impls (ok)
/home/milnes/projects/APAS-VERUS/src/Chap37/BSTSetPlainMtEph.rs:1: info: [16] Lit macro definitions at end of file
/home/milnes/projects/APAS-VERUS/src/Chap37/BSTSetPlainMtEph.rs:1: info: [18] definition order correct
/home/milnes/projects/APAS-VERUS/src/Chap37/BSTSetPlainMtEph.rs:1: info: [19] no generic return names
/home/milnes/projects/APAS-VERUS/src/Chap37/BSTSetPlainMtEph.rs:1: info: [20] all traits have impls
/home/milnes/projects/APAS-VERUS/src/Chap37/BSTSetPlainMtEph.rs:1: info: [21] no broadcast use entries
/home/milnes/projects/APAS-VERUS/src/Chap37/BSTSetPlainMtEph.rs:1: info: [22:proof] proof fns: all in traits
/home/milnes/projects/APAS-VERUS/src/Chap37/BSTSetPlainMtEph.rs:1: info: [22:spec] spec fns: all in traits as abstract signatures
/home/milnes/projects/APAS-VERUS/src/Chap37/BSTSetPlainMtEph.rs:1: info: [22a:exec] free fn values_vec correctly free (Standard 19)
/home/milnes/projects/APAS-VERUS/src/Chap37/BSTSetPlainMtEph.rs:1: info: [22a:exec] free fn rebuild_from_vec correctly free (Standard 19)
/home/milnes/projects/APAS-VERUS/src/Chap37/BSTSetPlainMtEph.rs:1: info: [22a:exec] free fn from_vec correctly free (Standard 19)
/home/milnes/projects/APAS-VERUS/src/Chap37/BSTSetPlainMtEph.rs:1: info: [23a] no spec/proof fns with looser bounds
/home/milnes/projects/APAS-VERUS/src/Chap37/BSTSetPlainMtEph.rs:1: info: [23b] free fn type bounds compatible with trait
/home/milnes/projects/APAS-VERUS/src/Chap37/BSTSetPlainMtEph.rs:1: warning: [17] collection BSTSetPlainMtEph should have an Iterator impl
/home/milnes/projects/APAS-VERUS/src/Chap37/BSTSetPlainMtEph.rs:1: warning: [17] collection BSTSetPlainMtEph should have an IntoIterator impl
/home/milnes/projects/APAS-VERUS/src/Chap37/BSTSetPlainMtEph.rs:1: warning: [24] missing or incorrect copyright line; expected: //! Copyright (C) 2025 Acar, Blelloch and Milnes from 'Algorithms Parallel and Sequential'.

/home/milnes/projects/APAS-VERUS/src/Chap37/BSTSetRBMtEph.rs:
/home/milnes/projects/APAS-VERUS/src/Chap37/BSTSetRBMtEph.rs:1: info: [1] has mod declarations
/home/milnes/projects/APAS-VERUS/src/Chap37/BSTSetRBMtEph.rs:1: info: [2] vstd::prelude::* before verus!
/home/milnes/projects/APAS-VERUS/src/Chap37/BSTSetRBMtEph.rs:1: info: [3] has verus! macro
/home/milnes/projects/APAS-VERUS/src/Chap37/BSTSetRBMtEph.rs:1: info: [4] std imports grouped with trailing blank
/home/milnes/projects/APAS-VERUS/src/Chap37/BSTSetRBMtEph.rs:1: info: [5] vstd imports grouped with trailing blank
/home/milnes/projects/APAS-VERUS/src/Chap37/BSTSetRBMtEph.rs:1: info: [11] no Set/Seq usage (ok)
/home/milnes/projects/APAS-VERUS/src/Chap37/BSTSetRBMtEph.rs:1: info: [12] all trait fns have specs
/home/milnes/projects/APAS-VERUS/src/Chap37/BSTSetRBMtEph.rs:1: info: [13] trait impls inside verus!
/home/milnes/projects/APAS-VERUS/src/Chap37/BSTSetRBMtEph.rs:1: info: [14] Debug, Display outside verus!
/home/milnes/projects/APAS-VERUS/src/Chap37/BSTSetRBMtEph.rs:1: info: [15] no PartialEq/Eq/Clone/Hash/Ord impls (ok)
/home/milnes/projects/APAS-VERUS/src/Chap37/BSTSetRBMtEph.rs:1: info: [16] Lit macro definitions at end of file
/home/milnes/projects/APAS-VERUS/src/Chap37/BSTSetRBMtEph.rs:1: info: [18] definition order correct
/home/milnes/projects/APAS-VERUS/src/Chap37/BSTSetRBMtEph.rs:1: info: [19] no generic return names
/home/milnes/projects/APAS-VERUS/src/Chap37/BSTSetRBMtEph.rs:1: info: [20] all traits have impls
/home/milnes/projects/APAS-VERUS/src/Chap37/BSTSetRBMtEph.rs:1: info: [21] no broadcast use entries
/home/milnes/projects/APAS-VERUS/src/Chap37/BSTSetRBMtEph.rs:1: info: [22:proof] proof fns: all in traits
/home/milnes/projects/APAS-VERUS/src/Chap37/BSTSetRBMtEph.rs:1: info: [22:spec] spec fns: all in traits as abstract signatures
/home/milnes/projects/APAS-VERUS/src/Chap37/BSTSetRBMtEph.rs:1: info: [22a:exec] free fn values_vec correctly free (Standard 19)
/home/milnes/projects/APAS-VERUS/src/Chap37/BSTSetRBMtEph.rs:1: info: [22a:exec] free fn rebuild_from_vec correctly free (Standard 19)
/home/milnes/projects/APAS-VERUS/src/Chap37/BSTSetRBMtEph.rs:1: info: [22a:exec] free fn build_from_vec correctly free (Standard 19)
/home/milnes/projects/APAS-VERUS/src/Chap37/BSTSetRBMtEph.rs:1: info: [23a] no spec/proof fns with looser bounds
/home/milnes/projects/APAS-VERUS/src/Chap37/BSTSetRBMtEph.rs:1: info: [23b] free fn type bounds compatible with trait
/home/milnes/projects/APAS-VERUS/src/Chap37/BSTSetRBMtEph.rs:1: warning: [17] collection BSTSetRBMtEph should have an Iterator impl
/home/milnes/projects/APAS-VERUS/src/Chap37/BSTSetRBMtEph.rs:1: warning: [17] collection BSTSetRBMtEph should have an IntoIterator impl
/home/milnes/projects/APAS-VERUS/src/Chap37/BSTSetRBMtEph.rs:1: warning: [24] missing or incorrect copyright line; expected: //! Copyright (C) 2025 Acar, Blelloch and Milnes from 'Algorithms Parallel and Sequential'.

/home/milnes/projects/APAS-VERUS/src/Chap37/BSTSetSplayMtEph.rs:
/home/milnes/projects/APAS-VERUS/src/Chap37/BSTSetSplayMtEph.rs:1: info: [1] has mod declarations
/home/milnes/projects/APAS-VERUS/src/Chap37/BSTSetSplayMtEph.rs:1: info: [2] vstd::prelude::* before verus!
/home/milnes/projects/APAS-VERUS/src/Chap37/BSTSetSplayMtEph.rs:1: info: [3] has verus! macro
/home/milnes/projects/APAS-VERUS/src/Chap37/BSTSetSplayMtEph.rs:1: info: [4] std imports grouped with trailing blank
/home/milnes/projects/APAS-VERUS/src/Chap37/BSTSetSplayMtEph.rs:1: info: [5] vstd imports grouped with trailing blank
/home/milnes/projects/APAS-VERUS/src/Chap37/BSTSetSplayMtEph.rs:1: info: [11] no Set/Seq usage (ok)
/home/milnes/projects/APAS-VERUS/src/Chap37/BSTSetSplayMtEph.rs:1: info: [12] all trait fns have specs
/home/milnes/projects/APAS-VERUS/src/Chap37/BSTSetSplayMtEph.rs:1: info: [13] trait impls inside verus!
/home/milnes/projects/APAS-VERUS/src/Chap37/BSTSetSplayMtEph.rs:1: info: [14] Debug, Display outside verus!
/home/milnes/projects/APAS-VERUS/src/Chap37/BSTSetSplayMtEph.rs:1: info: [15] no PartialEq/Eq/Clone/Hash/Ord impls (ok)
/home/milnes/projects/APAS-VERUS/src/Chap37/BSTSetSplayMtEph.rs:1: info: [16] Lit macro definitions at end of file
/home/milnes/projects/APAS-VERUS/src/Chap37/BSTSetSplayMtEph.rs:1: info: [18] definition order correct
/home/milnes/projects/APAS-VERUS/src/Chap37/BSTSetSplayMtEph.rs:1: info: [19] no generic return names
/home/milnes/projects/APAS-VERUS/src/Chap37/BSTSetSplayMtEph.rs:1: info: [20] all traits have impls
/home/milnes/projects/APAS-VERUS/src/Chap37/BSTSetSplayMtEph.rs:1: info: [21] no broadcast use entries
/home/milnes/projects/APAS-VERUS/src/Chap37/BSTSetSplayMtEph.rs:1: info: [22:exec] exec fns: all in traits
/home/milnes/projects/APAS-VERUS/src/Chap37/BSTSetSplayMtEph.rs:1: info: [22:proof] proof fns: all in traits
/home/milnes/projects/APAS-VERUS/src/Chap37/BSTSetSplayMtEph.rs:1: info: [22:spec] spec fns: all in traits as abstract signatures
/home/milnes/projects/APAS-VERUS/src/Chap37/BSTSetSplayMtEph.rs:1: info: [23a] spec/proof fn looser bounds: N/A
/home/milnes/projects/APAS-VERUS/src/Chap37/BSTSetSplayMtEph.rs:1: info: [23b] free fn stricter bounds: N/A
/home/milnes/projects/APAS-VERUS/src/Chap37/BSTSetSplayMtEph.rs:1: warning: [17] collection BSTSetSplayMtEph should have an Iterator impl
/home/milnes/projects/APAS-VERUS/src/Chap37/BSTSetSplayMtEph.rs:1: warning: [17] collection BSTSetSplayMtEph should have an IntoIterator impl
/home/milnes/projects/APAS-VERUS/src/Chap37/BSTSetSplayMtEph.rs:1: warning: [24] missing or incorrect copyright line; expected: //! Copyright (C) 2025 Acar, Blelloch and Milnes from 'Algorithms Parallel and Sequential'.

/home/milnes/projects/APAS-VERUS/src/Chap37/BSTSpecsAndLemmas.rs:
/home/milnes/projects/APAS-VERUS/src/Chap37/BSTSpecsAndLemmas.rs:1: info: [1] has mod declarations
/home/milnes/projects/APAS-VERUS/src/Chap37/BSTSpecsAndLemmas.rs:1: info: [2] vstd::prelude::* before verus!
/home/milnes/projects/APAS-VERUS/src/Chap37/BSTSpecsAndLemmas.rs:1: info: [3] has verus! macro
/home/milnes/projects/APAS-VERUS/src/Chap37/BSTSpecsAndLemmas.rs:1: info: [4] no std imports (ok)
/home/milnes/projects/APAS-VERUS/src/Chap37/BSTSpecsAndLemmas.rs:1: info: [5] no vstd imports (ok)
/home/milnes/projects/APAS-VERUS/src/Chap37/BSTSpecsAndLemmas.rs:1: info: [11] no Set/Seq usage (ok)
/home/milnes/projects/APAS-VERUS/src/Chap37/BSTSpecsAndLemmas.rs:1: info: [12] no traits (ok)
/home/milnes/projects/APAS-VERUS/src/Chap37/BSTSpecsAndLemmas.rs:1: info: [13] no non-derive trait impls (ok)
/home/milnes/projects/APAS-VERUS/src/Chap37/BSTSpecsAndLemmas.rs:1: info: [14] no Debug/Display impls (ok)
/home/milnes/projects/APAS-VERUS/src/Chap37/BSTSpecsAndLemmas.rs:1: info: [15] no PartialEq/Eq/Clone/Hash/Ord impls (ok)
/home/milnes/projects/APAS-VERUS/src/Chap37/BSTSpecsAndLemmas.rs:1: info: [16] no Lit macro definitions (ok)
/home/milnes/projects/APAS-VERUS/src/Chap37/BSTSpecsAndLemmas.rs:1: info: [17] no collection structs (ok)
/home/milnes/projects/APAS-VERUS/src/Chap37/BSTSpecsAndLemmas.rs:1: info: [18] definition order correct
/home/milnes/projects/APAS-VERUS/src/Chap37/BSTSpecsAndLemmas.rs:1: info: [19] no generic return names
/home/milnes/projects/APAS-VERUS/src/Chap37/BSTSpecsAndLemmas.rs:1: info: [20] no traits defined
/home/milnes/projects/APAS-VERUS/src/Chap37/BSTSpecsAndLemmas.rs:1: info: [21] no broadcast use entries
/home/milnes/projects/APAS-VERUS/src/Chap37/BSTSpecsAndLemmas.rs:1: info: [22:exec] exec fns: all in traits
/home/milnes/projects/APAS-VERUS/src/Chap37/BSTSpecsAndLemmas.rs:1: info: [22:spec] spec fns: all in traits as abstract signatures
/home/milnes/projects/APAS-VERUS/src/Chap37/BSTSpecsAndLemmas.rs:1: info: [22a:proof] free proof fn lemma_node_contains correctly free (Standard 19)
/home/milnes/projects/APAS-VERUS/src/Chap37/BSTSpecsAndLemmas.rs:1: info: [22a:proof] free proof fn lemma_bst_left correctly free (Standard 19)
/home/milnes/projects/APAS-VERUS/src/Chap37/BSTSpecsAndLemmas.rs:1: info: [22a:proof] free proof fn lemma_bst_right correctly free (Standard 19)
/home/milnes/projects/APAS-VERUS/src/Chap37/BSTSpecsAndLemmas.rs:1: info: [22a:proof] free proof fn lemma_modified_left_preserves_bst correctly free (Standard 19)
/home/milnes/projects/APAS-VERUS/src/Chap37/BSTSpecsAndLemmas.rs:1: info: [22a:proof] free proof fn lemma_modified_right_preserves_bst correctly free (Standard 19)
/home/milnes/projects/APAS-VERUS/src/Chap37/BSTSpecsAndLemmas.rs:1: info: [22a:proof] free proof fn lemma_bst_deep correctly free (Standard 19)
/home/milnes/projects/APAS-VERUS/src/Chap37/BSTSpecsAndLemmas.rs:1: info: [22a:proof] free proof fn lemma_max_plus_one correctly free (Standard 19)
/home/milnes/projects/APAS-VERUS/src/Chap37/BSTSpecsAndLemmas.rs:1: info: [22a:proof] free proof fn lemma_bst_insert_left correctly free (Standard 19)
/home/milnes/projects/APAS-VERUS/src/Chap37/BSTSpecsAndLemmas.rs:1: info: [22a:proof] free proof fn lemma_bst_insert_right correctly free (Standard 19)
/home/milnes/projects/APAS-VERUS/src/Chap37/BSTSpecsAndLemmas.rs:1: info: [22a:proof] free proof fn lemma_bst_delete_left correctly free (Standard 19)
/home/milnes/projects/APAS-VERUS/src/Chap37/BSTSpecsAndLemmas.rs:1: info: [22a:proof] free proof fn lemma_bst_delete_right correctly free (Standard 19)
/home/milnes/projects/APAS-VERUS/src/Chap37/BSTSpecsAndLemmas.rs:1: info: [23a] no spec/proof fns with looser bounds
/home/milnes/projects/APAS-VERUS/src/Chap37/BSTSpecsAndLemmas.rs:1: info: [23b] free fn type bounds compatible with trait
/home/milnes/projects/APAS-VERUS/src/Chap37/BSTSpecsAndLemmas.rs:1: warning: [24] missing or incorrect copyright line; expected: //! Copyright (C) 2025 Acar, Blelloch and Milnes from 'Algorithms Parallel and Sequential'.

/home/milnes/projects/APAS-VERUS/src/Chap37/BSTSplayMtEph.rs:
/home/milnes/projects/APAS-VERUS/src/Chap37/BSTSplayMtEph.rs:1: info: [1] has mod declarations
/home/milnes/projects/APAS-VERUS/src/Chap37/BSTSplayMtEph.rs:1: info: [2] vstd::prelude::* before verus!
/home/milnes/projects/APAS-VERUS/src/Chap37/BSTSplayMtEph.rs:1: info: [3] has verus! macro
/home/milnes/projects/APAS-VERUS/src/Chap37/BSTSplayMtEph.rs:1: info: [4] std imports grouped with trailing blank
/home/milnes/projects/APAS-VERUS/src/Chap37/BSTSplayMtEph.rs:1: info: [5] vstd imports grouped with trailing blank
/home/milnes/projects/APAS-VERUS/src/Chap37/BSTSplayMtEph.rs:1: info: [12] all trait fns have specs
/home/milnes/projects/APAS-VERUS/src/Chap37/BSTSplayMtEph.rs:1: info: [13] trait impls inside verus!
/home/milnes/projects/APAS-VERUS/src/Chap37/BSTSplayMtEph.rs:1: info: [14] Debug, Display outside verus!
/home/milnes/projects/APAS-VERUS/src/Chap37/BSTSplayMtEph.rs:1: info: [15] Clone inside verus!
/home/milnes/projects/APAS-VERUS/src/Chap37/BSTSplayMtEph.rs:1: info: [16] Lit macro definitions at end of file
/home/milnes/projects/APAS-VERUS/src/Chap37/BSTSplayMtEph.rs:1: info: [17] no collection structs (ok)
/home/milnes/projects/APAS-VERUS/src/Chap37/BSTSplayMtEph.rs:1: info: [19] no generic return names
/home/milnes/projects/APAS-VERUS/src/Chap37/BSTSplayMtEph.rs:1: info: [20] all traits have impls
/home/milnes/projects/APAS-VERUS/src/Chap37/BSTSplayMtEph.rs:1: info: [21] broadcast use: vstd:: before crate::
/home/milnes/projects/APAS-VERUS/src/Chap37/BSTSplayMtEph.rs:1: info: [22:exec] exec fns: all in traits
/home/milnes/projects/APAS-VERUS/src/Chap37/BSTSplayMtEph.rs:1: info: [22a:proof] free proof fn lemma_height_le_node_count correctly free (Standard 19)
/home/milnes/projects/APAS-VERUS/src/Chap37/BSTSplayMtEph.rs:1: info: [22a:proof] free proof fn lemma_zig_child_ordering correctly free (Standard 19)
/home/milnes/projects/APAS-VERUS/src/Chap37/BSTSplayMtEph.rs:1: info: [22a:proof] free proof fn lemma_zag_child_ordering correctly free (Standard 19)
/home/milnes/projects/APAS-VERUS/src/Chap37/BSTSplayMtEph.rs:1: info: [22a:spec] free spec fn link_spec_size correctly free (Standard 19)
/home/milnes/projects/APAS-VERUS/src/Chap37/BSTSplayMtEph.rs:1: info: [22a:spec] free spec fn link_contains correctly free (Standard 19)
/home/milnes/projects/APAS-VERUS/src/Chap37/BSTSplayMtEph.rs:1: info: [22a:spec] free spec fn link_height correctly free (Standard 19)
/home/milnes/projects/APAS-VERUS/src/Chap37/BSTSplayMtEph.rs:1: info: [22a:spec] free spec fn link_node_count correctly free (Standard 19)
/home/milnes/projects/APAS-VERUS/src/Chap37/BSTSplayMtEph.rs:1: info: [22a:spec] free spec fn spec_in_order_link correctly free (Standard 19)
/home/milnes/projects/APAS-VERUS/src/Chap37/BSTSplayMtEph.rs:1: info: [22a:spec] free spec fn spec_pre_order_link correctly free (Standard 19)
/home/milnes/projects/APAS-VERUS/src/Chap37/BSTSplayMtEph.rs:1: info: [22a:spec] free spec fn spec_is_bst_link correctly free (Standard 19)
/home/milnes/projects/APAS-VERUS/src/Chap37/BSTSplayMtEph.rs:1: info: [23a] no spec/proof fns with looser bounds
/home/milnes/projects/APAS-VERUS/src/Chap37/BSTSplayMtEph.rs:1: info: [23b] free fn type bounds compatible with trait
/home/milnes/projects/APAS-VERUS/src/Chap37/BSTSplayMtEph.rs:1: warning: [11] Seq usage should have vstd::seq::group_seq_axioms in broadcast use
/home/milnes/projects/APAS-VERUS/src/Chap37/BSTSplayMtEph.rs:2089: warning: [18] impl Clone for Node < T > should come before top level coarse locking (expected derive impls in verus! before top level coarse locking)
/home/milnes/projects/APAS-VERUS/src/Chap37/BSTSplayMtEph.rs:1: warning: [24] missing or incorrect copyright line; expected: //! Copyright (C) 2025 Acar, Blelloch and Milnes from 'Algorithms Parallel and Sequential'.

/home/milnes/projects/APAS-VERUS/src/Chap37/BSTSplayStEph.rs:
/home/milnes/projects/APAS-VERUS/src/Chap37/BSTSplayStEph.rs:1: info: [1] has mod declarations
/home/milnes/projects/APAS-VERUS/src/Chap37/BSTSplayStEph.rs:1: info: [2] vstd::prelude::* before verus!
/home/milnes/projects/APAS-VERUS/src/Chap37/BSTSplayStEph.rs:1: info: [3] has verus! macro
/home/milnes/projects/APAS-VERUS/src/Chap37/BSTSplayStEph.rs:1: info: [4] std imports grouped with trailing blank
/home/milnes/projects/APAS-VERUS/src/Chap37/BSTSplayStEph.rs:1: info: [5] vstd imports grouped with trailing blank
/home/milnes/projects/APAS-VERUS/src/Chap37/BSTSplayStEph.rs:1: info: [11] Set/Seq usage has broadcast groups
/home/milnes/projects/APAS-VERUS/src/Chap37/BSTSplayStEph.rs:1: info: [12] all trait fns have specs
/home/milnes/projects/APAS-VERUS/src/Chap37/BSTSplayStEph.rs:1: info: [13] trait impls inside verus!
/home/milnes/projects/APAS-VERUS/src/Chap37/BSTSplayStEph.rs:1: info: [14] Debug, Display outside verus!
/home/milnes/projects/APAS-VERUS/src/Chap37/BSTSplayStEph.rs:1: info: [15] Clone inside verus!
/home/milnes/projects/APAS-VERUS/src/Chap37/BSTSplayStEph.rs:1: info: [16] Lit macro definitions at end of file
/home/milnes/projects/APAS-VERUS/src/Chap37/BSTSplayStEph.rs:1: info: [17] no collection structs (ok)
/home/milnes/projects/APAS-VERUS/src/Chap37/BSTSplayStEph.rs:1: info: [18] definition order correct
/home/milnes/projects/APAS-VERUS/src/Chap37/BSTSplayStEph.rs:1: info: [19] no generic return names
/home/milnes/projects/APAS-VERUS/src/Chap37/BSTSplayStEph.rs:1: info: [20] all traits have impls
/home/milnes/projects/APAS-VERUS/src/Chap37/BSTSplayStEph.rs:1: info: [21] no broadcast use entries
/home/milnes/projects/APAS-VERUS/src/Chap37/BSTSplayStEph.rs:1: info: [22:exec] exec fns: all in traits
/home/milnes/projects/APAS-VERUS/src/Chap37/BSTSplayStEph.rs:1: info: [23a] no spec/proof fns with looser bounds
/home/milnes/projects/APAS-VERUS/src/Chap37/BSTSplayStEph.rs:1: info: [23b] free fn type bounds compatible with trait
/home/milnes/projects/APAS-VERUS/src/Chap37/BSTSplayStEph.rs:906: warning: [22:proof] free proof fn lemma_bst_deep_link should be a trait method
/home/milnes/projects/APAS-VERUS/src/Chap37/BSTSplayStEph.rs:960: warning: [22:proof] free proof fn lemma_zig_child_ordering should be a trait method
/home/milnes/projects/APAS-VERUS/src/Chap37/BSTSplayStEph.rs:990: warning: [22:proof] free proof fn lemma_zag_child_ordering should be a trait method
/home/milnes/projects/APAS-VERUS/src/Chap37/BSTSplayStEph.rs:829: warning: [22:spec] free spec fn spec_size_link should be an abstract signature in a trait with body in the impl
/home/milnes/projects/APAS-VERUS/src/Chap37/BSTSplayStEph.rs:836: warning: [22:spec] free spec fn spec_height_link should be an abstract signature in a trait with body in the impl
/home/milnes/projects/APAS-VERUS/src/Chap37/BSTSplayStEph.rs:850: warning: [22:spec] free spec fn spec_contains_link should be an abstract signature in a trait with body in the impl
/home/milnes/projects/APAS-VERUS/src/Chap37/BSTSplayStEph.rs:863: warning: [22:spec] free spec fn spec_in_order_link should be an abstract signature in a trait with body in the impl
/home/milnes/projects/APAS-VERUS/src/Chap37/BSTSplayStEph.rs:875: warning: [22:spec] free spec fn spec_pre_order_link should be an abstract signature in a trait with body in the impl
/home/milnes/projects/APAS-VERUS/src/Chap37/BSTSplayStEph.rs:887: warning: [22:spec] free spec fn spec_is_bst_link should be an abstract signature in a trait with body in the impl
/home/milnes/projects/APAS-VERUS/src/Chap37/BSTSplayStEph.rs:1: warning: [24] missing or incorrect copyright line; expected: //! Copyright (C) 2025 Acar, Blelloch and Milnes from 'Algorithms Parallel and Sequential'.

/home/milnes/projects/APAS-VERUS/src/Chap38/BSTParaMtEph.rs:
/home/milnes/projects/APAS-VERUS/src/Chap38/BSTParaMtEph.rs:1: info: [1] has mod declarations
/home/milnes/projects/APAS-VERUS/src/Chap38/BSTParaMtEph.rs:1: info: [2] vstd::prelude::* before verus!
/home/milnes/projects/APAS-VERUS/src/Chap38/BSTParaMtEph.rs:1: info: [3] has verus! macro
/home/milnes/projects/APAS-VERUS/src/Chap38/BSTParaMtEph.rs:1: info: [4] std imports grouped with trailing blank
/home/milnes/projects/APAS-VERUS/src/Chap38/BSTParaMtEph.rs:1: info: [5] vstd imports grouped with trailing blank
/home/milnes/projects/APAS-VERUS/src/Chap38/BSTParaMtEph.rs:1: info: [11] Set/Seq usage has broadcast groups
/home/milnes/projects/APAS-VERUS/src/Chap38/BSTParaMtEph.rs:1: info: [12] all trait fns have specs
/home/milnes/projects/APAS-VERUS/src/Chap38/BSTParaMtEph.rs:1: info: [14] Debug, Display outside verus!
/home/milnes/projects/APAS-VERUS/src/Chap38/BSTParaMtEph.rs:1: info: [15] Clone inside verus!
/home/milnes/projects/APAS-VERUS/src/Chap38/BSTParaMtEph.rs:1: info: [16] no Lit macro definitions (ok)
/home/milnes/projects/APAS-VERUS/src/Chap38/BSTParaMtEph.rs:1: info: [17] no collection structs (ok)
/home/milnes/projects/APAS-VERUS/src/Chap38/BSTParaMtEph.rs:1: info: [19] no generic return names
/home/milnes/projects/APAS-VERUS/src/Chap38/BSTParaMtEph.rs:1: info: [20] all traits have impls
/home/milnes/projects/APAS-VERUS/src/Chap38/BSTParaMtEph.rs:1: info: [21] broadcast use: vstd:: before crate::
/home/milnes/projects/APAS-VERUS/src/Chap38/BSTParaMtEph.rs:1: info: [22:proof] proof fns: all in traits
/home/milnes/projects/APAS-VERUS/src/Chap38/BSTParaMtEph.rs:1: info: [22:spec] spec fns: all in traits as abstract signatures
/home/milnes/projects/APAS-VERUS/src/Chap38/BSTParaMtEph.rs:1: info: [22a:exec] free fn clone_elem correctly free (Standard 19)
/home/milnes/projects/APAS-VERUS/src/Chap38/BSTParaMtEph.rs:1: info: [22a:exec] free fn new_leaf correctly free (Standard 19)
/home/milnes/projects/APAS-VERUS/src/Chap38/BSTParaMtEph.rs:1: info: [23a] no spec/proof fns with looser bounds
/home/milnes/projects/APAS-VERUS/src/Chap38/BSTParaMtEph.rs:1: info: [23b] free fn type bounds compatible with trait
/home/milnes/projects/APAS-VERUS/src/Chap38/BSTParaMtEph.rs:1792: warning: [13] impl Send for ParamBST should be inside verus!
/home/milnes/projects/APAS-VERUS/src/Chap38/BSTParaMtEph.rs:1795: warning: [13] impl Sync for ParamBST should be inside verus!
/home/milnes/projects/APAS-VERUS/src/Chap38/BSTParaMtEph.rs:186: warning: [18] use crate::... should come before view impls (expected imports before view impls)
/home/milnes/projects/APAS-VERUS/src/Chap38/BSTParaMtEph.rs:187: warning: [18] use crate::... should come before view impls (expected imports before view impls)
/home/milnes/projects/APAS-VERUS/src/Chap38/BSTParaMtEph.rs:85: warning: [22:exec] free fn new_param_bst should be a trait method
/home/milnes/projects/APAS-VERUS/src/Chap38/BSTParaMtEph.rs:798: warning: [22:exec] free fn expose_internal should be a trait method
/home/milnes/projects/APAS-VERUS/src/Chap38/BSTParaMtEph.rs:849: warning: [22:exec] free fn split_inner should be a trait method
/home/milnes/projects/APAS-VERUS/src/Chap38/BSTParaMtEph.rs:1009: warning: [22:exec] free fn find_recursive should be a trait method
/home/milnes/projects/APAS-VERUS/src/Chap38/BSTParaMtEph.rs:1041: warning: [22:exec] free fn min_key_inner should be a trait method
/home/milnes/projects/APAS-VERUS/src/Chap38/BSTParaMtEph.rs:1100: warning: [22:exec] free fn union_inner should be a trait method
/home/milnes/projects/APAS-VERUS/src/Chap38/BSTParaMtEph.rs:1177: warning: [22:exec] free fn intersect_inner should be a trait method
/home/milnes/projects/APAS-VERUS/src/Chap38/BSTParaMtEph.rs:1298: warning: [22:exec] free fn difference_inner should be a trait method
/home/milnes/projects/APAS-VERUS/src/Chap38/BSTParaMtEph.rs:1419: warning: [22:exec] free fn filter_inner should be a trait method
/home/milnes/projects/APAS-VERUS/src/Chap38/BSTParaMtEph.rs:1505: warning: [22:exec] free fn filter_parallel should be a trait method
/home/milnes/projects/APAS-VERUS/src/Chap38/BSTParaMtEph.rs:1530: warning: [22:exec] free fn reduce_inner should be a trait method
/home/milnes/projects/APAS-VERUS/src/Chap38/BSTParaMtEph.rs:1571: warning: [22:exec] free fn reduce_parallel should be a trait method
/home/milnes/projects/APAS-VERUS/src/Chap38/BSTParaMtEph.rs:1586: warning: [22:exec] free fn collect_in_order_inner should be a trait method
/home/milnes/projects/APAS-VERUS/src/Chap38/BSTParaMtEph.rs:1: warning: [24] missing or incorrect copyright line; expected: //! Copyright (C) 2025 Acar, Blelloch and Milnes from 'Algorithms Parallel and Sequential'.

/home/milnes/projects/APAS-VERUS/src/Chap38/BSTParaSpecsAndLemmas.rs:
/home/milnes/projects/APAS-VERUS/src/Chap38/BSTParaSpecsAndLemmas.rs:1: info: [1] has mod declarations
/home/milnes/projects/APAS-VERUS/src/Chap38/BSTParaSpecsAndLemmas.rs:1: info: [2] vstd::prelude::* before verus!
/home/milnes/projects/APAS-VERUS/src/Chap38/BSTParaSpecsAndLemmas.rs:1: info: [3] has verus! macro
/home/milnes/projects/APAS-VERUS/src/Chap38/BSTParaSpecsAndLemmas.rs:1: info: [4] std imports grouped with trailing blank
/home/milnes/projects/APAS-VERUS/src/Chap38/BSTParaSpecsAndLemmas.rs:1: info: [5] vstd imports grouped with trailing blank
/home/milnes/projects/APAS-VERUS/src/Chap38/BSTParaSpecsAndLemmas.rs:1: info: [11] no Set/Seq usage (ok)
/home/milnes/projects/APAS-VERUS/src/Chap38/BSTParaSpecsAndLemmas.rs:1: info: [12] no traits (ok)
/home/milnes/projects/APAS-VERUS/src/Chap38/BSTParaSpecsAndLemmas.rs:1: info: [13] no non-derive trait impls (ok)
/home/milnes/projects/APAS-VERUS/src/Chap38/BSTParaSpecsAndLemmas.rs:1: info: [14] no Debug/Display impls (ok)
/home/milnes/projects/APAS-VERUS/src/Chap38/BSTParaSpecsAndLemmas.rs:1: info: [15] no PartialEq/Eq/Clone/Hash/Ord impls (ok)
/home/milnes/projects/APAS-VERUS/src/Chap38/BSTParaSpecsAndLemmas.rs:1: info: [16] no Lit macro definitions (ok)
/home/milnes/projects/APAS-VERUS/src/Chap38/BSTParaSpecsAndLemmas.rs:1: info: [17] no collection structs (ok)
/home/milnes/projects/APAS-VERUS/src/Chap38/BSTParaSpecsAndLemmas.rs:1: info: [18] definition order correct
/home/milnes/projects/APAS-VERUS/src/Chap38/BSTParaSpecsAndLemmas.rs:1: info: [19] no generic return names
/home/milnes/projects/APAS-VERUS/src/Chap38/BSTParaSpecsAndLemmas.rs:1: info: [20] no traits defined
/home/milnes/projects/APAS-VERUS/src/Chap38/BSTParaSpecsAndLemmas.rs:1: info: [21] no broadcast use entries
/home/milnes/projects/APAS-VERUS/src/Chap38/BSTParaSpecsAndLemmas.rs:1: info: [22:exec] exec fns: all in traits
/home/milnes/projects/APAS-VERUS/src/Chap38/BSTParaSpecsAndLemmas.rs:1: info: [22a:proof] free proof fn lemma_cmp_antisymmetry correctly free (Standard 19)
/home/milnes/projects/APAS-VERUS/src/Chap38/BSTParaSpecsAndLemmas.rs:1: info: [22a:proof] free proof fn lemma_cmp_transitivity correctly free (Standard 19)
/home/milnes/projects/APAS-VERUS/src/Chap38/BSTParaSpecsAndLemmas.rs:1: info: [22a:proof] free proof fn lemma_cmp_eq_subst correctly free (Standard 19)
/home/milnes/projects/APAS-VERUS/src/Chap38/BSTParaSpecsAndLemmas.rs:1: info: [22a:proof] free proof fn lemma_cmp_equal_congruent correctly free (Standard 19)
/home/milnes/projects/APAS-VERUS/src/Chap38/BSTParaSpecsAndLemmas.rs:1: info: [22a:proof] free proof fn lemma_cmp_equal_congruent_right correctly free (Standard 19)
/home/milnes/projects/APAS-VERUS/src/Chap38/BSTParaSpecsAndLemmas.rs:1: info: [22a:proof] free proof fn lemma_cmp_order_axioms correctly free (Standard 19)
/home/milnes/projects/APAS-VERUS/src/Chap38/BSTParaSpecsAndLemmas.rs:1: info: [22a:spec] free spec fn view_ord_consistent correctly free (Standard 19)
/home/milnes/projects/APAS-VERUS/src/Chap38/BSTParaSpecsAndLemmas.rs:1: info: [23a] no spec/proof fns with looser bounds
/home/milnes/projects/APAS-VERUS/src/Chap38/BSTParaSpecsAndLemmas.rs:1: info: [23b] free fn type bounds compatible with trait
/home/milnes/projects/APAS-VERUS/src/Chap38/BSTParaSpecsAndLemmas.rs:1: warning: [24] missing or incorrect copyright line; expected: //! Copyright (C) 2025 Acar, Blelloch and Milnes from 'Algorithms Parallel and Sequential'.

/home/milnes/projects/APAS-VERUS/src/Chap38/BSTParaStEph.rs:
/home/milnes/projects/APAS-VERUS/src/Chap38/BSTParaStEph.rs:1: info: [1] has mod declarations
/home/milnes/projects/APAS-VERUS/src/Chap38/BSTParaStEph.rs:1: info: [2] vstd::prelude::* before verus!
/home/milnes/projects/APAS-VERUS/src/Chap38/BSTParaStEph.rs:1: info: [3] has verus! macro
/home/milnes/projects/APAS-VERUS/src/Chap38/BSTParaStEph.rs:1: info: [4] std imports grouped with trailing blank
/home/milnes/projects/APAS-VERUS/src/Chap38/BSTParaStEph.rs:1: info: [5] vstd imports grouped with trailing blank
/home/milnes/projects/APAS-VERUS/src/Chap38/BSTParaStEph.rs:1: info: [11] Set/Seq usage has broadcast groups
/home/milnes/projects/APAS-VERUS/src/Chap38/BSTParaStEph.rs:1: info: [12] all trait fns have specs
/home/milnes/projects/APAS-VERUS/src/Chap38/BSTParaStEph.rs:1: info: [13] trait impls inside verus!
/home/milnes/projects/APAS-VERUS/src/Chap38/BSTParaStEph.rs:1: info: [14] Debug, Display outside verus!
/home/milnes/projects/APAS-VERUS/src/Chap38/BSTParaStEph.rs:1: info: [15] Clone inside verus!
/home/milnes/projects/APAS-VERUS/src/Chap38/BSTParaStEph.rs:1: info: [16] Lit macro definitions at end of file
/home/milnes/projects/APAS-VERUS/src/Chap38/BSTParaStEph.rs:1: info: [17] no collection structs (ok)
/home/milnes/projects/APAS-VERUS/src/Chap38/BSTParaStEph.rs:1: info: [19] no generic return names
/home/milnes/projects/APAS-VERUS/src/Chap38/BSTParaStEph.rs:1: info: [20] all traits have impls
/home/milnes/projects/APAS-VERUS/src/Chap38/BSTParaStEph.rs:1: info: [21] broadcast use: vstd:: before crate::
/home/milnes/projects/APAS-VERUS/src/Chap38/BSTParaStEph.rs:1: info: [22:proof] proof fns: all in traits
/home/milnes/projects/APAS-VERUS/src/Chap38/BSTParaStEph.rs:1: info: [22:spec] spec fns: all in traits as abstract signatures
/home/milnes/projects/APAS-VERUS/src/Chap38/BSTParaStEph.rs:1: info: [22a:exec] free fn clone_elem correctly free (Standard 19)
/home/milnes/projects/APAS-VERUS/src/Chap38/BSTParaStEph.rs:1: info: [23a] no spec/proof fns with looser bounds
/home/milnes/projects/APAS-VERUS/src/Chap38/BSTParaStEph.rs:282: warning: [18] use crate::... should come before view impls (expected imports before view impls)
/home/milnes/projects/APAS-VERUS/src/Chap38/BSTParaStEph.rs:87: warning: [22:exec] free fn new_param_bst should be a trait method
/home/milnes/projects/APAS-VERUS/src/Chap38/BSTParaStEph.rs:108: warning: [22:exec] free fn reveal_param_bst_backings should be a trait method
/home/milnes/projects/APAS-VERUS/src/Chap38/BSTParaStEph.rs:133: warning: [22:exec] free fn filter_inner should be a trait method
/home/milnes/projects/APAS-VERUS/src/Chap38/BSTParaStEph.rs:196: warning: [22:exec] free fn reduce_inner should be a trait method
/home/milnes/projects/APAS-VERUS/src/Chap38/BSTParaStEph.rs:118: warning: [23b] free fn clone_elem param T has bounds `StT` but trait ParamBSTTrait has `StT + Ord`
/home/milnes/projects/APAS-VERUS/src/Chap38/BSTParaStEph.rs:1: warning: [24] missing or incorrect copyright line; expected: //! Copyright (C) 2025 Acar, Blelloch and Milnes from 'Algorithms Parallel and Sequential'.

/home/milnes/projects/APAS-VERUS/src/Chap39/BSTParaTreapMtEph.rs:
/home/milnes/projects/APAS-VERUS/src/Chap39/BSTParaTreapMtEph.rs:1: info: [1] has mod declarations
/home/milnes/projects/APAS-VERUS/src/Chap39/BSTParaTreapMtEph.rs:1: info: [2] vstd::prelude::* before verus!
/home/milnes/projects/APAS-VERUS/src/Chap39/BSTParaTreapMtEph.rs:1: info: [3] has verus! macro
/home/milnes/projects/APAS-VERUS/src/Chap39/BSTParaTreapMtEph.rs:1: info: [4] std imports grouped with trailing blank
/home/milnes/projects/APAS-VERUS/src/Chap39/BSTParaTreapMtEph.rs:1: info: [5] vstd imports grouped with trailing blank
/home/milnes/projects/APAS-VERUS/src/Chap39/BSTParaTreapMtEph.rs:1: info: [11] Set/Seq usage has broadcast groups
/home/milnes/projects/APAS-VERUS/src/Chap39/BSTParaTreapMtEph.rs:1: info: [12] all trait fns have specs
/home/milnes/projects/APAS-VERUS/src/Chap39/BSTParaTreapMtEph.rs:1: info: [14] Debug, Display outside verus!
/home/milnes/projects/APAS-VERUS/src/Chap39/BSTParaTreapMtEph.rs:1: info: [15] Clone inside verus!
/home/milnes/projects/APAS-VERUS/src/Chap39/BSTParaTreapMtEph.rs:1: info: [16] Lit macro definitions at end of file
/home/milnes/projects/APAS-VERUS/src/Chap39/BSTParaTreapMtEph.rs:1: info: [17] no collection structs (ok)
/home/milnes/projects/APAS-VERUS/src/Chap39/BSTParaTreapMtEph.rs:1: info: [19] no generic return names
/home/milnes/projects/APAS-VERUS/src/Chap39/BSTParaTreapMtEph.rs:1: info: [20] all traits have impls
/home/milnes/projects/APAS-VERUS/src/Chap39/BSTParaTreapMtEph.rs:1: info: [21] broadcast use: vstd:: before crate::
/home/milnes/projects/APAS-VERUS/src/Chap39/BSTParaTreapMtEph.rs:1: info: [22:proof] proof fns: all in traits
/home/milnes/projects/APAS-VERUS/src/Chap39/BSTParaTreapMtEph.rs:1: info: [22:spec] spec fns: all in traits as abstract signatures
/home/milnes/projects/APAS-VERUS/src/Chap39/BSTParaTreapMtEph.rs:1: info: [22a:exec] free fn clone_elem correctly free (Standard 19)
/home/milnes/projects/APAS-VERUS/src/Chap39/BSTParaTreapMtEph.rs:1: info: [22a:exec] free fn new_param_treap correctly free (Standard 19)
/home/milnes/projects/APAS-VERUS/src/Chap39/BSTParaTreapMtEph.rs:1: info: [22a:exec] free fn new_leaf correctly free (Standard 19)
/home/milnes/projects/APAS-VERUS/src/Chap39/BSTParaTreapMtEph.rs:1: info: [22a:exec] free fn priority_for correctly free (Standard 19)
/home/milnes/projects/APAS-VERUS/src/Chap39/BSTParaTreapMtEph.rs:1: info: [23a] no spec/proof fns with looser bounds
/home/milnes/projects/APAS-VERUS/src/Chap39/BSTParaTreapMtEph.rs:1802: warning: [13] impl Send for ParamTreap should be inside verus!
/home/milnes/projects/APAS-VERUS/src/Chap39/BSTParaTreapMtEph.rs:1805: warning: [13] impl Sync for ParamTreap should be inside verus!
/home/milnes/projects/APAS-VERUS/src/Chap39/BSTParaTreapMtEph.rs:1636: warning: [18] impl ParamTreap < T > should come before top level coarse locking (expected impls before top level coarse locking)
/home/milnes/projects/APAS-VERUS/src/Chap39/BSTParaTreapMtEph.rs:127: warning: [22:exec] free fn expose_internal should be a trait method
/home/milnes/projects/APAS-VERUS/src/Chap39/BSTParaTreapMtEph.rs:184: warning: [22:exec] free fn expose_with_priority_internal should be a trait method
/home/milnes/projects/APAS-VERUS/src/Chap39/BSTParaTreapMtEph.rs:229: warning: [22:exec] free fn tree_priority_internal should be a trait method
/home/milnes/projects/APAS-VERUS/src/Chap39/BSTParaTreapMtEph.rs:244: warning: [22:exec] free fn make_node should be a trait method
/home/milnes/projects/APAS-VERUS/src/Chap39/BSTParaTreapMtEph.rs:281: warning: [22:exec] free fn join_with_priority should be a trait method
/home/milnes/projects/APAS-VERUS/src/Chap39/BSTParaTreapMtEph.rs:415: warning: [22:exec] free fn split_inner should be a trait method
/home/milnes/projects/APAS-VERUS/src/Chap39/BSTParaTreapMtEph.rs:572: warning: [22:exec] free fn join_pair_inner should be a trait method
/home/milnes/projects/APAS-VERUS/src/Chap39/BSTParaTreapMtEph.rs:710: warning: [22:exec] free fn union_inner should be a trait method
/home/milnes/projects/APAS-VERUS/src/Chap39/BSTParaTreapMtEph.rs:803: warning: [22:exec] free fn intersect_inner should be a trait method
/home/milnes/projects/APAS-VERUS/src/Chap39/BSTParaTreapMtEph.rs:924: warning: [22:exec] free fn difference_inner should be a trait method
/home/milnes/projects/APAS-VERUS/src/Chap39/BSTParaTreapMtEph.rs:1037: warning: [22:exec] free fn filter_inner should be a trait method
/home/milnes/projects/APAS-VERUS/src/Chap39/BSTParaTreapMtEph.rs:1121: warning: [22:exec] free fn filter_parallel should be a trait method
/home/milnes/projects/APAS-VERUS/src/Chap39/BSTParaTreapMtEph.rs:1146: warning: [22:exec] free fn reduce_inner should be a trait method
/home/milnes/projects/APAS-VERUS/src/Chap39/BSTParaTreapMtEph.rs:1179: warning: [22:exec] free fn reduce_parallel should be a trait method
/home/milnes/projects/APAS-VERUS/src/Chap39/BSTParaTreapMtEph.rs:1195: warning: [22:exec] free fn collect_in_order should be a trait method
/home/milnes/projects/APAS-VERUS/src/Chap39/BSTParaTreapMtEph.rs:103: warning: [23b] free fn new_param_treap param T has bounds `MtKey` but trait ParamTreapTrait has `MtKey + ClonePreservesView`
/home/milnes/projects/APAS-VERUS/src/Chap39/BSTParaTreapMtEph.rs:120: warning: [23b] free fn new_leaf param T has bounds `MtKey` but trait ParamTreapTrait has `MtKey + ClonePreservesView`
/home/milnes/projects/APAS-VERUS/src/Chap39/BSTParaTreapMtEph.rs:220: warning: [23b] free fn priority_for param T has bounds `MtKey` but trait ParamTreapTrait has `MtKey + ClonePreservesView`
/home/milnes/projects/APAS-VERUS/src/Chap39/BSTParaTreapMtEph.rs:1: warning: [24] missing or incorrect copyright line; expected: //! Copyright (C) 2025 Acar, Blelloch and Milnes from 'Algorithms Parallel and Sequential'.

/home/milnes/projects/APAS-VERUS/src/Chap39/BSTSetTreapMtEph.rs:
/home/milnes/projects/APAS-VERUS/src/Chap39/BSTSetTreapMtEph.rs:1: info: [1] has mod declarations
/home/milnes/projects/APAS-VERUS/src/Chap39/BSTSetTreapMtEph.rs:1: info: [2] vstd::prelude::* before verus!
/home/milnes/projects/APAS-VERUS/src/Chap39/BSTSetTreapMtEph.rs:1: info: [3] has verus! macro
/home/milnes/projects/APAS-VERUS/src/Chap39/BSTSetTreapMtEph.rs:1: info: [4] std imports grouped with trailing blank
/home/milnes/projects/APAS-VERUS/src/Chap39/BSTSetTreapMtEph.rs:1: info: [5] vstd imports grouped with trailing blank
/home/milnes/projects/APAS-VERUS/src/Chap39/BSTSetTreapMtEph.rs:1: info: [11] Set/Seq usage has broadcast groups
/home/milnes/projects/APAS-VERUS/src/Chap39/BSTSetTreapMtEph.rs:1: info: [12] all trait fns have specs
/home/milnes/projects/APAS-VERUS/src/Chap39/BSTSetTreapMtEph.rs:1: info: [13] trait impls inside verus!
/home/milnes/projects/APAS-VERUS/src/Chap39/BSTSetTreapMtEph.rs:1: info: [14] Debug, Display outside verus!
/home/milnes/projects/APAS-VERUS/src/Chap39/BSTSetTreapMtEph.rs:1: info: [15] Clone inside verus!
/home/milnes/projects/APAS-VERUS/src/Chap39/BSTSetTreapMtEph.rs:1: info: [16] Lit macro definitions at end of file
/home/milnes/projects/APAS-VERUS/src/Chap39/BSTSetTreapMtEph.rs:1: info: [17] no collection structs (ok)
/home/milnes/projects/APAS-VERUS/src/Chap39/BSTSetTreapMtEph.rs:1: info: [18] definition order correct
/home/milnes/projects/APAS-VERUS/src/Chap39/BSTSetTreapMtEph.rs:1: info: [19] no generic return names
/home/milnes/projects/APAS-VERUS/src/Chap39/BSTSetTreapMtEph.rs:1: info: [20] all traits have impls
/home/milnes/projects/APAS-VERUS/src/Chap39/BSTSetTreapMtEph.rs:1: info: [21] no broadcast use entries
/home/milnes/projects/APAS-VERUS/src/Chap39/BSTSetTreapMtEph.rs:1: info: [22:proof] proof fns: all in traits
/home/milnes/projects/APAS-VERUS/src/Chap39/BSTSetTreapMtEph.rs:1: info: [22:spec] spec fns: all in traits as abstract signatures
/home/milnes/projects/APAS-VERUS/src/Chap39/BSTSetTreapMtEph.rs:1: info: [22a:exec] free fn minimum_inner correctly free (Standard 19)
/home/milnes/projects/APAS-VERUS/src/Chap39/BSTSetTreapMtEph.rs:1: info: [22a:exec] free fn maximum_inner correctly free (Standard 19)
/home/milnes/projects/APAS-VERUS/src/Chap39/BSTSetTreapMtEph.rs:1: info: [23a] no spec/proof fns with looser bounds
/home/milnes/projects/APAS-VERUS/src/Chap39/BSTSetTreapMtEph.rs:240: warning: [23b] free fn minimum_inner param T has bounds `MtKey + ClonePreservesView` but trait BSTSetTreapMtEphTrait has `MtKey`
/home/milnes/projects/APAS-VERUS/src/Chap39/BSTSetTreapMtEph.rs:263: warning: [23b] free fn maximum_inner param T has bounds `MtKey + ClonePreservesView` but trait BSTSetTreapMtEphTrait has `MtKey`
/home/milnes/projects/APAS-VERUS/src/Chap39/BSTSetTreapMtEph.rs:1: warning: [24] missing or incorrect copyright line; expected: //! Copyright (C) 2025 Acar, Blelloch and Milnes from 'Algorithms Parallel and Sequential'.

/home/milnes/projects/APAS-VERUS/src/Chap39/BSTTreapMtEph.rs:
/home/milnes/projects/APAS-VERUS/src/Chap39/BSTTreapMtEph.rs:1: info: [1] has mod declarations
/home/milnes/projects/APAS-VERUS/src/Chap39/BSTTreapMtEph.rs:1: info: [2] vstd::prelude::* before verus!
/home/milnes/projects/APAS-VERUS/src/Chap39/BSTTreapMtEph.rs:1: info: [3] has verus! macro
/home/milnes/projects/APAS-VERUS/src/Chap39/BSTTreapMtEph.rs:1: info: [4] std imports grouped with trailing blank
/home/milnes/projects/APAS-VERUS/src/Chap39/BSTTreapMtEph.rs:1: info: [5] vstd imports grouped with trailing blank
/home/milnes/projects/APAS-VERUS/src/Chap39/BSTTreapMtEph.rs:1: info: [12] all trait fns have specs
/home/milnes/projects/APAS-VERUS/src/Chap39/BSTTreapMtEph.rs:1: info: [13] trait impls inside verus!
/home/milnes/projects/APAS-VERUS/src/Chap39/BSTTreapMtEph.rs:1: info: [14] Debug, Display outside verus!
/home/milnes/projects/APAS-VERUS/src/Chap39/BSTTreapMtEph.rs:1: info: [15] Clone inside verus!
/home/milnes/projects/APAS-VERUS/src/Chap39/BSTTreapMtEph.rs:1: info: [16] Lit macro definitions at end of file
/home/milnes/projects/APAS-VERUS/src/Chap39/BSTTreapMtEph.rs:1: info: [17] no collection structs (ok)
/home/milnes/projects/APAS-VERUS/src/Chap39/BSTTreapMtEph.rs:1: info: [19] no generic return names
/home/milnes/projects/APAS-VERUS/src/Chap39/BSTTreapMtEph.rs:1: info: [20] all traits have impls
/home/milnes/projects/APAS-VERUS/src/Chap39/BSTTreapMtEph.rs:1: info: [21] broadcast use: vstd:: before crate::
/home/milnes/projects/APAS-VERUS/src/Chap39/BSTTreapMtEph.rs:1: info: [22a:exec] free fn size_link correctly free (Standard 19)
/home/milnes/projects/APAS-VERUS/src/Chap39/BSTTreapMtEph.rs:1: info: [22a:exec] free fn update correctly free (Standard 19)
/home/milnes/projects/APAS-VERUS/src/Chap39/BSTTreapMtEph.rs:1: info: [22a:exec] free fn rotate_left correctly free (Standard 19)
/home/milnes/projects/APAS-VERUS/src/Chap39/BSTTreapMtEph.rs:1: info: [22a:exec] free fn rotate_right correctly free (Standard 19)
/home/milnes/projects/APAS-VERUS/src/Chap39/BSTTreapMtEph.rs:1: info: [22a:exec] free fn insert_link correctly free (Standard 19)
/home/milnes/projects/APAS-VERUS/src/Chap39/BSTTreapMtEph.rs:1: info: [22a:exec] free fn delete_link correctly free (Standard 19)
/home/milnes/projects/APAS-VERUS/src/Chap39/BSTTreapMtEph.rs:1: info: [22a:exec] free fn find_link correctly free (Standard 19)
/home/milnes/projects/APAS-VERUS/src/Chap39/BSTTreapMtEph.rs:1: info: [22a:exec] free fn min_link correctly free (Standard 19)
/home/milnes/projects/APAS-VERUS/src/Chap39/BSTTreapMtEph.rs:1: info: [22a:exec] free fn max_link correctly free (Standard 19)
/home/milnes/projects/APAS-VERUS/src/Chap39/BSTTreapMtEph.rs:1: info: [22a:exec] free fn height_link correctly free (Standard 19)
/home/milnes/projects/APAS-VERUS/src/Chap39/BSTTreapMtEph.rs:1: info: [22a:exec] free fn in_order_collect correctly free (Standard 19)
/home/milnes/projects/APAS-VERUS/src/Chap39/BSTTreapMtEph.rs:1: info: [22a:exec] free fn pre_order_collect correctly free (Standard 19)
/home/milnes/projects/APAS-VERUS/src/Chap39/BSTTreapMtEph.rs:1: info: [22a:exec] free fn clone_link correctly free (Standard 19)
/home/milnes/projects/APAS-VERUS/src/Chap39/BSTTreapMtEph.rs:1: info: [22a:proof] free proof fn lemma_bst_decompose correctly free (Standard 19)
/home/milnes/projects/APAS-VERUS/src/Chap39/BSTTreapMtEph.rs:1: info: [22a:proof] free proof fn lemma_contains_left correctly free (Standard 19)
/home/milnes/projects/APAS-VERUS/src/Chap39/BSTTreapMtEph.rs:1: info: [22a:proof] free proof fn lemma_contains_right correctly free (Standard 19)
/home/milnes/projects/APAS-VERUS/src/Chap39/BSTTreapMtEph.rs:1: info: [22a:proof] free proof fn lemma_contains_root correctly free (Standard 19)
/home/milnes/projects/APAS-VERUS/src/Chap39/BSTTreapMtEph.rs:1: info: [22a:proof] free proof fn lemma_contains_implies_in_set correctly free (Standard 19)
/home/milnes/projects/APAS-VERUS/src/Chap39/BSTTreapMtEph.rs:1: info: [22a:proof] free proof fn lemma_height_le_size correctly free (Standard 19)
/home/milnes/projects/APAS-VERUS/src/Chap39/BSTTreapMtEph.rs:1: info: [22a:proof] free proof fn lemma_size_wf_child_bounded correctly free (Standard 19)
/home/milnes/projects/APAS-VERUS/src/Chap39/BSTTreapMtEph.rs:1: info: [22a:proof] free proof fn lemma_wf_assemble_node correctly free (Standard 19)
/home/milnes/projects/APAS-VERUS/src/Chap39/BSTTreapMtEph.rs:1: info: [22a:spec] free spec fn spec_bsttreapmteph_link_wf correctly free (Standard 19)
/home/milnes/projects/APAS-VERUS/src/Chap39/BSTTreapMtEph.rs:1: info: [22a:spec] free spec fn spec_contains_link correctly free (Standard 19)
/home/milnes/projects/APAS-VERUS/src/Chap39/BSTTreapMtEph.rs:1: info: [22a:spec] free spec fn spec_set_of_link correctly free (Standard 19)
/home/milnes/projects/APAS-VERUS/src/Chap39/BSTTreapMtEph.rs:1: info: [23a] no spec/proof fns with looser bounds
/home/milnes/projects/APAS-VERUS/src/Chap39/BSTTreapMtEph.rs:1: warning: [11] Set usage should have vstd::set::group_set_axioms in broadcast use
/home/milnes/projects/APAS-VERUS/src/Chap39/BSTTreapMtEph.rs:1: warning: [11] Seq usage should have vstd::seq::group_seq_axioms in broadcast use
/home/milnes/projects/APAS-VERUS/src/Chap39/BSTTreapMtEph.rs:1502: warning: [18] impl IntoIterator for & 'a BSTTreapMtEph < T > should come before top level coarse locking (expected iterators before top level coarse locking)
/home/milnes/projects/APAS-VERUS/src/Chap39/BSTTreapMtEph.rs:1520: warning: [18] impl Clone for Node < T > should come before top level coarse locking (expected derive impls in verus! before top level coarse locking)
/home/milnes/projects/APAS-VERUS/src/Chap39/BSTTreapMtEph.rs:118: warning: [23b] free fn rotate_left param T has bounds `StTInMtT + Ord + IsLtTransitive` but trait LinkTrait has `StTInMtT + Ord`
/home/milnes/projects/APAS-VERUS/src/Chap39/BSTTreapMtEph.rs:202: warning: [23b] free fn rotate_right param T has bounds `StTInMtT + Ord + IsLtTransitive` but trait LinkTrait has `StTInMtT + Ord`
/home/milnes/projects/APAS-VERUS/src/Chap39/BSTTreapMtEph.rs:287: warning: [23b] free fn insert_link param T has bounds `StTInMtT + Ord + IsLtTransitive` but trait LinkTrait has `StTInMtT + Ord`
/home/milnes/projects/APAS-VERUS/src/Chap39/BSTTreapMtEph.rs:373: warning: [23b] free fn delete_link param T has bounds `StTInMtT + Ord + IsLtTransitive` but trait LinkTrait has `StTInMtT + Ord`
/home/milnes/projects/APAS-VERUS/src/Chap39/BSTTreapMtEph.rs:528: warning: [23b] free fn find_link param T has bounds `StTInMtT + Ord + IsLtTransitive` but trait LinkTrait has `StTInMtT + Ord`
/home/milnes/projects/APAS-VERUS/src/Chap39/BSTTreapMtEph.rs:736: warning: [23b] free fn spec_bsttreapmteph_link_wf param T has bounds `StTInMtT + Ord + IsLtTransitive` but trait LinkTrait has `StTInMtT + Ord`
/home/milnes/projects/APAS-VERUS/src/Chap39/BSTTreapMtEph.rs:1459: warning: [23b] free fn clone_link param T has bounds `StTInMtT + Ord + Clone` but trait LinkTrait has `StTInMtT + Ord`
/home/milnes/projects/APAS-VERUS/src/Chap39/BSTTreapMtEph.rs:1: warning: [24] missing or incorrect copyright line; expected: //! Copyright (C) 2025 Acar, Blelloch and Milnes from 'Algorithms Parallel and Sequential'.

/home/milnes/projects/APAS-VERUS/src/Chap39/BSTTreapSpecsAndLemmas.rs:
/home/milnes/projects/APAS-VERUS/src/Chap39/BSTTreapSpecsAndLemmas.rs:1: info: [1] has mod declarations
/home/milnes/projects/APAS-VERUS/src/Chap39/BSTTreapSpecsAndLemmas.rs:1: info: [2] vstd::prelude::* before verus!
/home/milnes/projects/APAS-VERUS/src/Chap39/BSTTreapSpecsAndLemmas.rs:1: info: [3] has verus! macro
/home/milnes/projects/APAS-VERUS/src/Chap39/BSTTreapSpecsAndLemmas.rs:1: info: [4] std imports grouped with trailing blank
/home/milnes/projects/APAS-VERUS/src/Chap39/BSTTreapSpecsAndLemmas.rs:1: info: [5] vstd imports grouped with trailing blank
/home/milnes/projects/APAS-VERUS/src/Chap39/BSTTreapSpecsAndLemmas.rs:1: info: [11] Set/Seq usage has broadcast groups
/home/milnes/projects/APAS-VERUS/src/Chap39/BSTTreapSpecsAndLemmas.rs:1: info: [12] no traits (ok)
/home/milnes/projects/APAS-VERUS/src/Chap39/BSTTreapSpecsAndLemmas.rs:1: info: [13] no non-derive trait impls (ok)
/home/milnes/projects/APAS-VERUS/src/Chap39/BSTTreapSpecsAndLemmas.rs:1: info: [14] no Debug/Display impls (ok)
/home/milnes/projects/APAS-VERUS/src/Chap39/BSTTreapSpecsAndLemmas.rs:1: info: [15] no PartialEq/Eq/Clone/Hash/Ord impls (ok)
/home/milnes/projects/APAS-VERUS/src/Chap39/BSTTreapSpecsAndLemmas.rs:1: info: [16] no Lit macro definitions (ok)
/home/milnes/projects/APAS-VERUS/src/Chap39/BSTTreapSpecsAndLemmas.rs:1: info: [17] no collection structs (ok)
/home/milnes/projects/APAS-VERUS/src/Chap39/BSTTreapSpecsAndLemmas.rs:1: info: [18] definition order correct
/home/milnes/projects/APAS-VERUS/src/Chap39/BSTTreapSpecsAndLemmas.rs:1: info: [19] no generic return names
/home/milnes/projects/APAS-VERUS/src/Chap39/BSTTreapSpecsAndLemmas.rs:1: info: [20] no traits defined
/home/milnes/projects/APAS-VERUS/src/Chap39/BSTTreapSpecsAndLemmas.rs:1: info: [21] broadcast use: vstd:: before crate::
/home/milnes/projects/APAS-VERUS/src/Chap39/BSTTreapSpecsAndLemmas.rs:1: info: [22:exec] exec fns: all in traits
/home/milnes/projects/APAS-VERUS/src/Chap39/BSTTreapSpecsAndLemmas.rs:1: info: [22a:proof] free proof fn lemma_cmp_antisymmetry correctly free (Standard 19)
/home/milnes/projects/APAS-VERUS/src/Chap39/BSTTreapSpecsAndLemmas.rs:1: info: [22a:proof] free proof fn lemma_cmp_antisymmetry_less correctly free (Standard 19)
/home/milnes/projects/APAS-VERUS/src/Chap39/BSTTreapSpecsAndLemmas.rs:1: info: [22a:proof] free proof fn lemma_cmp_transitivity correctly free (Standard 19)
/home/milnes/projects/APAS-VERUS/src/Chap39/BSTTreapSpecsAndLemmas.rs:1: info: [22a:proof] free proof fn lemma_cmp_eq_subst correctly free (Standard 19)
/home/milnes/projects/APAS-VERUS/src/Chap39/BSTTreapSpecsAndLemmas.rs:1: info: [22a:proof] free proof fn lemma_cmp_equal_congruent correctly free (Standard 19)
/home/milnes/projects/APAS-VERUS/src/Chap39/BSTTreapSpecsAndLemmas.rs:1: info: [22a:proof] free proof fn lemma_cmp_equal_congruent_right correctly free (Standard 19)
/home/milnes/projects/APAS-VERUS/src/Chap39/BSTTreapSpecsAndLemmas.rs:1: info: [22a:proof] free proof fn lemma_joined_right_gt_lk correctly free (Standard 19)
/home/milnes/projects/APAS-VERUS/src/Chap39/BSTTreapSpecsAndLemmas.rs:1: info: [22a:proof] free proof fn lemma_joined_left_lt_rk correctly free (Standard 19)
/home/milnes/projects/APAS-VERUS/src/Chap39/BSTTreapSpecsAndLemmas.rs:1: info: [22a:proof] free proof fn lemma_split_result_subset correctly free (Standard 19)
/home/milnes/projects/APAS-VERUS/src/Chap39/BSTTreapSpecsAndLemmas.rs:1: info: [22a:proof] free proof fn lemma_union_part_subset correctly free (Standard 19)
/home/milnes/projects/APAS-VERUS/src/Chap39/BSTTreapSpecsAndLemmas.rs:1: info: [22a:proof] free proof fn lemma_halves_cross_ordered correctly free (Standard 19)
/home/milnes/projects/APAS-VERUS/src/Chap39/BSTTreapSpecsAndLemmas.rs:1: info: [22a:spec] free spec fn view_ord_consistent correctly free (Standard 19)
/home/milnes/projects/APAS-VERUS/src/Chap39/BSTTreapSpecsAndLemmas.rs:1: info: [23a] no spec/proof fns with looser bounds
/home/milnes/projects/APAS-VERUS/src/Chap39/BSTTreapSpecsAndLemmas.rs:1: info: [23b] free fn type bounds compatible with trait
/home/milnes/projects/APAS-VERUS/src/Chap39/BSTTreapSpecsAndLemmas.rs:1: warning: [24] missing or incorrect copyright line; expected: //! Copyright (C) 2025 Acar, Blelloch and Milnes from 'Algorithms Parallel and Sequential'.

/home/milnes/projects/APAS-VERUS/src/Chap39/BSTTreapStEph.rs:
/home/milnes/projects/APAS-VERUS/src/Chap39/BSTTreapStEph.rs:1: info: [1] has mod declarations
/home/milnes/projects/APAS-VERUS/src/Chap39/BSTTreapStEph.rs:1: info: [2] vstd::prelude::* before verus!
/home/milnes/projects/APAS-VERUS/src/Chap39/BSTTreapStEph.rs:1: info: [3] has verus! macro
/home/milnes/projects/APAS-VERUS/src/Chap39/BSTTreapStEph.rs:1: info: [4] std imports grouped with trailing blank
/home/milnes/projects/APAS-VERUS/src/Chap39/BSTTreapStEph.rs:1: info: [5] vstd imports grouped with trailing blank
/home/milnes/projects/APAS-VERUS/src/Chap39/BSTTreapStEph.rs:1: info: [12] all trait fns have specs
/home/milnes/projects/APAS-VERUS/src/Chap39/BSTTreapStEph.rs:1: info: [13] trait impls inside verus!
/home/milnes/projects/APAS-VERUS/src/Chap39/BSTTreapStEph.rs:1: info: [14] Debug, Display outside verus!
/home/milnes/projects/APAS-VERUS/src/Chap39/BSTTreapStEph.rs:1: info: [15] Clone inside verus!
/home/milnes/projects/APAS-VERUS/src/Chap39/BSTTreapStEph.rs:1: info: [16] Lit macro definitions at end of file
/home/milnes/projects/APAS-VERUS/src/Chap39/BSTTreapStEph.rs:1: info: [17] no collection structs (ok)
/home/milnes/projects/APAS-VERUS/src/Chap39/BSTTreapStEph.rs:1: info: [19] no generic return names
/home/milnes/projects/APAS-VERUS/src/Chap39/BSTTreapStEph.rs:1: info: [20] all traits have impls
/home/milnes/projects/APAS-VERUS/src/Chap39/BSTTreapStEph.rs:1: info: [21] broadcast use: vstd:: before crate::
/home/milnes/projects/APAS-VERUS/src/Chap39/BSTTreapStEph.rs:1: info: [22a:exec] free fn clone_elem_st correctly free (Standard 19)
/home/milnes/projects/APAS-VERUS/src/Chap39/BSTTreapStEph.rs:1: info: [22a:exec] free fn priority_for_st correctly free (Standard 19)
/home/milnes/projects/APAS-VERUS/src/Chap39/BSTTreapStEph.rs:1: info: [22a:proof] free proof fn lemma_wf_view_inhabited_st correctly free (Standard 19)
/home/milnes/projects/APAS-VERUS/src/Chap39/BSTTreapStEph.rs:1: info: [22a:proof] free proof fn lemma_wf_view_all_inhabited_st correctly free (Standard 19)
/home/milnes/projects/APAS-VERUS/src/Chap39/BSTTreapStEph.rs:1: info: [22a:proof] free proof fn lemma_wf_size_eq_view_len correctly free (Standard 19)
/home/milnes/projects/APAS-VERUS/src/Chap39/BSTTreapStEph.rs:1: info: [22a:proof] free proof fn lemma_param_wf_implies_size_wf correctly free (Standard 19)
/home/milnes/projects/APAS-VERUS/src/Chap39/BSTTreapStEph.rs:1: info: [22a:spec] free spec fn spec_set_view_link correctly free (Standard 19)
/home/milnes/projects/APAS-VERUS/src/Chap39/BSTTreapStEph.rs:1: info: [22a:spec] free spec fn spec_contains_link correctly free (Standard 19)
/home/milnes/projects/APAS-VERUS/src/Chap39/BSTTreapStEph.rs:1: info: [22a:spec] free spec fn spec_param_wf_link correctly free (Standard 19)
/home/milnes/projects/APAS-VERUS/src/Chap39/BSTTreapStEph.rs:1: info: [23a] no spec/proof fns with looser bounds
/home/milnes/projects/APAS-VERUS/src/Chap39/BSTTreapStEph.rs:1: info: [23b] free fn type bounds compatible with trait
/home/milnes/projects/APAS-VERUS/src/Chap39/BSTTreapStEph.rs:1: warning: [11] Seq usage should have vstd::seq::group_seq_axioms in broadcast use
/home/milnes/projects/APAS-VERUS/src/Chap39/BSTTreapStEph.rs:3098: warning: [18] impl BSTTreapStEph < T > should come before impls (expected impls before impls)
/home/milnes/projects/APAS-VERUS/src/Chap39/BSTTreapStEph.rs:3141: warning: [18] impl Clone for BSTTreapStEph < T > should come before derive impls in verus! (expected derive impls in verus! before derive impls in verus!)
/home/milnes/projects/APAS-VERUS/src/Chap39/BSTTreapStEph.rs:1928: warning: [22:exec] free fn clone_with_view should be a trait method
/home/milnes/projects/APAS-VERUS/src/Chap39/BSTTreapStEph.rs:1957: warning: [22:exec] free fn make_node_treap_st should be a trait method
/home/milnes/projects/APAS-VERUS/src/Chap39/BSTTreapStEph.rs:2000: warning: [22:exec] free fn tree_priority_st should be a trait method
/home/milnes/projects/APAS-VERUS/src/Chap39/BSTTreapStEph.rs:2012: warning: [22:exec] free fn expose_to_parts_st should be a trait method
/home/milnes/projects/APAS-VERUS/src/Chap39/BSTTreapStEph.rs:2053: warning: [22:exec] free fn join_with_priority_st should be a trait method
/home/milnes/projects/APAS-VERUS/src/Chap39/BSTTreapStEph.rs:2131: warning: [22:exec] free fn split_inner_st should be a trait method
/home/milnes/projects/APAS-VERUS/src/Chap39/BSTTreapStEph.rs:2295: warning: [22:exec] free fn join_pair_inner_st should be a trait method
/home/milnes/projects/APAS-VERUS/src/Chap39/BSTTreapStEph.rs:2406: warning: [22:exec] free fn union_inner_st should be a trait method
/home/milnes/projects/APAS-VERUS/src/Chap39/BSTTreapStEph.rs:2500: warning: [22:exec] free fn intersect_inner_st should be a trait method
/home/milnes/projects/APAS-VERUS/src/Chap39/BSTTreapStEph.rs:2605: warning: [22:exec] free fn difference_inner_st should be a trait method
/home/milnes/projects/APAS-VERUS/src/Chap39/BSTTreapStEph.rs:2838: warning: [22:exec] free fn filter_inner_st should be a trait method
/home/milnes/projects/APAS-VERUS/src/Chap39/BSTTreapStEph.rs:3019: warning: [22:exec] free fn reduce_inner_st should be a trait method
/home/milnes/projects/APAS-VERUS/src/Chap39/BSTTreapStEph.rs:3050: warning: [22:exec] free fn collect_in_order_st should be a trait method
/home/milnes/projects/APAS-VERUS/src/Chap39/BSTTreapStEph.rs:1: warning: [24] missing or incorrect copyright line; expected: //! Copyright (C) 2025 Acar, Blelloch and Milnes from 'Algorithms Parallel and Sequential'.

/home/milnes/projects/APAS-VERUS/src/Chap40/BSTKeyValueStEph.rs:
/home/milnes/projects/APAS-VERUS/src/Chap40/BSTKeyValueStEph.rs:1: info: [1] has mod declarations
/home/milnes/projects/APAS-VERUS/src/Chap40/BSTKeyValueStEph.rs:1: info: [2] vstd::prelude::* before verus!
/home/milnes/projects/APAS-VERUS/src/Chap40/BSTKeyValueStEph.rs:1: info: [3] has verus! macro
/home/milnes/projects/APAS-VERUS/src/Chap40/BSTKeyValueStEph.rs:1: info: [4] std imports grouped with trailing blank
/home/milnes/projects/APAS-VERUS/src/Chap40/BSTKeyValueStEph.rs:1: info: [5] vstd imports grouped with trailing blank
/home/milnes/projects/APAS-VERUS/src/Chap40/BSTKeyValueStEph.rs:1: info: [11] no Set/Seq usage (ok)
/home/milnes/projects/APAS-VERUS/src/Chap40/BSTKeyValueStEph.rs:1: info: [13] trait impls inside verus!
/home/milnes/projects/APAS-VERUS/src/Chap40/BSTKeyValueStEph.rs:1: info: [14] Debug, Display outside verus!
/home/milnes/projects/APAS-VERUS/src/Chap40/BSTKeyValueStEph.rs:1: info: [15] Clone, Eq, PartialEq inside verus!
/home/milnes/projects/APAS-VERUS/src/Chap40/BSTKeyValueStEph.rs:1: info: [16] Lit macro definitions at end of file
/home/milnes/projects/APAS-VERUS/src/Chap40/BSTKeyValueStEph.rs:1: info: [17] no collection structs (ok)
/home/milnes/projects/APAS-VERUS/src/Chap40/BSTKeyValueStEph.rs:1: info: [19] no generic return names
/home/milnes/projects/APAS-VERUS/src/Chap40/BSTKeyValueStEph.rs:1: info: [20] all traits have impls
/home/milnes/projects/APAS-VERUS/src/Chap40/BSTKeyValueStEph.rs:1: info: [21] broadcast use: vstd:: before crate::
/home/milnes/projects/APAS-VERUS/src/Chap40/BSTKeyValueStEph.rs:1: info: [22a:exec] free fn clone_link correctly free (Standard 19)
/home/milnes/projects/APAS-VERUS/src/Chap40/BSTKeyValueStEph.rs:1: info: [22a:exec] free fn compare_kv_links correctly free (Standard 19)
/home/milnes/projects/APAS-VERUS/src/Chap40/BSTKeyValueStEph.rs:1: info: [22a:proof] free proof fn lemma_rotate_left_content_eq correctly free (Standard 19)
/home/milnes/projects/APAS-VERUS/src/Chap40/BSTKeyValueStEph.rs:1: info: [22a:proof] free proof fn lemma_rotate_right_content_eq correctly free (Standard 19)
/home/milnes/projects/APAS-VERUS/src/Chap40/BSTKeyValueStEph.rs:1: info: [22a:proof] free proof fn lemma_insert_left_commutes correctly free (Standard 19)
/home/milnes/projects/APAS-VERUS/src/Chap40/BSTKeyValueStEph.rs:1: info: [22a:proof] free proof fn lemma_insert_right_commutes correctly free (Standard 19)
/home/milnes/projects/APAS-VERUS/src/Chap40/BSTKeyValueStEph.rs:1: info: [22a:proof] free proof fn lemma_rotate_left_preserves_keys correctly free (Standard 19)
/home/milnes/projects/APAS-VERUS/src/Chap40/BSTKeyValueStEph.rs:1: info: [22a:proof] free proof fn lemma_rotate_right_preserves_keys correctly free (Standard 19)
/home/milnes/projects/APAS-VERUS/src/Chap40/BSTKeyValueStEph.rs:1: info: [22a:proof] free proof fn lemma_left_key_in_link correctly free (Standard 19)
/home/milnes/projects/APAS-VERUS/src/Chap40/BSTKeyValueStEph.rs:1: info: [22a:proof] free proof fn lemma_right_key_in_link correctly free (Standard 19)
/home/milnes/projects/APAS-VERUS/src/Chap40/BSTKeyValueStEph.rs:1: info: [22a:proof] free proof fn lemma_node_key_in_link correctly free (Standard 19)
/home/milnes/projects/APAS-VERUS/src/Chap40/BSTKeyValueStEph.rs:1: info: [22a:proof] free proof fn lemma_ordered_assemble_kv correctly free (Standard 19)
/home/milnes/projects/APAS-VERUS/src/Chap40/BSTKeyValueStEph.rs:1: info: [22a:proof] free proof fn lemma_strict_lt_transitive correctly free (Standard 19)
/home/milnes/projects/APAS-VERUS/src/Chap40/BSTKeyValueStEph.rs:1: info: [22a:proof] free proof fn lemma_strict_gt_transitive correctly free (Standard 19)
/home/milnes/projects/APAS-VERUS/src/Chap40/BSTKeyValueStEph.rs:1: info: [22a:spec] free spec fn spec_content_link correctly free (Standard 19)
/home/milnes/projects/APAS-VERUS/src/Chap40/BSTKeyValueStEph.rs:1: info: [22a:spec] free spec fn spec_node_count_link correctly free (Standard 19)
/home/milnes/projects/APAS-VERUS/src/Chap40/BSTKeyValueStEph.rs:1: info: [22a:spec] free spec fn spec_ordered_link correctly free (Standard 19)
/home/milnes/projects/APAS-VERUS/src/Chap40/BSTKeyValueStEph.rs:1: info: [22a:spec] free spec fn spec_root_key_link correctly free (Standard 19)
/home/milnes/projects/APAS-VERUS/src/Chap40/BSTKeyValueStEph.rs:1: info: [22a:spec] free spec fn spec_has_left_child_link correctly free (Standard 19)
/home/milnes/projects/APAS-VERUS/src/Chap40/BSTKeyValueStEph.rs:1: info: [22a:spec] free spec fn spec_has_right_child_link correctly free (Standard 19)
/home/milnes/projects/APAS-VERUS/src/Chap40/BSTKeyValueStEph.rs:1: info: [23a] no spec/proof fns with looser bounds
/home/milnes/projects/APAS-VERUS/src/Chap40/BSTKeyValueStEph.rs:91: warning: [12] trait NodeTrait fn new should have requires/ensures
/home/milnes/projects/APAS-VERUS/src/Chap40/BSTKeyValueStEph.rs:1494: warning: [18] impl BSTKeyValueStEph < K , V > should come before impls (expected impls before impls)
/home/milnes/projects/APAS-VERUS/src/Chap40/BSTKeyValueStEph.rs:1536: warning: [18] impl Clone for BSTKeyValueStEph < K , V > should come before derive impls in verus! (expected derive impls in verus! before derive impls in verus!)
/home/milnes/projects/APAS-VERUS/src/Chap40/BSTKeyValueStEph.rs:1552: warning: [18] impl PartialEqSpecImpl for BSTKeyValueStEph < K , V > should come before derive impls in verus! (expected derive impls in verus! before derive impls in verus!)
/home/milnes/projects/APAS-VERUS/src/Chap40/BSTKeyValueStEph.rs:1557: warning: [18] impl Eq for BSTKeyValueStEph < K , V > should come before derive impls in verus! (expected derive impls in verus! before derive impls in verus!)
/home/milnes/projects/APAS-VERUS/src/Chap40/BSTKeyValueStEph.rs:1559: warning: [18] impl PartialEq for BSTKeyValueStEph < K , V > should come before derive impls in verus! (expected derive impls in verus! before derive impls in verus!)
/home/milnes/projects/APAS-VERUS/src/Chap40/BSTKeyValueStEph.rs:1234: warning: [22:proof] free proof fn lemma_content_left_contains_key should be a trait method
/home/milnes/projects/APAS-VERUS/src/Chap40/BSTKeyValueStEph.rs:1242: warning: [22:proof] free proof fn lemma_content_right_contains_key should be a trait method
/home/milnes/projects/APAS-VERUS/src/Chap40/BSTKeyValueStEph.rs:1124: warning: [23b] free fn spec_ordered_link param K has bounds `StT + Ord + TotalOrder` but trait NodeTrait has `StT + Ord`
/home/milnes/projects/APAS-VERUS/src/Chap40/BSTKeyValueStEph.rs:1140: warning: [23b] free fn spec_root_key_link param K has bounds `StT + Ord + TotalOrder` but trait NodeTrait has `StT + Ord`
/home/milnes/projects/APAS-VERUS/src/Chap40/BSTKeyValueStEph.rs:1147: warning: [23b] free fn spec_has_left_child_link param K has bounds `StT + Ord + TotalOrder` but trait NodeTrait has `StT + Ord`
/home/milnes/projects/APAS-VERUS/src/Chap40/BSTKeyValueStEph.rs:1154: warning: [23b] free fn spec_has_right_child_link param K has bounds `StT + Ord + TotalOrder` but trait NodeTrait has `StT + Ord`
/home/milnes/projects/APAS-VERUS/src/Chap40/BSTKeyValueStEph.rs:1323: warning: [23b] free fn lemma_ordered_assemble_kv param K has bounds `StT + Ord + TotalOrder` but trait NodeTrait has `StT + Ord`
/home/milnes/projects/APAS-VERUS/src/Chap40/BSTKeyValueStEph.rs:1341: warning: [23b] free fn lemma_strict_lt_transitive param K has bounds `StT + Ord + TotalOrder` but trait NodeTrait has `StT + Ord`
/home/milnes/projects/APAS-VERUS/src/Chap40/BSTKeyValueStEph.rs:1355: warning: [23b] free fn lemma_strict_gt_transitive param K has bounds `StT + Ord + TotalOrder` but trait NodeTrait has `StT + Ord`
/home/milnes/projects/APAS-VERUS/src/Chap40/BSTKeyValueStEph.rs:1381: warning: [23b] free fn clone_link param K has bounds `StT + Ord + TotalOrder` but trait NodeTrait has `StT + Ord`
/home/milnes/projects/APAS-VERUS/src/Chap40/BSTKeyValueStEph.rs:1450: warning: [23b] free fn compare_kv_links param K has bounds `StT + Ord + TotalOrder` but trait NodeTrait has `StT + Ord`
/home/milnes/projects/APAS-VERUS/src/Chap40/BSTKeyValueStEph.rs:1: warning: [24] missing or incorrect copyright line; expected: //! Copyright (C) 2025 Acar, Blelloch and Milnes from 'Algorithms Parallel and Sequential'.

/home/milnes/projects/APAS-VERUS/src/Chap40/BSTReducedStEph.rs:
/home/milnes/projects/APAS-VERUS/src/Chap40/BSTReducedStEph.rs:1: info: [1] has mod declarations
/home/milnes/projects/APAS-VERUS/src/Chap40/BSTReducedStEph.rs:1: info: [2] vstd::prelude::* before verus!
/home/milnes/projects/APAS-VERUS/src/Chap40/BSTReducedStEph.rs:1: info: [3] has verus! macro
/home/milnes/projects/APAS-VERUS/src/Chap40/BSTReducedStEph.rs:1: info: [4] std imports grouped with trailing blank
/home/milnes/projects/APAS-VERUS/src/Chap40/BSTReducedStEph.rs:1: info: [5] vstd imports grouped with trailing blank
/home/milnes/projects/APAS-VERUS/src/Chap40/BSTReducedStEph.rs:1: info: [11] no Set/Seq usage (ok)
/home/milnes/projects/APAS-VERUS/src/Chap40/BSTReducedStEph.rs:1: info: [13] trait impls inside verus!
/home/milnes/projects/APAS-VERUS/src/Chap40/BSTReducedStEph.rs:1: info: [14] Debug, Display outside verus!
/home/milnes/projects/APAS-VERUS/src/Chap40/BSTReducedStEph.rs:1: info: [15] Clone, Eq, PartialEq inside verus!
/home/milnes/projects/APAS-VERUS/src/Chap40/BSTReducedStEph.rs:1: info: [16] Lit macro definitions at end of file
/home/milnes/projects/APAS-VERUS/src/Chap40/BSTReducedStEph.rs:1: info: [17] no collection structs (ok)
/home/milnes/projects/APAS-VERUS/src/Chap40/BSTReducedStEph.rs:1: info: [19] no generic return names
/home/milnes/projects/APAS-VERUS/src/Chap40/BSTReducedStEph.rs:1: info: [20] all traits have impls
/home/milnes/projects/APAS-VERUS/src/Chap40/BSTReducedStEph.rs:1: info: [21] no broadcast use entries
/home/milnes/projects/APAS-VERUS/src/Chap40/BSTReducedStEph.rs:1: info: [22a:exec] free fn clone_link correctly free (Standard 19)
/home/milnes/projects/APAS-VERUS/src/Chap40/BSTReducedStEph.rs:1: info: [22a:exec] free fn compare_reduced_links correctly free (Standard 19)
/home/milnes/projects/APAS-VERUS/src/Chap40/BSTReducedStEph.rs:1: info: [22a:proof] free proof fn lemma_ordered_assemble_reduced correctly free (Standard 19)
/home/milnes/projects/APAS-VERUS/src/Chap40/BSTReducedStEph.rs:1: info: [22a:proof] free proof fn lemma_cmp_antisymmetry_reduced correctly free (Standard 19)
/home/milnes/projects/APAS-VERUS/src/Chap40/BSTReducedStEph.rs:1: info: [22a:proof] free proof fn lemma_cmp_antisymmetry_lt_reduced correctly free (Standard 19)
/home/milnes/projects/APAS-VERUS/src/Chap40/BSTReducedStEph.rs:1: info: [22a:proof] free proof fn lemma_wf_assemble correctly free (Standard 19)
/home/milnes/projects/APAS-VERUS/src/Chap40/BSTReducedStEph.rs:1: info: [22a:proof] free proof fn lemma_cmp_transitivity_lt_reduced correctly free (Standard 19)
/home/milnes/projects/APAS-VERUS/src/Chap40/BSTReducedStEph.rs:1: info: [22a:proof] free proof fn lemma_cmp_transitivity_gt_reduced correctly free (Standard 19)
/home/milnes/projects/APAS-VERUS/src/Chap40/BSTReducedStEph.rs:1: info: [22a:proof] free proof fn lemma_rotate_left_content_eq_reduced correctly free (Standard 19)
/home/milnes/projects/APAS-VERUS/src/Chap40/BSTReducedStEph.rs:1: info: [22a:proof] free proof fn lemma_rotate_right_content_eq_reduced correctly free (Standard 19)
/home/milnes/projects/APAS-VERUS/src/Chap40/BSTReducedStEph.rs:1: info: [22a:spec] free spec fn spec_root_key_link correctly free (Standard 19)
/home/milnes/projects/APAS-VERUS/src/Chap40/BSTReducedStEph.rs:1: info: [22a:spec] free spec fn spec_has_left_child_link correctly free (Standard 19)
/home/milnes/projects/APAS-VERUS/src/Chap40/BSTReducedStEph.rs:1: info: [22a:spec] free spec fn spec_has_right_child_link correctly free (Standard 19)
/home/milnes/projects/APAS-VERUS/src/Chap40/BSTReducedStEph.rs:1: info: [23a] no spec/proof fns with looser bounds
/home/milnes/projects/APAS-VERUS/src/Chap40/BSTReducedStEph.rs:1: info: [23b] free fn type bounds compatible with trait
/home/milnes/projects/APAS-VERUS/src/Chap40/BSTReducedStEph.rs:99: warning: [12] trait NodeTrait fn new should have requires/ensures
/home/milnes/projects/APAS-VERUS/src/Chap40/BSTReducedStEph.rs:1625: warning: [18] impl BSTReducedStEph < K , V , R , Op > should come before impls (expected impls before impls)
/home/milnes/projects/APAS-VERUS/src/Chap40/BSTReducedStEph.rs:1669: warning: [18] impl Clone for SumOp < T > should come before derive impls in verus! (expected derive impls in verus! before derive impls in verus!)
/home/milnes/projects/APAS-VERUS/src/Chap40/BSTReducedStEph.rs:1676: warning: [18] impl Clone for CountOp < T > should come before derive impls in verus! (expected derive impls in verus! before derive impls in verus!)
/home/milnes/projects/APAS-VERUS/src/Chap40/BSTReducedStEph.rs:1683: warning: [18] impl Clone for BSTReducedStEph < K , V , R , Op > should come before derive impls in verus! (expected derive impls in verus! before derive impls in verus!)
/home/milnes/projects/APAS-VERUS/src/Chap40/BSTReducedStEph.rs:1693: warning: [18] impl PartialEqSpecImpl for BSTReducedStEph < K , V , R , Op > should come before derive impls in verus! (expected derive impls in verus! before derive impls in verus!)
/home/milnes/projects/APAS-VERUS/src/Chap40/BSTReducedStEph.rs:1698: warning: [18] impl Eq for BSTReducedStEph < K , V , R , Op > should come before derive impls in verus! (expected derive impls in verus! before derive impls in verus!)
/home/milnes/projects/APAS-VERUS/src/Chap40/BSTReducedStEph.rs:1700: warning: [18] impl PartialEq for BSTReducedStEph < K , V , R , Op > should come before derive impls in verus! (expected derive impls in verus! before derive impls in verus!)
/home/milnes/projects/APAS-VERUS/src/Chap40/BSTReducedStEph.rs:1: warning: [24] missing or incorrect copyright line; expected: //! Copyright (C) 2025 Acar, Blelloch and Milnes from 'Algorithms Parallel and Sequential'.

/home/milnes/projects/APAS-VERUS/src/Chap40/BSTSizeStEph.rs:
/home/milnes/projects/APAS-VERUS/src/Chap40/BSTSizeStEph.rs:1: info: [1] has mod declarations
/home/milnes/projects/APAS-VERUS/src/Chap40/BSTSizeStEph.rs:1: info: [2] vstd::prelude::* before verus!
/home/milnes/projects/APAS-VERUS/src/Chap40/BSTSizeStEph.rs:1: info: [3] has verus! macro
/home/milnes/projects/APAS-VERUS/src/Chap40/BSTSizeStEph.rs:1: info: [4] std imports grouped with trailing blank
/home/milnes/projects/APAS-VERUS/src/Chap40/BSTSizeStEph.rs:1: info: [5] vstd imports grouped with trailing blank
/home/milnes/projects/APAS-VERUS/src/Chap40/BSTSizeStEph.rs:1: info: [11] Set/Seq usage has broadcast groups
/home/milnes/projects/APAS-VERUS/src/Chap40/BSTSizeStEph.rs:1: info: [13] trait impls inside verus!
/home/milnes/projects/APAS-VERUS/src/Chap40/BSTSizeStEph.rs:1: info: [14] Debug, Display outside verus!
/home/milnes/projects/APAS-VERUS/src/Chap40/BSTSizeStEph.rs:1: info: [15] Clone, Eq, PartialEq inside verus!
/home/milnes/projects/APAS-VERUS/src/Chap40/BSTSizeStEph.rs:1: info: [16] Lit macro definitions at end of file
/home/milnes/projects/APAS-VERUS/src/Chap40/BSTSizeStEph.rs:1: info: [17] no collection structs (ok)
/home/milnes/projects/APAS-VERUS/src/Chap40/BSTSizeStEph.rs:1: info: [19] no generic return names
/home/milnes/projects/APAS-VERUS/src/Chap40/BSTSizeStEph.rs:1: info: [20] all traits have impls
/home/milnes/projects/APAS-VERUS/src/Chap40/BSTSizeStEph.rs:1: info: [21] no broadcast use entries
/home/milnes/projects/APAS-VERUS/src/Chap40/BSTSizeStEph.rs:1: info: [22a:exec] free fn compare_links correctly free (Standard 19)
/home/milnes/projects/APAS-VERUS/src/Chap40/BSTSizeStEph.rs:1: info: [22a:exec] free fn clone_link correctly free (Standard 19)
/home/milnes/projects/APAS-VERUS/src/Chap40/BSTSizeStEph.rs:1: info: [22a:proof] free proof fn lemma_height_le_size correctly free (Standard 19)
/home/milnes/projects/APAS-VERUS/src/Chap40/BSTSizeStEph.rs:1: info: [22a:proof] free proof fn lemma_size_wf_child_bounded correctly free (Standard 19)
/home/milnes/projects/APAS-VERUS/src/Chap40/BSTSizeStEph.rs:1: info: [22a:proof] free proof fn lemma_wf_assemble correctly free (Standard 19)
/home/milnes/projects/APAS-VERUS/src/Chap40/BSTSizeStEph.rs:1: info: [22a:proof] free proof fn lemma_ordered_assemble correctly free (Standard 19)
/home/milnes/projects/APAS-VERUS/src/Chap40/BSTSizeStEph.rs:1: info: [22a:proof] free proof fn lemma_cmp_antisymmetry correctly free (Standard 19)
/home/milnes/projects/APAS-VERUS/src/Chap40/BSTSizeStEph.rs:1: info: [22a:proof] free proof fn lemma_cmp_antisymmetry_lt correctly free (Standard 19)
/home/milnes/projects/APAS-VERUS/src/Chap40/BSTSizeStEph.rs:1: info: [22a:proof] free proof fn lemma_cmp_transitivity_lt correctly free (Standard 19)
/home/milnes/projects/APAS-VERUS/src/Chap40/BSTSizeStEph.rs:1: info: [22a:proof] free proof fn lemma_cmp_transitivity_gt correctly free (Standard 19)
/home/milnes/projects/APAS-VERUS/src/Chap40/BSTSizeStEph.rs:1: info: [22a:spec] free spec fn spec_root_key_link correctly free (Standard 19)
/home/milnes/projects/APAS-VERUS/src/Chap40/BSTSizeStEph.rs:1: info: [22a:spec] free spec fn spec_has_left_child_link correctly free (Standard 19)
/home/milnes/projects/APAS-VERUS/src/Chap40/BSTSizeStEph.rs:1: info: [22a:spec] free spec fn spec_has_right_child_link correctly free (Standard 19)
/home/milnes/projects/APAS-VERUS/src/Chap40/BSTSizeStEph.rs:1: info: [23a] no spec/proof fns with looser bounds
/home/milnes/projects/APAS-VERUS/src/Chap40/BSTSizeStEph.rs:1: info: [23b] free fn type bounds compatible with trait
/home/milnes/projects/APAS-VERUS/src/Chap40/BSTSizeStEph.rs:90: warning: [12] trait NodeTrait fn new should have requires/ensures
/home/milnes/projects/APAS-VERUS/src/Chap40/BSTSizeStEph.rs:1484: warning: [18] impl BSTSizeStEph < T > should come before impls (expected impls before impls)
/home/milnes/projects/APAS-VERUS/src/Chap40/BSTSizeStEph.rs:1525: warning: [18] impl Clone for BSTSizeStEph < T > should come before derive impls in verus! (expected derive impls in verus! before derive impls in verus!)
/home/milnes/projects/APAS-VERUS/src/Chap40/BSTSizeStEph.rs:1539: warning: [18] impl PartialEqSpecImpl for BSTSizeStEph < T > should come before derive impls in verus! (expected derive impls in verus! before derive impls in verus!)
/home/milnes/projects/APAS-VERUS/src/Chap40/BSTSizeStEph.rs:1544: warning: [18] impl Eq for BSTSizeStEph < T > should come before derive impls in verus! (expected derive impls in verus! before derive impls in verus!)
/home/milnes/projects/APAS-VERUS/src/Chap40/BSTSizeStEph.rs:1546: warning: [18] impl PartialEq for BSTSizeStEph < T > should come before derive impls in verus! (expected derive impls in verus! before derive impls in verus!)
/home/milnes/projects/APAS-VERUS/src/Chap40/BSTSizeStEph.rs:1: warning: [24] missing or incorrect copyright line; expected: //! Copyright (C) 2025 Acar, Blelloch and Milnes from 'Algorithms Parallel and Sequential'.

/home/milnes/projects/APAS-VERUS/src/Chap41/AVLTreeSetMtEph.rs:
/home/milnes/projects/APAS-VERUS/src/Chap41/AVLTreeSetMtEph.rs:1: info: [1] has mod declarations
/home/milnes/projects/APAS-VERUS/src/Chap41/AVLTreeSetMtEph.rs:1: info: [2] vstd::prelude::* before verus!
/home/milnes/projects/APAS-VERUS/src/Chap41/AVLTreeSetMtEph.rs:1: info: [3] has verus! macro
/home/milnes/projects/APAS-VERUS/src/Chap41/AVLTreeSetMtEph.rs:1: info: [4] std imports grouped with trailing blank
/home/milnes/projects/APAS-VERUS/src/Chap41/AVLTreeSetMtEph.rs:1: info: [5] vstd imports grouped with trailing blank
/home/milnes/projects/APAS-VERUS/src/Chap41/AVLTreeSetMtEph.rs:1: info: [11] Set/Seq usage has broadcast groups
/home/milnes/projects/APAS-VERUS/src/Chap41/AVLTreeSetMtEph.rs:1: info: [12] all trait fns have specs
/home/milnes/projects/APAS-VERUS/src/Chap41/AVLTreeSetMtEph.rs:1: info: [13] trait impls inside verus!
/home/milnes/projects/APAS-VERUS/src/Chap41/AVLTreeSetMtEph.rs:1: info: [14] Debug, Display outside verus!
/home/milnes/projects/APAS-VERUS/src/Chap41/AVLTreeSetMtEph.rs:1: info: [15] Clone inside verus!
/home/milnes/projects/APAS-VERUS/src/Chap41/AVLTreeSetMtEph.rs:1: info: [16] Lit macro definitions at end of file
/home/milnes/projects/APAS-VERUS/src/Chap41/AVLTreeSetMtEph.rs:1: info: [17] no collection structs (ok)
/home/milnes/projects/APAS-VERUS/src/Chap41/AVLTreeSetMtEph.rs:1: info: [18] definition order correct
/home/milnes/projects/APAS-VERUS/src/Chap41/AVLTreeSetMtEph.rs:1: info: [19] no generic return names
/home/milnes/projects/APAS-VERUS/src/Chap41/AVLTreeSetMtEph.rs:1: info: [20] all traits have impls
/home/milnes/projects/APAS-VERUS/src/Chap41/AVLTreeSetMtEph.rs:1: info: [21] broadcast use: vstd:: before crate::
/home/milnes/projects/APAS-VERUS/src/Chap41/AVLTreeSetMtEph.rs:1: info: [22:proof] proof fns: all in traits
/home/milnes/projects/APAS-VERUS/src/Chap41/AVLTreeSetMtEph.rs:1: info: [22:spec] spec fns: all in traits as abstract signatures
/home/milnes/projects/APAS-VERUS/src/Chap41/AVLTreeSetMtEph.rs:1: info: [22a:exec] free fn from_vec_dc correctly free (Standard 19)
/home/milnes/projects/APAS-VERUS/src/Chap41/AVLTreeSetMtEph.rs:1: info: [23a] no spec/proof fns with looser bounds
/home/milnes/projects/APAS-VERUS/src/Chap41/AVLTreeSetMtEph.rs:1: info: [23b] free fn type bounds compatible with trait
/home/milnes/projects/APAS-VERUS/src/Chap41/AVLTreeSetMtEph.rs:1: warning: [24] missing or incorrect copyright line; expected: //! Copyright (C) 2025 Acar, Blelloch and Milnes from 'Algorithms Parallel and Sequential'.

/home/milnes/projects/APAS-VERUS/src/Chap41/AVLTreeSetMtPer.rs:
/home/milnes/projects/APAS-VERUS/src/Chap41/AVLTreeSetMtPer.rs:1: info: [1] has mod declarations
/home/milnes/projects/APAS-VERUS/src/Chap41/AVLTreeSetMtPer.rs:1: info: [2] vstd::prelude::* before verus!
/home/milnes/projects/APAS-VERUS/src/Chap41/AVLTreeSetMtPer.rs:1: info: [3] has verus! macro
/home/milnes/projects/APAS-VERUS/src/Chap41/AVLTreeSetMtPer.rs:1: info: [4] std imports grouped with trailing blank
/home/milnes/projects/APAS-VERUS/src/Chap41/AVLTreeSetMtPer.rs:1: info: [5] vstd imports grouped with trailing blank
/home/milnes/projects/APAS-VERUS/src/Chap41/AVLTreeSetMtPer.rs:1: info: [11] Set/Seq usage has broadcast groups
/home/milnes/projects/APAS-VERUS/src/Chap41/AVLTreeSetMtPer.rs:1: info: [12] all trait fns have specs
/home/milnes/projects/APAS-VERUS/src/Chap41/AVLTreeSetMtPer.rs:1: info: [13] trait impls inside verus!
/home/milnes/projects/APAS-VERUS/src/Chap41/AVLTreeSetMtPer.rs:1: info: [14] Debug, Display outside verus!
/home/milnes/projects/APAS-VERUS/src/Chap41/AVLTreeSetMtPer.rs:1: info: [15] PartialOrd, Ord, Eq, PartialEq, Clone inside verus!
/home/milnes/projects/APAS-VERUS/src/Chap41/AVLTreeSetMtPer.rs:1: info: [16] Lit macro definitions at end of file
/home/milnes/projects/APAS-VERUS/src/Chap41/AVLTreeSetMtPer.rs:1: info: [17] no collection structs (ok)
/home/milnes/projects/APAS-VERUS/src/Chap41/AVLTreeSetMtPer.rs:1: info: [19] no generic return names
/home/milnes/projects/APAS-VERUS/src/Chap41/AVLTreeSetMtPer.rs:1: info: [20] all traits have impls
/home/milnes/projects/APAS-VERUS/src/Chap41/AVLTreeSetMtPer.rs:1: info: [21] broadcast use: vstd:: before crate::
/home/milnes/projects/APAS-VERUS/src/Chap41/AVLTreeSetMtPer.rs:1: info: [22:proof] proof fns: all in traits
/home/milnes/projects/APAS-VERUS/src/Chap41/AVLTreeSetMtPer.rs:1: info: [22:spec] spec fns: all in traits as abstract signatures
/home/milnes/projects/APAS-VERUS/src/Chap41/AVLTreeSetMtPer.rs:1: info: [22a:exec] free fn from_vec_dc_per correctly free (Standard 19)
/home/milnes/projects/APAS-VERUS/src/Chap41/AVLTreeSetMtPer.rs:1: info: [23a] no spec/proof fns with looser bounds
/home/milnes/projects/APAS-VERUS/src/Chap41/AVLTreeSetMtPer.rs:1: info: [23b] free fn type bounds compatible with trait
/home/milnes/projects/APAS-VERUS/src/Chap41/AVLTreeSetMtPer.rs:542: warning: [18] impl IntoIterator for & 'a AVLTreeSetMtPer < T > should come before derive impls in verus! (expected iterators before derive impls in verus!)
/home/milnes/projects/APAS-VERUS/src/Chap41/AVLTreeSetMtPer.rs:239: warning: [22:exec] free fn assert_avltreesetmtper_always_wf should be a trait method
/home/milnes/projects/APAS-VERUS/src/Chap41/AVLTreeSetMtPer.rs:247: warning: [22:exec] free fn assert_avltreesetmtper_bounded_size should be a trait method
/home/milnes/projects/APAS-VERUS/src/Chap41/AVLTreeSetMtPer.rs:1: warning: [24] missing or incorrect copyright line; expected: //! Copyright (C) 2025 Acar, Blelloch and Milnes from 'Algorithms Parallel and Sequential'.

/home/milnes/projects/APAS-VERUS/src/Chap41/AVLTreeSetStEph.rs:
/home/milnes/projects/APAS-VERUS/src/Chap41/AVLTreeSetStEph.rs:1: info: [1] has mod declarations
/home/milnes/projects/APAS-VERUS/src/Chap41/AVLTreeSetStEph.rs:1: info: [2] vstd::prelude::* before verus!
/home/milnes/projects/APAS-VERUS/src/Chap41/AVLTreeSetStEph.rs:1: info: [3] has verus! macro
/home/milnes/projects/APAS-VERUS/src/Chap41/AVLTreeSetStEph.rs:1: info: [4] std imports grouped with trailing blank
/home/milnes/projects/APAS-VERUS/src/Chap41/AVLTreeSetStEph.rs:1: info: [5] vstd imports grouped with trailing blank
/home/milnes/projects/APAS-VERUS/src/Chap41/AVLTreeSetStEph.rs:1: info: [11] Set/Seq usage has broadcast groups
/home/milnes/projects/APAS-VERUS/src/Chap41/AVLTreeSetStEph.rs:1: info: [12] all trait fns have specs
/home/milnes/projects/APAS-VERUS/src/Chap41/AVLTreeSetStEph.rs:1: info: [13] trait impls inside verus!
/home/milnes/projects/APAS-VERUS/src/Chap41/AVLTreeSetStEph.rs:1: info: [14] Debug, Display outside verus!
/home/milnes/projects/APAS-VERUS/src/Chap41/AVLTreeSetStEph.rs:1: info: [15] Eq, PartialEq, Clone inside verus!
/home/milnes/projects/APAS-VERUS/src/Chap41/AVLTreeSetStEph.rs:1: info: [16] Lit macro definitions at end of file
/home/milnes/projects/APAS-VERUS/src/Chap41/AVLTreeSetStEph.rs:1: info: [17] no collection structs (ok)
/home/milnes/projects/APAS-VERUS/src/Chap41/AVLTreeSetStEph.rs:1: info: [18] definition order correct
/home/milnes/projects/APAS-VERUS/src/Chap41/AVLTreeSetStEph.rs:1: info: [19] no generic return names
/home/milnes/projects/APAS-VERUS/src/Chap41/AVLTreeSetStEph.rs:1: info: [20] all traits have impls
/home/milnes/projects/APAS-VERUS/src/Chap41/AVLTreeSetStEph.rs:1: info: [21] broadcast use: vstd:: before crate::
/home/milnes/projects/APAS-VERUS/src/Chap41/AVLTreeSetStEph.rs:1: info: [22:exec] exec fns: all in traits
/home/milnes/projects/APAS-VERUS/src/Chap41/AVLTreeSetStEph.rs:1: info: [22a:proof] free proof fn lemma_wf_implies_len_bound correctly free (Standard 19)
/home/milnes/projects/APAS-VERUS/src/Chap41/AVLTreeSetStEph.rs:1: info: [22a:proof] free proof fn lemma_inorder_values_maps_to_views correctly free (Standard 19)
/home/milnes/projects/APAS-VERUS/src/Chap41/AVLTreeSetStEph.rs:1: info: [22a:proof] free proof fn lemma_push_sorted correctly free (Standard 19)
/home/milnes/projects/APAS-VERUS/src/Chap41/AVLTreeSetStEph.rs:1: info: [22a:proof] free proof fn lemma_subseq_sorted correctly free (Standard 19)
/home/milnes/projects/APAS-VERUS/src/Chap41/AVLTreeSetStEph.rs:1: info: [22a:spec] free spec fn spec_inorder_values correctly free (Standard 19)
/home/milnes/projects/APAS-VERUS/src/Chap41/AVLTreeSetStEph.rs:1: info: [22a:spec] free spec fn spec_seq_sorted correctly free (Standard 19)
/home/milnes/projects/APAS-VERUS/src/Chap41/AVLTreeSetStEph.rs:1: info: [23a] spec/proof fn spec_inorder_values param T has looser bounds `StT` (trait AVLTreeSetStEphTrait has `StT + Ord + TotalOrder`)
/home/milnes/projects/APAS-VERUS/src/Chap41/AVLTreeSetStEph.rs:1: info: [23a] spec/proof fn spec_seq_sorted param T has looser bounds `TotalOrder` (trait AVLTreeSetStEphTrait has `StT + Ord + TotalOrder`)
/home/milnes/projects/APAS-VERUS/src/Chap41/AVLTreeSetStEph.rs:1: info: [23a] spec/proof fn lemma_wf_implies_len_bound param T has looser bounds `StT` (trait AVLTreeSetStEphTrait has `StT + Ord + TotalOrder`)
/home/milnes/projects/APAS-VERUS/src/Chap41/AVLTreeSetStEph.rs:1: info: [23a] spec/proof fn lemma_inorder_values_maps_to_views param T has looser bounds `StT` (trait AVLTreeSetStEphTrait has `StT + Ord + TotalOrder`)
/home/milnes/projects/APAS-VERUS/src/Chap41/AVLTreeSetStEph.rs:1: info: [23a] spec/proof fn lemma_push_sorted param T has looser bounds `TotalOrder` (trait AVLTreeSetStEphTrait has `StT + Ord + TotalOrder`)
/home/milnes/projects/APAS-VERUS/src/Chap41/AVLTreeSetStEph.rs:1: info: [23a] spec/proof fn lemma_subseq_sorted param T has looser bounds `TotalOrder` (trait AVLTreeSetStEphTrait has `StT + Ord + TotalOrder`)
/home/milnes/projects/APAS-VERUS/src/Chap41/AVLTreeSetStEph.rs:1: info: [23b] free fn type bounds compatible with trait
/home/milnes/projects/APAS-VERUS/src/Chap41/AVLTreeSetStEph.rs:146: warning: [22:proof] free proof fn lemma_empty_set_is_sorted should be a trait method
/home/milnes/projects/APAS-VERUS/src/Chap41/AVLTreeSetStEph.rs:1: warning: [24] missing or incorrect copyright line; expected: //! Copyright (C) 2025 Acar, Blelloch and Milnes from 'Algorithms Parallel and Sequential'.

/home/milnes/projects/APAS-VERUS/src/Chap41/AVLTreeSetStPer.rs:
/home/milnes/projects/APAS-VERUS/src/Chap41/AVLTreeSetStPer.rs:1: info: [1] has mod declarations
/home/milnes/projects/APAS-VERUS/src/Chap41/AVLTreeSetStPer.rs:1: info: [2] vstd::prelude::* before verus!
/home/milnes/projects/APAS-VERUS/src/Chap41/AVLTreeSetStPer.rs:1: info: [3] has verus! macro
/home/milnes/projects/APAS-VERUS/src/Chap41/AVLTreeSetStPer.rs:1: info: [4] std imports grouped with trailing blank
/home/milnes/projects/APAS-VERUS/src/Chap41/AVLTreeSetStPer.rs:1: info: [5] vstd imports grouped with trailing blank
/home/milnes/projects/APAS-VERUS/src/Chap41/AVLTreeSetStPer.rs:1: info: [11] Set/Seq usage has broadcast groups
/home/milnes/projects/APAS-VERUS/src/Chap41/AVLTreeSetStPer.rs:1: info: [12] all trait fns have specs
/home/milnes/projects/APAS-VERUS/src/Chap41/AVLTreeSetStPer.rs:1: info: [13] trait impls inside verus!
/home/milnes/projects/APAS-VERUS/src/Chap41/AVLTreeSetStPer.rs:1: info: [14] Debug, Display outside verus!
/home/milnes/projects/APAS-VERUS/src/Chap41/AVLTreeSetStPer.rs:1: info: [15] Eq, PartialEq, Clone inside verus!
/home/milnes/projects/APAS-VERUS/src/Chap41/AVLTreeSetStPer.rs:1: info: [16] Lit macro definitions at end of file
/home/milnes/projects/APAS-VERUS/src/Chap41/AVLTreeSetStPer.rs:1: info: [17] no collection structs (ok)
/home/milnes/projects/APAS-VERUS/src/Chap41/AVLTreeSetStPer.rs:1: info: [18] definition order correct
/home/milnes/projects/APAS-VERUS/src/Chap41/AVLTreeSetStPer.rs:1: info: [19] no generic return names
/home/milnes/projects/APAS-VERUS/src/Chap41/AVLTreeSetStPer.rs:1: info: [20] all traits have impls
/home/milnes/projects/APAS-VERUS/src/Chap41/AVLTreeSetStPer.rs:1: info: [21] broadcast use: vstd:: before crate::
/home/milnes/projects/APAS-VERUS/src/Chap41/AVLTreeSetStPer.rs:1: info: [22:exec] exec fns: all in traits
/home/milnes/projects/APAS-VERUS/src/Chap41/AVLTreeSetStPer.rs:1: info: [22a:proof] free proof fn lemma_inorder_values_maps_to_views_per correctly free (Standard 19)
/home/milnes/projects/APAS-VERUS/src/Chap41/AVLTreeSetStPer.rs:1: info: [22a:proof] free proof fn lemma_push_sorted_per correctly free (Standard 19)
/home/milnes/projects/APAS-VERUS/src/Chap41/AVLTreeSetStPer.rs:1: info: [22a:proof] free proof fn lemma_map_view_feq_implies_ext_eq_per correctly free (Standard 19)
/home/milnes/projects/APAS-VERUS/src/Chap41/AVLTreeSetStPer.rs:1: info: [22a:proof] free proof fn lemma_subseq_sorted_per correctly free (Standard 19)
/home/milnes/projects/APAS-VERUS/src/Chap41/AVLTreeSetStPer.rs:1: info: [22a:spec] free spec fn spec_inorder_values_per correctly free (Standard 19)
/home/milnes/projects/APAS-VERUS/src/Chap41/AVLTreeSetStPer.rs:1: info: [22a:spec] free spec fn spec_seq_sorted_per correctly free (Standard 19)
/home/milnes/projects/APAS-VERUS/src/Chap41/AVLTreeSetStPer.rs:1: info: [23a] spec/proof fn spec_inorder_values_per param T has looser bounds `StT` (trait AVLTreeSetStPerTrait has `StT + Ord + TotalOrder`)
/home/milnes/projects/APAS-VERUS/src/Chap41/AVLTreeSetStPer.rs:1: info: [23a] spec/proof fn spec_seq_sorted_per param T has looser bounds `TotalOrder` (trait AVLTreeSetStPerTrait has `StT + Ord + TotalOrder`)
/home/milnes/projects/APAS-VERUS/src/Chap41/AVLTreeSetStPer.rs:1: info: [23a] spec/proof fn lemma_inorder_values_maps_to_views_per param T has looser bounds `StT` (trait AVLTreeSetStPerTrait has `StT + Ord + TotalOrder`)
/home/milnes/projects/APAS-VERUS/src/Chap41/AVLTreeSetStPer.rs:1: info: [23a] spec/proof fn lemma_push_sorted_per param T has looser bounds `TotalOrder` (trait AVLTreeSetStPerTrait has `StT + Ord + TotalOrder`)
/home/milnes/projects/APAS-VERUS/src/Chap41/AVLTreeSetStPer.rs:1: info: [23a] spec/proof fn lemma_map_view_feq_implies_ext_eq_per param T has looser bounds `View + Eq + Clone` (trait AVLTreeSetStPerTrait has `StT + Ord + TotalOrder`)
/home/milnes/projects/APAS-VERUS/src/Chap41/AVLTreeSetStPer.rs:1: info: [23a] spec/proof fn lemma_subseq_sorted_per param T has looser bounds `TotalOrder` (trait AVLTreeSetStPerTrait has `StT + Ord + TotalOrder`)
/home/milnes/projects/APAS-VERUS/src/Chap41/AVLTreeSetStPer.rs:1: info: [23b] free fn type bounds compatible with trait
/home/milnes/projects/APAS-VERUS/src/Chap41/AVLTreeSetStPer.rs:1: warning: [24] missing or incorrect copyright line; expected: //! Copyright (C) 2025 Acar, Blelloch and Milnes from 'Algorithms Parallel and Sequential'.

/home/milnes/projects/APAS-VERUS/src/Chap41/ArraySetEnumMtEph.rs:
/home/milnes/projects/APAS-VERUS/src/Chap41/ArraySetEnumMtEph.rs:1: info: [1] has mod declarations
/home/milnes/projects/APAS-VERUS/src/Chap41/ArraySetEnumMtEph.rs:1: info: [2] vstd::prelude::* before verus!
/home/milnes/projects/APAS-VERUS/src/Chap41/ArraySetEnumMtEph.rs:1: info: [3] has verus! macro
/home/milnes/projects/APAS-VERUS/src/Chap41/ArraySetEnumMtEph.rs:1: info: [4] std imports grouped with trailing blank
/home/milnes/projects/APAS-VERUS/src/Chap41/ArraySetEnumMtEph.rs:1: info: [5] vstd imports grouped with trailing blank
/home/milnes/projects/APAS-VERUS/src/Chap41/ArraySetEnumMtEph.rs:1: info: [12] all trait fns have specs
/home/milnes/projects/APAS-VERUS/src/Chap41/ArraySetEnumMtEph.rs:1: info: [13] trait impls inside verus!
/home/milnes/projects/APAS-VERUS/src/Chap41/ArraySetEnumMtEph.rs:1: info: [14] Debug, Display outside verus!
/home/milnes/projects/APAS-VERUS/src/Chap41/ArraySetEnumMtEph.rs:1: info: [15] Eq, PartialEq, Clone inside verus!
/home/milnes/projects/APAS-VERUS/src/Chap41/ArraySetEnumMtEph.rs:1: info: [16] Lit macro definitions at end of file
/home/milnes/projects/APAS-VERUS/src/Chap41/ArraySetEnumMtEph.rs:1: info: [18] definition order correct
/home/milnes/projects/APAS-VERUS/src/Chap41/ArraySetEnumMtEph.rs:1: info: [19] no generic return names
/home/milnes/projects/APAS-VERUS/src/Chap41/ArraySetEnumMtEph.rs:1: info: [20] all traits have impls
/home/milnes/projects/APAS-VERUS/src/Chap41/ArraySetEnumMtEph.rs:1: info: [21] broadcast use: vstd:: before crate::
/home/milnes/projects/APAS-VERUS/src/Chap41/ArraySetEnumMtEph.rs:1: info: [22:exec] exec fns: all in traits
/home/milnes/projects/APAS-VERUS/src/Chap41/ArraySetEnumMtEph.rs:1: info: [22a:proof] free proof fn zero_bit_false correctly free (Standard 19)
/home/milnes/projects/APAS-VERUS/src/Chap41/ArraySetEnumMtEph.rs:1: info: [22a:proof] free proof fn set_bit64_proof correctly free (Standard 19)
/home/milnes/projects/APAS-VERUS/src/Chap41/ArraySetEnumMtEph.rs:1: info: [22a:proof] free proof fn bit_or_64_proof correctly free (Standard 19)
/home/milnes/projects/APAS-VERUS/src/Chap41/ArraySetEnumMtEph.rs:1: info: [22a:proof] free proof fn bit_and_64_proof correctly free (Standard 19)
/home/milnes/projects/APAS-VERUS/src/Chap41/ArraySetEnumMtEph.rs:1: info: [22a:proof] free proof fn bit_andnot_64_proof correctly free (Standard 19)
/home/milnes/projects/APAS-VERUS/src/Chap41/ArraySetEnumMtEph.rs:1: info: [22a:spec] free spec fn u64_view correctly free (Standard 19)
/home/milnes/projects/APAS-VERUS/src/Chap41/ArraySetEnumMtEph.rs:1: info: [22a:spec] free spec fn num_words correctly free (Standard 19)
/home/milnes/projects/APAS-VERUS/src/Chap41/ArraySetEnumMtEph.rs:1: info: [23a] spec/proof fn looser bounds: N/A
/home/milnes/projects/APAS-VERUS/src/Chap41/ArraySetEnumMtEph.rs:1: info: [23b] free fn stricter bounds: N/A
/home/milnes/projects/APAS-VERUS/src/Chap41/ArraySetEnumMtEph.rs:1: warning: [11] Seq usage should have vstd::seq::group_seq_axioms in broadcast use
/home/milnes/projects/APAS-VERUS/src/Chap41/ArraySetEnumMtEph.rs:1: warning: [17] collection ArraySetEnumMtEph should have an Iterator impl
/home/milnes/projects/APAS-VERUS/src/Chap41/ArraySetEnumMtEph.rs:1: warning: [17] collection ArraySetEnumMtEph should have an IntoIterator impl
/home/milnes/projects/APAS-VERUS/src/Chap41/ArraySetEnumMtEph.rs:1: warning: [17] collection should have proof test: /home/milnes/projects/APAS-VERUS/rust_verify_test/tests/Chap41/ProveArraySetEnumMtEph.rs
/home/milnes/projects/APAS-VERUS/src/Chap41/ArraySetEnumMtEph.rs:1: warning: [24] missing or incorrect copyright line; expected: //! Copyright (C) 2025 Acar, Blelloch and Milnes from 'Algorithms Parallel and Sequential'.

/home/milnes/projects/APAS-VERUS/src/Chap41/ArraySetStEph.rs:
/home/milnes/projects/APAS-VERUS/src/Chap41/ArraySetStEph.rs:1: info: [1] has mod declarations
/home/milnes/projects/APAS-VERUS/src/Chap41/ArraySetStEph.rs:1: info: [2] vstd::prelude::* before verus!
/home/milnes/projects/APAS-VERUS/src/Chap41/ArraySetStEph.rs:1: info: [3] has verus! macro
/home/milnes/projects/APAS-VERUS/src/Chap41/ArraySetStEph.rs:1: info: [4] std imports grouped with trailing blank
/home/milnes/projects/APAS-VERUS/src/Chap41/ArraySetStEph.rs:1: info: [11] Set/Seq usage has broadcast groups
/home/milnes/projects/APAS-VERUS/src/Chap41/ArraySetStEph.rs:1: info: [12] all trait fns have specs
/home/milnes/projects/APAS-VERUS/src/Chap41/ArraySetStEph.rs:1: info: [13] trait impls inside verus!
/home/milnes/projects/APAS-VERUS/src/Chap41/ArraySetStEph.rs:1: info: [14] Debug, Display outside verus!
/home/milnes/projects/APAS-VERUS/src/Chap41/ArraySetStEph.rs:1: info: [15] Eq, PartialEq, Clone inside verus!
/home/milnes/projects/APAS-VERUS/src/Chap41/ArraySetStEph.rs:1: info: [16] Lit macro definitions at end of file
/home/milnes/projects/APAS-VERUS/src/Chap41/ArraySetStEph.rs:1: info: [17] no collection structs (ok)
/home/milnes/projects/APAS-VERUS/src/Chap41/ArraySetStEph.rs:1: info: [18] definition order correct
/home/milnes/projects/APAS-VERUS/src/Chap41/ArraySetStEph.rs:1: info: [19] no generic return names
/home/milnes/projects/APAS-VERUS/src/Chap41/ArraySetStEph.rs:1: info: [20] all traits have impls
/home/milnes/projects/APAS-VERUS/src/Chap41/ArraySetStEph.rs:1: info: [21] broadcast use: vstd:: before crate::
/home/milnes/projects/APAS-VERUS/src/Chap41/ArraySetStEph.rs:1: info: [22:exec] exec fns: all in traits
/home/milnes/projects/APAS-VERUS/src/Chap41/ArraySetStEph.rs:1: info: [22:spec] spec fns: all in traits as abstract signatures
/home/milnes/projects/APAS-VERUS/src/Chap41/ArraySetStEph.rs:1: info: [22a:proof] free proof fn lemma_filter_remove correctly free (Standard 19)
/home/milnes/projects/APAS-VERUS/src/Chap41/ArraySetStEph.rs:1: info: [22a:proof] free proof fn lemma_push_preserves_no_dups correctly free (Standard 19)
/home/milnes/projects/APAS-VERUS/src/Chap41/ArraySetStEph.rs:1: info: [22a:proof] free proof fn lemma_filter_in_original correctly free (Standard 19)
/home/milnes/projects/APAS-VERUS/src/Chap41/ArraySetStEph.rs:1: info: [22a:proof] free proof fn lemma_filter_preserves_no_dups correctly free (Standard 19)
/home/milnes/projects/APAS-VERUS/src/Chap41/ArraySetStEph.rs:1: info: [22a:proof] free proof fn lemma_filter_to_set_intersect correctly free (Standard 19)
/home/milnes/projects/APAS-VERUS/src/Chap41/ArraySetStEph.rs:1: info: [22a:proof] free proof fn lemma_filter_to_set_difference correctly free (Standard 19)
/home/milnes/projects/APAS-VERUS/src/Chap41/ArraySetStEph.rs:1: info: [22a:proof] free proof fn lemma_subseq_no_dups_subset correctly free (Standard 19)
/home/milnes/projects/APAS-VERUS/src/Chap41/ArraySetStEph.rs:1: info: [23a] no spec/proof fns with looser bounds
/home/milnes/projects/APAS-VERUS/src/Chap41/ArraySetStEph.rs:1: info: [23b] free fn type bounds compatible with trait
/home/milnes/projects/APAS-VERUS/src/Chap41/ArraySetStEph.rs:41: warning: [5] use vstd::... imports should be grouped with trailing blank line
/home/milnes/projects/APAS-VERUS/src/Chap41/ArraySetStEph.rs:1: warning: [24] missing or incorrect copyright line; expected: //! Copyright (C) 2025 Acar, Blelloch and Milnes from 'Algorithms Parallel and Sequential'.

/home/milnes/projects/APAS-VERUS/src/Chap41/Example41_3.rs:
/home/milnes/projects/APAS-VERUS/src/Chap41/Example41_3.rs:1: info: [1] has mod declarations
/home/milnes/projects/APAS-VERUS/src/Chap41/Example41_3.rs:1: info: [2] vstd::prelude::* before verus!
/home/milnes/projects/APAS-VERUS/src/Chap41/Example41_3.rs:1: info: [3] has verus! macro
/home/milnes/projects/APAS-VERUS/src/Chap41/Example41_3.rs:1: info: [4] no std imports (ok)
/home/milnes/projects/APAS-VERUS/src/Chap41/Example41_3.rs:1: info: [5] no vstd imports (ok)
/home/milnes/projects/APAS-VERUS/src/Chap41/Example41_3.rs:1: info: [11] no Set/Seq usage (ok)
/home/milnes/projects/APAS-VERUS/src/Chap41/Example41_3.rs:1: info: [13] trait impls inside verus!
/home/milnes/projects/APAS-VERUS/src/Chap41/Example41_3.rs:1: info: [14] no Debug/Display impls (ok)
/home/milnes/projects/APAS-VERUS/src/Chap41/Example41_3.rs:1: info: [15] no PartialEq/Eq/Clone/Hash/Ord impls (ok)
/home/milnes/projects/APAS-VERUS/src/Chap41/Example41_3.rs:1: info: [16] no Lit macro definitions (ok)
/home/milnes/projects/APAS-VERUS/src/Chap41/Example41_3.rs:1: info: [17] no collection structs (ok)
/home/milnes/projects/APAS-VERUS/src/Chap41/Example41_3.rs:1: info: [18] definition order correct
/home/milnes/projects/APAS-VERUS/src/Chap41/Example41_3.rs:1: info: [19] no generic return names
/home/milnes/projects/APAS-VERUS/src/Chap41/Example41_3.rs:1: info: [20] all traits have impls
/home/milnes/projects/APAS-VERUS/src/Chap41/Example41_3.rs:1: info: [21] broadcast use: vstd:: before crate::
/home/milnes/projects/APAS-VERUS/src/Chap41/Example41_3.rs:1: info: [22:proof] proof fns: all in traits
/home/milnes/projects/APAS-VERUS/src/Chap41/Example41_3.rs:1: info: [22:spec] spec fns: all in traits as abstract signatures
/home/milnes/projects/APAS-VERUS/src/Chap41/Example41_3.rs:1: info: [22a:exec] free fn example_41_1_array_set_impl correctly free (Standard 19)
/home/milnes/projects/APAS-VERUS/src/Chap41/Example41_3.rs:1: info: [22a:exec] free fn example_41_1_avl_set_impl correctly free (Standard 19)
/home/milnes/projects/APAS-VERUS/src/Chap41/Example41_3.rs:1: info: [22a:exec] free fn example_41_3_from_seq_demonstration_impl correctly free (Standard 19)
/home/milnes/projects/APAS-VERUS/src/Chap41/Example41_3.rs:1: info: [22a:exec] free fn additional_set_operations_impl correctly free (Standard 19)
/home/milnes/projects/APAS-VERUS/src/Chap41/Example41_3.rs:1: info: [22a:exec] free fn example_41_1_array_set correctly free (Standard 19)
/home/milnes/projects/APAS-VERUS/src/Chap41/Example41_3.rs:1: info: [22a:exec] free fn example_41_1_avl_set correctly free (Standard 19)
/home/milnes/projects/APAS-VERUS/src/Chap41/Example41_3.rs:1: info: [22a:exec] free fn example_41_3_from_seq_demonstration correctly free (Standard 19)
/home/milnes/projects/APAS-VERUS/src/Chap41/Example41_3.rs:1: info: [22a:exec] free fn additional_set_operations correctly free (Standard 19)
/home/milnes/projects/APAS-VERUS/src/Chap41/Example41_3.rs:1: info: [23a] spec/proof fn looser bounds: N/A
/home/milnes/projects/APAS-VERUS/src/Chap41/Example41_3.rs:1: info: [23b] free fn stricter bounds: N/A
/home/milnes/projects/APAS-VERUS/src/Chap41/Example41_3.rs:23: warning: [12] trait Example41_3Trait fn example_41_1_array_set should have requires/ensures
/home/milnes/projects/APAS-VERUS/src/Chap41/Example41_3.rs:26: warning: [12] trait Example41_3Trait fn example_41_1_avl_set should have requires/ensures
/home/milnes/projects/APAS-VERUS/src/Chap41/Example41_3.rs:29: warning: [12] trait Example41_3Trait fn demonstrate_set_operations should have requires/ensures
/home/milnes/projects/APAS-VERUS/src/Chap41/Example41_3.rs:1: warning: [24] missing or incorrect copyright line; expected: //! Copyright (C) 2025 Acar, Blelloch and Milnes from 'Algorithms Parallel and Sequential'.

/home/milnes/projects/APAS-VERUS/src/Chap41/OrdKeyMap.rs:
/home/milnes/projects/APAS-VERUS/src/Chap41/OrdKeyMap.rs:1: info: [1] has mod declarations
/home/milnes/projects/APAS-VERUS/src/Chap41/OrdKeyMap.rs:1: info: [2] vstd::prelude::* before verus!
/home/milnes/projects/APAS-VERUS/src/Chap41/OrdKeyMap.rs:1: info: [3] has verus! macro
/home/milnes/projects/APAS-VERUS/src/Chap41/OrdKeyMap.rs:1: info: [4] std imports grouped with trailing blank
/home/milnes/projects/APAS-VERUS/src/Chap41/OrdKeyMap.rs:1: info: [5] vstd imports grouped with trailing blank
/home/milnes/projects/APAS-VERUS/src/Chap41/OrdKeyMap.rs:1: info: [12] all trait fns have specs
/home/milnes/projects/APAS-VERUS/src/Chap41/OrdKeyMap.rs:1: info: [13] trait impls inside verus!
/home/milnes/projects/APAS-VERUS/src/Chap41/OrdKeyMap.rs:1: info: [14] Debug, Display outside verus!
/home/milnes/projects/APAS-VERUS/src/Chap41/OrdKeyMap.rs:1: info: [15] Clone inside verus!
/home/milnes/projects/APAS-VERUS/src/Chap41/OrdKeyMap.rs:1: info: [16] no Lit macro definitions (ok)
/home/milnes/projects/APAS-VERUS/src/Chap41/OrdKeyMap.rs:1: info: [17] no collection structs (ok)
/home/milnes/projects/APAS-VERUS/src/Chap41/OrdKeyMap.rs:1: info: [18] definition order correct
/home/milnes/projects/APAS-VERUS/src/Chap41/OrdKeyMap.rs:1: info: [19] no generic return names
/home/milnes/projects/APAS-VERUS/src/Chap41/OrdKeyMap.rs:1: info: [20] all traits have impls
/home/milnes/projects/APAS-VERUS/src/Chap41/OrdKeyMap.rs:1: info: [21] broadcast use: vstd:: before crate::
/home/milnes/projects/APAS-VERUS/src/Chap41/OrdKeyMap.rs:1: info: [22a:exec] free fn ordkeymap_find correctly free (Standard 19)
/home/milnes/projects/APAS-VERUS/src/Chap41/OrdKeyMap.rs:1: info: [22a:exec] free fn ordkeymap_split correctly free (Standard 19)
/home/milnes/projects/APAS-VERUS/src/Chap41/OrdKeyMap.rs:1: info: [22a:exec] free fn ordkeymap_next correctly free (Standard 19)
/home/milnes/projects/APAS-VERUS/src/Chap41/OrdKeyMap.rs:1: info: [22a:exec] free fn ordkeymap_prev correctly free (Standard 19)
/home/milnes/projects/APAS-VERUS/src/Chap41/OrdKeyMap.rs:1: info: [22a:exec] free fn ordkeymap_rank correctly free (Standard 19)
/home/milnes/projects/APAS-VERUS/src/Chap41/OrdKeyMap.rs:1: info: [22a:exec] free fn ordkeymap_select correctly free (Standard 19)
/home/milnes/projects/APAS-VERUS/src/Chap41/OrdKeyMap.rs:1: info: [22a:proof] free proof fn lemma_view_gen_subset correctly free (Standard 19)
/home/milnes/projects/APAS-VERUS/src/Chap41/OrdKeyMap.rs:1: info: [22a:proof] free proof fn lemma_view_gen_insert correctly free (Standard 19)
/home/milnes/projects/APAS-VERUS/src/Chap41/OrdKeyMap.rs:1: info: [22a:proof] free proof fn lemma_view_gen_union correctly free (Standard 19)
/home/milnes/projects/APAS-VERUS/src/Chap41/OrdKeyMap.rs:1: info: [22a:proof] free proof fn lemma_pair_set_to_map_len correctly free (Standard 19)
/home/milnes/projects/APAS-VERUS/src/Chap41/OrdKeyMap.rs:1: info: [22a:proof] free proof fn lemma_pair_in_set_map_contains correctly free (Standard 19)
/home/milnes/projects/APAS-VERUS/src/Chap41/OrdKeyMap.rs:1: info: [22a:proof] free proof fn lemma_pair_set_to_map_dom_contains correctly free (Standard 19)
/home/milnes/projects/APAS-VERUS/src/Chap41/OrdKeyMap.rs:1: info: [22a:proof] free proof fn lemma_map_contains_pair_in_set correctly free (Standard 19)
/home/milnes/projects/APAS-VERUS/src/Chap41/OrdKeyMap.rs:1: info: [22a:proof] free proof fn lemma_key_unique_insert correctly free (Standard 19)
/home/milnes/projects/APAS-VERUS/src/Chap41/OrdKeyMap.rs:1: info: [22a:proof] free proof fn lemma_cmp_equal_congruent correctly free (Standard 19)
/home/milnes/projects/APAS-VERUS/src/Chap41/OrdKeyMap.rs:1: info: [22a:proof] free proof fn lemma_sorted_keys_pairwise_distinct correctly free (Standard 19)
/home/milnes/projects/APAS-VERUS/src/Chap41/OrdKeyMap.rs:1: info: [22a:proof] free proof fn lemma_key_unique_remove correctly free (Standard 19)
/home/milnes/projects/APAS-VERUS/src/Chap41/OrdKeyMap.rs:1: info: [22a:proof] free proof fn lemma_key_unique_subset correctly free (Standard 19)
/home/milnes/projects/APAS-VERUS/src/Chap41/OrdKeyMap.rs:1: info: [22a:proof] free proof fn lemma_key_unique_empty correctly free (Standard 19)
/home/milnes/projects/APAS-VERUS/src/Chap41/OrdKeyMap.rs:1: info: [22a:proof] free proof fn lemma_key_unique_disjoint_union correctly free (Standard 19)
/home/milnes/projects/APAS-VERUS/src/Chap41/OrdKeyMap.rs:1: info: [22a:proof] free proof fn lemma_set_to_map_insert correctly free (Standard 19)
/home/milnes/projects/APAS-VERUS/src/Chap41/OrdKeyMap.rs:1: info: [22a:proof] free proof fn lemma_set_to_map_remove_pair correctly free (Standard 19)
/home/milnes/projects/APAS-VERUS/src/Chap41/OrdKeyMap.rs:1: info: [22a:proof] free proof fn lemma_set_to_map_union_root correctly free (Standard 19)
/home/milnes/projects/APAS-VERUS/src/Chap41/OrdKeyMap.rs:1: info: [22a:proof] free proof fn lemma_set_to_map_empty correctly free (Standard 19)
/home/milnes/projects/APAS-VERUS/src/Chap41/OrdKeyMap.rs:1: info: [22a:proof] free proof fn lemma_view_gen_empty correctly free (Standard 19)
/home/milnes/projects/APAS-VERUS/src/Chap41/OrdKeyMap.rs:1: info: [22a:proof] free proof fn lemma_freshness_from_sorted correctly free (Standard 19)
/home/milnes/projects/APAS-VERUS/src/Chap41/OrdKeyMap.rs:1: info: [22a:proof] free proof fn lemma_map_dom_preserved_by_superset correctly free (Standard 19)
/home/milnes/projects/APAS-VERUS/src/Chap41/OrdKeyMap.rs:1: info: [22a:proof] free proof fn lemma_cmp_antisymmetry correctly free (Standard 19)
/home/milnes/projects/APAS-VERUS/src/Chap41/OrdKeyMap.rs:1: info: [22a:proof] free proof fn lemma_post_insert_invariants correctly free (Standard 19)
/home/milnes/projects/APAS-VERUS/src/Chap41/OrdKeyMap.rs:1: info: [22a:proof] free proof fn lemma_values_preserved_from_subset correctly free (Standard 19)
/home/milnes/projects/APAS-VERUS/src/Chap41/OrdKeyMap.rs:1: info: [22a:proof] free proof fn lemma_loop_init_sorted correctly free (Standard 19)
/home/milnes/projects/APAS-VERUS/src/Chap41/OrdKeyMap.rs:1: info: [22a:spec] free spec fn spec_pair_set_to_map correctly free (Standard 19)
/home/milnes/projects/APAS-VERUS/src/Chap41/OrdKeyMap.rs:1: info: [22a:spec] free spec fn spec_set_pair_view_generated correctly free (Standard 19)
/home/milnes/projects/APAS-VERUS/src/Chap41/OrdKeyMap.rs:1: info: [22a:spec] free spec fn spec_key_unique_pairs_set correctly free (Standard 19)
/home/milnes/projects/APAS-VERUS/src/Chap41/OrdKeyMap.rs:1: info: [22a:spec] free spec fn spec_pair_key_determines_order correctly free (Standard 19)
/home/milnes/projects/APAS-VERUS/src/Chap41/OrdKeyMap.rs:1: info: [23a] spec/proof fn spec_set_pair_view_generated param K has looser bounds `View` (trait OrdKeyMapTrait has `StT + Ord`)
/home/milnes/projects/APAS-VERUS/src/Chap41/OrdKeyMap.rs:1: info: [23a] spec/proof fn spec_set_pair_view_generated param V has looser bounds `View` (trait OrdKeyMapTrait has `StT + Ord`)
/home/milnes/projects/APAS-VERUS/src/Chap41/OrdKeyMap.rs:1: info: [23a] spec/proof fn lemma_view_gen_subset param K has looser bounds `View` (trait OrdKeyMapTrait has `StT + Ord`)
/home/milnes/projects/APAS-VERUS/src/Chap41/OrdKeyMap.rs:1: info: [23a] spec/proof fn lemma_view_gen_subset param V has looser bounds `View` (trait OrdKeyMapTrait has `StT + Ord`)
/home/milnes/projects/APAS-VERUS/src/Chap41/OrdKeyMap.rs:1: info: [23a] spec/proof fn lemma_view_gen_insert param K has looser bounds `View` (trait OrdKeyMapTrait has `StT + Ord`)
/home/milnes/projects/APAS-VERUS/src/Chap41/OrdKeyMap.rs:1: info: [23a] spec/proof fn lemma_view_gen_insert param V has looser bounds `View` (trait OrdKeyMapTrait has `StT + Ord`)
/home/milnes/projects/APAS-VERUS/src/Chap41/OrdKeyMap.rs:1: info: [23a] spec/proof fn lemma_view_gen_union param K has looser bounds `View` (trait OrdKeyMapTrait has `StT + Ord`)
/home/milnes/projects/APAS-VERUS/src/Chap41/OrdKeyMap.rs:1: info: [23a] spec/proof fn lemma_view_gen_union param V has looser bounds `View` (trait OrdKeyMapTrait has `StT + Ord`)
/home/milnes/projects/APAS-VERUS/src/Chap41/OrdKeyMap.rs:1: info: [23a] spec/proof fn lemma_view_gen_empty param K has looser bounds `View` (trait OrdKeyMapTrait has `StT + Ord`)
/home/milnes/projects/APAS-VERUS/src/Chap41/OrdKeyMap.rs:1: info: [23a] spec/proof fn lemma_view_gen_empty param V has looser bounds `View` (trait OrdKeyMapTrait has `StT + Ord`)
/home/milnes/projects/APAS-VERUS/src/Chap41/OrdKeyMap.rs:1: info: [23a] spec/proof fn lemma_post_insert_invariants param K has looser bounds `View` (trait OrdKeyMapTrait has `StT + Ord`)
/home/milnes/projects/APAS-VERUS/src/Chap41/OrdKeyMap.rs:1: info: [23a] spec/proof fn lemma_post_insert_invariants param V has looser bounds `View` (trait OrdKeyMapTrait has `StT + Ord`)
/home/milnes/projects/APAS-VERUS/src/Chap41/OrdKeyMap.rs:1: info: [23a] spec/proof fn lemma_loop_init_sorted param K has looser bounds `View` (trait OrdKeyMapTrait has `StT + Ord`)
/home/milnes/projects/APAS-VERUS/src/Chap41/OrdKeyMap.rs:1: info: [23a] spec/proof fn lemma_loop_init_sorted param V has looser bounds `View` (trait OrdKeyMapTrait has `StT + Ord`)
/home/milnes/projects/APAS-VERUS/src/Chap41/OrdKeyMap.rs:1: warning: [11] Seq usage should have vstd::seq::group_seq_axioms in broadcast use
/home/milnes/projects/APAS-VERUS/src/Chap41/OrdKeyMap.rs:674: warning: [22:proof] free proof fn lemma_ordkeymap_wf_type_axioms should be a trait method
/home/milnes/projects/APAS-VERUS/src/Chap41/OrdKeyMap.rs:1322: warning: [23b] free fn ordkeymap_next param K has bounds `StT + Ord + TotalOrder` but trait OrdKeyMapTrait has `StT + Ord`
/home/milnes/projects/APAS-VERUS/src/Chap41/OrdKeyMap.rs:1575: warning: [23b] free fn ordkeymap_prev param K has bounds `StT + Ord + TotalOrder` but trait OrdKeyMapTrait has `StT + Ord`
/home/milnes/projects/APAS-VERUS/src/Chap41/OrdKeyMap.rs:1837: warning: [23b] free fn ordkeymap_rank param K has bounds `StT + Ord + TotalOrder` but trait OrdKeyMapTrait has `StT + Ord`
/home/milnes/projects/APAS-VERUS/src/Chap41/OrdKeyMap.rs:2067: warning: [23b] free fn ordkeymap_select param K has bounds `StT + Ord + TotalOrder` but trait OrdKeyMapTrait has `StT + Ord`
/home/milnes/projects/APAS-VERUS/src/Chap41/OrdKeyMap.rs:1: warning: [24] missing or incorrect copyright line; expected: //! Copyright (C) 2025 Acar, Blelloch and Milnes from 'Algorithms Parallel and Sequential'.

/home/milnes/projects/APAS-VERUS/src/Chap42/Example42_1.rs:
/home/milnes/projects/APAS-VERUS/src/Chap42/Example42_1.rs:1: info: [1] has mod declarations
/home/milnes/projects/APAS-VERUS/src/Chap42/Example42_1.rs:1: info: [2] vstd::prelude::* before verus!
/home/milnes/projects/APAS-VERUS/src/Chap42/Example42_1.rs:1: info: [3] has verus! macro
/home/milnes/projects/APAS-VERUS/src/Chap42/Example42_1.rs:1: info: [4] no std imports (ok)
/home/milnes/projects/APAS-VERUS/src/Chap42/Example42_1.rs:1: info: [5] no vstd imports (ok)
/home/milnes/projects/APAS-VERUS/src/Chap42/Example42_1.rs:1: info: [11] no Set/Seq usage (ok)
/home/milnes/projects/APAS-VERUS/src/Chap42/Example42_1.rs:1: info: [13] no non-derive trait impls (ok)
/home/milnes/projects/APAS-VERUS/src/Chap42/Example42_1.rs:1: info: [14] no Debug/Display impls (ok)
/home/milnes/projects/APAS-VERUS/src/Chap42/Example42_1.rs:1: info: [15] no PartialEq/Eq/Clone/Hash/Ord impls (ok)
/home/milnes/projects/APAS-VERUS/src/Chap42/Example42_1.rs:1: info: [16] no Lit macro definitions (ok)
/home/milnes/projects/APAS-VERUS/src/Chap42/Example42_1.rs:1: info: [17] no collection structs (ok)
/home/milnes/projects/APAS-VERUS/src/Chap42/Example42_1.rs:1: info: [18] definition order correct
/home/milnes/projects/APAS-VERUS/src/Chap42/Example42_1.rs:1: info: [19] no generic return names
/home/milnes/projects/APAS-VERUS/src/Chap42/Example42_1.rs:1: info: [21] no broadcast use entries
/home/milnes/projects/APAS-VERUS/src/Chap42/Example42_1.rs:1: info: [22:exec] exec fns: all in traits
/home/milnes/projects/APAS-VERUS/src/Chap42/Example42_1.rs:1: info: [22:spec] spec fns: all in traits as abstract signatures
/home/milnes/projects/APAS-VERUS/src/Chap42/Example42_1.rs:1: info: [22a:proof] free proof fn _example_42_1_verified correctly free (Standard 19)
/home/milnes/projects/APAS-VERUS/src/Chap42/Example42_1.rs:1: info: [23a] spec/proof fn looser bounds: N/A
/home/milnes/projects/APAS-VERUS/src/Chap42/Example42_1.rs:1: info: [23b] free fn stricter bounds: N/A
/home/milnes/projects/APAS-VERUS/src/Chap42/Example42_1.rs:21: warning: [20] trait Example42_1Trait is defined but has no impl
/home/milnes/projects/APAS-VERUS/src/Chap42/Example42_1.rs:1: warning: [24] missing or incorrect copyright line; expected: //! Copyright (C) 2025 Acar, Blelloch and Milnes from 'Algorithms Parallel and Sequential'.

/home/milnes/projects/APAS-VERUS/src/Chap42/TableMtEph.rs:
/home/milnes/projects/APAS-VERUS/src/Chap42/TableMtEph.rs:1: info: [1] has mod declarations
/home/milnes/projects/APAS-VERUS/src/Chap42/TableMtEph.rs:1: info: [2] vstd::prelude::* before verus!
/home/milnes/projects/APAS-VERUS/src/Chap42/TableMtEph.rs:1: info: [3] has verus! macro
/home/milnes/projects/APAS-VERUS/src/Chap42/TableMtEph.rs:1: info: [4] std imports grouped with trailing blank
/home/milnes/projects/APAS-VERUS/src/Chap42/TableMtEph.rs:1: info: [5] vstd imports grouped with trailing blank
/home/milnes/projects/APAS-VERUS/src/Chap42/TableMtEph.rs:1: info: [11] Set/Seq usage has broadcast groups
/home/milnes/projects/APAS-VERUS/src/Chap42/TableMtEph.rs:1: info: [12] all trait fns have specs
/home/milnes/projects/APAS-VERUS/src/Chap42/TableMtEph.rs:1: info: [13] trait impls inside verus!
/home/milnes/projects/APAS-VERUS/src/Chap42/TableMtEph.rs:1: info: [14] Debug, Display outside verus!
/home/milnes/projects/APAS-VERUS/src/Chap42/TableMtEph.rs:1: info: [15] Eq, PartialEq, Clone inside verus!
/home/milnes/projects/APAS-VERUS/src/Chap42/TableMtEph.rs:1: info: [16] Lit macro definitions at end of file
/home/milnes/projects/APAS-VERUS/src/Chap42/TableMtEph.rs:1: info: [17] no collection structs (ok)
/home/milnes/projects/APAS-VERUS/src/Chap42/TableMtEph.rs:1: info: [18] definition order correct
/home/milnes/projects/APAS-VERUS/src/Chap42/TableMtEph.rs:1: info: [19] no generic return names
/home/milnes/projects/APAS-VERUS/src/Chap42/TableMtEph.rs:1: info: [20] all traits have impls
/home/milnes/projects/APAS-VERUS/src/Chap42/TableMtEph.rs:1: info: [21] broadcast use: vstd:: before crate::
/home/milnes/projects/APAS-VERUS/src/Chap42/TableMtEph.rs:1: info: [22:proof] proof fns: all in traits
/home/milnes/projects/APAS-VERUS/src/Chap42/TableMtEph.rs:1: info: [22:spec] spec fns: all in traits as abstract signatures
/home/milnes/projects/APAS-VERUS/src/Chap42/TableMtEph.rs:1: info: [22a:exec] free fn map_table_dc correctly free (Standard 19)
/home/milnes/projects/APAS-VERUS/src/Chap42/TableMtEph.rs:1: info: [22a:exec] free fn tabulate_table_dc correctly free (Standard 19)
/home/milnes/projects/APAS-VERUS/src/Chap42/TableMtEph.rs:1: info: [22a:exec] free fn from_sorted_entries correctly free (Standard 19)
/home/milnes/projects/APAS-VERUS/src/Chap42/TableMtEph.rs:1: info: [23a] no spec/proof fns with looser bounds
/home/milnes/projects/APAS-VERUS/src/Chap42/TableMtEph.rs:1: info: [23b] free fn type bounds compatible with trait
/home/milnes/projects/APAS-VERUS/src/Chap42/TableMtEph.rs:1: warning: [24] missing or incorrect copyright line; expected: //! Copyright (C) 2025 Acar, Blelloch and Milnes from 'Algorithms Parallel and Sequential'.

/home/milnes/projects/APAS-VERUS/src/Chap42/TableSpecsAndLemmas.rs:
/home/milnes/projects/APAS-VERUS/src/Chap42/TableSpecsAndLemmas.rs:1: info: [1] has mod declarations
/home/milnes/projects/APAS-VERUS/src/Chap42/TableSpecsAndLemmas.rs:1: info: [2] vstd::prelude::* before verus!
/home/milnes/projects/APAS-VERUS/src/Chap42/TableSpecsAndLemmas.rs:1: info: [3] has verus! macro
/home/milnes/projects/APAS-VERUS/src/Chap42/TableSpecsAndLemmas.rs:1: info: [4] no std imports (ok)
/home/milnes/projects/APAS-VERUS/src/Chap42/TableSpecsAndLemmas.rs:1: info: [5] no vstd imports (ok)
/home/milnes/projects/APAS-VERUS/src/Chap42/TableSpecsAndLemmas.rs:1: info: [11] Set/Seq usage has broadcast groups
/home/milnes/projects/APAS-VERUS/src/Chap42/TableSpecsAndLemmas.rs:1: info: [12] no traits (ok)
/home/milnes/projects/APAS-VERUS/src/Chap42/TableSpecsAndLemmas.rs:1: info: [13] no non-derive trait impls (ok)
/home/milnes/projects/APAS-VERUS/src/Chap42/TableSpecsAndLemmas.rs:1: info: [14] no Debug/Display impls (ok)
/home/milnes/projects/APAS-VERUS/src/Chap42/TableSpecsAndLemmas.rs:1: info: [15] no PartialEq/Eq/Clone/Hash/Ord impls (ok)
/home/milnes/projects/APAS-VERUS/src/Chap42/TableSpecsAndLemmas.rs:1: info: [16] no Lit macro definitions (ok)
/home/milnes/projects/APAS-VERUS/src/Chap42/TableSpecsAndLemmas.rs:1: info: [17] no collection structs (ok)
/home/milnes/projects/APAS-VERUS/src/Chap42/TableSpecsAndLemmas.rs:1: info: [18] definition order correct
/home/milnes/projects/APAS-VERUS/src/Chap42/TableSpecsAndLemmas.rs:1: info: [19] no generic return names
/home/milnes/projects/APAS-VERUS/src/Chap42/TableSpecsAndLemmas.rs:1: info: [20] no traits defined
/home/milnes/projects/APAS-VERUS/src/Chap42/TableSpecsAndLemmas.rs:1: info: [21] broadcast use: vstd:: before crate::
/home/milnes/projects/APAS-VERUS/src/Chap42/TableSpecsAndLemmas.rs:1: info: [22:exec] exec fns: all in traits
/home/milnes/projects/APAS-VERUS/src/Chap42/TableSpecsAndLemmas.rs:1: info: [22a:proof] free proof fn lemma_entries_to_map_key_in_seq correctly free (Standard 19)
/home/milnes/projects/APAS-VERUS/src/Chap42/TableSpecsAndLemmas.rs:1: info: [22a:proof] free proof fn lemma_entries_to_map_contains_key correctly free (Standard 19)
/home/milnes/projects/APAS-VERUS/src/Chap42/TableSpecsAndLemmas.rs:1: info: [22a:proof] free proof fn lemma_entries_to_map_len correctly free (Standard 19)
/home/milnes/projects/APAS-VERUS/src/Chap42/TableSpecsAndLemmas.rs:1: info: [22a:proof] free proof fn lemma_entries_to_map_no_key correctly free (Standard 19)
/home/milnes/projects/APAS-VERUS/src/Chap42/TableSpecsAndLemmas.rs:1: info: [22a:proof] free proof fn lemma_entries_to_map_get correctly free (Standard 19)
/home/milnes/projects/APAS-VERUS/src/Chap42/TableSpecsAndLemmas.rs:1: info: [22a:proof] free proof fn lemma_entries_to_map_dom_subset correctly free (Standard 19)
/home/milnes/projects/APAS-VERUS/src/Chap42/TableSpecsAndLemmas.rs:1: info: [22a:proof] free proof fn lemma_entries_to_map_dom_same_keys correctly free (Standard 19)
/home/milnes/projects/APAS-VERUS/src/Chap42/TableSpecsAndLemmas.rs:1: info: [22a:proof] free proof fn lemma_entries_to_map_subseq_value correctly free (Standard 19)
/home/milnes/projects/APAS-VERUS/src/Chap42/TableSpecsAndLemmas.rs:1: info: [22a:proof] free proof fn lemma_entries_to_map_skip_prefix correctly free (Standard 19)
/home/milnes/projects/APAS-VERUS/src/Chap42/TableSpecsAndLemmas.rs:1: info: [22a:proof] free proof fn lemma_entries_to_map_ignore_suffix correctly free (Standard 19)
/home/milnes/projects/APAS-VERUS/src/Chap42/TableSpecsAndLemmas.rs:1: info: [22a:proof] free proof fn lemma_entries_to_map_agree_on_key correctly free (Standard 19)
/home/milnes/projects/APAS-VERUS/src/Chap42/TableSpecsAndLemmas.rs:1: info: [22a:proof] free proof fn lemma_subseq_no_dups correctly free (Standard 19)
/home/milnes/projects/APAS-VERUS/src/Chap42/TableSpecsAndLemmas.rs:1: info: [22a:proof] free proof fn lemma_subseq_dom_forward correctly free (Standard 19)
/home/milnes/projects/APAS-VERUS/src/Chap42/TableSpecsAndLemmas.rs:1: info: [22a:proof] free proof fn lemma_subseq_value_agrees correctly free (Standard 19)
/home/milnes/projects/APAS-VERUS/src/Chap42/TableSpecsAndLemmas.rs:1: info: [22a:spec] free spec fn spec_entries_to_map correctly free (Standard 19)
/home/milnes/projects/APAS-VERUS/src/Chap42/TableSpecsAndLemmas.rs:1: info: [22a:spec] free spec fn spec_keys_no_dups correctly free (Standard 19)
/home/milnes/projects/APAS-VERUS/src/Chap42/TableSpecsAndLemmas.rs:1: info: [23a] no spec/proof fns with looser bounds
/home/milnes/projects/APAS-VERUS/src/Chap42/TableSpecsAndLemmas.rs:1: info: [23b] free fn type bounds compatible with trait
/home/milnes/projects/APAS-VERUS/src/Chap42/TableSpecsAndLemmas.rs:1: warning: [24] missing or incorrect copyright line; expected: //! Copyright (C) 2025 Acar, Blelloch and Milnes from 'Algorithms Parallel and Sequential'.

/home/milnes/projects/APAS-VERUS/src/Chap42/TableStEph.rs:
/home/milnes/projects/APAS-VERUS/src/Chap42/TableStEph.rs:1: info: [1] has mod declarations
/home/milnes/projects/APAS-VERUS/src/Chap42/TableStEph.rs:1: info: [2] vstd::prelude::* before verus!
/home/milnes/projects/APAS-VERUS/src/Chap42/TableStEph.rs:1: info: [3] has verus! macro
/home/milnes/projects/APAS-VERUS/src/Chap42/TableStEph.rs:1: info: [4] std imports grouped with trailing blank
/home/milnes/projects/APAS-VERUS/src/Chap42/TableStEph.rs:1: info: [5] vstd imports grouped with trailing blank
/home/milnes/projects/APAS-VERUS/src/Chap42/TableStEph.rs:1: info: [11] Set/Seq usage has broadcast groups
/home/milnes/projects/APAS-VERUS/src/Chap42/TableStEph.rs:1: info: [12] all trait fns have specs
/home/milnes/projects/APAS-VERUS/src/Chap42/TableStEph.rs:1: info: [13] trait impls inside verus!
/home/milnes/projects/APAS-VERUS/src/Chap42/TableStEph.rs:1: info: [14] Debug, Display outside verus!
/home/milnes/projects/APAS-VERUS/src/Chap42/TableStEph.rs:1: info: [15] Eq, PartialEq, Clone inside verus!
/home/milnes/projects/APAS-VERUS/src/Chap42/TableStEph.rs:1: info: [16] Lit macro definitions at end of file
/home/milnes/projects/APAS-VERUS/src/Chap42/TableStEph.rs:1: info: [17] no collection structs (ok)
/home/milnes/projects/APAS-VERUS/src/Chap42/TableStEph.rs:1: info: [18] definition order correct
/home/milnes/projects/APAS-VERUS/src/Chap42/TableStEph.rs:1: info: [19] no generic return names
/home/milnes/projects/APAS-VERUS/src/Chap42/TableStEph.rs:1: info: [20] all traits have impls
/home/milnes/projects/APAS-VERUS/src/Chap42/TableStEph.rs:1: info: [21] broadcast use: vstd:: before crate::
/home/milnes/projects/APAS-VERUS/src/Chap42/TableStEph.rs:1: info: [22:proof] proof fns: all in traits
/home/milnes/projects/APAS-VERUS/src/Chap42/TableStEph.rs:1: info: [22:spec] spec fns: all in traits as abstract signatures
/home/milnes/projects/APAS-VERUS/src/Chap42/TableStEph.rs:1: info: [22a:exec] free fn from_sorted_entries correctly free (Standard 19)
/home/milnes/projects/APAS-VERUS/src/Chap42/TableStEph.rs:1: info: [23a] no spec/proof fns with looser bounds
/home/milnes/projects/APAS-VERUS/src/Chap42/TableStEph.rs:1: info: [23b] free fn type bounds compatible with trait
/home/milnes/projects/APAS-VERUS/src/Chap42/TableStEph.rs:1: warning: [24] missing or incorrect copyright line; expected: //! Copyright (C) 2025 Acar, Blelloch and Milnes from 'Algorithms Parallel and Sequential'.

/home/milnes/projects/APAS-VERUS/src/Chap42/TableStPer.rs:
/home/milnes/projects/APAS-VERUS/src/Chap42/TableStPer.rs:1: info: [1] has mod declarations
/home/milnes/projects/APAS-VERUS/src/Chap42/TableStPer.rs:1: info: [2] vstd::prelude::* before verus!
/home/milnes/projects/APAS-VERUS/src/Chap42/TableStPer.rs:1: info: [3] has verus! macro
/home/milnes/projects/APAS-VERUS/src/Chap42/TableStPer.rs:1: info: [4] std imports grouped with trailing blank
/home/milnes/projects/APAS-VERUS/src/Chap42/TableStPer.rs:1: info: [5] vstd imports grouped with trailing blank
/home/milnes/projects/APAS-VERUS/src/Chap42/TableStPer.rs:1: info: [11] Set/Seq usage has broadcast groups
/home/milnes/projects/APAS-VERUS/src/Chap42/TableStPer.rs:1: info: [12] all trait fns have specs
/home/milnes/projects/APAS-VERUS/src/Chap42/TableStPer.rs:1: info: [13] trait impls inside verus!
/home/milnes/projects/APAS-VERUS/src/Chap42/TableStPer.rs:1: info: [14] Debug, Display outside verus!
/home/milnes/projects/APAS-VERUS/src/Chap42/TableStPer.rs:1: info: [15] Eq, PartialEq, Clone inside verus!
/home/milnes/projects/APAS-VERUS/src/Chap42/TableStPer.rs:1: info: [16] Lit macro definitions at end of file
/home/milnes/projects/APAS-VERUS/src/Chap42/TableStPer.rs:1: info: [17] no collection structs (ok)
/home/milnes/projects/APAS-VERUS/src/Chap42/TableStPer.rs:1: info: [18] definition order correct
/home/milnes/projects/APAS-VERUS/src/Chap42/TableStPer.rs:1: info: [19] no generic return names
/home/milnes/projects/APAS-VERUS/src/Chap42/TableStPer.rs:1: info: [20] all traits have impls
/home/milnes/projects/APAS-VERUS/src/Chap42/TableStPer.rs:1: info: [21] broadcast use: vstd:: before crate::
/home/milnes/projects/APAS-VERUS/src/Chap42/TableStPer.rs:1: info: [22a:exec] free fn from_sorted_entries correctly free (Standard 19)
/home/milnes/projects/APAS-VERUS/src/Chap42/TableStPer.rs:1: info: [22a:exec] free fn collect_by_key correctly free (Standard 19)
/home/milnes/projects/APAS-VERUS/src/Chap42/TableStPer.rs:1: info: [22a:proof] free proof fn lemma_spec_collect_domain_step correctly free (Standard 19)
/home/milnes/projects/APAS-VERUS/src/Chap42/TableStPer.rs:1: info: [22a:proof] free proof fn lemma_spec_collect_key_step correctly free (Standard 19)
/home/milnes/projects/APAS-VERUS/src/Chap42/TableStPer.rs:1: info: [22a:proof] free proof fn lemma_spec_collect_key_not_in_domain correctly free (Standard 19)
/home/milnes/projects/APAS-VERUS/src/Chap42/TableStPer.rs:1: info: [22a:proof] free proof fn lemma_spec_collect_key_len_bound correctly free (Standard 19)
/home/milnes/projects/APAS-VERUS/src/Chap42/TableStPer.rs:1: info: [22a:spec] free spec fn spec_collect_key correctly free (Standard 19)
/home/milnes/projects/APAS-VERUS/src/Chap42/TableStPer.rs:1: info: [22a:spec] free spec fn spec_collect_domain correctly free (Standard 19)
/home/milnes/projects/APAS-VERUS/src/Chap42/TableStPer.rs:1: info: [23a] no spec/proof fns with looser bounds
/home/milnes/projects/APAS-VERUS/src/Chap42/TableStPer.rs:2597: warning: [23b] free fn collect_by_key param K has bounds `StT + Ord + Eq` but trait TableStPerTrait has `StT + Ord`
/home/milnes/projects/APAS-VERUS/src/Chap42/TableStPer.rs:1: warning: [24] missing or incorrect copyright line; expected: //! Copyright (C) 2025 Acar, Blelloch and Milnes from 'Algorithms Parallel and Sequential'.

/home/milnes/projects/APAS-VERUS/src/Chap43/AugOrderedTableMtEph.rs:
/home/milnes/projects/APAS-VERUS/src/Chap43/AugOrderedTableMtEph.rs:1: info: [1] has mod declarations
/home/milnes/projects/APAS-VERUS/src/Chap43/AugOrderedTableMtEph.rs:1: info: [2] vstd::prelude::* before verus!
/home/milnes/projects/APAS-VERUS/src/Chap43/AugOrderedTableMtEph.rs:1: info: [3] has verus! macro
/home/milnes/projects/APAS-VERUS/src/Chap43/AugOrderedTableMtEph.rs:1: info: [4] std imports grouped with trailing blank
/home/milnes/projects/APAS-VERUS/src/Chap43/AugOrderedTableMtEph.rs:1: info: [5] vstd imports grouped with trailing blank
/home/milnes/projects/APAS-VERUS/src/Chap43/AugOrderedTableMtEph.rs:1: info: [11] no Set/Seq usage (ok)
/home/milnes/projects/APAS-VERUS/src/Chap43/AugOrderedTableMtEph.rs:1: info: [13] trait impls inside verus!
/home/milnes/projects/APAS-VERUS/src/Chap43/AugOrderedTableMtEph.rs:1: info: [14] Display, Debug outside verus!
/home/milnes/projects/APAS-VERUS/src/Chap43/AugOrderedTableMtEph.rs:1: info: [16] Lit macro definitions at end of file
/home/milnes/projects/APAS-VERUS/src/Chap43/AugOrderedTableMtEph.rs:1: info: [18] definition order correct
/home/milnes/projects/APAS-VERUS/src/Chap43/AugOrderedTableMtEph.rs:1: info: [19] no generic return names
/home/milnes/projects/APAS-VERUS/src/Chap43/AugOrderedTableMtEph.rs:1: info: [20] all traits have impls
/home/milnes/projects/APAS-VERUS/src/Chap43/AugOrderedTableMtEph.rs:1: info: [21] broadcast use: vstd:: before crate::
/home/milnes/projects/APAS-VERUS/src/Chap43/AugOrderedTableMtEph.rs:1: info: [22:spec] spec fns: all in traits as abstract signatures
/home/milnes/projects/APAS-VERUS/src/Chap43/AugOrderedTableMtEph.rs:1: info: [22a:exec] free fn calculate_reduction correctly free (Standard 19)
/home/milnes/projects/APAS-VERUS/src/Chap43/AugOrderedTableMtEph.rs:1: info: [23a] no spec/proof fns with looser bounds
/home/milnes/projects/APAS-VERUS/src/Chap43/AugOrderedTableMtEph.rs:1: info: [23b] free fn type bounds compatible with trait
/home/milnes/projects/APAS-VERUS/src/Chap43/AugOrderedTableMtEph.rs:364: warning: [12] trait AugOrderedTableMtEphTrait fn reduce_val should have requires/ensures
/home/milnes/projects/APAS-VERUS/src/Chap43/AugOrderedTableMtEph.rs:935: warning: [15] impl PartialEq should be inside verus! (for verification)
/home/milnes/projects/APAS-VERUS/src/Chap43/AugOrderedTableMtEph.rs:1: warning: [17] collection AugOrderedTableMtEph should have an Iterator impl
/home/milnes/projects/APAS-VERUS/src/Chap43/AugOrderedTableMtEph.rs:1: warning: [17] collection AugOrderedTableMtEph should have an IntoIterator impl
/home/milnes/projects/APAS-VERUS/src/Chap43/AugOrderedTableMtEph.rs:392: warning: [22:exec] free fn recalculate_reduction should be a trait method
/home/milnes/projects/APAS-VERUS/src/Chap43/AugOrderedTableMtEph.rs:96: warning: [22:proof] free proof fn lemma_aug_view should be a trait method
/home/milnes/projects/APAS-VERUS/src/Chap43/AugOrderedTableMtEph.rs:1: warning: [24] missing or incorrect copyright line; expected: //! Copyright (C) 2025 Acar, Blelloch and Milnes from 'Algorithms Parallel and Sequential'.

/home/milnes/projects/APAS-VERUS/src/Chap43/AugOrderedTableStEph.rs:
/home/milnes/projects/APAS-VERUS/src/Chap43/AugOrderedTableStEph.rs:1: info: [1] has mod declarations
/home/milnes/projects/APAS-VERUS/src/Chap43/AugOrderedTableStEph.rs:1: info: [2] vstd::prelude::* before verus!
/home/milnes/projects/APAS-VERUS/src/Chap43/AugOrderedTableStEph.rs:1: info: [3] has verus! macro
/home/milnes/projects/APAS-VERUS/src/Chap43/AugOrderedTableStEph.rs:1: info: [4] std imports grouped with trailing blank
/home/milnes/projects/APAS-VERUS/src/Chap43/AugOrderedTableStEph.rs:1: info: [5] vstd imports grouped with trailing blank
/home/milnes/projects/APAS-VERUS/src/Chap43/AugOrderedTableStEph.rs:1: info: [11] no Set/Seq usage (ok)
/home/milnes/projects/APAS-VERUS/src/Chap43/AugOrderedTableStEph.rs:1: info: [12] all trait fns have specs
/home/milnes/projects/APAS-VERUS/src/Chap43/AugOrderedTableStEph.rs:1: info: [13] trait impls inside verus!
/home/milnes/projects/APAS-VERUS/src/Chap43/AugOrderedTableStEph.rs:1: info: [14] Display, Debug outside verus!
/home/milnes/projects/APAS-VERUS/src/Chap43/AugOrderedTableStEph.rs:1: info: [16] Lit macro definitions at end of file
/home/milnes/projects/APAS-VERUS/src/Chap43/AugOrderedTableStEph.rs:1: info: [18] definition order correct
/home/milnes/projects/APAS-VERUS/src/Chap43/AugOrderedTableStEph.rs:1: info: [19] no generic return names
/home/milnes/projects/APAS-VERUS/src/Chap43/AugOrderedTableStEph.rs:1: info: [20] all traits have impls
/home/milnes/projects/APAS-VERUS/src/Chap43/AugOrderedTableStEph.rs:1: info: [21] broadcast use: vstd:: before crate::
/home/milnes/projects/APAS-VERUS/src/Chap43/AugOrderedTableStEph.rs:1: info: [22:spec] spec fns: all in traits as abstract signatures
/home/milnes/projects/APAS-VERUS/src/Chap43/AugOrderedTableStEph.rs:1: info: [22a:exec] free fn calculate_reduction correctly free (Standard 19)
/home/milnes/projects/APAS-VERUS/src/Chap43/AugOrderedTableStEph.rs:1: info: [23a] no spec/proof fns with looser bounds
/home/milnes/projects/APAS-VERUS/src/Chap43/AugOrderedTableStEph.rs:997: warning: [15] impl PartialEq should be inside verus! (for verification)
/home/milnes/projects/APAS-VERUS/src/Chap43/AugOrderedTableStEph.rs:1: warning: [17] collection AugOrderedTableStEph should have an Iterator impl
/home/milnes/projects/APAS-VERUS/src/Chap43/AugOrderedTableStEph.rs:1: warning: [17] collection AugOrderedTableStEph should have an IntoIterator impl
/home/milnes/projects/APAS-VERUS/src/Chap43/AugOrderedTableStEph.rs:91: warning: [22:proof] free proof fn lemma_aug_view should be a trait method
/home/milnes/projects/APAS-VERUS/src/Chap43/AugOrderedTableStEph.rs:91: warning: [23b] free fn lemma_aug_view param F has bounds `Fn (& V , & V) -> V + Clone` but trait AugOrderedTableStEphTrait has `(none)`
/home/milnes/projects/APAS-VERUS/src/Chap43/AugOrderedTableStEph.rs:1: warning: [24] missing or incorrect copyright line; expected: //! Copyright (C) 2025 Acar, Blelloch and Milnes from 'Algorithms Parallel and Sequential'.

/home/milnes/projects/APAS-VERUS/src/Chap43/AugOrderedTableStPer.rs:
/home/milnes/projects/APAS-VERUS/src/Chap43/AugOrderedTableStPer.rs:1: info: [1] has mod declarations
/home/milnes/projects/APAS-VERUS/src/Chap43/AugOrderedTableStPer.rs:1: info: [2] vstd::prelude::* before verus!
/home/milnes/projects/APAS-VERUS/src/Chap43/AugOrderedTableStPer.rs:1: info: [3] has verus! macro
/home/milnes/projects/APAS-VERUS/src/Chap43/AugOrderedTableStPer.rs:1: info: [4] std imports grouped with trailing blank
/home/milnes/projects/APAS-VERUS/src/Chap43/AugOrderedTableStPer.rs:1: info: [5] vstd imports grouped with trailing blank
/home/milnes/projects/APAS-VERUS/src/Chap43/AugOrderedTableStPer.rs:1: info: [11] no Set/Seq usage (ok)
/home/milnes/projects/APAS-VERUS/src/Chap43/AugOrderedTableStPer.rs:1: info: [12] all trait fns have specs
/home/milnes/projects/APAS-VERUS/src/Chap43/AugOrderedTableStPer.rs:1: info: [13] trait impls inside verus!
/home/milnes/projects/APAS-VERUS/src/Chap43/AugOrderedTableStPer.rs:1: info: [14] Display, Debug outside verus!
/home/milnes/projects/APAS-VERUS/src/Chap43/AugOrderedTableStPer.rs:1: info: [15] Eq, PartialEq, Clone inside verus!
/home/milnes/projects/APAS-VERUS/src/Chap43/AugOrderedTableStPer.rs:1: info: [16] Lit macro definitions at end of file
/home/milnes/projects/APAS-VERUS/src/Chap43/AugOrderedTableStPer.rs:1: info: [18] definition order correct
/home/milnes/projects/APAS-VERUS/src/Chap43/AugOrderedTableStPer.rs:1: info: [19] no generic return names
/home/milnes/projects/APAS-VERUS/src/Chap43/AugOrderedTableStPer.rs:1: info: [20] all traits have impls
/home/milnes/projects/APAS-VERUS/src/Chap43/AugOrderedTableStPer.rs:1: info: [21] broadcast use: vstd:: before crate::
/home/milnes/projects/APAS-VERUS/src/Chap43/AugOrderedTableStPer.rs:1: info: [22:spec] spec fns: all in traits as abstract signatures
/home/milnes/projects/APAS-VERUS/src/Chap43/AugOrderedTableStPer.rs:1: info: [22a:exec] free fn calculate_reduction correctly free (Standard 19)
/home/milnes/projects/APAS-VERUS/src/Chap43/AugOrderedTableStPer.rs:1: info: [23a] no spec/proof fns with looser bounds
/home/milnes/projects/APAS-VERUS/src/Chap43/AugOrderedTableStPer.rs:1: warning: [17] collection AugOrderedTableStPer should have an Iterator impl
/home/milnes/projects/APAS-VERUS/src/Chap43/AugOrderedTableStPer.rs:1: warning: [17] collection AugOrderedTableStPer should have an IntoIterator impl
/home/milnes/projects/APAS-VERUS/src/Chap43/AugOrderedTableStPer.rs:92: warning: [22:proof] free proof fn lemma_aug_view should be a trait method
/home/milnes/projects/APAS-VERUS/src/Chap43/AugOrderedTableStPer.rs:92: warning: [23b] free fn lemma_aug_view param F has bounds `Fn (& V , & V) -> V + Clone` but trait AugOrderedTableStPerTrait has `(none)`
/home/milnes/projects/APAS-VERUS/src/Chap43/AugOrderedTableStPer.rs:1: warning: [24] missing or incorrect copyright line; expected: //! Copyright (C) 2025 Acar, Blelloch and Milnes from 'Algorithms Parallel and Sequential'.

/home/milnes/projects/APAS-VERUS/src/Chap43/Example43_1.rs:
/home/milnes/projects/APAS-VERUS/src/Chap43/Example43_1.rs:1: info: [1] has mod declarations
/home/milnes/projects/APAS-VERUS/src/Chap43/Example43_1.rs:1: info: [2] vstd::prelude::* before verus!
/home/milnes/projects/APAS-VERUS/src/Chap43/Example43_1.rs:1: info: [3] has verus! macro
/home/milnes/projects/APAS-VERUS/src/Chap43/Example43_1.rs:1: info: [4] no std imports (ok)
/home/milnes/projects/APAS-VERUS/src/Chap43/Example43_1.rs:1: info: [5] no vstd imports (ok)
/home/milnes/projects/APAS-VERUS/src/Chap43/Example43_1.rs:1: info: [11] no Set/Seq usage (ok)
/home/milnes/projects/APAS-VERUS/src/Chap43/Example43_1.rs:1: info: [13] no non-derive trait impls (ok)
/home/milnes/projects/APAS-VERUS/src/Chap43/Example43_1.rs:1: info: [14] no Debug/Display impls (ok)
/home/milnes/projects/APAS-VERUS/src/Chap43/Example43_1.rs:1: info: [15] no PartialEq/Eq/Clone/Hash/Ord impls (ok)
/home/milnes/projects/APAS-VERUS/src/Chap43/Example43_1.rs:1: info: [16] no Lit macro definitions (ok)
/home/milnes/projects/APAS-VERUS/src/Chap43/Example43_1.rs:1: info: [17] no collection structs (ok)
/home/milnes/projects/APAS-VERUS/src/Chap43/Example43_1.rs:1: info: [18] definition order correct
/home/milnes/projects/APAS-VERUS/src/Chap43/Example43_1.rs:1: info: [19] no generic return names
/home/milnes/projects/APAS-VERUS/src/Chap43/Example43_1.rs:1: info: [21] no broadcast use entries
/home/milnes/projects/APAS-VERUS/src/Chap43/Example43_1.rs:1: info: [22:exec] exec fns: all in traits
/home/milnes/projects/APAS-VERUS/src/Chap43/Example43_1.rs:1: info: [22:spec] spec fns: all in traits as abstract signatures
/home/milnes/projects/APAS-VERUS/src/Chap43/Example43_1.rs:1: info: [22a:proof] free proof fn _example_43_1_verified correctly free (Standard 19)
/home/milnes/projects/APAS-VERUS/src/Chap43/Example43_1.rs:1: info: [23a] spec/proof fn looser bounds: N/A
/home/milnes/projects/APAS-VERUS/src/Chap43/Example43_1.rs:1: info: [23b] free fn stricter bounds: N/A
/home/milnes/projects/APAS-VERUS/src/Chap43/Example43_1.rs:19: warning: [20] trait Example43_1Trait is defined but has no impl
/home/milnes/projects/APAS-VERUS/src/Chap43/Example43_1.rs:1: warning: [24] missing or incorrect copyright line; expected: //! Copyright (C) 2025 Acar, Blelloch and Milnes from 'Algorithms Parallel and Sequential'.

/home/milnes/projects/APAS-VERUS/src/Chap43/OrderedSetMtEph.rs:
/home/milnes/projects/APAS-VERUS/src/Chap43/OrderedSetMtEph.rs:1: info: [1] has mod declarations
/home/milnes/projects/APAS-VERUS/src/Chap43/OrderedSetMtEph.rs:1: info: [2] vstd::prelude::* before verus!
/home/milnes/projects/APAS-VERUS/src/Chap43/OrderedSetMtEph.rs:1: info: [3] has verus! macro
/home/milnes/projects/APAS-VERUS/src/Chap43/OrderedSetMtEph.rs:1: info: [5] vstd imports grouped with trailing blank
/home/milnes/projects/APAS-VERUS/src/Chap43/OrderedSetMtEph.rs:1: info: [11] Set/Seq usage has broadcast groups
/home/milnes/projects/APAS-VERUS/src/Chap43/OrderedSetMtEph.rs:1: info: [12] all trait fns have specs
/home/milnes/projects/APAS-VERUS/src/Chap43/OrderedSetMtEph.rs:1: info: [13] trait impls inside verus!
/home/milnes/projects/APAS-VERUS/src/Chap43/OrderedSetMtEph.rs:1: info: [14] Debug, Display outside verus!
/home/milnes/projects/APAS-VERUS/src/Chap43/OrderedSetMtEph.rs:1: info: [15] no PartialEq/Eq/Clone/Hash/Ord impls (ok)
/home/milnes/projects/APAS-VERUS/src/Chap43/OrderedSetMtEph.rs:1: info: [16] Lit macro definitions at end of file
/home/milnes/projects/APAS-VERUS/src/Chap43/OrderedSetMtEph.rs:1: info: [18] definition order correct
/home/milnes/projects/APAS-VERUS/src/Chap43/OrderedSetMtEph.rs:1: info: [19] no generic return names
/home/milnes/projects/APAS-VERUS/src/Chap43/OrderedSetMtEph.rs:1: info: [20] all traits have impls
/home/milnes/projects/APAS-VERUS/src/Chap43/OrderedSetMtEph.rs:1: info: [21] broadcast use: vstd:: before crate::
/home/milnes/projects/APAS-VERUS/src/Chap43/OrderedSetMtEph.rs:1: info: [22:proof] proof fns: all in traits
/home/milnes/projects/APAS-VERUS/src/Chap43/OrderedSetMtEph.rs:1: info: [22:spec] spec fns: all in traits as abstract signatures
/home/milnes/projects/APAS-VERUS/src/Chap43/OrderedSetMtEph.rs:1: info: [22a:exec] free fn from_st correctly free (Standard 19)
/home/milnes/projects/APAS-VERUS/src/Chap43/OrderedSetMtEph.rs:1: info: [23a] no spec/proof fns with looser bounds
/home/milnes/projects/APAS-VERUS/src/Chap43/OrderedSetMtEph.rs:1: info: [23b] free fn type bounds compatible with trait
/home/milnes/projects/APAS-VERUS/src/Chap43/OrderedSetMtEph.rs:724: warning: [4] use std::... imports should be grouped with trailing blank line
/home/milnes/projects/APAS-VERUS/src/Chap43/OrderedSetMtEph.rs:1: warning: [17] collection OrderedSetMtEph should have an Iterator impl
/home/milnes/projects/APAS-VERUS/src/Chap43/OrderedSetMtEph.rs:1: warning: [17] collection OrderedSetMtEph should have an IntoIterator impl
/home/milnes/projects/APAS-VERUS/src/Chap43/OrderedSetMtEph.rs:1: warning: [24] missing or incorrect copyright line; expected: //! Copyright (C) 2025 Acar, Blelloch and Milnes from 'Algorithms Parallel and Sequential'.

/home/milnes/projects/APAS-VERUS/src/Chap43/OrderedSetStEph.rs:
/home/milnes/projects/APAS-VERUS/src/Chap43/OrderedSetStEph.rs:1: info: [1] has mod declarations
/home/milnes/projects/APAS-VERUS/src/Chap43/OrderedSetStEph.rs:1: info: [2] vstd::prelude::* before verus!
/home/milnes/projects/APAS-VERUS/src/Chap43/OrderedSetStEph.rs:1: info: [3] has verus! macro
/home/milnes/projects/APAS-VERUS/src/Chap43/OrderedSetStEph.rs:1: info: [4] std imports grouped with trailing blank
/home/milnes/projects/APAS-VERUS/src/Chap43/OrderedSetStEph.rs:1: info: [5] vstd imports grouped with trailing blank
/home/milnes/projects/APAS-VERUS/src/Chap43/OrderedSetStEph.rs:1: info: [11] Set/Seq usage has broadcast groups
/home/milnes/projects/APAS-VERUS/src/Chap43/OrderedSetStEph.rs:1: info: [12] all trait fns have specs
/home/milnes/projects/APAS-VERUS/src/Chap43/OrderedSetStEph.rs:1: info: [14] Debug, Display outside verus!
/home/milnes/projects/APAS-VERUS/src/Chap43/OrderedSetStEph.rs:1: info: [16] Lit macro definitions at end of file
/home/milnes/projects/APAS-VERUS/src/Chap43/OrderedSetStEph.rs:1: info: [18] definition order correct
/home/milnes/projects/APAS-VERUS/src/Chap43/OrderedSetStEph.rs:1: info: [19] no generic return names
/home/milnes/projects/APAS-VERUS/src/Chap43/OrderedSetStEph.rs:1: info: [20] all traits have impls
/home/milnes/projects/APAS-VERUS/src/Chap43/OrderedSetStEph.rs:1: info: [21] broadcast use: vstd:: before crate::
/home/milnes/projects/APAS-VERUS/src/Chap43/OrderedSetStEph.rs:1: info: [22:spec] spec fns: all in traits as abstract signatures
/home/milnes/projects/APAS-VERUS/src/Chap43/OrderedSetStEph.rs:1: info: [22a:exec] free fn tree_max_key correctly free (Standard 19)
/home/milnes/projects/APAS-VERUS/src/Chap43/OrderedSetStEph.rs:1: info: [22a:exec] free fn tree_select correctly free (Standard 19)
/home/milnes/projects/APAS-VERUS/src/Chap43/OrderedSetStEph.rs:1: info: [22a:exec] free fn from_sorted_elements correctly free (Standard 19)
/home/milnes/projects/APAS-VERUS/src/Chap43/OrderedSetStEph.rs:1: info: [22a:proof] free proof fn lemma_cmp_antisymmetry correctly free (Standard 19)
/home/milnes/projects/APAS-VERUS/src/Chap43/OrderedSetStEph.rs:1: info: [22a:proof] free proof fn lemma_cmp_transitivity correctly free (Standard 19)
/home/milnes/projects/APAS-VERUS/src/Chap43/OrderedSetStEph.rs:1: info: [22a:proof] free proof fn lemma_cmp_equal_congruent correctly free (Standard 19)
/home/milnes/projects/APAS-VERUS/src/Chap43/OrderedSetStEph.rs:1: info: [23a] no spec/proof fns with looser bounds
/home/milnes/projects/APAS-VERUS/src/Chap43/OrderedSetStEph.rs:1: info: [23b] free fn type bounds compatible with trait
/home/milnes/projects/APAS-VERUS/src/Chap43/OrderedSetStEph.rs:1021: warning: [13] impl Default for OrderedSetStEph should be inside verus!
/home/milnes/projects/APAS-VERUS/src/Chap43/OrderedSetStEph.rs:1025: warning: [15] impl PartialEq should be inside verus! (for verification)
/home/milnes/projects/APAS-VERUS/src/Chap43/OrderedSetStEph.rs:1: warning: [17] collection OrderedSetStEph should have an Iterator impl
/home/milnes/projects/APAS-VERUS/src/Chap43/OrderedSetStEph.rs:1: warning: [17] collection OrderedSetStEph should have an IntoIterator impl
/home/milnes/projects/APAS-VERUS/src/Chap43/OrderedSetStEph.rs:1: warning: [24] missing or incorrect copyright line; expected: //! Copyright (C) 2025 Acar, Blelloch and Milnes from 'Algorithms Parallel and Sequential'.

/home/milnes/projects/APAS-VERUS/src/Chap43/OrderedSetStPer.rs:
/home/milnes/projects/APAS-VERUS/src/Chap43/OrderedSetStPer.rs:1: info: [1] has mod declarations
/home/milnes/projects/APAS-VERUS/src/Chap43/OrderedSetStPer.rs:1: info: [2] vstd::prelude::* before verus!
/home/milnes/projects/APAS-VERUS/src/Chap43/OrderedSetStPer.rs:1: info: [3] has verus! macro
/home/milnes/projects/APAS-VERUS/src/Chap43/OrderedSetStPer.rs:1: info: [4] std imports grouped with trailing blank
/home/milnes/projects/APAS-VERUS/src/Chap43/OrderedSetStPer.rs:1: info: [5] vstd imports grouped with trailing blank
/home/milnes/projects/APAS-VERUS/src/Chap43/OrderedSetStPer.rs:1: info: [11] Set/Seq usage has broadcast groups
/home/milnes/projects/APAS-VERUS/src/Chap43/OrderedSetStPer.rs:1: info: [12] all trait fns have specs
/home/milnes/projects/APAS-VERUS/src/Chap43/OrderedSetStPer.rs:1: info: [13] trait impls inside verus!
/home/milnes/projects/APAS-VERUS/src/Chap43/OrderedSetStPer.rs:1: info: [14] Debug, Display outside verus!
/home/milnes/projects/APAS-VERUS/src/Chap43/OrderedSetStPer.rs:1: info: [16] Lit macro definitions at end of file
/home/milnes/projects/APAS-VERUS/src/Chap43/OrderedSetStPer.rs:1: info: [18] definition order correct
/home/milnes/projects/APAS-VERUS/src/Chap43/OrderedSetStPer.rs:1: info: [19] no generic return names
/home/milnes/projects/APAS-VERUS/src/Chap43/OrderedSetStPer.rs:1: info: [20] all traits have impls
/home/milnes/projects/APAS-VERUS/src/Chap43/OrderedSetStPer.rs:1: info: [21] broadcast use: vstd:: before crate::
/home/milnes/projects/APAS-VERUS/src/Chap43/OrderedSetStPer.rs:1: info: [22:spec] spec fns: all in traits as abstract signatures
/home/milnes/projects/APAS-VERUS/src/Chap43/OrderedSetStPer.rs:1: info: [22a:exec] free fn tree_max_key correctly free (Standard 19)
/home/milnes/projects/APAS-VERUS/src/Chap43/OrderedSetStPer.rs:1: info: [22a:exec] free fn tree_select correctly free (Standard 19)
/home/milnes/projects/APAS-VERUS/src/Chap43/OrderedSetStPer.rs:1: info: [22a:exec] free fn from_sorted_elements correctly free (Standard 19)
/home/milnes/projects/APAS-VERUS/src/Chap43/OrderedSetStPer.rs:1: info: [22a:proof] free proof fn lemma_cmp_antisymmetry correctly free (Standard 19)
/home/milnes/projects/APAS-VERUS/src/Chap43/OrderedSetStPer.rs:1: info: [22a:proof] free proof fn lemma_cmp_transitivity correctly free (Standard 19)
/home/milnes/projects/APAS-VERUS/src/Chap43/OrderedSetStPer.rs:1: info: [22a:proof] free proof fn lemma_cmp_equal_congruent correctly free (Standard 19)
/home/milnes/projects/APAS-VERUS/src/Chap43/OrderedSetStPer.rs:1: info: [23a] no spec/proof fns with looser bounds
/home/milnes/projects/APAS-VERUS/src/Chap43/OrderedSetStPer.rs:1: info: [23b] free fn type bounds compatible with trait
/home/milnes/projects/APAS-VERUS/src/Chap43/OrderedSetStPer.rs:1089: warning: [15] impl PartialEq should be inside verus! (for verification)
/home/milnes/projects/APAS-VERUS/src/Chap43/OrderedSetStPer.rs:1: warning: [17] collection OrderedSetStPer should have an Iterator impl
/home/milnes/projects/APAS-VERUS/src/Chap43/OrderedSetStPer.rs:1: warning: [17] collection OrderedSetStPer should have an IntoIterator impl
/home/milnes/projects/APAS-VERUS/src/Chap43/OrderedSetStPer.rs:1: warning: [24] missing or incorrect copyright line; expected: //! Copyright (C) 2025 Acar, Blelloch and Milnes from 'Algorithms Parallel and Sequential'.

/home/milnes/projects/APAS-VERUS/src/Chap43/OrderedSpecsAndLemmas.rs:
/home/milnes/projects/APAS-VERUS/src/Chap43/OrderedSpecsAndLemmas.rs:1: info: [1] has mod declarations
/home/milnes/projects/APAS-VERUS/src/Chap43/OrderedSpecsAndLemmas.rs:1: info: [2] vstd::prelude::* before verus!
/home/milnes/projects/APAS-VERUS/src/Chap43/OrderedSpecsAndLemmas.rs:1: info: [3] has verus! macro
/home/milnes/projects/APAS-VERUS/src/Chap43/OrderedSpecsAndLemmas.rs:1: info: [4] std imports grouped with trailing blank
/home/milnes/projects/APAS-VERUS/src/Chap43/OrderedSpecsAndLemmas.rs:1: info: [5] vstd imports grouped with trailing blank
/home/milnes/projects/APAS-VERUS/src/Chap43/OrderedSpecsAndLemmas.rs:1: info: [12] no traits (ok)
/home/milnes/projects/APAS-VERUS/src/Chap43/OrderedSpecsAndLemmas.rs:1: info: [13] no non-derive trait impls (ok)
/home/milnes/projects/APAS-VERUS/src/Chap43/OrderedSpecsAndLemmas.rs:1: info: [14] no Debug/Display impls (ok)
/home/milnes/projects/APAS-VERUS/src/Chap43/OrderedSpecsAndLemmas.rs:1: info: [15] no PartialEq/Eq/Clone/Hash/Ord impls (ok)
/home/milnes/projects/APAS-VERUS/src/Chap43/OrderedSpecsAndLemmas.rs:1: info: [16] no Lit macro definitions (ok)
/home/milnes/projects/APAS-VERUS/src/Chap43/OrderedSpecsAndLemmas.rs:1: info: [17] no collection structs (ok)
/home/milnes/projects/APAS-VERUS/src/Chap43/OrderedSpecsAndLemmas.rs:1: info: [18] definition order correct
/home/milnes/projects/APAS-VERUS/src/Chap43/OrderedSpecsAndLemmas.rs:1: info: [19] no generic return names
/home/milnes/projects/APAS-VERUS/src/Chap43/OrderedSpecsAndLemmas.rs:1: info: [20] no traits defined
/home/milnes/projects/APAS-VERUS/src/Chap43/OrderedSpecsAndLemmas.rs:1: info: [21] broadcast use: vstd:: before crate::
/home/milnes/projects/APAS-VERUS/src/Chap43/OrderedSpecsAndLemmas.rs:1: info: [22:exec] exec fns: all in traits
/home/milnes/projects/APAS-VERUS/src/Chap43/OrderedSpecsAndLemmas.rs:1: info: [22a:proof] free proof fn lemma_view_gen_insert correctly free (Standard 19)
/home/milnes/projects/APAS-VERUS/src/Chap43/OrderedSpecsAndLemmas.rs:1: info: [22a:proof] free proof fn lemma_pair_set_to_map_dom_contains correctly free (Standard 19)
/home/milnes/projects/APAS-VERUS/src/Chap43/OrderedSpecsAndLemmas.rs:1: info: [22a:proof] free proof fn lemma_pair_set_to_map_len correctly free (Standard 19)
/home/milnes/projects/APAS-VERUS/src/Chap43/OrderedSpecsAndLemmas.rs:1: info: [22a:proof] free proof fn lemma_pair_in_set_map_contains correctly free (Standard 19)
/home/milnes/projects/APAS-VERUS/src/Chap43/OrderedSpecsAndLemmas.rs:1: info: [22a:proof] free proof fn lemma_map_contains_pair_in_set correctly free (Standard 19)
/home/milnes/projects/APAS-VERUS/src/Chap43/OrderedSpecsAndLemmas.rs:1: info: [22a:proof] free proof fn lemma_key_unique_insert correctly free (Standard 19)
/home/milnes/projects/APAS-VERUS/src/Chap43/OrderedSpecsAndLemmas.rs:1: info: [22a:proof] free proof fn lemma_sorted_keys_pairwise_distinct correctly free (Standard 19)
/home/milnes/projects/APAS-VERUS/src/Chap43/OrderedSpecsAndLemmas.rs:1: info: [22a:proof] free proof fn lemma_key_unique_subset correctly free (Standard 19)
/home/milnes/projects/APAS-VERUS/src/Chap43/OrderedSpecsAndLemmas.rs:1: info: [22a:proof] free proof fn lemma_key_unique_empty correctly free (Standard 19)
/home/milnes/projects/APAS-VERUS/src/Chap43/OrderedSpecsAndLemmas.rs:1: info: [22a:proof] free proof fn lemma_set_to_map_insert correctly free (Standard 19)
/home/milnes/projects/APAS-VERUS/src/Chap43/OrderedSpecsAndLemmas.rs:1: info: [22a:proof] free proof fn lemma_set_to_map_empty correctly free (Standard 19)
/home/milnes/projects/APAS-VERUS/src/Chap43/OrderedSpecsAndLemmas.rs:1: info: [22a:spec] free spec fn spec_pair_set_to_map correctly free (Standard 19)
/home/milnes/projects/APAS-VERUS/src/Chap43/OrderedSpecsAndLemmas.rs:1: info: [22a:spec] free spec fn spec_set_pair_view_generated correctly free (Standard 19)
/home/milnes/projects/APAS-VERUS/src/Chap43/OrderedSpecsAndLemmas.rs:1: info: [22a:spec] free spec fn spec_key_unique_pairs_set correctly free (Standard 19)
/home/milnes/projects/APAS-VERUS/src/Chap43/OrderedSpecsAndLemmas.rs:1: info: [22a:spec] free spec fn spec_pair_key_determines_order correctly free (Standard 19)
/home/milnes/projects/APAS-VERUS/src/Chap43/OrderedSpecsAndLemmas.rs:1: info: [23a] no spec/proof fns with looser bounds
/home/milnes/projects/APAS-VERUS/src/Chap43/OrderedSpecsAndLemmas.rs:1: info: [23b] free fn type bounds compatible with trait
/home/milnes/projects/APAS-VERUS/src/Chap43/OrderedSpecsAndLemmas.rs:1: warning: [11] Seq usage should have vstd::seq::group_seq_axioms in broadcast use
/home/milnes/projects/APAS-VERUS/src/Chap43/OrderedSpecsAndLemmas.rs:1: warning: [24] missing or incorrect copyright line; expected: //! Copyright (C) 2025 Acar, Blelloch and Milnes from 'Algorithms Parallel and Sequential'.

/home/milnes/projects/APAS-VERUS/src/Chap43/OrderedTableMtEph.rs:
/home/milnes/projects/APAS-VERUS/src/Chap43/OrderedTableMtEph.rs:1: info: [1] has mod declarations
/home/milnes/projects/APAS-VERUS/src/Chap43/OrderedTableMtEph.rs:1: info: [2] vstd::prelude::* before verus!
/home/milnes/projects/APAS-VERUS/src/Chap43/OrderedTableMtEph.rs:1: info: [3] has verus! macro
/home/milnes/projects/APAS-VERUS/src/Chap43/OrderedTableMtEph.rs:1: info: [4] std imports grouped with trailing blank
/home/milnes/projects/APAS-VERUS/src/Chap43/OrderedTableMtEph.rs:1: info: [5] vstd imports grouped with trailing blank
/home/milnes/projects/APAS-VERUS/src/Chap43/OrderedTableMtEph.rs:1: info: [11] no Set/Seq usage (ok)
/home/milnes/projects/APAS-VERUS/src/Chap43/OrderedTableMtEph.rs:1: info: [12] all trait fns have specs
/home/milnes/projects/APAS-VERUS/src/Chap43/OrderedTableMtEph.rs:1: info: [14] Debug, Display outside verus!
/home/milnes/projects/APAS-VERUS/src/Chap43/OrderedTableMtEph.rs:1: info: [16] Lit macro definitions at end of file
/home/milnes/projects/APAS-VERUS/src/Chap43/OrderedTableMtEph.rs:1: info: [18] definition order correct
/home/milnes/projects/APAS-VERUS/src/Chap43/OrderedTableMtEph.rs:1: info: [19] no generic return names
/home/milnes/projects/APAS-VERUS/src/Chap43/OrderedTableMtEph.rs:1: info: [20] all traits have impls
/home/milnes/projects/APAS-VERUS/src/Chap43/OrderedTableMtEph.rs:1: info: [21] broadcast use: vstd:: before crate::
/home/milnes/projects/APAS-VERUS/src/Chap43/OrderedTableMtEph.rs:1: info: [22:proof] proof fns: all in traits
/home/milnes/projects/APAS-VERUS/src/Chap43/OrderedTableMtEph.rs:1: info: [22:spec] spec fns: all in traits as abstract signatures
/home/milnes/projects/APAS-VERUS/src/Chap43/OrderedTableMtEph.rs:1: info: [22a:exec] free fn from_st correctly free (Standard 19)
/home/milnes/projects/APAS-VERUS/src/Chap43/OrderedTableMtEph.rs:1: info: [22a:exec] free fn from_sorted_entries correctly free (Standard 19)
/home/milnes/projects/APAS-VERUS/src/Chap43/OrderedTableMtEph.rs:1: info: [23a] no spec/proof fns with looser bounds
/home/milnes/projects/APAS-VERUS/src/Chap43/OrderedTableMtEph.rs:1: info: [23b] free fn type bounds compatible with trait
/home/milnes/projects/APAS-VERUS/src/Chap43/OrderedTableMtEph.rs:945: warning: [13] impl Send for OrderedTableMtEph should be inside verus!
/home/milnes/projects/APAS-VERUS/src/Chap43/OrderedTableMtEph.rs:948: warning: [13] impl Sync for OrderedTableMtEph should be inside verus!
/home/milnes/projects/APAS-VERUS/src/Chap43/OrderedTableMtEph.rs:961: warning: [13] impl Default for OrderedTableMtEph should be inside verus!
/home/milnes/projects/APAS-VERUS/src/Chap43/OrderedTableMtEph.rs:950: warning: [15] impl PartialEq should be inside verus! (for verification)
/home/milnes/projects/APAS-VERUS/src/Chap43/OrderedTableMtEph.rs:1: warning: [17] collection OrderedTableMtEph should have an Iterator impl
/home/milnes/projects/APAS-VERUS/src/Chap43/OrderedTableMtEph.rs:1: warning: [17] collection OrderedTableMtEph should have an IntoIterator impl
/home/milnes/projects/APAS-VERUS/src/Chap43/OrderedTableMtEph.rs:1: warning: [24] missing or incorrect copyright line; expected: //! Copyright (C) 2025 Acar, Blelloch and Milnes from 'Algorithms Parallel and Sequential'.

/home/milnes/projects/APAS-VERUS/src/Chap43/OrderedTableMtPer.rs:
/home/milnes/projects/APAS-VERUS/src/Chap43/OrderedTableMtPer.rs:1: info: [1] has mod declarations
/home/milnes/projects/APAS-VERUS/src/Chap43/OrderedTableMtPer.rs:1: info: [2] vstd::prelude::* before verus!
/home/milnes/projects/APAS-VERUS/src/Chap43/OrderedTableMtPer.rs:1: info: [3] has verus! macro
/home/milnes/projects/APAS-VERUS/src/Chap43/OrderedTableMtPer.rs:1: info: [4] std imports grouped with trailing blank
/home/milnes/projects/APAS-VERUS/src/Chap43/OrderedTableMtPer.rs:1: info: [5] vstd imports grouped with trailing blank
/home/milnes/projects/APAS-VERUS/src/Chap43/OrderedTableMtPer.rs:1: info: [11] no Set/Seq usage (ok)
/home/milnes/projects/APAS-VERUS/src/Chap43/OrderedTableMtPer.rs:1: info: [12] all trait fns have specs
/home/milnes/projects/APAS-VERUS/src/Chap43/OrderedTableMtPer.rs:1: info: [14] Debug, Display outside verus!
/home/milnes/projects/APAS-VERUS/src/Chap43/OrderedTableMtPer.rs:1: info: [15] Clone inside verus!
/home/milnes/projects/APAS-VERUS/src/Chap43/OrderedTableMtPer.rs:1: info: [16] no Lit macro definitions (ok)
/home/milnes/projects/APAS-VERUS/src/Chap43/OrderedTableMtPer.rs:1: info: [18] definition order correct
/home/milnes/projects/APAS-VERUS/src/Chap43/OrderedTableMtPer.rs:1: info: [19] no generic return names
/home/milnes/projects/APAS-VERUS/src/Chap43/OrderedTableMtPer.rs:1: info: [20] all traits have impls
/home/milnes/projects/APAS-VERUS/src/Chap43/OrderedTableMtPer.rs:1: info: [21] broadcast use: vstd:: before crate::
/home/milnes/projects/APAS-VERUS/src/Chap43/OrderedTableMtPer.rs:1: info: [22:proof] proof fns: all in traits
/home/milnes/projects/APAS-VERUS/src/Chap43/OrderedTableMtPer.rs:1: info: [22:spec] spec fns: all in traits as abstract signatures
/home/milnes/projects/APAS-VERUS/src/Chap43/OrderedTableMtPer.rs:1: info: [22a:exec] free fn from_st_table correctly free (Standard 19)
/home/milnes/projects/APAS-VERUS/src/Chap43/OrderedTableMtPer.rs:1: info: [23a] no spec/proof fns with looser bounds
/home/milnes/projects/APAS-VERUS/src/Chap43/OrderedTableMtPer.rs:1: info: [23b] free fn type bounds compatible with trait
/home/milnes/projects/APAS-VERUS/src/Chap43/OrderedTableMtPer.rs:879: warning: [13] impl Default for OrderedTableMtPer should be inside verus!
/home/milnes/projects/APAS-VERUS/src/Chap43/OrderedTableMtPer.rs:1: warning: [17] collection OrderedTableMtPer should have an Iterator impl
/home/milnes/projects/APAS-VERUS/src/Chap43/OrderedTableMtPer.rs:1: warning: [17] collection OrderedTableMtPer should have an IntoIterator impl
/home/milnes/projects/APAS-VERUS/src/Chap43/OrderedTableMtPer.rs:1: warning: [24] missing or incorrect copyright line; expected: //! Copyright (C) 2025 Acar, Blelloch and Milnes from 'Algorithms Parallel and Sequential'.

/home/milnes/projects/APAS-VERUS/src/Chap43/OrderedTableStEph.rs:
/home/milnes/projects/APAS-VERUS/src/Chap43/OrderedTableStEph.rs:1: info: [1] has mod declarations
/home/milnes/projects/APAS-VERUS/src/Chap43/OrderedTableStEph.rs:1: info: [2] vstd::prelude::* before verus!
/home/milnes/projects/APAS-VERUS/src/Chap43/OrderedTableStEph.rs:1: info: [3] has verus! macro
/home/milnes/projects/APAS-VERUS/src/Chap43/OrderedTableStEph.rs:1: info: [5] vstd imports grouped with trailing blank
/home/milnes/projects/APAS-VERUS/src/Chap43/OrderedTableStEph.rs:1: info: [11] Set/Seq usage has broadcast groups
/home/milnes/projects/APAS-VERUS/src/Chap43/OrderedTableStEph.rs:1: info: [12] all trait fns have specs
/home/milnes/projects/APAS-VERUS/src/Chap43/OrderedTableStEph.rs:1: info: [13] trait impls inside verus!
/home/milnes/projects/APAS-VERUS/src/Chap43/OrderedTableStEph.rs:1: info: [14] Debug, Display outside verus!
/home/milnes/projects/APAS-VERUS/src/Chap43/OrderedTableStEph.rs:1: info: [16] Lit macro definitions at end of file
/home/milnes/projects/APAS-VERUS/src/Chap43/OrderedTableStEph.rs:1: info: [18] definition order correct
/home/milnes/projects/APAS-VERUS/src/Chap43/OrderedTableStEph.rs:1: info: [19] no generic return names
/home/milnes/projects/APAS-VERUS/src/Chap43/OrderedTableStEph.rs:1: info: [20] all traits have impls
/home/milnes/projects/APAS-VERUS/src/Chap43/OrderedTableStEph.rs:1: info: [21] broadcast use: vstd:: before crate::
/home/milnes/projects/APAS-VERUS/src/Chap43/OrderedTableStEph.rs:1: info: [22:proof] proof fns: all in traits
/home/milnes/projects/APAS-VERUS/src/Chap43/OrderedTableStEph.rs:1: info: [22:spec] spec fns: all in traits as abstract signatures
/home/milnes/projects/APAS-VERUS/src/Chap43/OrderedTableStEph.rs:1: info: [22a:exec] free fn from_sorted_entries correctly free (Standard 19)
/home/milnes/projects/APAS-VERUS/src/Chap43/OrderedTableStEph.rs:1: info: [23a] no spec/proof fns with looser bounds
/home/milnes/projects/APAS-VERUS/src/Chap43/OrderedTableStEph.rs:1: info: [23b] free fn type bounds compatible with trait
/home/milnes/projects/APAS-VERUS/src/Chap43/OrderedTableStEph.rs:1779: warning: [4] use std::... imports should be grouped with trailing blank line
/home/milnes/projects/APAS-VERUS/src/Chap43/OrderedTableStEph.rs:1781: warning: [15] impl PartialEq should be inside verus! (for verification)
/home/milnes/projects/APAS-VERUS/src/Chap43/OrderedTableStEph.rs:1: warning: [17] collection OrderedTableStEph should have an Iterator impl
/home/milnes/projects/APAS-VERUS/src/Chap43/OrderedTableStEph.rs:1: warning: [17] collection OrderedTableStEph should have an IntoIterator impl
/home/milnes/projects/APAS-VERUS/src/Chap43/OrderedTableStEph.rs:1: warning: [24] missing or incorrect copyright line; expected: //! Copyright (C) 2025 Acar, Blelloch and Milnes from 'Algorithms Parallel and Sequential'.

/home/milnes/projects/APAS-VERUS/src/Chap43/OrderedTableStPer.rs:
/home/milnes/projects/APAS-VERUS/src/Chap43/OrderedTableStPer.rs:1: info: [1] has mod declarations
/home/milnes/projects/APAS-VERUS/src/Chap43/OrderedTableStPer.rs:1: info: [2] vstd::prelude::* before verus!
/home/milnes/projects/APAS-VERUS/src/Chap43/OrderedTableStPer.rs:1: info: [3] has verus! macro
/home/milnes/projects/APAS-VERUS/src/Chap43/OrderedTableStPer.rs:1: info: [5] vstd imports grouped with trailing blank
/home/milnes/projects/APAS-VERUS/src/Chap43/OrderedTableStPer.rs:1: info: [11] no Set/Seq usage (ok)
/home/milnes/projects/APAS-VERUS/src/Chap43/OrderedTableStPer.rs:1: info: [12] all trait fns have specs
/home/milnes/projects/APAS-VERUS/src/Chap43/OrderedTableStPer.rs:1: info: [13] trait impls inside verus!
/home/milnes/projects/APAS-VERUS/src/Chap43/OrderedTableStPer.rs:1: info: [14] Debug, Display outside verus!
/home/milnes/projects/APAS-VERUS/src/Chap43/OrderedTableStPer.rs:1: info: [15] Eq, PartialEq, Clone inside verus!
/home/milnes/projects/APAS-VERUS/src/Chap43/OrderedTableStPer.rs:1: info: [16] Lit macro definitions at end of file
/home/milnes/projects/APAS-VERUS/src/Chap43/OrderedTableStPer.rs:1: info: [18] definition order correct
/home/milnes/projects/APAS-VERUS/src/Chap43/OrderedTableStPer.rs:1: info: [19] no generic return names
/home/milnes/projects/APAS-VERUS/src/Chap43/OrderedTableStPer.rs:1: info: [20] all traits have impls
/home/milnes/projects/APAS-VERUS/src/Chap43/OrderedTableStPer.rs:1: info: [21] broadcast use: vstd:: before crate::
/home/milnes/projects/APAS-VERUS/src/Chap43/OrderedTableStPer.rs:1: info: [22:proof] proof fns: all in traits
/home/milnes/projects/APAS-VERUS/src/Chap43/OrderedTableStPer.rs:1: info: [22:spec] spec fns: all in traits as abstract signatures
/home/milnes/projects/APAS-VERUS/src/Chap43/OrderedTableStPer.rs:1: info: [22a:exec] free fn from_sorted_entries correctly free (Standard 19)
/home/milnes/projects/APAS-VERUS/src/Chap43/OrderedTableStPer.rs:1: info: [23a] no spec/proof fns with looser bounds
/home/milnes/projects/APAS-VERUS/src/Chap43/OrderedTableStPer.rs:1: info: [23b] free fn type bounds compatible with trait
/home/milnes/projects/APAS-VERUS/src/Chap43/OrderedTableStPer.rs:1442: warning: [4] use std::... imports should be grouped with trailing blank line
/home/milnes/projects/APAS-VERUS/src/Chap43/OrderedTableStPer.rs:1: warning: [17] collection OrderedTableStPer should have an Iterator impl
/home/milnes/projects/APAS-VERUS/src/Chap43/OrderedTableStPer.rs:1: warning: [17] collection OrderedTableStPer should have an IntoIterator impl
/home/milnes/projects/APAS-VERUS/src/Chap43/OrderedTableStPer.rs:1: warning: [24] missing or incorrect copyright line; expected: //! Copyright (C) 2025 Acar, Blelloch and Milnes from 'Algorithms Parallel and Sequential'.

/home/milnes/projects/APAS-VERUS/src/Chap44/DocumentIndex.rs:
/home/milnes/projects/APAS-VERUS/src/Chap44/DocumentIndex.rs:1: info: [1] has mod declarations
/home/milnes/projects/APAS-VERUS/src/Chap44/DocumentIndex.rs:1: info: [2] vstd::prelude::* before verus!
/home/milnes/projects/APAS-VERUS/src/Chap44/DocumentIndex.rs:1: info: [3] has verus! macro
/home/milnes/projects/APAS-VERUS/src/Chap44/DocumentIndex.rs:1: info: [4] std imports grouped with trailing blank
/home/milnes/projects/APAS-VERUS/src/Chap44/DocumentIndex.rs:1: info: [5] vstd imports grouped with trailing blank
/home/milnes/projects/APAS-VERUS/src/Chap44/DocumentIndex.rs:1: info: [11] Set/Seq usage has broadcast groups
/home/milnes/projects/APAS-VERUS/src/Chap44/DocumentIndex.rs:1: info: [12] all trait fns have specs
/home/milnes/projects/APAS-VERUS/src/Chap44/DocumentIndex.rs:1: info: [13] trait impls inside verus!
/home/milnes/projects/APAS-VERUS/src/Chap44/DocumentIndex.rs:1: info: [14] Display, Debug outside verus!
/home/milnes/projects/APAS-VERUS/src/Chap44/DocumentIndex.rs:1: info: [15] Clone, PartialEq, Eq inside verus!
/home/milnes/projects/APAS-VERUS/src/Chap44/DocumentIndex.rs:1: info: [16] Lit macro definitions at end of file
/home/milnes/projects/APAS-VERUS/src/Chap44/DocumentIndex.rs:1: info: [18] definition order correct
/home/milnes/projects/APAS-VERUS/src/Chap44/DocumentIndex.rs:1: info: [19] no generic return names
/home/milnes/projects/APAS-VERUS/src/Chap44/DocumentIndex.rs:1: info: [20] all traits have impls
/home/milnes/projects/APAS-VERUS/src/Chap44/DocumentIndex.rs:1: info: [21] no broadcast use entries
/home/milnes/projects/APAS-VERUS/src/Chap44/DocumentIndex.rs:1: info: [22:proof] proof fns: all in traits
/home/milnes/projects/APAS-VERUS/src/Chap44/DocumentIndex.rs:1: info: [22a:exec] free fn tokens correctly free (Standard 19)
/home/milnes/projects/APAS-VERUS/src/Chap44/DocumentIndex.rs:1: info: [23a] spec/proof fn looser bounds: N/A
/home/milnes/projects/APAS-VERUS/src/Chap44/DocumentIndex.rs:1: info: [23b] free fn stricter bounds: N/A
/home/milnes/projects/APAS-VERUS/src/Chap44/DocumentIndex.rs:1: warning: [17] collection DocumentIndex should have an Iterator impl
/home/milnes/projects/APAS-VERUS/src/Chap44/DocumentIndex.rs:1: warning: [17] collection DocumentIndex should have an IntoIterator impl
/home/milnes/projects/APAS-VERUS/src/Chap44/DocumentIndex.rs:1: warning: [17] collection should have proof test: /home/milnes/projects/APAS-VERUS/rust_verify_test/tests/Chap44/ProveDocumentIndex.rs
/home/milnes/projects/APAS-VERUS/src/Chap44/DocumentIndex.rs:74: warning: [22:spec] free spec fn spec_documentindex_wf should be an abstract signature in a trait with body in the impl
/home/milnes/projects/APAS-VERUS/src/Chap44/DocumentIndex.rs:1: warning: [24] missing or incorrect copyright line; expected: //! Copyright (C) 2025 Acar, Blelloch and Milnes from 'Algorithms Parallel and Sequential'.

/home/milnes/projects/APAS-VERUS/src/Chap44/Example44_1.rs:
/home/milnes/projects/APAS-VERUS/src/Chap44/Example44_1.rs:1: info: [1] has mod declarations
/home/milnes/projects/APAS-VERUS/src/Chap44/Example44_1.rs:1: info: [2] vstd::prelude::* before verus!
/home/milnes/projects/APAS-VERUS/src/Chap44/Example44_1.rs:1: info: [3] has verus! macro
/home/milnes/projects/APAS-VERUS/src/Chap44/Example44_1.rs:1: info: [4] std imports grouped with trailing blank
/home/milnes/projects/APAS-VERUS/src/Chap44/Example44_1.rs:1: info: [5] no vstd imports (ok)
/home/milnes/projects/APAS-VERUS/src/Chap44/Example44_1.rs:1: info: [11] no Set/Seq usage (ok)
/home/milnes/projects/APAS-VERUS/src/Chap44/Example44_1.rs:1: info: [12] no traits (ok)
/home/milnes/projects/APAS-VERUS/src/Chap44/Example44_1.rs:1: info: [14] Debug, Display outside verus!
/home/milnes/projects/APAS-VERUS/src/Chap44/Example44_1.rs:1: info: [15] no PartialEq/Eq/Clone/Hash/Ord impls (ok)
/home/milnes/projects/APAS-VERUS/src/Chap44/Example44_1.rs:1: info: [16] no Lit macro definitions (ok)
/home/milnes/projects/APAS-VERUS/src/Chap44/Example44_1.rs:1: info: [17] no collection structs (ok)
/home/milnes/projects/APAS-VERUS/src/Chap44/Example44_1.rs:1: info: [18] definition order correct
/home/milnes/projects/APAS-VERUS/src/Chap44/Example44_1.rs:1: info: [19] no generic return names
/home/milnes/projects/APAS-VERUS/src/Chap44/Example44_1.rs:1: info: [20] no traits defined
/home/milnes/projects/APAS-VERUS/src/Chap44/Example44_1.rs:1: info: [21] no broadcast use entries
/home/milnes/projects/APAS-VERUS/src/Chap44/Example44_1.rs:1: info: [22:exec] exec fns: all in traits
/home/milnes/projects/APAS-VERUS/src/Chap44/Example44_1.rs:1: info: [22:spec] spec fns: all in traits as abstract signatures
/home/milnes/projects/APAS-VERUS/src/Chap44/Example44_1.rs:1: info: [22a:proof] free proof fn _example_44_1_verified correctly free (Standard 19)
/home/milnes/projects/APAS-VERUS/src/Chap44/Example44_1.rs:1: info: [23a] spec/proof fn looser bounds: N/A
/home/milnes/projects/APAS-VERUS/src/Chap44/Example44_1.rs:1: info: [23b] free fn stricter bounds: N/A
/home/milnes/projects/APAS-VERUS/src/Chap44/Example44_1.rs:53: warning: [13] impl Default for TweetQueryExamples should be inside verus!
/home/milnes/projects/APAS-VERUS/src/Chap44/Example44_1.rs:1: warning: [24] missing or incorrect copyright line; expected: //! Copyright (C) 2025 Acar, Blelloch and Milnes from 'Algorithms Parallel and Sequential'.

/home/milnes/projects/APAS-VERUS/src/Chap45/BalancedTreePQ.rs:
/home/milnes/projects/APAS-VERUS/src/Chap45/BalancedTreePQ.rs:1: info: [1] has mod declarations
/home/milnes/projects/APAS-VERUS/src/Chap45/BalancedTreePQ.rs:1: info: [2] vstd::prelude::* before verus!
/home/milnes/projects/APAS-VERUS/src/Chap45/BalancedTreePQ.rs:1: info: [3] has verus! macro
/home/milnes/projects/APAS-VERUS/src/Chap45/BalancedTreePQ.rs:1: info: [4] std imports grouped with trailing blank
/home/milnes/projects/APAS-VERUS/src/Chap45/BalancedTreePQ.rs:1: info: [5] vstd imports grouped with trailing blank
/home/milnes/projects/APAS-VERUS/src/Chap45/BalancedTreePQ.rs:1: info: [11] Set/Seq usage has broadcast groups
/home/milnes/projects/APAS-VERUS/src/Chap45/BalancedTreePQ.rs:1: info: [12] all trait fns have specs
/home/milnes/projects/APAS-VERUS/src/Chap45/BalancedTreePQ.rs:1: info: [13] trait impls inside verus!
/home/milnes/projects/APAS-VERUS/src/Chap45/BalancedTreePQ.rs:1: info: [14] Debug, Display outside verus!
/home/milnes/projects/APAS-VERUS/src/Chap45/BalancedTreePQ.rs:1: info: [15] Clone, PartialEq, Eq inside verus!
/home/milnes/projects/APAS-VERUS/src/Chap45/BalancedTreePQ.rs:1: info: [16] Lit macro definitions at end of file
/home/milnes/projects/APAS-VERUS/src/Chap45/BalancedTreePQ.rs:1: info: [17] no collection structs (ok)
/home/milnes/projects/APAS-VERUS/src/Chap45/BalancedTreePQ.rs:1: info: [18] definition order correct
/home/milnes/projects/APAS-VERUS/src/Chap45/BalancedTreePQ.rs:1: info: [19] no generic return names
/home/milnes/projects/APAS-VERUS/src/Chap45/BalancedTreePQ.rs:1: info: [20] all traits have impls
/home/milnes/projects/APAS-VERUS/src/Chap45/BalancedTreePQ.rs:1: info: [21] broadcast use: vstd:: before crate::
/home/milnes/projects/APAS-VERUS/src/Chap45/BalancedTreePQ.rs:1: info: [22:exec] exec fns: all in traits
/home/milnes/projects/APAS-VERUS/src/Chap45/BalancedTreePQ.rs:1: info: [22:spec] spec fns: all in traits as abstract signatures
/home/milnes/projects/APAS-VERUS/src/Chap45/BalancedTreePQ.rs:1: info: [22a:proof] free proof fn _balanced_tree_pq_verified correctly free (Standard 19)
/home/milnes/projects/APAS-VERUS/src/Chap45/BalancedTreePQ.rs:1: info: [23a] spec/proof fn looser bounds: N/A
/home/milnes/projects/APAS-VERUS/src/Chap45/BalancedTreePQ.rs:1: info: [23b] free fn stricter bounds: N/A
/home/milnes/projects/APAS-VERUS/src/Chap45/BalancedTreePQ.rs:1: warning: [24] missing or incorrect copyright line; expected: //! Copyright (C) 2025 Acar, Blelloch and Milnes from 'Algorithms Parallel and Sequential'.

/home/milnes/projects/APAS-VERUS/src/Chap45/BinaryHeapPQ.rs:
/home/milnes/projects/APAS-VERUS/src/Chap45/BinaryHeapPQ.rs:1: info: [1] has mod declarations
/home/milnes/projects/APAS-VERUS/src/Chap45/BinaryHeapPQ.rs:1: info: [2] vstd::prelude::* before verus!
/home/milnes/projects/APAS-VERUS/src/Chap45/BinaryHeapPQ.rs:1: info: [3] has verus! macro
/home/milnes/projects/APAS-VERUS/src/Chap45/BinaryHeapPQ.rs:1: info: [4] std imports grouped with trailing blank
/home/milnes/projects/APAS-VERUS/src/Chap45/BinaryHeapPQ.rs:1: info: [5] vstd imports grouped with trailing blank
/home/milnes/projects/APAS-VERUS/src/Chap45/BinaryHeapPQ.rs:1: info: [11] Set/Seq usage has broadcast groups
/home/milnes/projects/APAS-VERUS/src/Chap45/BinaryHeapPQ.rs:1: info: [12] all trait fns have specs
/home/milnes/projects/APAS-VERUS/src/Chap45/BinaryHeapPQ.rs:1: info: [13] trait impls inside verus!
/home/milnes/projects/APAS-VERUS/src/Chap45/BinaryHeapPQ.rs:1: info: [14] Debug, Display outside verus!
/home/milnes/projects/APAS-VERUS/src/Chap45/BinaryHeapPQ.rs:1: info: [15] Clone, PartialEq, Eq inside verus!
/home/milnes/projects/APAS-VERUS/src/Chap45/BinaryHeapPQ.rs:1: info: [16] Lit macro definitions at end of file
/home/milnes/projects/APAS-VERUS/src/Chap45/BinaryHeapPQ.rs:1: info: [17] no collection structs (ok)
/home/milnes/projects/APAS-VERUS/src/Chap45/BinaryHeapPQ.rs:1: info: [18] definition order correct
/home/milnes/projects/APAS-VERUS/src/Chap45/BinaryHeapPQ.rs:1: info: [19] no generic return names
/home/milnes/projects/APAS-VERUS/src/Chap45/BinaryHeapPQ.rs:1: info: [20] all traits have impls
/home/milnes/projects/APAS-VERUS/src/Chap45/BinaryHeapPQ.rs:1: info: [21] broadcast use: vstd:: before crate::
/home/milnes/projects/APAS-VERUS/src/Chap45/BinaryHeapPQ.rs:1: info: [22a:exec] free fn left_child correctly free (Standard 19)
/home/milnes/projects/APAS-VERUS/src/Chap45/BinaryHeapPQ.rs:1: info: [22a:exec] free fn right_child correctly free (Standard 19)
/home/milnes/projects/APAS-VERUS/src/Chap45/BinaryHeapPQ.rs:1: info: [22a:exec] free fn parent correctly free (Standard 19)
/home/milnes/projects/APAS-VERUS/src/Chap45/BinaryHeapPQ.rs:1: info: [22a:exec] free fn swap_elements correctly free (Standard 19)
/home/milnes/projects/APAS-VERUS/src/Chap45/BinaryHeapPQ.rs:1: info: [22a:exec] free fn bubble_up correctly free (Standard 19)
/home/milnes/projects/APAS-VERUS/src/Chap45/BinaryHeapPQ.rs:1: info: [22a:exec] free fn bubble_down correctly free (Standard 19)
/home/milnes/projects/APAS-VERUS/src/Chap45/BinaryHeapPQ.rs:1: info: [22a:exec] free fn bubble_down_heap correctly free (Standard 19)
/home/milnes/projects/APAS-VERUS/src/Chap45/BinaryHeapPQ.rs:1: info: [22a:exec] free fn bubble_up_heap correctly free (Standard 19)
/home/milnes/projects/APAS-VERUS/src/Chap45/BinaryHeapPQ.rs:1: info: [22a:exec] free fn heapify correctly free (Standard 19)
/home/milnes/projects/APAS-VERUS/src/Chap45/BinaryHeapPQ.rs:1: info: [22a:exec] free fn is_heap correctly free (Standard 19)
/home/milnes/projects/APAS-VERUS/src/Chap45/BinaryHeapPQ.rs:1: info: [22a:exec] free fn exec_pow2 correctly free (Standard 19)
/home/milnes/projects/APAS-VERUS/src/Chap45/BinaryHeapPQ.rs:1: info: [22a:exec] free fn exec_log2 correctly free (Standard 19)
/home/milnes/projects/APAS-VERUS/src/Chap45/BinaryHeapPQ.rs:1: info: [22a:proof] free proof fn lemma_log2_bound correctly free (Standard 19)
/home/milnes/projects/APAS-VERUS/src/Chap45/BinaryHeapPQ.rs:1: info: [22a:proof] free proof fn lemma_heap_root_le_all correctly free (Standard 19)
/home/milnes/projects/APAS-VERUS/src/Chap45/BinaryHeapPQ.rs:1: info: [22a:proof] free proof fn lemma_heap_parent_le correctly free (Standard 19)
/home/milnes/projects/APAS-VERUS/src/Chap45/BinaryHeapPQ.rs:1: info: [22a:proof] free proof fn lemma_swap_preserves_multiset correctly free (Standard 19)
/home/milnes/projects/APAS-VERUS/src/Chap45/BinaryHeapPQ.rs:1: info: [22a:proof] free proof fn lemma_le_preserved_by_multiset_eq correctly free (Standard 19)
/home/milnes/projects/APAS-VERUS/src/Chap45/BinaryHeapPQ.rs:1: info: [22a:spec] free spec fn spec_almost_exec_heap correctly free (Standard 19)
/home/milnes/projects/APAS-VERUS/src/Chap45/BinaryHeapPQ.rs:1: info: [23a] spec/proof fn lemma_le_preserved_by_multiset_eq param T has looser bounds `TotalOrder` (trait BinaryHeapPQTrait has `StT + Ord + TotalOrder`)
/home/milnes/projects/APAS-VERUS/src/Chap45/BinaryHeapPQ.rs:1: info: [23b] free fn type bounds compatible with trait
/home/milnes/projects/APAS-VERUS/src/Chap45/BinaryHeapPQ.rs:1: warning: [24] missing or incorrect copyright line; expected: //! Copyright (C) 2025 Acar, Blelloch and Milnes from 'Algorithms Parallel and Sequential'.

/home/milnes/projects/APAS-VERUS/src/Chap45/Example45_2.rs:
/home/milnes/projects/APAS-VERUS/src/Chap45/Example45_2.rs:1: info: [1] has mod declarations
/home/milnes/projects/APAS-VERUS/src/Chap45/Example45_2.rs:1: info: [2] vstd::prelude::* before verus!
/home/milnes/projects/APAS-VERUS/src/Chap45/Example45_2.rs:1: info: [3] has verus! macro
/home/milnes/projects/APAS-VERUS/src/Chap45/Example45_2.rs:1: info: [4] std imports grouped with trailing blank
/home/milnes/projects/APAS-VERUS/src/Chap45/Example45_2.rs:1: info: [5] no vstd imports (ok)
/home/milnes/projects/APAS-VERUS/src/Chap45/Example45_2.rs:1: info: [11] no Set/Seq usage (ok)
/home/milnes/projects/APAS-VERUS/src/Chap45/Example45_2.rs:1: info: [13] trait impls inside verus!
/home/milnes/projects/APAS-VERUS/src/Chap45/Example45_2.rs:1: info: [14] Debug, Display outside verus!
/home/milnes/projects/APAS-VERUS/src/Chap45/Example45_2.rs:1: info: [15] no PartialEq/Eq/Clone/Hash/Ord impls (ok)
/home/milnes/projects/APAS-VERUS/src/Chap45/Example45_2.rs:1: info: [16] no Lit macro definitions (ok)
/home/milnes/projects/APAS-VERUS/src/Chap45/Example45_2.rs:1: info: [17] no collection structs (ok)
/home/milnes/projects/APAS-VERUS/src/Chap45/Example45_2.rs:1: info: [18] definition order correct
/home/milnes/projects/APAS-VERUS/src/Chap45/Example45_2.rs:1: info: [19] no generic return names
/home/milnes/projects/APAS-VERUS/src/Chap45/Example45_2.rs:1: info: [20] all traits have impls
/home/milnes/projects/APAS-VERUS/src/Chap45/Example45_2.rs:1: info: [21] no broadcast use entries
/home/milnes/projects/APAS-VERUS/src/Chap45/Example45_2.rs:1: info: [22:exec] exec fns: all in traits
/home/milnes/projects/APAS-VERUS/src/Chap45/Example45_2.rs:1: info: [22:spec] spec fns: all in traits as abstract signatures
/home/milnes/projects/APAS-VERUS/src/Chap45/Example45_2.rs:1: info: [22a:proof] free proof fn _example_45_2_verified correctly free (Standard 19)
/home/milnes/projects/APAS-VERUS/src/Chap45/Example45_2.rs:1: info: [23a] spec/proof fn looser bounds: N/A
/home/milnes/projects/APAS-VERUS/src/Chap45/Example45_2.rs:1: info: [23b] free fn stricter bounds: N/A
/home/milnes/projects/APAS-VERUS/src/Chap45/Example45_2.rs:33: warning: [12] trait Example45_2Trait fn example_45_2_textbook_example should have requires/ensures
/home/milnes/projects/APAS-VERUS/src/Chap45/Example45_2.rs:34: warning: [12] trait Example45_2Trait fn example_45_2_reverse_sorted should have requires/ensures
/home/milnes/projects/APAS-VERUS/src/Chap45/Example45_2.rs:35: warning: [12] trait Example45_2Trait fn example_45_2_already_sorted should have requires/ensures
/home/milnes/projects/APAS-VERUS/src/Chap45/Example45_2.rs:36: warning: [12] trait Example45_2Trait fn example_45_2_duplicates should have requires/ensures
/home/milnes/projects/APAS-VERUS/src/Chap45/Example45_2.rs:37: warning: [12] trait Example45_2Trait fn example_45_2_single_element should have requires/ensures
/home/milnes/projects/APAS-VERUS/src/Chap45/Example45_2.rs:38: warning: [12] trait Example45_2Trait fn example_45_2_empty should have requires/ensures
/home/milnes/projects/APAS-VERUS/src/Chap45/Example45_2.rs:39: warning: [12] trait Example45_2Trait fn example_45_2_efficiency_demonstration should have requires/ensures
/home/milnes/projects/APAS-VERUS/src/Chap45/Example45_2.rs:40: warning: [12] trait Example45_2Trait fn run_example_45_2 should have requires/ensures
/home/milnes/projects/APAS-VERUS/src/Chap45/Example45_2.rs:1: warning: [24] missing or incorrect copyright line; expected: //! Copyright (C) 2025 Acar, Blelloch and Milnes from 'Algorithms Parallel and Sequential'.

/home/milnes/projects/APAS-VERUS/src/Chap45/HeapsortExample.rs:
/home/milnes/projects/APAS-VERUS/src/Chap45/HeapsortExample.rs:1: info: [0] the user has reviewed this file and accepted its styling as is

/home/milnes/projects/APAS-VERUS/src/Chap45/LeftistHeapPQ.rs:
/home/milnes/projects/APAS-VERUS/src/Chap45/LeftistHeapPQ.rs:1: info: [1] has mod declarations
/home/milnes/projects/APAS-VERUS/src/Chap45/LeftistHeapPQ.rs:1: info: [2] vstd::prelude::* before verus!
/home/milnes/projects/APAS-VERUS/src/Chap45/LeftistHeapPQ.rs:1: info: [3] has verus! macro
/home/milnes/projects/APAS-VERUS/src/Chap45/LeftistHeapPQ.rs:1: info: [4] std imports grouped with trailing blank
/home/milnes/projects/APAS-VERUS/src/Chap45/LeftistHeapPQ.rs:1: info: [5] vstd imports grouped with trailing blank
/home/milnes/projects/APAS-VERUS/src/Chap45/LeftistHeapPQ.rs:1: info: [11] Set/Seq usage has broadcast groups
/home/milnes/projects/APAS-VERUS/src/Chap45/LeftistHeapPQ.rs:1: info: [12] all trait fns have specs
/home/milnes/projects/APAS-VERUS/src/Chap45/LeftistHeapPQ.rs:1: info: [13] trait impls inside verus!
/home/milnes/projects/APAS-VERUS/src/Chap45/LeftistHeapPQ.rs:1: info: [14] Debug, Display outside verus!
/home/milnes/projects/APAS-VERUS/src/Chap45/LeftistHeapPQ.rs:1: info: [15] Clone, PartialEq, Eq inside verus!
/home/milnes/projects/APAS-VERUS/src/Chap45/LeftistHeapPQ.rs:1: info: [16] Lit macro definitions at end of file
/home/milnes/projects/APAS-VERUS/src/Chap45/LeftistHeapPQ.rs:1: info: [17] no collection structs (ok)
/home/milnes/projects/APAS-VERUS/src/Chap45/LeftistHeapPQ.rs:1: info: [18] definition order correct
/home/milnes/projects/APAS-VERUS/src/Chap45/LeftistHeapPQ.rs:1: info: [19] no generic return names
/home/milnes/projects/APAS-VERUS/src/Chap45/LeftistHeapPQ.rs:1: info: [20] all traits have impls
/home/milnes/projects/APAS-VERUS/src/Chap45/LeftistHeapPQ.rs:1: info: [21] broadcast use: vstd:: before crate::
/home/milnes/projects/APAS-VERUS/src/Chap45/LeftistHeapPQ.rs:1: info: [22:spec] spec fns: all in traits as abstract signatures
/home/milnes/projects/APAS-VERUS/src/Chap45/LeftistHeapPQ.rs:1: info: [22a:exec] free fn total_order_le correctly free (Standard 19)
/home/milnes/projects/APAS-VERUS/src/Chap45/LeftistHeapPQ.rs:1: info: [22a:proof] free proof fn _leftist_heap_pq_verified correctly free (Standard 19)
/home/milnes/projects/APAS-VERUS/src/Chap45/LeftistHeapPQ.rs:1: info: [22a:proof] free proof fn lemma_total_size_monotone correctly free (Standard 19)
/home/milnes/projects/APAS-VERUS/src/Chap45/LeftistHeapPQ.rs:1: info: [23a] no spec/proof fns with looser bounds
/home/milnes/projects/APAS-VERUS/src/Chap45/LeftistHeapPQ.rs:1: info: [23b] free fn type bounds compatible with trait
/home/milnes/projects/APAS-VERUS/src/Chap45/LeftistHeapPQ.rs:516: warning: [22:proof] free proof fn lemma_heap_root_is_min should be a trait method
/home/milnes/projects/APAS-VERUS/src/Chap45/LeftistHeapPQ.rs:579: warning: [22:proof] free proof fn lemma_rank_le_size should be a trait method
/home/milnes/projects/APAS-VERUS/src/Chap45/LeftistHeapPQ.rs:1: warning: [24] missing or incorrect copyright line; expected: //! Copyright (C) 2025 Acar, Blelloch and Milnes from 'Algorithms Parallel and Sequential'.

/home/milnes/projects/APAS-VERUS/src/Chap45/SortedListPQ.rs:
/home/milnes/projects/APAS-VERUS/src/Chap45/SortedListPQ.rs:1: info: [1] has mod declarations
/home/milnes/projects/APAS-VERUS/src/Chap45/SortedListPQ.rs:1: info: [2] vstd::prelude::* before verus!
/home/milnes/projects/APAS-VERUS/src/Chap45/SortedListPQ.rs:1: info: [3] has verus! macro
/home/milnes/projects/APAS-VERUS/src/Chap45/SortedListPQ.rs:1: info: [4] std imports grouped with trailing blank
/home/milnes/projects/APAS-VERUS/src/Chap45/SortedListPQ.rs:1: info: [5] vstd imports grouped with trailing blank
/home/milnes/projects/APAS-VERUS/src/Chap45/SortedListPQ.rs:1: info: [11] Set/Seq usage has broadcast groups
/home/milnes/projects/APAS-VERUS/src/Chap45/SortedListPQ.rs:1: info: [12] all trait fns have specs
/home/milnes/projects/APAS-VERUS/src/Chap45/SortedListPQ.rs:1: info: [13] trait impls inside verus!
/home/milnes/projects/APAS-VERUS/src/Chap45/SortedListPQ.rs:1: info: [14] Debug, Display outside verus!
/home/milnes/projects/APAS-VERUS/src/Chap45/SortedListPQ.rs:1: info: [15] Clone, PartialEq, Eq inside verus!
/home/milnes/projects/APAS-VERUS/src/Chap45/SortedListPQ.rs:1: info: [16] Lit macro definitions at end of file
/home/milnes/projects/APAS-VERUS/src/Chap45/SortedListPQ.rs:1: info: [17] no collection structs (ok)
/home/milnes/projects/APAS-VERUS/src/Chap45/SortedListPQ.rs:1: info: [18] definition order correct
/home/milnes/projects/APAS-VERUS/src/Chap45/SortedListPQ.rs:1: info: [19] no generic return names
/home/milnes/projects/APAS-VERUS/src/Chap45/SortedListPQ.rs:1: info: [20] all traits have impls
/home/milnes/projects/APAS-VERUS/src/Chap45/SortedListPQ.rs:1: info: [21] broadcast use: vstd:: before crate::
/home/milnes/projects/APAS-VERUS/src/Chap45/SortedListPQ.rs:1: info: [22:exec] exec fns: all in traits
/home/milnes/projects/APAS-VERUS/src/Chap45/SortedListPQ.rs:1: info: [22:spec] spec fns: all in traits as abstract signatures
/home/milnes/projects/APAS-VERUS/src/Chap45/SortedListPQ.rs:1: info: [22a:proof] free proof fn _sorted_list_pq_verified correctly free (Standard 19)
/home/milnes/projects/APAS-VERUS/src/Chap45/SortedListPQ.rs:1: info: [22a:proof] free proof fn lemma_append_push_bridge correctly free (Standard 19)
/home/milnes/projects/APAS-VERUS/src/Chap45/SortedListPQ.rs:1: info: [23a] spec/proof fn lemma_append_push_bridge param T has looser bounds `View` (trait SortedListPQTrait has `StT + Ord + TotalOrder`)
/home/milnes/projects/APAS-VERUS/src/Chap45/SortedListPQ.rs:1: info: [23b] free fn type bounds compatible with trait
/home/milnes/projects/APAS-VERUS/src/Chap45/SortedListPQ.rs:1: warning: [24] missing or incorrect copyright line; expected: //! Copyright (C) 2025 Acar, Blelloch and Milnes from 'Algorithms Parallel and Sequential'.

/home/milnes/projects/APAS-VERUS/src/Chap45/UnsortedListPQ.rs:
/home/milnes/projects/APAS-VERUS/src/Chap45/UnsortedListPQ.rs:1: info: [1] has mod declarations
/home/milnes/projects/APAS-VERUS/src/Chap45/UnsortedListPQ.rs:1: info: [2] vstd::prelude::* before verus!
/home/milnes/projects/APAS-VERUS/src/Chap45/UnsortedListPQ.rs:1: info: [3] has verus! macro
/home/milnes/projects/APAS-VERUS/src/Chap45/UnsortedListPQ.rs:1: info: [4] std imports grouped with trailing blank
/home/milnes/projects/APAS-VERUS/src/Chap45/UnsortedListPQ.rs:1: info: [5] vstd imports grouped with trailing blank
/home/milnes/projects/APAS-VERUS/src/Chap45/UnsortedListPQ.rs:1: info: [11] Set/Seq usage has broadcast groups
/home/milnes/projects/APAS-VERUS/src/Chap45/UnsortedListPQ.rs:1: info: [12] all trait fns have specs
/home/milnes/projects/APAS-VERUS/src/Chap45/UnsortedListPQ.rs:1: info: [13] trait impls inside verus!
/home/milnes/projects/APAS-VERUS/src/Chap45/UnsortedListPQ.rs:1: info: [14] Debug, Display outside verus!
/home/milnes/projects/APAS-VERUS/src/Chap45/UnsortedListPQ.rs:1: info: [15] Clone, PartialEq, Eq inside verus!
/home/milnes/projects/APAS-VERUS/src/Chap45/UnsortedListPQ.rs:1: info: [16] Lit macro definitions at end of file
/home/milnes/projects/APAS-VERUS/src/Chap45/UnsortedListPQ.rs:1: info: [17] no collection structs (ok)
/home/milnes/projects/APAS-VERUS/src/Chap45/UnsortedListPQ.rs:1: info: [18] definition order correct
/home/milnes/projects/APAS-VERUS/src/Chap45/UnsortedListPQ.rs:1: info: [19] no generic return names
/home/milnes/projects/APAS-VERUS/src/Chap45/UnsortedListPQ.rs:1: info: [20] all traits have impls
/home/milnes/projects/APAS-VERUS/src/Chap45/UnsortedListPQ.rs:1: info: [21] broadcast use: vstd:: before crate::
/home/milnes/projects/APAS-VERUS/src/Chap45/UnsortedListPQ.rs:1: info: [22:exec] exec fns: all in traits
/home/milnes/projects/APAS-VERUS/src/Chap45/UnsortedListPQ.rs:1: info: [22:spec] spec fns: all in traits as abstract signatures
/home/milnes/projects/APAS-VERUS/src/Chap45/UnsortedListPQ.rs:1: info: [22a:proof] free proof fn _unsorted_list_pq_verified correctly free (Standard 19)
/home/milnes/projects/APAS-VERUS/src/Chap45/UnsortedListPQ.rs:1: info: [23a] spec/proof fn looser bounds: N/A
/home/milnes/projects/APAS-VERUS/src/Chap45/UnsortedListPQ.rs:1: info: [23b] free fn stricter bounds: N/A
/home/milnes/projects/APAS-VERUS/src/Chap45/UnsortedListPQ.rs:1: warning: [24] missing or incorrect copyright line; expected: //! Copyright (C) 2025 Acar, Blelloch and Milnes from 'Algorithms Parallel and Sequential'.

/home/milnes/projects/APAS-VERUS/src/Chap47/ChainedHashTable.rs:
/home/milnes/projects/APAS-VERUS/src/Chap47/ChainedHashTable.rs:1: info: [1] has mod declarations
/home/milnes/projects/APAS-VERUS/src/Chap47/ChainedHashTable.rs:1: info: [2] vstd::prelude::* before verus!
/home/milnes/projects/APAS-VERUS/src/Chap47/ChainedHashTable.rs:1: info: [3] has verus! macro
/home/milnes/projects/APAS-VERUS/src/Chap47/ChainedHashTable.rs:1: info: [4] no std imports (ok)
/home/milnes/projects/APAS-VERUS/src/Chap47/ChainedHashTable.rs:1: info: [5] no vstd imports (ok)
/home/milnes/projects/APAS-VERUS/src/Chap47/ChainedHashTable.rs:1: info: [11] Set/Seq usage has broadcast groups
/home/milnes/projects/APAS-VERUS/src/Chap47/ChainedHashTable.rs:1: info: [12] all trait fns have specs
/home/milnes/projects/APAS-VERUS/src/Chap47/ChainedHashTable.rs:1: info: [13] no non-derive trait impls (ok)
/home/milnes/projects/APAS-VERUS/src/Chap47/ChainedHashTable.rs:1: info: [14] no Debug/Display impls (ok)
/home/milnes/projects/APAS-VERUS/src/Chap47/ChainedHashTable.rs:1: info: [15] no PartialEq/Eq/Clone/Hash/Ord impls (ok)
/home/milnes/projects/APAS-VERUS/src/Chap47/ChainedHashTable.rs:1: info: [16] no Lit macro definitions (ok)
/home/milnes/projects/APAS-VERUS/src/Chap47/ChainedHashTable.rs:1: info: [17] no collection structs (ok)
/home/milnes/projects/APAS-VERUS/src/Chap47/ChainedHashTable.rs:1: info: [18] definition order correct
/home/milnes/projects/APAS-VERUS/src/Chap47/ChainedHashTable.rs:1: info: [19] no generic return names
/home/milnes/projects/APAS-VERUS/src/Chap47/ChainedHashTable.rs:1: info: [21] no broadcast use entries
/home/milnes/projects/APAS-VERUS/src/Chap47/ChainedHashTable.rs:1: info: [22:exec] exec fns: all in traits
/home/milnes/projects/APAS-VERUS/src/Chap47/ChainedHashTable.rs:1: info: [22:spec] spec fns: all in traits as abstract signatures
/home/milnes/projects/APAS-VERUS/src/Chap47/ChainedHashTable.rs:1: info: [22a:proof] free proof fn lemma_seq_pairs_to_map_remove_preserves_other_keys correctly free (Standard 19)
/home/milnes/projects/APAS-VERUS/src/Chap47/ChainedHashTable.rs:1: info: [22a:proof] free proof fn lemma_seq_pairs_remove_key_then_push correctly free (Standard 19)
/home/milnes/projects/APAS-VERUS/src/Chap47/ChainedHashTable.rs:1: info: [22a:proof] free proof fn lemma_seq_pairs_no_key_not_in_map correctly free (Standard 19)
/home/milnes/projects/APAS-VERUS/src/Chap47/ChainedHashTable.rs:1: info: [22a:proof] free proof fn lemma_seq_pairs_has_key_in_map correctly free (Standard 19)
/home/milnes/projects/APAS-VERUS/src/Chap47/ChainedHashTable.rs:1: info: [22a:proof] free proof fn lemma_seq_pairs_last_key_gives_value correctly free (Standard 19)
/home/milnes/projects/APAS-VERUS/src/Chap47/ChainedHashTable.rs:1: info: [23a] spec/proof fn lemma_seq_pairs_to_map_remove_preserves_other_keys param Key has looser bounds `(none)` (trait ChainedHashTable has `StT`)
/home/milnes/projects/APAS-VERUS/src/Chap47/ChainedHashTable.rs:1: info: [23a] spec/proof fn lemma_seq_pairs_to_map_remove_preserves_other_keys param Value has looser bounds `(none)` (trait ChainedHashTable has `StT`)
/home/milnes/projects/APAS-VERUS/src/Chap47/ChainedHashTable.rs:1: info: [23a] spec/proof fn lemma_seq_pairs_remove_key_then_push param Key has looser bounds `(none)` (trait ChainedHashTable has `StT`)
/home/milnes/projects/APAS-VERUS/src/Chap47/ChainedHashTable.rs:1: info: [23a] spec/proof fn lemma_seq_pairs_remove_key_then_push param Value has looser bounds `(none)` (trait ChainedHashTable has `StT`)
/home/milnes/projects/APAS-VERUS/src/Chap47/ChainedHashTable.rs:1: info: [23a] spec/proof fn lemma_seq_pairs_no_key_not_in_map param Key has looser bounds `(none)` (trait ChainedHashTable has `StT`)
/home/milnes/projects/APAS-VERUS/src/Chap47/ChainedHashTable.rs:1: info: [23a] spec/proof fn lemma_seq_pairs_no_key_not_in_map param Value has looser bounds `(none)` (trait ChainedHashTable has `StT`)
/home/milnes/projects/APAS-VERUS/src/Chap47/ChainedHashTable.rs:1: info: [23a] spec/proof fn lemma_seq_pairs_has_key_in_map param Key has looser bounds `(none)` (trait ChainedHashTable has `StT`)
/home/milnes/projects/APAS-VERUS/src/Chap47/ChainedHashTable.rs:1: info: [23a] spec/proof fn lemma_seq_pairs_has_key_in_map param Value has looser bounds `(none)` (trait ChainedHashTable has `StT`)
/home/milnes/projects/APAS-VERUS/src/Chap47/ChainedHashTable.rs:1: info: [23a] spec/proof fn lemma_seq_pairs_last_key_gives_value param Key has looser bounds `(none)` (trait ChainedHashTable has `StT`)
/home/milnes/projects/APAS-VERUS/src/Chap47/ChainedHashTable.rs:1: info: [23a] spec/proof fn lemma_seq_pairs_last_key_gives_value param Value has looser bounds `(none)` (trait ChainedHashTable has `StT`)
/home/milnes/projects/APAS-VERUS/src/Chap47/ChainedHashTable.rs:1: info: [23b] free fn type bounds compatible with trait
/home/milnes/projects/APAS-VERUS/src/Chap47/ChainedHashTable.rs:160: warning: [20] trait ChainedHashTable is defined but has no impl
/home/milnes/projects/APAS-VERUS/src/Chap47/ChainedHashTable.rs:1: warning: [24] missing or incorrect copyright line; expected: //! Copyright (C) 2025 Acar, Blelloch and Milnes from 'Algorithms Parallel and Sequential'.

/home/milnes/projects/APAS-VERUS/src/Chap47/DoubleHashFlatHashTableStEph.rs:
/home/milnes/projects/APAS-VERUS/src/Chap47/DoubleHashFlatHashTableStEph.rs:1: info: [1] has mod declarations
/home/milnes/projects/APAS-VERUS/src/Chap47/DoubleHashFlatHashTableStEph.rs:1: info: [2] vstd::prelude::* before verus!
/home/milnes/projects/APAS-VERUS/src/Chap47/DoubleHashFlatHashTableStEph.rs:1: info: [3] has verus! macro
/home/milnes/projects/APAS-VERUS/src/Chap47/DoubleHashFlatHashTableStEph.rs:1: info: [4] std imports grouped with trailing blank
/home/milnes/projects/APAS-VERUS/src/Chap47/DoubleHashFlatHashTableStEph.rs:1: info: [5] no vstd imports (ok)
/home/milnes/projects/APAS-VERUS/src/Chap47/DoubleHashFlatHashTableStEph.rs:1: info: [11] no Set/Seq usage (ok)
/home/milnes/projects/APAS-VERUS/src/Chap47/DoubleHashFlatHashTableStEph.rs:1: info: [12] no traits (ok)
/home/milnes/projects/APAS-VERUS/src/Chap47/DoubleHashFlatHashTableStEph.rs:1: info: [13] trait impls inside verus!
/home/milnes/projects/APAS-VERUS/src/Chap47/DoubleHashFlatHashTableStEph.rs:1: info: [14] Debug, Display outside verus!
/home/milnes/projects/APAS-VERUS/src/Chap47/DoubleHashFlatHashTableStEph.rs:1: info: [15] no PartialEq/Eq/Clone/Hash/Ord impls (ok)
/home/milnes/projects/APAS-VERUS/src/Chap47/DoubleHashFlatHashTableStEph.rs:1: info: [16] no Lit macro definitions (ok)
/home/milnes/projects/APAS-VERUS/src/Chap47/DoubleHashFlatHashTableStEph.rs:1: info: [17] no collection structs (ok)
/home/milnes/projects/APAS-VERUS/src/Chap47/DoubleHashFlatHashTableStEph.rs:1: info: [18] definition order correct
/home/milnes/projects/APAS-VERUS/src/Chap47/DoubleHashFlatHashTableStEph.rs:1: info: [19] no generic return names
/home/milnes/projects/APAS-VERUS/src/Chap47/DoubleHashFlatHashTableStEph.rs:1: info: [20] no traits defined
/home/milnes/projects/APAS-VERUS/src/Chap47/DoubleHashFlatHashTableStEph.rs:1: info: [21] no broadcast use entries
/home/milnes/projects/APAS-VERUS/src/Chap47/DoubleHashFlatHashTableStEph.rs:1: info: [22:exec] exec fns: all in traits
/home/milnes/projects/APAS-VERUS/src/Chap47/DoubleHashFlatHashTableStEph.rs:1: info: [22a:proof] free proof fn lemma_spec_second_hash_value correctly free (Standard 19)
/home/milnes/projects/APAS-VERUS/src/Chap47/DoubleHashFlatHashTableStEph.rs:1: info: [22a:spec] free spec fn spec_second_hash correctly free (Standard 19)
/home/milnes/projects/APAS-VERUS/src/Chap47/DoubleHashFlatHashTableStEph.rs:1: info: [22a:spec] free spec fn spec_doublehashflathashsteph_wf correctly free (Standard 19)
/home/milnes/projects/APAS-VERUS/src/Chap47/DoubleHashFlatHashTableStEph.rs:1: info: [23a] no spec/proof fns with looser bounds
/home/milnes/projects/APAS-VERUS/src/Chap47/DoubleHashFlatHashTableStEph.rs:1: info: [23b] free fn type bounds compatible with trait
/home/milnes/projects/APAS-VERUS/src/Chap47/DoubleHashFlatHashTableStEph.rs:1: warning: [24] missing or incorrect copyright line; expected: //! Copyright (C) 2025 Acar, Blelloch and Milnes from 'Algorithms Parallel and Sequential'.

/home/milnes/projects/APAS-VERUS/src/Chap47/FlatHashTable.rs:
/home/milnes/projects/APAS-VERUS/src/Chap47/FlatHashTable.rs:1: info: [1] has mod declarations
/home/milnes/projects/APAS-VERUS/src/Chap47/FlatHashTable.rs:1: info: [2] vstd::prelude::* before verus!
/home/milnes/projects/APAS-VERUS/src/Chap47/FlatHashTable.rs:1: info: [3] has verus! macro
/home/milnes/projects/APAS-VERUS/src/Chap47/FlatHashTable.rs:1: info: [4] no std imports (ok)
/home/milnes/projects/APAS-VERUS/src/Chap47/FlatHashTable.rs:1: info: [5] no vstd imports (ok)
/home/milnes/projects/APAS-VERUS/src/Chap47/FlatHashTable.rs:1: info: [11] Set/Seq usage has broadcast groups
/home/milnes/projects/APAS-VERUS/src/Chap47/FlatHashTable.rs:1: info: [12] all trait fns have specs
/home/milnes/projects/APAS-VERUS/src/Chap47/FlatHashTable.rs:1: info: [13] trait impls inside verus!
/home/milnes/projects/APAS-VERUS/src/Chap47/FlatHashTable.rs:1: info: [14] Debug, Display outside verus!
/home/milnes/projects/APAS-VERUS/src/Chap47/FlatHashTable.rs:1: info: [15] Clone inside verus!
/home/milnes/projects/APAS-VERUS/src/Chap47/FlatHashTable.rs:1: info: [16] no Lit macro definitions (ok)
/home/milnes/projects/APAS-VERUS/src/Chap47/FlatHashTable.rs:1: info: [17] no collection structs (ok)
/home/milnes/projects/APAS-VERUS/src/Chap47/FlatHashTable.rs:1: info: [18] definition order correct
/home/milnes/projects/APAS-VERUS/src/Chap47/FlatHashTable.rs:1: info: [19] no generic return names
/home/milnes/projects/APAS-VERUS/src/Chap47/FlatHashTable.rs:1: info: [21] no broadcast use entries
/home/milnes/projects/APAS-VERUS/src/Chap47/FlatHashTable.rs:1: info: [22:exec] exec fns: all in traits
/home/milnes/projects/APAS-VERUS/src/Chap47/FlatHashTable.rs:1: info: [22a:proof] free proof fn lemma_all_empties_count correctly free (Standard 19)
/home/milnes/projects/APAS-VERUS/src/Chap47/FlatHashTable.rs:1: info: [22a:proof] free proof fn lemma_empties_positive_implies_exists_empty correctly free (Standard 19)
/home/milnes/projects/APAS-VERUS/src/Chap47/FlatHashTable.rs:1: info: [22a:proof] free proof fn lemma_one_slot_change_empties correctly free (Standard 19)
/home/milnes/projects/APAS-VERUS/src/Chap47/FlatHashTable.rs:1: info: [22a:proof] free proof fn lemma_probe_mod_identity correctly free (Standard 19)
/home/milnes/projects/APAS-VERUS/src/Chap47/FlatHashTable.rs:1: info: [22a:spec] free spec fn spec_count_empties correctly free (Standard 19)
/home/milnes/projects/APAS-VERUS/src/Chap47/FlatHashTable.rs:1: info: [23a] spec/proof fn spec_flat_has_key param Key has looser bounds `(none)` (trait FlatHashTable has `StT`)
/home/milnes/projects/APAS-VERUS/src/Chap47/FlatHashTable.rs:1: info: [23a] spec/proof fn spec_flat_has_key param Value has looser bounds `(none)` (trait FlatHashTable has `StT`)
/home/milnes/projects/APAS-VERUS/src/Chap47/FlatHashTable.rs:1: info: [23a] spec/proof fn spec_count_empties param Key has looser bounds `(none)` (trait FlatHashTable has `StT`)
/home/milnes/projects/APAS-VERUS/src/Chap47/FlatHashTable.rs:1: info: [23a] spec/proof fn spec_count_empties param Value has looser bounds `(none)` (trait FlatHashTable has `StT`)
/home/milnes/projects/APAS-VERUS/src/Chap47/FlatHashTable.rs:1: info: [23a] spec/proof fn lemma_all_empties_count param Key has looser bounds `(none)` (trait FlatHashTable has `StT`)
/home/milnes/projects/APAS-VERUS/src/Chap47/FlatHashTable.rs:1: info: [23a] spec/proof fn lemma_all_empties_count param Value has looser bounds `(none)` (trait FlatHashTable has `StT`)
/home/milnes/projects/APAS-VERUS/src/Chap47/FlatHashTable.rs:1: info: [23a] spec/proof fn lemma_empties_positive_implies_exists_empty param Key has looser bounds `(none)` (trait FlatHashTable has `StT`)
/home/milnes/projects/APAS-VERUS/src/Chap47/FlatHashTable.rs:1: info: [23a] spec/proof fn lemma_empties_positive_implies_exists_empty param Value has looser bounds `(none)` (trait FlatHashTable has `StT`)
/home/milnes/projects/APAS-VERUS/src/Chap47/FlatHashTable.rs:1: info: [23a] spec/proof fn lemma_one_slot_change_empties param Key has looser bounds `(none)` (trait FlatHashTable has `StT`)
/home/milnes/projects/APAS-VERUS/src/Chap47/FlatHashTable.rs:1: info: [23a] spec/proof fn lemma_one_slot_change_empties param Value has looser bounds `(none)` (trait FlatHashTable has `StT`)
/home/milnes/projects/APAS-VERUS/src/Chap47/FlatHashTable.rs:1: info: [23b] free fn type bounds compatible with trait
/home/milnes/projects/APAS-VERUS/src/Chap47/FlatHashTable.rs:160: warning: [20] trait FlatHashTable is defined but has no impl
/home/milnes/projects/APAS-VERUS/src/Chap47/FlatHashTable.rs:52: warning: [22:spec] free spec fn spec_flat_has_key should be an abstract signature in a trait with body in the impl
/home/milnes/projects/APAS-VERUS/src/Chap47/FlatHashTable.rs:1: warning: [24] missing or incorrect copyright line; expected: //! Copyright (C) 2025 Acar, Blelloch and Milnes from 'Algorithms Parallel and Sequential'.

/home/milnes/projects/APAS-VERUS/src/Chap47/LinProbFlatHashTableStEph.rs:
/home/milnes/projects/APAS-VERUS/src/Chap47/LinProbFlatHashTableStEph.rs:1: info: [1] has mod declarations
/home/milnes/projects/APAS-VERUS/src/Chap47/LinProbFlatHashTableStEph.rs:1: info: [2] vstd::prelude::* before verus!
/home/milnes/projects/APAS-VERUS/src/Chap47/LinProbFlatHashTableStEph.rs:1: info: [3] has verus! macro
/home/milnes/projects/APAS-VERUS/src/Chap47/LinProbFlatHashTableStEph.rs:1: info: [4] std imports grouped with trailing blank
/home/milnes/projects/APAS-VERUS/src/Chap47/LinProbFlatHashTableStEph.rs:1: info: [5] no vstd imports (ok)
/home/milnes/projects/APAS-VERUS/src/Chap47/LinProbFlatHashTableStEph.rs:1: info: [11] no Set/Seq usage (ok)
/home/milnes/projects/APAS-VERUS/src/Chap47/LinProbFlatHashTableStEph.rs:1: info: [12] no traits (ok)
/home/milnes/projects/APAS-VERUS/src/Chap47/LinProbFlatHashTableStEph.rs:1: info: [13] trait impls inside verus!
/home/milnes/projects/APAS-VERUS/src/Chap47/LinProbFlatHashTableStEph.rs:1: info: [14] Debug, Display outside verus!
/home/milnes/projects/APAS-VERUS/src/Chap47/LinProbFlatHashTableStEph.rs:1: info: [15] no PartialEq/Eq/Clone/Hash/Ord impls (ok)
/home/milnes/projects/APAS-VERUS/src/Chap47/LinProbFlatHashTableStEph.rs:1: info: [16] no Lit macro definitions (ok)
/home/milnes/projects/APAS-VERUS/src/Chap47/LinProbFlatHashTableStEph.rs:1: info: [17] no collection structs (ok)
/home/milnes/projects/APAS-VERUS/src/Chap47/LinProbFlatHashTableStEph.rs:1: info: [18] definition order correct
/home/milnes/projects/APAS-VERUS/src/Chap47/LinProbFlatHashTableStEph.rs:1: info: [19] no generic return names
/home/milnes/projects/APAS-VERUS/src/Chap47/LinProbFlatHashTableStEph.rs:1: info: [20] no traits defined
/home/milnes/projects/APAS-VERUS/src/Chap47/LinProbFlatHashTableStEph.rs:1: info: [21] broadcast use: vstd:: before crate::
/home/milnes/projects/APAS-VERUS/src/Chap47/LinProbFlatHashTableStEph.rs:1: info: [22:exec] exec fns: all in traits
/home/milnes/projects/APAS-VERUS/src/Chap47/LinProbFlatHashTableStEph.rs:1: info: [22:proof] proof fns: all in traits
/home/milnes/projects/APAS-VERUS/src/Chap47/LinProbFlatHashTableStEph.rs:1: info: [22a:spec] free spec fn spec_linprobflathashsteph_wf correctly free (Standard 19)
/home/milnes/projects/APAS-VERUS/src/Chap47/LinProbFlatHashTableStEph.rs:1: info: [23a] no spec/proof fns with looser bounds
/home/milnes/projects/APAS-VERUS/src/Chap47/LinProbFlatHashTableStEph.rs:1: info: [23b] free fn type bounds compatible with trait
/home/milnes/projects/APAS-VERUS/src/Chap47/LinProbFlatHashTableStEph.rs:1: warning: [24] missing or incorrect copyright line; expected: //! Copyright (C) 2025 Acar, Blelloch and Milnes from 'Algorithms Parallel and Sequential'.

/home/milnes/projects/APAS-VERUS/src/Chap47/LinkedListChainedHashTableStEph.rs:
/home/milnes/projects/APAS-VERUS/src/Chap47/LinkedListChainedHashTableStEph.rs:1: info: [1] has mod declarations
/home/milnes/projects/APAS-VERUS/src/Chap47/LinkedListChainedHashTableStEph.rs:1: info: [2] vstd::prelude::* before verus!
/home/milnes/projects/APAS-VERUS/src/Chap47/LinkedListChainedHashTableStEph.rs:1: info: [3] has verus! macro
/home/milnes/projects/APAS-VERUS/src/Chap47/LinkedListChainedHashTableStEph.rs:1: info: [4] std imports grouped with trailing blank
/home/milnes/projects/APAS-VERUS/src/Chap47/LinkedListChainedHashTableStEph.rs:1: info: [5] no vstd imports (ok)
/home/milnes/projects/APAS-VERUS/src/Chap47/LinkedListChainedHashTableStEph.rs:1: info: [12] no traits (ok)
/home/milnes/projects/APAS-VERUS/src/Chap47/LinkedListChainedHashTableStEph.rs:1: info: [13] trait impls inside verus!
/home/milnes/projects/APAS-VERUS/src/Chap47/LinkedListChainedHashTableStEph.rs:1: info: [14] Debug, Display outside verus!
/home/milnes/projects/APAS-VERUS/src/Chap47/LinkedListChainedHashTableStEph.rs:1: info: [15] no PartialEq/Eq/Clone/Hash/Ord impls (ok)
/home/milnes/projects/APAS-VERUS/src/Chap47/LinkedListChainedHashTableStEph.rs:1: info: [16] no Lit macro definitions (ok)
/home/milnes/projects/APAS-VERUS/src/Chap47/LinkedListChainedHashTableStEph.rs:1: info: [17] no collection structs (ok)
/home/milnes/projects/APAS-VERUS/src/Chap47/LinkedListChainedHashTableStEph.rs:1: info: [18] definition order correct
/home/milnes/projects/APAS-VERUS/src/Chap47/LinkedListChainedHashTableStEph.rs:1: info: [19] no generic return names
/home/milnes/projects/APAS-VERUS/src/Chap47/LinkedListChainedHashTableStEph.rs:1: info: [20] no traits defined
/home/milnes/projects/APAS-VERUS/src/Chap47/LinkedListChainedHashTableStEph.rs:1: info: [21] no broadcast use entries
/home/milnes/projects/APAS-VERUS/src/Chap47/LinkedListChainedHashTableStEph.rs:1: info: [22:spec] spec fns: all in traits as abstract signatures
/home/milnes/projects/APAS-VERUS/src/Chap47/LinkedListChainedHashTableStEph.rs:1: info: [22a:proof] free proof fn _linked_list_chained_hash_table_verified correctly free (Standard 19)
/home/milnes/projects/APAS-VERUS/src/Chap47/LinkedListChainedHashTableStEph.rs:1: info: [23a] no spec/proof fns with looser bounds
/home/milnes/projects/APAS-VERUS/src/Chap47/LinkedListChainedHashTableStEph.rs:1: info: [23b] free fn type bounds compatible with trait
/home/milnes/projects/APAS-VERUS/src/Chap47/LinkedListChainedHashTableStEph.rs:1: warning: [11] Seq usage should have vstd::seq::group_seq_axioms in broadcast use
/home/milnes/projects/APAS-VERUS/src/Chap47/LinkedListChainedHashTableStEph.rs:57: warning: [22:exec] free fn clone_linked_list_entry should be a trait method
/home/milnes/projects/APAS-VERUS/src/Chap47/LinkedListChainedHashTableStEph.rs:1: warning: [24] missing or incorrect copyright line; expected: //! Copyright (C) 2025 Acar, Blelloch and Milnes from 'Algorithms Parallel and Sequential'.

/home/milnes/projects/APAS-VERUS/src/Chap47/ParaHashTableStEph.rs:
/home/milnes/projects/APAS-VERUS/src/Chap47/ParaHashTableStEph.rs:1: info: [1] has mod declarations
/home/milnes/projects/APAS-VERUS/src/Chap47/ParaHashTableStEph.rs:1: info: [2] vstd::prelude::* before verus!
/home/milnes/projects/APAS-VERUS/src/Chap47/ParaHashTableStEph.rs:1: info: [3] has verus! macro
/home/milnes/projects/APAS-VERUS/src/Chap47/ParaHashTableStEph.rs:1: info: [4] std imports grouped with trailing blank
/home/milnes/projects/APAS-VERUS/src/Chap47/ParaHashTableStEph.rs:1: info: [5] no vstd imports (ok)
/home/milnes/projects/APAS-VERUS/src/Chap47/ParaHashTableStEph.rs:1: info: [13] trait impls inside verus!
/home/milnes/projects/APAS-VERUS/src/Chap47/ParaHashTableStEph.rs:1: info: [14] Debug, Display outside verus!
/home/milnes/projects/APAS-VERUS/src/Chap47/ParaHashTableStEph.rs:1: info: [15] no PartialEq/Eq/Clone/Hash/Ord impls (ok)
/home/milnes/projects/APAS-VERUS/src/Chap47/ParaHashTableStEph.rs:1: info: [16] no Lit macro definitions (ok)
/home/milnes/projects/APAS-VERUS/src/Chap47/ParaHashTableStEph.rs:1: info: [17] no collection structs (ok)
/home/milnes/projects/APAS-VERUS/src/Chap47/ParaHashTableStEph.rs:1: info: [18] definition order correct
/home/milnes/projects/APAS-VERUS/src/Chap47/ParaHashTableStEph.rs:1: info: [19] no generic return names
/home/milnes/projects/APAS-VERUS/src/Chap47/ParaHashTableStEph.rs:1: info: [21] broadcast use: vstd:: before crate::
/home/milnes/projects/APAS-VERUS/src/Chap47/ParaHashTableStEph.rs:1: info: [22a:exec] free fn clone_elem correctly free (Standard 19)
/home/milnes/projects/APAS-VERUS/src/Chap47/ParaHashTableStEph.rs:1: info: [22a:exec] free fn call_hash_fn correctly free (Standard 19)
/home/milnes/projects/APAS-VERUS/src/Chap47/ParaHashTableStEph.rs:1: info: [22a:proof] free proof fn lemma_table_to_map_push_empty correctly free (Standard 19)
/home/milnes/projects/APAS-VERUS/src/Chap47/ParaHashTableStEph.rs:1: info: [22a:proof] free proof fn lemma_table_to_map_update_contains correctly free (Standard 19)
/home/milnes/projects/APAS-VERUS/src/Chap47/ParaHashTableStEph.rs:1: info: [22a:proof] free proof fn lemma_table_to_map_not_contains correctly free (Standard 19)
/home/milnes/projects/APAS-VERUS/src/Chap47/ParaHashTableStEph.rs:1: info: [22a:proof] free proof fn lemma_table_to_map_update_insert correctly free (Standard 19)
/home/milnes/projects/APAS-VERUS/src/Chap47/ParaHashTableStEph.rs:1: info: [22a:proof] free proof fn lemma_table_to_map_update_remove correctly free (Standard 19)
/home/milnes/projects/APAS-VERUS/src/Chap47/ParaHashTableStEph.rs:1: info: [22a:proof] free proof fn lemma_table_to_map_unique_entry_value correctly free (Standard 19)
/home/milnes/projects/APAS-VERUS/src/Chap47/ParaHashTableStEph.rs:1: info: [22a:spec] free spec fn spec_seq_pairs_to_map correctly free (Standard 19)
/home/milnes/projects/APAS-VERUS/src/Chap47/ParaHashTableStEph.rs:1: info: [22a:spec] free spec fn spec_table_to_map correctly free (Standard 19)
/home/milnes/projects/APAS-VERUS/src/Chap47/ParaHashTableStEph.rs:1: info: [22a:spec] free spec fn spec_other_slots_preserved correctly free (Standard 19)
/home/milnes/projects/APAS-VERUS/src/Chap47/ParaHashTableStEph.rs:1: info: [22a:spec] free spec fn spec_hash_fn_valid correctly free (Standard 19)
/home/milnes/projects/APAS-VERUS/src/Chap47/ParaHashTableStEph.rs:1: info: [23a] no spec/proof fns with looser bounds
/home/milnes/projects/APAS-VERUS/src/Chap47/ParaHashTableStEph.rs:1: info: [23b] free fn type bounds compatible with trait
/home/milnes/projects/APAS-VERUS/src/Chap47/ParaHashTableStEph.rs:1: warning: [11] Seq usage should have vstd::seq::group_seq_axioms in broadcast use
/home/milnes/projects/APAS-VERUS/src/Chap47/ParaHashTableStEph.rs:352: warning: [12] trait EntryTrait fn lookup should have requires/ensures
/home/milnes/projects/APAS-VERUS/src/Chap47/ParaHashTableStEph.rs:359: warning: [12] trait EntryTrait fn clone_entry should have requires/ensures
/home/milnes/projects/APAS-VERUS/src/Chap47/ParaHashTableStEph.rs:339: warning: [20] trait EntryTrait is defined but has no impl
/home/milnes/projects/APAS-VERUS/src/Chap47/ParaHashTableStEph.rs:363: warning: [20] trait ParaHashTableStEphTrait is defined but has no impl
/home/milnes/projects/APAS-VERUS/src/Chap47/ParaHashTableStEph.rs:90: warning: [22:spec] free spec fn spec_hashtable_wf should be an abstract signature in a trait with body in the impl
/home/milnes/projects/APAS-VERUS/src/Chap47/ParaHashTableStEph.rs:367: warning: [22:spec] spec fn spec_parahashtablesteph_wf in trait ParaHashTableStEphTrait has a body; should be abstract (no body) with concrete spec in the impl
/home/milnes/projects/APAS-VERUS/src/Chap47/ParaHashTableStEph.rs:373: warning: [22:spec] spec fn spec_has_insert_capacity in trait ParaHashTableStEphTrait has a body; should be abstract (no body) with concrete spec in the impl
/home/milnes/projects/APAS-VERUS/src/Chap47/ParaHashTableStEph.rs:379: warning: [22:spec] spec fn spec_resize_ok in trait ParaHashTableStEphTrait has a body; should be abstract (no body) with concrete spec in the impl
/home/milnes/projects/APAS-VERUS/src/Chap47/ParaHashTableStEph.rs:1: warning: [24] missing or incorrect copyright line; expected: //! Copyright (C) 2025 Acar, Blelloch and Milnes from 'Algorithms Parallel and Sequential'.

/home/milnes/projects/APAS-VERUS/src/Chap47/QuadProbFlatHashTableStEph.rs:
/home/milnes/projects/APAS-VERUS/src/Chap47/QuadProbFlatHashTableStEph.rs:1: info: [1] has mod declarations
/home/milnes/projects/APAS-VERUS/src/Chap47/QuadProbFlatHashTableStEph.rs:1: info: [2] vstd::prelude::* before verus!
/home/milnes/projects/APAS-VERUS/src/Chap47/QuadProbFlatHashTableStEph.rs:1: info: [3] has verus! macro
/home/milnes/projects/APAS-VERUS/src/Chap47/QuadProbFlatHashTableStEph.rs:1: info: [4] std imports grouped with trailing blank
/home/milnes/projects/APAS-VERUS/src/Chap47/QuadProbFlatHashTableStEph.rs:1: info: [5] vstd imports grouped with trailing blank
/home/milnes/projects/APAS-VERUS/src/Chap47/QuadProbFlatHashTableStEph.rs:1: info: [12] no traits (ok)
/home/milnes/projects/APAS-VERUS/src/Chap47/QuadProbFlatHashTableStEph.rs:1: info: [13] trait impls inside verus!
/home/milnes/projects/APAS-VERUS/src/Chap47/QuadProbFlatHashTableStEph.rs:1: info: [14] Debug, Display outside verus!
/home/milnes/projects/APAS-VERUS/src/Chap47/QuadProbFlatHashTableStEph.rs:1: info: [15] no PartialEq/Eq/Clone/Hash/Ord impls (ok)
/home/milnes/projects/APAS-VERUS/src/Chap47/QuadProbFlatHashTableStEph.rs:1: info: [16] no Lit macro definitions (ok)
/home/milnes/projects/APAS-VERUS/src/Chap47/QuadProbFlatHashTableStEph.rs:1: info: [17] no collection structs (ok)
/home/milnes/projects/APAS-VERUS/src/Chap47/QuadProbFlatHashTableStEph.rs:1: info: [18] definition order correct
/home/milnes/projects/APAS-VERUS/src/Chap47/QuadProbFlatHashTableStEph.rs:1: info: [19] no generic return names
/home/milnes/projects/APAS-VERUS/src/Chap47/QuadProbFlatHashTableStEph.rs:1: info: [20] no traits defined
/home/milnes/projects/APAS-VERUS/src/Chap47/QuadProbFlatHashTableStEph.rs:1: info: [21] broadcast use: vstd:: before crate::
/home/milnes/projects/APAS-VERUS/src/Chap47/QuadProbFlatHashTableStEph.rs:1: info: [22:exec] exec fns: all in traits
/home/milnes/projects/APAS-VERUS/src/Chap47/QuadProbFlatHashTableStEph.rs:1: info: [22a:proof] free proof fn lemma_consecutive_even correctly free (Standard 19)
/home/milnes/projects/APAS-VERUS/src/Chap47/QuadProbFlatHashTableStEph.rs:1: info: [22a:proof] free proof fn lemma_tri_step correctly free (Standard 19)
/home/milnes/projects/APAS-VERUS/src/Chap47/QuadProbFlatHashTableStEph.rs:1: info: [22a:proof] free proof fn lemma_odd_factor_pow2 correctly free (Standard 19)
/home/milnes/projects/APAS-VERUS/src/Chap47/QuadProbFlatHashTableStEph.rs:1: info: [22a:proof] free proof fn lemma_triangular_injective correctly free (Standard 19)
/home/milnes/projects/APAS-VERUS/src/Chap47/QuadProbFlatHashTableStEph.rs:1: info: [22a:proof] free proof fn lemma_mod_add_cancel correctly free (Standard 19)
/home/milnes/projects/APAS-VERUS/src/Chap47/QuadProbFlatHashTableStEph.rs:1: info: [22a:proof] free proof fn lemma_empty_slot_reachable correctly free (Standard 19)
/home/milnes/projects/APAS-VERUS/src/Chap47/QuadProbFlatHashTableStEph.rs:1: info: [22a:spec] free spec fn spec_is_power_of_two correctly free (Standard 19)
/home/milnes/projects/APAS-VERUS/src/Chap47/QuadProbFlatHashTableStEph.rs:1: info: [22a:spec] free spec fn spec_tri_probe correctly free (Standard 19)
/home/milnes/projects/APAS-VERUS/src/Chap47/QuadProbFlatHashTableStEph.rs:1: info: [22a:spec] free spec fn spec_quadprobflathashsteph_wf correctly free (Standard 19)
/home/milnes/projects/APAS-VERUS/src/Chap47/QuadProbFlatHashTableStEph.rs:1: info: [23a] no spec/proof fns with looser bounds
/home/milnes/projects/APAS-VERUS/src/Chap47/QuadProbFlatHashTableStEph.rs:1: info: [23b] free fn type bounds compatible with trait
/home/milnes/projects/APAS-VERUS/src/Chap47/QuadProbFlatHashTableStEph.rs:1: warning: [11] Seq usage should have vstd::seq::group_seq_axioms in broadcast use
/home/milnes/projects/APAS-VERUS/src/Chap47/QuadProbFlatHashTableStEph.rs:1: warning: [24] missing or incorrect copyright line; expected: //! Copyright (C) 2025 Acar, Blelloch and Milnes from 'Algorithms Parallel and Sequential'.

/home/milnes/projects/APAS-VERUS/src/Chap47/StructChainedHashTable.rs:
/home/milnes/projects/APAS-VERUS/src/Chap47/StructChainedHashTable.rs:1: info: [1] has mod declarations
/home/milnes/projects/APAS-VERUS/src/Chap47/StructChainedHashTable.rs:1: info: [2] vstd::prelude::* before verus!
/home/milnes/projects/APAS-VERUS/src/Chap47/StructChainedHashTable.rs:1: info: [3] has verus! macro
/home/milnes/projects/APAS-VERUS/src/Chap47/StructChainedHashTable.rs:1: info: [4] std imports grouped with trailing blank
/home/milnes/projects/APAS-VERUS/src/Chap47/StructChainedHashTable.rs:1: info: [5] vstd imports grouped with trailing blank
/home/milnes/projects/APAS-VERUS/src/Chap47/StructChainedHashTable.rs:1: info: [11] no Set/Seq usage (ok)
/home/milnes/projects/APAS-VERUS/src/Chap47/StructChainedHashTable.rs:1: info: [12] all trait fns have specs
/home/milnes/projects/APAS-VERUS/src/Chap47/StructChainedHashTable.rs:1: info: [13] trait impls inside verus!
/home/milnes/projects/APAS-VERUS/src/Chap47/StructChainedHashTable.rs:1: info: [14] Debug, Display outside verus!
/home/milnes/projects/APAS-VERUS/src/Chap47/StructChainedHashTable.rs:1: info: [15] Clone, PartialEq, Eq inside verus!
/home/milnes/projects/APAS-VERUS/src/Chap47/StructChainedHashTable.rs:1: info: [16] no Lit macro definitions (ok)
/home/milnes/projects/APAS-VERUS/src/Chap47/StructChainedHashTable.rs:1: info: [17] no collection structs (ok)
/home/milnes/projects/APAS-VERUS/src/Chap47/StructChainedHashTable.rs:1: info: [19] no generic return names
/home/milnes/projects/APAS-VERUS/src/Chap47/StructChainedHashTable.rs:1: info: [20] all traits have impls
/home/milnes/projects/APAS-VERUS/src/Chap47/StructChainedHashTable.rs:1: info: [21] broadcast use: vstd:: before crate::
/home/milnes/projects/APAS-VERUS/src/Chap47/StructChainedHashTable.rs:1: info: [22a:proof] free proof fn _struct_chained_hash_table_verified correctly free (Standard 19)
/home/milnes/projects/APAS-VERUS/src/Chap47/StructChainedHashTable.rs:1: info: [23a] no spec/proof fns with looser bounds
/home/milnes/projects/APAS-VERUS/src/Chap47/StructChainedHashTable.rs:50: warning: [18] use crate::... should come before broadcast use (expected imports before broadcast use)
/home/milnes/projects/APAS-VERUS/src/Chap47/StructChainedHashTable.rs:95: warning: [22:exec] free fn chain_insert should be a trait method
/home/milnes/projects/APAS-VERUS/src/Chap47/StructChainedHashTable.rs:155: warning: [22:exec] free fn chain_lookup should be a trait method
/home/milnes/projects/APAS-VERUS/src/Chap47/StructChainedHashTable.rs:207: warning: [22:exec] free fn chain_delete should be a trait method
/home/milnes/projects/APAS-VERUS/src/Chap47/StructChainedHashTable.rs:314: warning: [22:spec] free spec fn spec_chain_to_map should be an abstract signature in a trait with body in the impl
/home/milnes/projects/APAS-VERUS/src/Chap47/StructChainedHashTable.rs:326: warning: [22:spec] free spec fn spec_chain_keys_unique should be an abstract signature in a trait with body in the impl
/home/milnes/projects/APAS-VERUS/src/Chap47/StructChainedHashTable.rs:95: warning: [23b] free fn chain_insert param Key has bounds `Eq + View + Clone` but trait ChainListTrait has `(none)`
/home/milnes/projects/APAS-VERUS/src/Chap47/StructChainedHashTable.rs:155: warning: [23b] free fn chain_lookup param Key has bounds `Eq + View + Clone` but trait ChainListTrait has `(none)`
/home/milnes/projects/APAS-VERUS/src/Chap47/StructChainedHashTable.rs:155: warning: [23b] free fn chain_lookup param Value has bounds `Eq + Clone` but trait ChainListTrait has `(none)`
/home/milnes/projects/APAS-VERUS/src/Chap47/StructChainedHashTable.rs:207: warning: [23b] free fn chain_delete param Key has bounds `Eq + View + Clone` but trait ChainListTrait has `(none)`
/home/milnes/projects/APAS-VERUS/src/Chap47/StructChainedHashTable.rs:1: warning: [24] missing or incorrect copyright line; expected: //! Copyright (C) 2025 Acar, Blelloch and Milnes from 'Algorithms Parallel and Sequential'.

/home/milnes/projects/APAS-VERUS/src/Chap47/VecChainedHashTableStEph.rs:
/home/milnes/projects/APAS-VERUS/src/Chap47/VecChainedHashTableStEph.rs:1: info: [1] has mod declarations
/home/milnes/projects/APAS-VERUS/src/Chap47/VecChainedHashTableStEph.rs:1: info: [2] vstd::prelude::* before verus!
/home/milnes/projects/APAS-VERUS/src/Chap47/VecChainedHashTableStEph.rs:1: info: [3] has verus! macro
/home/milnes/projects/APAS-VERUS/src/Chap47/VecChainedHashTableStEph.rs:1: info: [4] std imports grouped with trailing blank
/home/milnes/projects/APAS-VERUS/src/Chap47/VecChainedHashTableStEph.rs:1: info: [5] no vstd imports (ok)
/home/milnes/projects/APAS-VERUS/src/Chap47/VecChainedHashTableStEph.rs:1: info: [12] no traits (ok)
/home/milnes/projects/APAS-VERUS/src/Chap47/VecChainedHashTableStEph.rs:1: info: [13] trait impls inside verus!
/home/milnes/projects/APAS-VERUS/src/Chap47/VecChainedHashTableStEph.rs:1: info: [14] Debug, Display outside verus!
/home/milnes/projects/APAS-VERUS/src/Chap47/VecChainedHashTableStEph.rs:1: info: [15] no PartialEq/Eq/Clone/Hash/Ord impls (ok)
/home/milnes/projects/APAS-VERUS/src/Chap47/VecChainedHashTableStEph.rs:1: info: [16] no Lit macro definitions (ok)
/home/milnes/projects/APAS-VERUS/src/Chap47/VecChainedHashTableStEph.rs:1: info: [17] no collection structs (ok)
/home/milnes/projects/APAS-VERUS/src/Chap47/VecChainedHashTableStEph.rs:1: info: [18] definition order correct
/home/milnes/projects/APAS-VERUS/src/Chap47/VecChainedHashTableStEph.rs:1: info: [19] no generic return names
/home/milnes/projects/APAS-VERUS/src/Chap47/VecChainedHashTableStEph.rs:1: info: [20] no traits defined
/home/milnes/projects/APAS-VERUS/src/Chap47/VecChainedHashTableStEph.rs:1: info: [21] no broadcast use entries
/home/milnes/projects/APAS-VERUS/src/Chap47/VecChainedHashTableStEph.rs:1: info: [22:spec] spec fns: all in traits as abstract signatures
/home/milnes/projects/APAS-VERUS/src/Chap47/VecChainedHashTableStEph.rs:1: info: [22a:proof] free proof fn _vec_chained_hash_table_verified correctly free (Standard 19)
/home/milnes/projects/APAS-VERUS/src/Chap47/VecChainedHashTableStEph.rs:1: info: [23a] no spec/proof fns with looser bounds
/home/milnes/projects/APAS-VERUS/src/Chap47/VecChainedHashTableStEph.rs:1: info: [23b] free fn type bounds compatible with trait
/home/milnes/projects/APAS-VERUS/src/Chap47/VecChainedHashTableStEph.rs:1: warning: [11] Seq usage should have vstd::seq::group_seq_axioms in broadcast use
/home/milnes/projects/APAS-VERUS/src/Chap47/VecChainedHashTableStEph.rs:56: warning: [22:exec] free fn clone_vec_pairs should be a trait method
/home/milnes/projects/APAS-VERUS/src/Chap47/VecChainedHashTableStEph.rs:1: warning: [24] missing or incorrect copyright line; expected: //! Copyright (C) 2025 Acar, Blelloch and Milnes from 'Algorithms Parallel and Sequential'.

/home/milnes/projects/APAS-VERUS/src/Chap49/MinEditDistMtEph.rs:
/home/milnes/projects/APAS-VERUS/src/Chap49/MinEditDistMtEph.rs:1: info: [1] has mod declarations
/home/milnes/projects/APAS-VERUS/src/Chap49/MinEditDistMtEph.rs:1: info: [2] vstd::prelude::* before verus!
/home/milnes/projects/APAS-VERUS/src/Chap49/MinEditDistMtEph.rs:1: info: [3] has verus! macro
/home/milnes/projects/APAS-VERUS/src/Chap49/MinEditDistMtEph.rs:1: info: [4] std imports grouped with trailing blank
/home/milnes/projects/APAS-VERUS/src/Chap49/MinEditDistMtEph.rs:1: info: [5] vstd imports grouped with trailing blank
/home/milnes/projects/APAS-VERUS/src/Chap49/MinEditDistMtEph.rs:1: info: [11] Set/Seq usage has broadcast groups
/home/milnes/projects/APAS-VERUS/src/Chap49/MinEditDistMtEph.rs:1: info: [14] Debug, Display outside verus!
/home/milnes/projects/APAS-VERUS/src/Chap49/MinEditDistMtEph.rs:1: info: [16] Lit macro definitions at end of file
/home/milnes/projects/APAS-VERUS/src/Chap49/MinEditDistMtEph.rs:1: info: [17] no collection structs (ok)
/home/milnes/projects/APAS-VERUS/src/Chap49/MinEditDistMtEph.rs:1: info: [18] definition order correct
/home/milnes/projects/APAS-VERUS/src/Chap49/MinEditDistMtEph.rs:1: info: [19] no generic return names
/home/milnes/projects/APAS-VERUS/src/Chap49/MinEditDistMtEph.rs:1: info: [20] all traits have impls
/home/milnes/projects/APAS-VERUS/src/Chap49/MinEditDistMtEph.rs:1: info: [21] broadcast use: vstd:: before crate::
/home/milnes/projects/APAS-VERUS/src/Chap49/MinEditDistMtEph.rs:1: info: [22:proof] proof fns: all in traits
/home/milnes/projects/APAS-VERUS/src/Chap49/MinEditDistMtEph.rs:1: info: [22a:exec] free fn new_arc_memo correctly free (Standard 19)
/home/milnes/projects/APAS-VERUS/src/Chap49/MinEditDistMtEph.rs:1: info: [22a:exec] free fn min_edit_distance_rec correctly free (Standard 19)
/home/milnes/projects/APAS-VERUS/src/Chap49/MinEditDistMtEph.rs:1: info: [22a:spec] free spec fn spec_med correctly free (Standard 19)
/home/milnes/projects/APAS-VERUS/src/Chap49/MinEditDistMtEph.rs:1: info: [22a:spec] free spec fn spec_memo_bounded correctly free (Standard 19)
/home/milnes/projects/APAS-VERUS/src/Chap49/MinEditDistMtEph.rs:1: info: [23a] no spec/proof fns with looser bounds
/home/milnes/projects/APAS-VERUS/src/Chap49/MinEditDistMtEph.rs:1: info: [23b] free fn type bounds compatible with trait
/home/milnes/projects/APAS-VERUS/src/Chap49/MinEditDistMtEph.rs:171: warning: [12] trait MinEditDistMtEphTrait fn memo_size should have requires/ensures
/home/milnes/projects/APAS-VERUS/src/Chap49/MinEditDistMtEph.rs:454: warning: [13] impl MinEditDistMtEphMutTrait for MinEditDistMtEphS should be inside verus!
/home/milnes/projects/APAS-VERUS/src/Chap49/MinEditDistMtEph.rs:459: warning: [15] impl PartialEq should be inside verus! (for verification)
/home/milnes/projects/APAS-VERUS/src/Chap49/MinEditDistMtEph.rs:463: warning: [15] impl Eq should be inside verus! (for verification)
/home/milnes/projects/APAS-VERUS/src/Chap49/MinEditDistMtEph.rs:190: warning: [22:exec] free fn clone_arc_memo should be a trait method
/home/milnes/projects/APAS-VERUS/src/Chap49/MinEditDistMtEph.rs:1: warning: [24] missing or incorrect copyright line; expected: //! Copyright (C) 2025 Acar, Blelloch and Milnes from 'Algorithms Parallel and Sequential'.

/home/milnes/projects/APAS-VERUS/src/Chap49/MinEditDistMtPer.rs:
/home/milnes/projects/APAS-VERUS/src/Chap49/MinEditDistMtPer.rs:1: info: [1] has mod declarations
/home/milnes/projects/APAS-VERUS/src/Chap49/MinEditDistMtPer.rs:1: info: [2] vstd::prelude::* before verus!
/home/milnes/projects/APAS-VERUS/src/Chap49/MinEditDistMtPer.rs:1: info: [3] has verus! macro
/home/milnes/projects/APAS-VERUS/src/Chap49/MinEditDistMtPer.rs:1: info: [4] std imports grouped with trailing blank
/home/milnes/projects/APAS-VERUS/src/Chap49/MinEditDistMtPer.rs:1: info: [5] vstd imports grouped with trailing blank
/home/milnes/projects/APAS-VERUS/src/Chap49/MinEditDistMtPer.rs:1: info: [11] Set/Seq usage has broadcast groups
/home/milnes/projects/APAS-VERUS/src/Chap49/MinEditDistMtPer.rs:1: info: [13] trait impls inside verus!
/home/milnes/projects/APAS-VERUS/src/Chap49/MinEditDistMtPer.rs:1: info: [14] Debug, Display outside verus!
/home/milnes/projects/APAS-VERUS/src/Chap49/MinEditDistMtPer.rs:1: info: [16] Lit macro definitions at end of file
/home/milnes/projects/APAS-VERUS/src/Chap49/MinEditDistMtPer.rs:1: info: [17] no collection structs (ok)
/home/milnes/projects/APAS-VERUS/src/Chap49/MinEditDistMtPer.rs:1: info: [18] definition order correct
/home/milnes/projects/APAS-VERUS/src/Chap49/MinEditDistMtPer.rs:1: info: [19] no generic return names
/home/milnes/projects/APAS-VERUS/src/Chap49/MinEditDistMtPer.rs:1: info: [20] all traits have impls
/home/milnes/projects/APAS-VERUS/src/Chap49/MinEditDistMtPer.rs:1: info: [21] broadcast use: vstd:: before crate::
/home/milnes/projects/APAS-VERUS/src/Chap49/MinEditDistMtPer.rs:1: info: [22:proof] proof fns: all in traits
/home/milnes/projects/APAS-VERUS/src/Chap49/MinEditDistMtPer.rs:1: info: [22a:exec] free fn new_arc_memo correctly free (Standard 19)
/home/milnes/projects/APAS-VERUS/src/Chap49/MinEditDistMtPer.rs:1: info: [22a:exec] free fn min_edit_distance_rec correctly free (Standard 19)
/home/milnes/projects/APAS-VERUS/src/Chap49/MinEditDistMtPer.rs:1: info: [22a:spec] free spec fn spec_med correctly free (Standard 19)
/home/milnes/projects/APAS-VERUS/src/Chap49/MinEditDistMtPer.rs:1: info: [22a:spec] free spec fn spec_memo_bounded correctly free (Standard 19)
/home/milnes/projects/APAS-VERUS/src/Chap49/MinEditDistMtPer.rs:1: info: [23a] no spec/proof fns with looser bounds
/home/milnes/projects/APAS-VERUS/src/Chap49/MinEditDistMtPer.rs:1: info: [23b] free fn type bounds compatible with trait
/home/milnes/projects/APAS-VERUS/src/Chap49/MinEditDistMtPer.rs:138: warning: [12] trait MinEditDistMtPerTrait fn memo_size should have requires/ensures
/home/milnes/projects/APAS-VERUS/src/Chap49/MinEditDistMtPer.rs:381: warning: [15] impl PartialEq should be inside verus! (for verification)
/home/milnes/projects/APAS-VERUS/src/Chap49/MinEditDistMtPer.rs:385: warning: [15] impl Eq should be inside verus! (for verification)
/home/milnes/projects/APAS-VERUS/src/Chap49/MinEditDistMtPer.rs:157: warning: [22:exec] free fn clone_arc_memo should be a trait method
/home/milnes/projects/APAS-VERUS/src/Chap49/MinEditDistMtPer.rs:1: warning: [24] missing or incorrect copyright line; expected: //! Copyright (C) 2025 Acar, Blelloch and Milnes from 'Algorithms Parallel and Sequential'.

/home/milnes/projects/APAS-VERUS/src/Chap49/MinEditDistStEph.rs:
/home/milnes/projects/APAS-VERUS/src/Chap49/MinEditDistStEph.rs:1: info: [1] has mod declarations
/home/milnes/projects/APAS-VERUS/src/Chap49/MinEditDistStEph.rs:1: info: [2] vstd::prelude::* before verus!
/home/milnes/projects/APAS-VERUS/src/Chap49/MinEditDistStEph.rs:1: info: [3] has verus! macro
/home/milnes/projects/APAS-VERUS/src/Chap49/MinEditDistStEph.rs:1: info: [4] std imports grouped with trailing blank
/home/milnes/projects/APAS-VERUS/src/Chap49/MinEditDistStEph.rs:1: info: [5] no vstd imports (ok)
/home/milnes/projects/APAS-VERUS/src/Chap49/MinEditDistStEph.rs:1: info: [11] Set/Seq usage has broadcast groups
/home/milnes/projects/APAS-VERUS/src/Chap49/MinEditDistStEph.rs:1: info: [14] Debug, Display outside verus!
/home/milnes/projects/APAS-VERUS/src/Chap49/MinEditDistStEph.rs:1: info: [15] Clone inside verus!
/home/milnes/projects/APAS-VERUS/src/Chap49/MinEditDistStEph.rs:1: info: [16] Lit macro definitions at end of file
/home/milnes/projects/APAS-VERUS/src/Chap49/MinEditDistStEph.rs:1: info: [18] definition order correct
/home/milnes/projects/APAS-VERUS/src/Chap49/MinEditDistStEph.rs:1: info: [19] no generic return names
/home/milnes/projects/APAS-VERUS/src/Chap49/MinEditDistStEph.rs:1: info: [20] all traits have impls
/home/milnes/projects/APAS-VERUS/src/Chap49/MinEditDistStEph.rs:1: info: [21] broadcast use: vstd:: before crate::
/home/milnes/projects/APAS-VERUS/src/Chap49/MinEditDistStEph.rs:1: info: [22:proof] proof fns: all in traits
/home/milnes/projects/APAS-VERUS/src/Chap49/MinEditDistStEph.rs:1: info: [22a:spec] free spec fn spec_med correctly free (Standard 19)
/home/milnes/projects/APAS-VERUS/src/Chap49/MinEditDistStEph.rs:1: info: [22a:spec] free spec fn spec_memo_bounded correctly free (Standard 19)
/home/milnes/projects/APAS-VERUS/src/Chap49/MinEditDistStEph.rs:1: info: [23a] no spec/proof fns with looser bounds
/home/milnes/projects/APAS-VERUS/src/Chap49/MinEditDistStEph.rs:1: info: [23b] free fn type bounds compatible with trait
/home/milnes/projects/APAS-VERUS/src/Chap49/MinEditDistStEph.rs:155: warning: [12] trait MinEditDistStEphTrait fn memo_size should have requires/ensures
/home/milnes/projects/APAS-VERUS/src/Chap49/MinEditDistStEph.rs:309: warning: [13] impl MinEditDistStEphMutTrait for MinEditDistStEphS should be inside verus!
/home/milnes/projects/APAS-VERUS/src/Chap49/MinEditDistStEph.rs:336: warning: [13] impl IntoIterator for MinEditDistStEphS should be inside verus!
/home/milnes/projects/APAS-VERUS/src/Chap49/MinEditDistStEph.rs:346: warning: [13] impl IntoIterator for MinEditDistStEphS should be inside verus!
/home/milnes/projects/APAS-VERUS/src/Chap49/MinEditDistStEph.rs:362: warning: [13] impl IntoIterator for MinEditDistStEphS should be inside verus!
/home/milnes/projects/APAS-VERUS/src/Chap49/MinEditDistStEph.rs:1: warning: [17] IntoIterator for MinEditDistStEphS should be inside verus!
/home/milnes/projects/APAS-VERUS/src/Chap49/MinEditDistStEph.rs:1: warning: [17] IntoIterator for MinEditDistStEphS should be inside verus!
/home/milnes/projects/APAS-VERUS/src/Chap49/MinEditDistStEph.rs:1: warning: [17] IntoIterator for MinEditDistStEphS should be inside verus!
/home/milnes/projects/APAS-VERUS/src/Chap49/MinEditDistStEph.rs:164: warning: [22:exec] free fn min_edit_distance_rec should be a trait method
/home/milnes/projects/APAS-VERUS/src/Chap49/MinEditDistStEph.rs:1: warning: [24] missing or incorrect copyright line; expected: //! Copyright (C) 2025 Acar, Blelloch and Milnes from 'Algorithms Parallel and Sequential'.

/home/milnes/projects/APAS-VERUS/src/Chap49/MinEditDistStPer.rs:
/home/milnes/projects/APAS-VERUS/src/Chap49/MinEditDistStPer.rs:1: info: [1] has mod declarations
/home/milnes/projects/APAS-VERUS/src/Chap49/MinEditDistStPer.rs:1: info: [2] vstd::prelude::* before verus!
/home/milnes/projects/APAS-VERUS/src/Chap49/MinEditDistStPer.rs:1: info: [3] has verus! macro
/home/milnes/projects/APAS-VERUS/src/Chap49/MinEditDistStPer.rs:1: info: [4] std imports grouped with trailing blank
/home/milnes/projects/APAS-VERUS/src/Chap49/MinEditDistStPer.rs:1: info: [5] no vstd imports (ok)
/home/milnes/projects/APAS-VERUS/src/Chap49/MinEditDistStPer.rs:1: info: [11] Set/Seq usage has broadcast groups
/home/milnes/projects/APAS-VERUS/src/Chap49/MinEditDistStPer.rs:1: info: [14] Debug, Display outside verus!
/home/milnes/projects/APAS-VERUS/src/Chap49/MinEditDistStPer.rs:1: info: [16] Lit macro definitions at end of file
/home/milnes/projects/APAS-VERUS/src/Chap49/MinEditDistStPer.rs:1: info: [18] definition order correct
/home/milnes/projects/APAS-VERUS/src/Chap49/MinEditDistStPer.rs:1: info: [19] no generic return names
/home/milnes/projects/APAS-VERUS/src/Chap49/MinEditDistStPer.rs:1: info: [20] all traits have impls
/home/milnes/projects/APAS-VERUS/src/Chap49/MinEditDistStPer.rs:1: info: [21] broadcast use: vstd:: before crate::
/home/milnes/projects/APAS-VERUS/src/Chap49/MinEditDistStPer.rs:1: info: [22:proof] proof fns: all in traits
/home/milnes/projects/APAS-VERUS/src/Chap49/MinEditDistStPer.rs:1: info: [22a:spec] free spec fn spec_med correctly free (Standard 19)
/home/milnes/projects/APAS-VERUS/src/Chap49/MinEditDistStPer.rs:1: info: [22a:spec] free spec fn spec_memo_bounded correctly free (Standard 19)
/home/milnes/projects/APAS-VERUS/src/Chap49/MinEditDistStPer.rs:1: info: [23a] no spec/proof fns with looser bounds
/home/milnes/projects/APAS-VERUS/src/Chap49/MinEditDistStPer.rs:1: info: [23b] free fn type bounds compatible with trait
/home/milnes/projects/APAS-VERUS/src/Chap49/MinEditDistStPer.rs:129: warning: [12] trait MinEditDistStPerTrait fn memo_size should have requires/ensures
/home/milnes/projects/APAS-VERUS/src/Chap49/MinEditDistStPer.rs:293: warning: [13] impl IntoIterator for MinEditDistStPerS should be inside verus!
/home/milnes/projects/APAS-VERUS/src/Chap49/MinEditDistStPer.rs:303: warning: [13] impl IntoIterator for MinEditDistStPerS should be inside verus!
/home/milnes/projects/APAS-VERUS/src/Chap49/MinEditDistStPer.rs:261: warning: [15] impl PartialEq should be inside verus! (for verification)
/home/milnes/projects/APAS-VERUS/src/Chap49/MinEditDistStPer.rs:269: warning: [15] impl Eq should be inside verus! (for verification)
/home/milnes/projects/APAS-VERUS/src/Chap49/MinEditDistStPer.rs:1: warning: [17] IntoIterator for MinEditDistStPerS should be inside verus!
/home/milnes/projects/APAS-VERUS/src/Chap49/MinEditDistStPer.rs:1: warning: [17] IntoIterator for MinEditDistStPerS should be inside verus!
/home/milnes/projects/APAS-VERUS/src/Chap49/MinEditDistStPer.rs:138: warning: [22:exec] free fn min_edit_distance_rec should be a trait method
/home/milnes/projects/APAS-VERUS/src/Chap49/MinEditDistStPer.rs:1: warning: [24] missing or incorrect copyright line; expected: //! Copyright (C) 2025 Acar, Blelloch and Milnes from 'Algorithms Parallel and Sequential'.

/home/milnes/projects/APAS-VERUS/src/Chap49/SubsetSumMtEph.rs:
/home/milnes/projects/APAS-VERUS/src/Chap49/SubsetSumMtEph.rs:1: info: [1] has mod declarations
/home/milnes/projects/APAS-VERUS/src/Chap49/SubsetSumMtEph.rs:1: info: [2] vstd::prelude::* before verus!
/home/milnes/projects/APAS-VERUS/src/Chap49/SubsetSumMtEph.rs:1: info: [3] has verus! macro
/home/milnes/projects/APAS-VERUS/src/Chap49/SubsetSumMtEph.rs:1: info: [4] std imports grouped with trailing blank
/home/milnes/projects/APAS-VERUS/src/Chap49/SubsetSumMtEph.rs:1: info: [5] vstd imports grouped with trailing blank
/home/milnes/projects/APAS-VERUS/src/Chap49/SubsetSumMtEph.rs:1: info: [11] Set/Seq usage has broadcast groups
/home/milnes/projects/APAS-VERUS/src/Chap49/SubsetSumMtEph.rs:1: info: [14] Debug, Display outside verus!
/home/milnes/projects/APAS-VERUS/src/Chap49/SubsetSumMtEph.rs:1: info: [16] Lit macro definitions at end of file
/home/milnes/projects/APAS-VERUS/src/Chap49/SubsetSumMtEph.rs:1: info: [17] no collection structs (ok)
/home/milnes/projects/APAS-VERUS/src/Chap49/SubsetSumMtEph.rs:1: info: [18] definition order correct
/home/milnes/projects/APAS-VERUS/src/Chap49/SubsetSumMtEph.rs:1: info: [19] no generic return names
/home/milnes/projects/APAS-VERUS/src/Chap49/SubsetSumMtEph.rs:1: info: [20] all traits have impls
/home/milnes/projects/APAS-VERUS/src/Chap49/SubsetSumMtEph.rs:1: info: [21] broadcast use: vstd:: before crate::
/home/milnes/projects/APAS-VERUS/src/Chap49/SubsetSumMtEph.rs:1: info: [22:proof] proof fns: all in traits
/home/milnes/projects/APAS-VERUS/src/Chap49/SubsetSumMtEph.rs:1: info: [22a:exec] free fn new_arc_memo correctly free (Standard 19)
/home/milnes/projects/APAS-VERUS/src/Chap49/SubsetSumMtEph.rs:1: info: [22a:exec] free fn subset_sum_rec correctly free (Standard 19)
/home/milnes/projects/APAS-VERUS/src/Chap49/SubsetSumMtEph.rs:1: info: [22a:spec] free spec fn spec_subset_sum correctly free (Standard 19)
/home/milnes/projects/APAS-VERUS/src/Chap49/SubsetSumMtEph.rs:1: info: [23a] no spec/proof fns with looser bounds
/home/milnes/projects/APAS-VERUS/src/Chap49/SubsetSumMtEph.rs:140: warning: [12] trait SubsetSumMtEphTrait fn memo_size should have requires/ensures
/home/milnes/projects/APAS-VERUS/src/Chap49/SubsetSumMtEph.rs:383: warning: [13] impl SubsetSumMtEphMutTrait for SubsetSumMtEphS should be inside verus!
/home/milnes/projects/APAS-VERUS/src/Chap49/SubsetSumMtEph.rs:387: warning: [15] impl PartialEq should be inside verus! (for verification)
/home/milnes/projects/APAS-VERUS/src/Chap49/SubsetSumMtEph.rs:391: warning: [15] impl Eq should be inside verus! (for verification)
/home/milnes/projects/APAS-VERUS/src/Chap49/SubsetSumMtEph.rs:158: warning: [22:exec] free fn clone_arc_memo should be a trait method
/home/milnes/projects/APAS-VERUS/src/Chap49/SubsetSumMtEph.rs:170: warning: [23b] free fn subset_sum_rec param T has bounds `MtVal + Into < i32 > + Copy` but trait SubsetSumMtEphTrait has `MtVal`
/home/milnes/projects/APAS-VERUS/src/Chap49/SubsetSumMtEph.rs:1: warning: [24] missing or incorrect copyright line; expected: //! Copyright (C) 2025 Acar, Blelloch and Milnes from 'Algorithms Parallel and Sequential'.

/home/milnes/projects/APAS-VERUS/src/Chap49/SubsetSumMtPer.rs:
/home/milnes/projects/APAS-VERUS/src/Chap49/SubsetSumMtPer.rs:1: info: [1] has mod declarations
/home/milnes/projects/APAS-VERUS/src/Chap49/SubsetSumMtPer.rs:1: info: [2] vstd::prelude::* before verus!
/home/milnes/projects/APAS-VERUS/src/Chap49/SubsetSumMtPer.rs:1: info: [3] has verus! macro
/home/milnes/projects/APAS-VERUS/src/Chap49/SubsetSumMtPer.rs:1: info: [4] std imports grouped with trailing blank
/home/milnes/projects/APAS-VERUS/src/Chap49/SubsetSumMtPer.rs:1: info: [5] vstd imports grouped with trailing blank
/home/milnes/projects/APAS-VERUS/src/Chap49/SubsetSumMtPer.rs:1: info: [11] Set/Seq usage has broadcast groups
/home/milnes/projects/APAS-VERUS/src/Chap49/SubsetSumMtPer.rs:1: info: [13] trait impls inside verus!
/home/milnes/projects/APAS-VERUS/src/Chap49/SubsetSumMtPer.rs:1: info: [14] Debug, Display outside verus!
/home/milnes/projects/APAS-VERUS/src/Chap49/SubsetSumMtPer.rs:1: info: [16] Lit macro definitions at end of file
/home/milnes/projects/APAS-VERUS/src/Chap49/SubsetSumMtPer.rs:1: info: [17] no collection structs (ok)
/home/milnes/projects/APAS-VERUS/src/Chap49/SubsetSumMtPer.rs:1: info: [18] definition order correct
/home/milnes/projects/APAS-VERUS/src/Chap49/SubsetSumMtPer.rs:1: info: [19] no generic return names
/home/milnes/projects/APAS-VERUS/src/Chap49/SubsetSumMtPer.rs:1: info: [20] all traits have impls
/home/milnes/projects/APAS-VERUS/src/Chap49/SubsetSumMtPer.rs:1: info: [21] broadcast use: vstd:: before crate::
/home/milnes/projects/APAS-VERUS/src/Chap49/SubsetSumMtPer.rs:1: info: [22:proof] proof fns: all in traits
/home/milnes/projects/APAS-VERUS/src/Chap49/SubsetSumMtPer.rs:1: info: [22a:exec] free fn new_arc_memo correctly free (Standard 19)
/home/milnes/projects/APAS-VERUS/src/Chap49/SubsetSumMtPer.rs:1: info: [22a:exec] free fn subset_sum_rec correctly free (Standard 19)
/home/milnes/projects/APAS-VERUS/src/Chap49/SubsetSumMtPer.rs:1: info: [22a:spec] free spec fn spec_subset_sum correctly free (Standard 19)
/home/milnes/projects/APAS-VERUS/src/Chap49/SubsetSumMtPer.rs:1: info: [23a] no spec/proof fns with looser bounds
/home/milnes/projects/APAS-VERUS/src/Chap49/SubsetSumMtPer.rs:123: warning: [12] trait SubsetSumMtPerTrait fn memo_size should have requires/ensures
/home/milnes/projects/APAS-VERUS/src/Chap49/SubsetSumMtPer.rs:340: warning: [15] impl PartialEq should be inside verus! (for verification)
/home/milnes/projects/APAS-VERUS/src/Chap49/SubsetSumMtPer.rs:344: warning: [15] impl Eq should be inside verus! (for verification)
/home/milnes/projects/APAS-VERUS/src/Chap49/SubsetSumMtPer.rs:141: warning: [22:exec] free fn clone_arc_memo should be a trait method
/home/milnes/projects/APAS-VERUS/src/Chap49/SubsetSumMtPer.rs:153: warning: [23b] free fn subset_sum_rec param T has bounds `MtVal + Into < i32 > + Copy` but trait SubsetSumMtPerTrait has `MtVal`
/home/milnes/projects/APAS-VERUS/src/Chap49/SubsetSumMtPer.rs:1: warning: [24] missing or incorrect copyright line; expected: //! Copyright (C) 2025 Acar, Blelloch and Milnes from 'Algorithms Parallel and Sequential'.

/home/milnes/projects/APAS-VERUS/src/Chap49/SubsetSumStEph.rs:
/home/milnes/projects/APAS-VERUS/src/Chap49/SubsetSumStEph.rs:1: info: [1] has mod declarations
/home/milnes/projects/APAS-VERUS/src/Chap49/SubsetSumStEph.rs:1: info: [2] vstd::prelude::* before verus!
/home/milnes/projects/APAS-VERUS/src/Chap49/SubsetSumStEph.rs:1: info: [3] has verus! macro
/home/milnes/projects/APAS-VERUS/src/Chap49/SubsetSumStEph.rs:1: info: [4] std imports grouped with trailing blank
/home/milnes/projects/APAS-VERUS/src/Chap49/SubsetSumStEph.rs:1: info: [5] no vstd imports (ok)
/home/milnes/projects/APAS-VERUS/src/Chap49/SubsetSumStEph.rs:1: info: [11] Set/Seq usage has broadcast groups
/home/milnes/projects/APAS-VERUS/src/Chap49/SubsetSumStEph.rs:1: info: [14] Debug, Display outside verus!
/home/milnes/projects/APAS-VERUS/src/Chap49/SubsetSumStEph.rs:1: info: [15] Clone inside verus!
/home/milnes/projects/APAS-VERUS/src/Chap49/SubsetSumStEph.rs:1: info: [16] Lit macro definitions at end of file
/home/milnes/projects/APAS-VERUS/src/Chap49/SubsetSumStEph.rs:1: info: [18] definition order correct
/home/milnes/projects/APAS-VERUS/src/Chap49/SubsetSumStEph.rs:1: info: [19] no generic return names
/home/milnes/projects/APAS-VERUS/src/Chap49/SubsetSumStEph.rs:1: info: [20] all traits have impls
/home/milnes/projects/APAS-VERUS/src/Chap49/SubsetSumStEph.rs:1: info: [21] broadcast use: vstd:: before crate::
/home/milnes/projects/APAS-VERUS/src/Chap49/SubsetSumStEph.rs:1: info: [22:proof] proof fns: all in traits
/home/milnes/projects/APAS-VERUS/src/Chap49/SubsetSumStEph.rs:1: info: [22a:spec] free spec fn spec_subset_sum correctly free (Standard 19)
/home/milnes/projects/APAS-VERUS/src/Chap49/SubsetSumStEph.rs:1: info: [23a] no spec/proof fns with looser bounds
/home/milnes/projects/APAS-VERUS/src/Chap49/SubsetSumStEph.rs:125: warning: [12] trait SubsetSumStEphTrait fn memo_size should have requires/ensures
/home/milnes/projects/APAS-VERUS/src/Chap49/SubsetSumStEph.rs:251: warning: [13] impl SubsetSumStEphMutTrait for SubsetSumStEphS should be inside verus!
/home/milnes/projects/APAS-VERUS/src/Chap49/SubsetSumStEph.rs:275: warning: [13] impl IntoIterator for SubsetSumStEphS should be inside verus!
/home/milnes/projects/APAS-VERUS/src/Chap49/SubsetSumStEph.rs:282: warning: [13] impl IntoIterator for SubsetSumStEphS should be inside verus!
/home/milnes/projects/APAS-VERUS/src/Chap49/SubsetSumStEph.rs:289: warning: [13] impl IntoIterator for SubsetSumStEphS should be inside verus!
/home/milnes/projects/APAS-VERUS/src/Chap49/SubsetSumStEph.rs:1: warning: [17] IntoIterator for SubsetSumStEphS should be inside verus!
/home/milnes/projects/APAS-VERUS/src/Chap49/SubsetSumStEph.rs:1: warning: [17] IntoIterator for SubsetSumStEphS should be inside verus!
/home/milnes/projects/APAS-VERUS/src/Chap49/SubsetSumStEph.rs:1: warning: [17] IntoIterator for SubsetSumStEphS should be inside verus!
/home/milnes/projects/APAS-VERUS/src/Chap49/SubsetSumStEph.rs:134: warning: [22:exec] free fn subset_sum_rec should be a trait method
/home/milnes/projects/APAS-VERUS/src/Chap49/SubsetSumStEph.rs:134: warning: [23b] free fn subset_sum_rec param T has bounds `StT + Into < i32 > + Copy` but trait SubsetSumStEphTrait has `StT`
/home/milnes/projects/APAS-VERUS/src/Chap49/SubsetSumStEph.rs:1: warning: [24] missing or incorrect copyright line; expected: //! Copyright (C) 2025 Acar, Blelloch and Milnes from 'Algorithms Parallel and Sequential'.

/home/milnes/projects/APAS-VERUS/src/Chap49/SubsetSumStPer.rs:
/home/milnes/projects/APAS-VERUS/src/Chap49/SubsetSumStPer.rs:1: info: [1] has mod declarations
/home/milnes/projects/APAS-VERUS/src/Chap49/SubsetSumStPer.rs:1: info: [2] vstd::prelude::* before verus!
/home/milnes/projects/APAS-VERUS/src/Chap49/SubsetSumStPer.rs:1: info: [3] has verus! macro
/home/milnes/projects/APAS-VERUS/src/Chap49/SubsetSumStPer.rs:1: info: [4] std imports grouped with trailing blank
/home/milnes/projects/APAS-VERUS/src/Chap49/SubsetSumStPer.rs:1: info: [5] no vstd imports (ok)
/home/milnes/projects/APAS-VERUS/src/Chap49/SubsetSumStPer.rs:1: info: [11] Set/Seq usage has broadcast groups
/home/milnes/projects/APAS-VERUS/src/Chap49/SubsetSumStPer.rs:1: info: [14] Debug, Display outside verus!
/home/milnes/projects/APAS-VERUS/src/Chap49/SubsetSumStPer.rs:1: info: [16] Lit macro definitions at end of file
/home/milnes/projects/APAS-VERUS/src/Chap49/SubsetSumStPer.rs:1: info: [18] definition order correct
/home/milnes/projects/APAS-VERUS/src/Chap49/SubsetSumStPer.rs:1: info: [19] no generic return names
/home/milnes/projects/APAS-VERUS/src/Chap49/SubsetSumStPer.rs:1: info: [20] all traits have impls
/home/milnes/projects/APAS-VERUS/src/Chap49/SubsetSumStPer.rs:1: info: [21] broadcast use: vstd:: before crate::
/home/milnes/projects/APAS-VERUS/src/Chap49/SubsetSumStPer.rs:1: info: [22:proof] proof fns: all in traits
/home/milnes/projects/APAS-VERUS/src/Chap49/SubsetSumStPer.rs:1: info: [22a:spec] free spec fn spec_subset_sum correctly free (Standard 19)
/home/milnes/projects/APAS-VERUS/src/Chap49/SubsetSumStPer.rs:1: info: [23a] no spec/proof fns with looser bounds
/home/milnes/projects/APAS-VERUS/src/Chap49/SubsetSumStPer.rs:102: warning: [12] trait SubsetSumStPerTrait fn subset_sum should have requires/ensures
/home/milnes/projects/APAS-VERUS/src/Chap49/SubsetSumStPer.rs:113: warning: [12] trait SubsetSumStPerTrait fn memo_size should have requires/ensures
/home/milnes/projects/APAS-VERUS/src/Chap49/SubsetSumStPer.rs:254: warning: [13] impl IntoIterator for SubsetSumStPerS should be inside verus!
/home/milnes/projects/APAS-VERUS/src/Chap49/SubsetSumStPer.rs:261: warning: [13] impl IntoIterator for SubsetSumStPerS should be inside verus!
/home/milnes/projects/APAS-VERUS/src/Chap49/SubsetSumStPer.rs:226: warning: [15] impl PartialEq should be inside verus! (for verification)
/home/milnes/projects/APAS-VERUS/src/Chap49/SubsetSumStPer.rs:232: warning: [15] impl Eq should be inside verus! (for verification)
/home/milnes/projects/APAS-VERUS/src/Chap49/SubsetSumStPer.rs:1: warning: [17] IntoIterator for SubsetSumStPerS should be inside verus!
/home/milnes/projects/APAS-VERUS/src/Chap49/SubsetSumStPer.rs:1: warning: [17] IntoIterator for SubsetSumStPerS should be inside verus!
/home/milnes/projects/APAS-VERUS/src/Chap49/SubsetSumStPer.rs:122: warning: [22:exec] free fn subset_sum_rec should be a trait method
/home/milnes/projects/APAS-VERUS/src/Chap49/SubsetSumStPer.rs:122: warning: [23b] free fn subset_sum_rec param T has bounds `StT + Into < i32 > + Copy` but trait SubsetSumStPerTrait has `StT`
/home/milnes/projects/APAS-VERUS/src/Chap49/SubsetSumStPer.rs:1: warning: [24] missing or incorrect copyright line; expected: //! Copyright (C) 2025 Acar, Blelloch and Milnes from 'Algorithms Parallel and Sequential'.

/home/milnes/projects/APAS-VERUS/src/Chap50/MatrixChainMtEph.rs:
/home/milnes/projects/APAS-VERUS/src/Chap50/MatrixChainMtEph.rs:1: info: [1] has mod declarations
/home/milnes/projects/APAS-VERUS/src/Chap50/MatrixChainMtEph.rs:1: info: [2] vstd::prelude::* before verus!
/home/milnes/projects/APAS-VERUS/src/Chap50/MatrixChainMtEph.rs:1: info: [3] has verus! macro
/home/milnes/projects/APAS-VERUS/src/Chap50/MatrixChainMtEph.rs:1: info: [4] std imports grouped with trailing blank
/home/milnes/projects/APAS-VERUS/src/Chap50/MatrixChainMtEph.rs:1: info: [5] vstd imports grouped with trailing blank
/home/milnes/projects/APAS-VERUS/src/Chap50/MatrixChainMtEph.rs:1: info: [11] Set/Seq usage has broadcast groups
/home/milnes/projects/APAS-VERUS/src/Chap50/MatrixChainMtEph.rs:1: info: [14] Display, Debug outside verus!
/home/milnes/projects/APAS-VERUS/src/Chap50/MatrixChainMtEph.rs:1: info: [15] Clone, PartialEq, Eq inside verus!
/home/milnes/projects/APAS-VERUS/src/Chap50/MatrixChainMtEph.rs:1: info: [16] Lit macro definitions at end of file
/home/milnes/projects/APAS-VERUS/src/Chap50/MatrixChainMtEph.rs:1: info: [19] no generic return names
/home/milnes/projects/APAS-VERUS/src/Chap50/MatrixChainMtEph.rs:1: info: [20] all traits have impls
/home/milnes/projects/APAS-VERUS/src/Chap50/MatrixChainMtEph.rs:1: info: [21] broadcast use: vstd:: before crate::
/home/milnes/projects/APAS-VERUS/src/Chap50/MatrixChainMtEph.rs:1: info: [22:exec] exec fns: all in traits
/home/milnes/projects/APAS-VERUS/src/Chap50/MatrixChainMtEph.rs:1: info: [22:proof] proof fns: all in traits
/home/milnes/projects/APAS-VERUS/src/Chap50/MatrixChainMtEph.rs:1: info: [22a:spec] free spec fn spec_multiply_cost correctly free (Standard 19)
/home/milnes/projects/APAS-VERUS/src/Chap50/MatrixChainMtEph.rs:1: info: [22a:spec] free spec fn spec_dims_bounded correctly free (Standard 19)
/home/milnes/projects/APAS-VERUS/src/Chap50/MatrixChainMtEph.rs:1: info: [22a:spec] free spec fn spec_costs_fit correctly free (Standard 19)
/home/milnes/projects/APAS-VERUS/src/Chap50/MatrixChainMtEph.rs:1: info: [22a:spec] free spec fn spec_memo_correct correctly free (Standard 19)
/home/milnes/projects/APAS-VERUS/src/Chap50/MatrixChainMtEph.rs:1: info: [22a:spec] free spec fn spec_chain_cost correctly free (Standard 19)
/home/milnes/projects/APAS-VERUS/src/Chap50/MatrixChainMtEph.rs:1: info: [23a] spec/proof fn looser bounds: N/A
/home/milnes/projects/APAS-VERUS/src/Chap50/MatrixChainMtEph.rs:1: info: [23b] free fn stricter bounds: N/A
/home/milnes/projects/APAS-VERUS/src/Chap50/MatrixChainMtEph.rs:218: warning: [12] trait MatrixChainMtEphTrait fn memo_size should have requires/ensures
/home/milnes/projects/APAS-VERUS/src/Chap50/MatrixChainMtEph.rs:659: warning: [13] impl IntoIterator for MatrixChainMtEphS should be inside verus!
/home/milnes/projects/APAS-VERUS/src/Chap50/MatrixChainMtEph.rs:673: warning: [13] impl IntoIterator for MatrixChainMtEphS should be inside verus!
/home/milnes/projects/APAS-VERUS/src/Chap50/MatrixChainMtEph.rs:738: warning: [13] impl IntoIterator for MatrixChainMtEphS should be inside verus!
/home/milnes/projects/APAS-VERUS/src/Chap50/MatrixChainMtEph.rs:1: warning: [17] IntoIterator for MatrixChainMtEphS should be inside verus!
/home/milnes/projects/APAS-VERUS/src/Chap50/MatrixChainMtEph.rs:1: warning: [17] IntoIterator for MatrixChainMtEphS should be inside verus!
/home/milnes/projects/APAS-VERUS/src/Chap50/MatrixChainMtEph.rs:1: warning: [17] IntoIterator for MatrixChainMtEphS should be inside verus!
/home/milnes/projects/APAS-VERUS/src/Chap50/MatrixChainMtEph.rs:159: warning: [18] trait MatrixChainMtEphTrait should come before spec fns (expected traits before spec fns)
/home/milnes/projects/APAS-VERUS/src/Chap50/MatrixChainMtEph.rs:1: warning: [24] missing or incorrect copyright line; expected: //! Copyright (C) 2025 Acar, Blelloch and Milnes from 'Algorithms Parallel and Sequential'.

/home/milnes/projects/APAS-VERUS/src/Chap50/MatrixChainMtPer.rs:
/home/milnes/projects/APAS-VERUS/src/Chap50/MatrixChainMtPer.rs:1: info: [1] has mod declarations
/home/milnes/projects/APAS-VERUS/src/Chap50/MatrixChainMtPer.rs:1: info: [2] vstd::prelude::* before verus!
/home/milnes/projects/APAS-VERUS/src/Chap50/MatrixChainMtPer.rs:1: info: [3] has verus! macro
/home/milnes/projects/APAS-VERUS/src/Chap50/MatrixChainMtPer.rs:1: info: [4] std imports grouped with trailing blank
/home/milnes/projects/APAS-VERUS/src/Chap50/MatrixChainMtPer.rs:1: info: [5] vstd imports grouped with trailing blank
/home/milnes/projects/APAS-VERUS/src/Chap50/MatrixChainMtPer.rs:1: info: [11] Set/Seq usage has broadcast groups
/home/milnes/projects/APAS-VERUS/src/Chap50/MatrixChainMtPer.rs:1: info: [14] Display, Debug outside verus!
/home/milnes/projects/APAS-VERUS/src/Chap50/MatrixChainMtPer.rs:1: info: [15] Clone, PartialEq, Eq inside verus!
/home/milnes/projects/APAS-VERUS/src/Chap50/MatrixChainMtPer.rs:1: info: [16] Lit macro definitions at end of file
/home/milnes/projects/APAS-VERUS/src/Chap50/MatrixChainMtPer.rs:1: info: [19] no generic return names
/home/milnes/projects/APAS-VERUS/src/Chap50/MatrixChainMtPer.rs:1: info: [20] all traits have impls
/home/milnes/projects/APAS-VERUS/src/Chap50/MatrixChainMtPer.rs:1: info: [21] broadcast use: vstd:: before crate::
/home/milnes/projects/APAS-VERUS/src/Chap50/MatrixChainMtPer.rs:1: info: [22:exec] exec fns: all in traits
/home/milnes/projects/APAS-VERUS/src/Chap50/MatrixChainMtPer.rs:1: info: [22:proof] proof fns: all in traits
/home/milnes/projects/APAS-VERUS/src/Chap50/MatrixChainMtPer.rs:1: info: [22a:spec] free spec fn spec_multiply_cost correctly free (Standard 19)
/home/milnes/projects/APAS-VERUS/src/Chap50/MatrixChainMtPer.rs:1: info: [22a:spec] free spec fn spec_dims_bounded correctly free (Standard 19)
/home/milnes/projects/APAS-VERUS/src/Chap50/MatrixChainMtPer.rs:1: info: [22a:spec] free spec fn spec_costs_fit correctly free (Standard 19)
/home/milnes/projects/APAS-VERUS/src/Chap50/MatrixChainMtPer.rs:1: info: [22a:spec] free spec fn spec_memo_correct correctly free (Standard 19)
/home/milnes/projects/APAS-VERUS/src/Chap50/MatrixChainMtPer.rs:1: info: [22a:spec] free spec fn spec_chain_cost correctly free (Standard 19)
/home/milnes/projects/APAS-VERUS/src/Chap50/MatrixChainMtPer.rs:1: info: [23a] spec/proof fn looser bounds: N/A
/home/milnes/projects/APAS-VERUS/src/Chap50/MatrixChainMtPer.rs:1: info: [23b] free fn stricter bounds: N/A
/home/milnes/projects/APAS-VERUS/src/Chap50/MatrixChainMtPer.rs:193: warning: [12] trait MatrixChainMtPerTrait fn memo_size should have requires/ensures
/home/milnes/projects/APAS-VERUS/src/Chap50/MatrixChainMtPer.rs:534: warning: [13] impl IntoIterator for MatrixChainMtPerS should be inside verus!
/home/milnes/projects/APAS-VERUS/src/Chap50/MatrixChainMtPer.rs:593: warning: [13] impl IntoIterator for MatrixChainMtPerS should be inside verus!
/home/milnes/projects/APAS-VERUS/src/Chap50/MatrixChainMtPer.rs:1: warning: [17] IntoIterator for MatrixChainMtPerS should be inside verus!
/home/milnes/projects/APAS-VERUS/src/Chap50/MatrixChainMtPer.rs:1: warning: [17] IntoIterator for MatrixChainMtPerS should be inside verus!
/home/milnes/projects/APAS-VERUS/src/Chap50/MatrixChainMtPer.rs:158: warning: [18] trait MatrixChainMtPerTrait should come before spec fns (expected traits before spec fns)
/home/milnes/projects/APAS-VERUS/src/Chap50/MatrixChainMtPer.rs:1: warning: [24] missing or incorrect copyright line; expected: //! Copyright (C) 2025 Acar, Blelloch and Milnes from 'Algorithms Parallel and Sequential'.

/home/milnes/projects/APAS-VERUS/src/Chap50/MatrixChainStEph.rs:
/home/milnes/projects/APAS-VERUS/src/Chap50/MatrixChainStEph.rs:1: info: [1] has mod declarations
/home/milnes/projects/APAS-VERUS/src/Chap50/MatrixChainStEph.rs:1: info: [2] vstd::prelude::* before verus!
/home/milnes/projects/APAS-VERUS/src/Chap50/MatrixChainStEph.rs:1: info: [3] has verus! macro
/home/milnes/projects/APAS-VERUS/src/Chap50/MatrixChainStEph.rs:1: info: [4] std imports grouped with trailing blank
/home/milnes/projects/APAS-VERUS/src/Chap50/MatrixChainStEph.rs:1: info: [5] vstd imports grouped with trailing blank
/home/milnes/projects/APAS-VERUS/src/Chap50/MatrixChainStEph.rs:1: info: [11] Set/Seq usage has broadcast groups
/home/milnes/projects/APAS-VERUS/src/Chap50/MatrixChainStEph.rs:1: info: [12] all trait fns have specs
/home/milnes/projects/APAS-VERUS/src/Chap50/MatrixChainStEph.rs:1: info: [14] Display, Debug outside verus!
/home/milnes/projects/APAS-VERUS/src/Chap50/MatrixChainStEph.rs:1: info: [15] Clone, PartialEq, Eq inside verus!
/home/milnes/projects/APAS-VERUS/src/Chap50/MatrixChainStEph.rs:1: info: [16] Lit macro definitions at end of file
/home/milnes/projects/APAS-VERUS/src/Chap50/MatrixChainStEph.rs:1: info: [19] no generic return names
/home/milnes/projects/APAS-VERUS/src/Chap50/MatrixChainStEph.rs:1: info: [20] all traits have impls
/home/milnes/projects/APAS-VERUS/src/Chap50/MatrixChainStEph.rs:1: info: [21] broadcast use: vstd:: before crate::
/home/milnes/projects/APAS-VERUS/src/Chap50/MatrixChainStEph.rs:1: info: [22:exec] exec fns: all in traits
/home/milnes/projects/APAS-VERUS/src/Chap50/MatrixChainStEph.rs:1: info: [22:proof] proof fns: all in traits
/home/milnes/projects/APAS-VERUS/src/Chap50/MatrixChainStEph.rs:1: info: [22a:spec] free spec fn spec_multiply_cost correctly free (Standard 19)
/home/milnes/projects/APAS-VERUS/src/Chap50/MatrixChainStEph.rs:1: info: [22a:spec] free spec fn spec_dims_bounded correctly free (Standard 19)
/home/milnes/projects/APAS-VERUS/src/Chap50/MatrixChainStEph.rs:1: info: [22a:spec] free spec fn spec_costs_fit correctly free (Standard 19)
/home/milnes/projects/APAS-VERUS/src/Chap50/MatrixChainStEph.rs:1: info: [22a:spec] free spec fn spec_memo_correct correctly free (Standard 19)
/home/milnes/projects/APAS-VERUS/src/Chap50/MatrixChainStEph.rs:1: info: [22a:spec] free spec fn spec_chain_cost correctly free (Standard 19)
/home/milnes/projects/APAS-VERUS/src/Chap50/MatrixChainStEph.rs:1: info: [23a] spec/proof fn looser bounds: N/A
/home/milnes/projects/APAS-VERUS/src/Chap50/MatrixChainStEph.rs:1: info: [23b] free fn stricter bounds: N/A
/home/milnes/projects/APAS-VERUS/src/Chap50/MatrixChainStEph.rs:501: warning: [13] impl IntoIterator for MatrixChainStEphS should be inside verus!
/home/milnes/projects/APAS-VERUS/src/Chap50/MatrixChainStEph.rs:510: warning: [13] impl IntoIterator for MatrixChainStEphS should be inside verus!
/home/milnes/projects/APAS-VERUS/src/Chap50/MatrixChainStEph.rs:552: warning: [13] impl IntoIterator for MatrixChainStEphS should be inside verus!
/home/milnes/projects/APAS-VERUS/src/Chap50/MatrixChainStEph.rs:1: warning: [17] IntoIterator for MatrixChainStEphS should be inside verus!
/home/milnes/projects/APAS-VERUS/src/Chap50/MatrixChainStEph.rs:1: warning: [17] IntoIterator for MatrixChainStEphS should be inside verus!
/home/milnes/projects/APAS-VERUS/src/Chap50/MatrixChainStEph.rs:1: warning: [17] IntoIterator for MatrixChainStEphS should be inside verus!
/home/milnes/projects/APAS-VERUS/src/Chap50/MatrixChainStEph.rs:172: warning: [18] trait MatrixChainStEphTrait should come before spec fns (expected traits before spec fns)
/home/milnes/projects/APAS-VERUS/src/Chap50/MatrixChainStEph.rs:1: warning: [24] missing or incorrect copyright line; expected: //! Copyright (C) 2025 Acar, Blelloch and Milnes from 'Algorithms Parallel and Sequential'.

/home/milnes/projects/APAS-VERUS/src/Chap50/MatrixChainStPer.rs:
/home/milnes/projects/APAS-VERUS/src/Chap50/MatrixChainStPer.rs:1: info: [1] has mod declarations
/home/milnes/projects/APAS-VERUS/src/Chap50/MatrixChainStPer.rs:1: info: [2] vstd::prelude::* before verus!
/home/milnes/projects/APAS-VERUS/src/Chap50/MatrixChainStPer.rs:1: info: [3] has verus! macro
/home/milnes/projects/APAS-VERUS/src/Chap50/MatrixChainStPer.rs:1: info: [4] std imports grouped with trailing blank
/home/milnes/projects/APAS-VERUS/src/Chap50/MatrixChainStPer.rs:1: info: [5] vstd imports grouped with trailing blank
/home/milnes/projects/APAS-VERUS/src/Chap50/MatrixChainStPer.rs:1: info: [11] Set/Seq usage has broadcast groups
/home/milnes/projects/APAS-VERUS/src/Chap50/MatrixChainStPer.rs:1: info: [12] all trait fns have specs
/home/milnes/projects/APAS-VERUS/src/Chap50/MatrixChainStPer.rs:1: info: [14] Display, Debug outside verus!
/home/milnes/projects/APAS-VERUS/src/Chap50/MatrixChainStPer.rs:1: info: [15] Clone, PartialEq, Eq inside verus!
/home/milnes/projects/APAS-VERUS/src/Chap50/MatrixChainStPer.rs:1: info: [16] Lit macro definitions at end of file
/home/milnes/projects/APAS-VERUS/src/Chap50/MatrixChainStPer.rs:1: info: [19] no generic return names
/home/milnes/projects/APAS-VERUS/src/Chap50/MatrixChainStPer.rs:1: info: [20] all traits have impls
/home/milnes/projects/APAS-VERUS/src/Chap50/MatrixChainStPer.rs:1: info: [21] broadcast use: vstd:: before crate::
/home/milnes/projects/APAS-VERUS/src/Chap50/MatrixChainStPer.rs:1: info: [22:exec] exec fns: all in traits
/home/milnes/projects/APAS-VERUS/src/Chap50/MatrixChainStPer.rs:1: info: [22:proof] proof fns: all in traits
/home/milnes/projects/APAS-VERUS/src/Chap50/MatrixChainStPer.rs:1: info: [22a:spec] free spec fn spec_multiply_cost correctly free (Standard 19)
/home/milnes/projects/APAS-VERUS/src/Chap50/MatrixChainStPer.rs:1: info: [22a:spec] free spec fn spec_dims_bounded correctly free (Standard 19)
/home/milnes/projects/APAS-VERUS/src/Chap50/MatrixChainStPer.rs:1: info: [22a:spec] free spec fn spec_costs_fit correctly free (Standard 19)
/home/milnes/projects/APAS-VERUS/src/Chap50/MatrixChainStPer.rs:1: info: [22a:spec] free spec fn spec_memo_correct correctly free (Standard 19)
/home/milnes/projects/APAS-VERUS/src/Chap50/MatrixChainStPer.rs:1: info: [22a:spec] free spec fn spec_chain_cost correctly free (Standard 19)
/home/milnes/projects/APAS-VERUS/src/Chap50/MatrixChainStPer.rs:1: info: [23a] spec/proof fn looser bounds: N/A
/home/milnes/projects/APAS-VERUS/src/Chap50/MatrixChainStPer.rs:1: info: [23b] free fn stricter bounds: N/A
/home/milnes/projects/APAS-VERUS/src/Chap50/MatrixChainStPer.rs:446: warning: [13] impl IntoIterator for MatrixChainStPerS should be inside verus!
/home/milnes/projects/APAS-VERUS/src/Chap50/MatrixChainStPer.rs:488: warning: [13] impl IntoIterator for MatrixChainStPerS should be inside verus!
/home/milnes/projects/APAS-VERUS/src/Chap50/MatrixChainStPer.rs:1: warning: [17] IntoIterator for MatrixChainStPerS should be inside verus!
/home/milnes/projects/APAS-VERUS/src/Chap50/MatrixChainStPer.rs:1: warning: [17] IntoIterator for MatrixChainStPerS should be inside verus!
/home/milnes/projects/APAS-VERUS/src/Chap50/MatrixChainStPer.rs:171: warning: [18] trait MatrixChainStPerTrait should come before spec fns (expected traits before spec fns)
/home/milnes/projects/APAS-VERUS/src/Chap50/MatrixChainStPer.rs:1: warning: [24] missing or incorrect copyright line; expected: //! Copyright (C) 2025 Acar, Blelloch and Milnes from 'Algorithms Parallel and Sequential'.

/home/milnes/projects/APAS-VERUS/src/Chap50/OptBinSearchTreeMtEph.rs:
/home/milnes/projects/APAS-VERUS/src/Chap50/OptBinSearchTreeMtEph.rs:1: info: [1] has mod declarations
/home/milnes/projects/APAS-VERUS/src/Chap50/OptBinSearchTreeMtEph.rs:1: info: [2] vstd::prelude::* before verus!
/home/milnes/projects/APAS-VERUS/src/Chap50/OptBinSearchTreeMtEph.rs:1: info: [3] has verus! macro
/home/milnes/projects/APAS-VERUS/src/Chap50/OptBinSearchTreeMtEph.rs:1: info: [4] std imports grouped with trailing blank
/home/milnes/projects/APAS-VERUS/src/Chap50/OptBinSearchTreeMtEph.rs:1: info: [5] vstd imports grouped with trailing blank
/home/milnes/projects/APAS-VERUS/src/Chap50/OptBinSearchTreeMtEph.rs:1: info: [11] Set/Seq usage has broadcast groups
/home/milnes/projects/APAS-VERUS/src/Chap50/OptBinSearchTreeMtEph.rs:1: info: [14] Display, Debug outside verus!
/home/milnes/projects/APAS-VERUS/src/Chap50/OptBinSearchTreeMtEph.rs:1: info: [16] Lit macro definitions at end of file
/home/milnes/projects/APAS-VERUS/src/Chap50/OptBinSearchTreeMtEph.rs:1: info: [19] no generic return names
/home/milnes/projects/APAS-VERUS/src/Chap50/OptBinSearchTreeMtEph.rs:1: info: [20] all traits have impls
/home/milnes/projects/APAS-VERUS/src/Chap50/OptBinSearchTreeMtEph.rs:1: info: [21] broadcast use: vstd:: before crate::
/home/milnes/projects/APAS-VERUS/src/Chap50/OptBinSearchTreeMtEph.rs:1: info: [22:proof] proof fns: all in traits
/home/milnes/projects/APAS-VERUS/src/Chap50/OptBinSearchTreeMtEph.rs:1: info: [22:spec] spec fns: all in traits as abstract signatures
/home/milnes/projects/APAS-VERUS/src/Chap50/OptBinSearchTreeMtEph.rs:1: info: [22a:exec] free fn obst_rec correctly free (Standard 19)
/home/milnes/projects/APAS-VERUS/src/Chap50/OptBinSearchTreeMtEph.rs:1: info: [22a:exec] free fn parallel_min_split_cost correctly free (Standard 19)
/home/milnes/projects/APAS-VERUS/src/Chap50/OptBinSearchTreeMtEph.rs:1: info: [23a] spec/proof fn looser bounds: N/A
/home/milnes/projects/APAS-VERUS/src/Chap50/OptBinSearchTreeMtEph.rs:1: info: [23b] free fn stricter bounds: N/A
/home/milnes/projects/APAS-VERUS/src/Chap50/OptBinSearchTreeMtEph.rs:147: warning: [12] trait OBSTMtEphTrait fn memo_size should have requires/ensures
/home/milnes/projects/APAS-VERUS/src/Chap50/OptBinSearchTreeMtEph.rs:582: warning: [13] impl IntoIterator for OBSTMtEphS should be inside verus!
/home/milnes/projects/APAS-VERUS/src/Chap50/OptBinSearchTreeMtEph.rs:596: warning: [13] impl IntoIterator for OBSTMtEphS should be inside verus!
/home/milnes/projects/APAS-VERUS/src/Chap50/OptBinSearchTreeMtEph.rs:668: warning: [13] impl IntoIterator for OBSTMtEphS should be inside verus!
/home/milnes/projects/APAS-VERUS/src/Chap50/OptBinSearchTreeMtEph.rs:612: warning: [15] impl PartialEq should be inside verus! (for verification)
/home/milnes/projects/APAS-VERUS/src/Chap50/OptBinSearchTreeMtEph.rs:1: warning: [17] IntoIterator for OBSTMtEphS should be inside verus!
/home/milnes/projects/APAS-VERUS/src/Chap50/OptBinSearchTreeMtEph.rs:1: warning: [17] IntoIterator for OBSTMtEphS should be inside verus!
/home/milnes/projects/APAS-VERUS/src/Chap50/OptBinSearchTreeMtEph.rs:1: warning: [17] IntoIterator for OBSTMtEphS should be inside verus!
/home/milnes/projects/APAS-VERUS/src/Chap50/OptBinSearchTreeMtEph.rs:155: warning: [18] fn obst_rec should come before traits (expected impls before traits)
/home/milnes/projects/APAS-VERUS/src/Chap50/OptBinSearchTreeMtEph.rs:210: warning: [18] fn parallel_min_split_cost should come before traits (expected impls before traits)
/home/milnes/projects/APAS-VERUS/src/Chap50/OptBinSearchTreeMtEph.rs:274: warning: [18] struct OBSTMtEphS should come before traits (expected type definitions before traits)
/home/milnes/projects/APAS-VERUS/src/Chap50/OptBinSearchTreeMtEph.rs:283: warning: [18] impl View for OBSTMtEphS < T > should come before traits (expected view impls before traits)
/home/milnes/projects/APAS-VERUS/src/Chap50/OptBinSearchTreeMtEph.rs:508: warning: [18] impl Clone for KeyProb < T > should come before top level coarse locking (expected derive impls in verus! before top level coarse locking)
/home/milnes/projects/APAS-VERUS/src/Chap50/OptBinSearchTreeMtEph.rs:518: warning: [18] impl Eq for KeyProb < T > should come before top level coarse locking (expected derive impls in verus! before top level coarse locking)
/home/milnes/projects/APAS-VERUS/src/Chap50/OptBinSearchTreeMtEph.rs:1: warning: [24] missing or incorrect copyright line; expected: //! Copyright (C) 2025 Acar, Blelloch and Milnes from 'Algorithms Parallel and Sequential'.

/home/milnes/projects/APAS-VERUS/src/Chap50/OptBinSearchTreeMtPer.rs:
/home/milnes/projects/APAS-VERUS/src/Chap50/OptBinSearchTreeMtPer.rs:1: info: [1] has mod declarations
/home/milnes/projects/APAS-VERUS/src/Chap50/OptBinSearchTreeMtPer.rs:1: info: [2] vstd::prelude::* before verus!
/home/milnes/projects/APAS-VERUS/src/Chap50/OptBinSearchTreeMtPer.rs:1: info: [3] has verus! macro
/home/milnes/projects/APAS-VERUS/src/Chap50/OptBinSearchTreeMtPer.rs:1: info: [4] std imports grouped with trailing blank
/home/milnes/projects/APAS-VERUS/src/Chap50/OptBinSearchTreeMtPer.rs:1: info: [5] vstd imports grouped with trailing blank
/home/milnes/projects/APAS-VERUS/src/Chap50/OptBinSearchTreeMtPer.rs:1: info: [11] Set/Seq usage has broadcast groups
/home/milnes/projects/APAS-VERUS/src/Chap50/OptBinSearchTreeMtPer.rs:1: info: [14] Display, Debug outside verus!
/home/milnes/projects/APAS-VERUS/src/Chap50/OptBinSearchTreeMtPer.rs:1: info: [16] Lit macro definitions at end of file
/home/milnes/projects/APAS-VERUS/src/Chap50/OptBinSearchTreeMtPer.rs:1: info: [19] no generic return names
/home/milnes/projects/APAS-VERUS/src/Chap50/OptBinSearchTreeMtPer.rs:1: info: [20] all traits have impls
/home/milnes/projects/APAS-VERUS/src/Chap50/OptBinSearchTreeMtPer.rs:1: info: [21] broadcast use: vstd:: before crate::
/home/milnes/projects/APAS-VERUS/src/Chap50/OptBinSearchTreeMtPer.rs:1: info: [22:proof] proof fns: all in traits
/home/milnes/projects/APAS-VERUS/src/Chap50/OptBinSearchTreeMtPer.rs:1: info: [22:spec] spec fns: all in traits as abstract signatures
/home/milnes/projects/APAS-VERUS/src/Chap50/OptBinSearchTreeMtPer.rs:1: info: [22a:exec] free fn obst_rec correctly free (Standard 19)
/home/milnes/projects/APAS-VERUS/src/Chap50/OptBinSearchTreeMtPer.rs:1: info: [22a:exec] free fn parallel_min_split_cost correctly free (Standard 19)
/home/milnes/projects/APAS-VERUS/src/Chap50/OptBinSearchTreeMtPer.rs:1: info: [23a] spec/proof fn looser bounds: N/A
/home/milnes/projects/APAS-VERUS/src/Chap50/OptBinSearchTreeMtPer.rs:1: info: [23b] free fn stricter bounds: N/A
/home/milnes/projects/APAS-VERUS/src/Chap50/OptBinSearchTreeMtPer.rs:116: warning: [12] trait OBSTMtPerTrait fn memo_size should have requires/ensures
/home/milnes/projects/APAS-VERUS/src/Chap50/OptBinSearchTreeMtPer.rs:440: warning: [13] impl IntoIterator for OBSTMtPerS should be inside verus!
/home/milnes/projects/APAS-VERUS/src/Chap50/OptBinSearchTreeMtPer.rs:494: warning: [13] impl IntoIterator for OBSTMtPerS should be inside verus!
/home/milnes/projects/APAS-VERUS/src/Chap50/OptBinSearchTreeMtPer.rs:451: warning: [15] impl PartialEq should be inside verus! (for verification)
/home/milnes/projects/APAS-VERUS/src/Chap50/OptBinSearchTreeMtPer.rs:1: warning: [17] IntoIterator for OBSTMtPerS should be inside verus!
/home/milnes/projects/APAS-VERUS/src/Chap50/OptBinSearchTreeMtPer.rs:1: warning: [17] IntoIterator for OBSTMtPerS should be inside verus!
/home/milnes/projects/APAS-VERUS/src/Chap50/OptBinSearchTreeMtPer.rs:124: warning: [18] fn obst_rec should come before traits (expected impls before traits)
/home/milnes/projects/APAS-VERUS/src/Chap50/OptBinSearchTreeMtPer.rs:179: warning: [18] fn parallel_min_split_cost should come before traits (expected impls before traits)
/home/milnes/projects/APAS-VERUS/src/Chap50/OptBinSearchTreeMtPer.rs:243: warning: [18] struct OBSTMtPerS should come before traits (expected type definitions before traits)
/home/milnes/projects/APAS-VERUS/src/Chap50/OptBinSearchTreeMtPer.rs:251: warning: [18] impl View for OBSTMtPerS < T > should come before traits (expected view impls before traits)
/home/milnes/projects/APAS-VERUS/src/Chap50/OptBinSearchTreeMtPer.rs:386: warning: [18] impl Clone for KeyProb < T > should come before top level coarse locking (expected derive impls in verus! before top level coarse locking)
/home/milnes/projects/APAS-VERUS/src/Chap50/OptBinSearchTreeMtPer.rs:397: warning: [18] impl Eq for KeyProb < T > should come before top level coarse locking (expected derive impls in verus! before top level coarse locking)
/home/milnes/projects/APAS-VERUS/src/Chap50/OptBinSearchTreeMtPer.rs:1: warning: [24] missing or incorrect copyright line; expected: //! Copyright (C) 2025 Acar, Blelloch and Milnes from 'Algorithms Parallel and Sequential'.

/home/milnes/projects/APAS-VERUS/src/Chap50/OptBinSearchTreeStEph.rs:
/home/milnes/projects/APAS-VERUS/src/Chap50/OptBinSearchTreeStEph.rs:1: info: [1] has mod declarations
/home/milnes/projects/APAS-VERUS/src/Chap50/OptBinSearchTreeStEph.rs:1: info: [2] vstd::prelude::* before verus!
/home/milnes/projects/APAS-VERUS/src/Chap50/OptBinSearchTreeStEph.rs:1: info: [3] has verus! macro
/home/milnes/projects/APAS-VERUS/src/Chap50/OptBinSearchTreeStEph.rs:1: info: [4] std imports grouped with trailing blank
/home/milnes/projects/APAS-VERUS/src/Chap50/OptBinSearchTreeStEph.rs:1: info: [5] no vstd imports (ok)
/home/milnes/projects/APAS-VERUS/src/Chap50/OptBinSearchTreeStEph.rs:1: info: [11] Set/Seq usage has broadcast groups
/home/milnes/projects/APAS-VERUS/src/Chap50/OptBinSearchTreeStEph.rs:1: info: [14] Display, Debug outside verus!
/home/milnes/projects/APAS-VERUS/src/Chap50/OptBinSearchTreeStEph.rs:1: info: [16] Lit macro definitions at end of file
/home/milnes/projects/APAS-VERUS/src/Chap50/OptBinSearchTreeStEph.rs:1: info: [18] definition order correct
/home/milnes/projects/APAS-VERUS/src/Chap50/OptBinSearchTreeStEph.rs:1: info: [19] no generic return names
/home/milnes/projects/APAS-VERUS/src/Chap50/OptBinSearchTreeStEph.rs:1: info: [20] all traits have impls
/home/milnes/projects/APAS-VERUS/src/Chap50/OptBinSearchTreeStEph.rs:1: info: [21] broadcast use: vstd:: before crate::
/home/milnes/projects/APAS-VERUS/src/Chap50/OptBinSearchTreeStEph.rs:1: info: [22:proof] proof fns: all in traits
/home/milnes/projects/APAS-VERUS/src/Chap50/OptBinSearchTreeStEph.rs:1: info: [22:spec] spec fns: all in traits as abstract signatures
/home/milnes/projects/APAS-VERUS/src/Chap50/OptBinSearchTreeStEph.rs:1: info: [23a] no spec/proof fns with looser bounds
/home/milnes/projects/APAS-VERUS/src/Chap50/OptBinSearchTreeStEph.rs:1: info: [23b] free fn type bounds compatible with trait
/home/milnes/projects/APAS-VERUS/src/Chap50/OptBinSearchTreeStEph.rs:118: warning: [12] trait OBSTStEphTrait fn optimal_cost should have requires/ensures
/home/milnes/projects/APAS-VERUS/src/Chap50/OptBinSearchTreeStEph.rs:354: warning: [13] impl IntoIterator for OBSTStEphS should be inside verus!
/home/milnes/projects/APAS-VERUS/src/Chap50/OptBinSearchTreeStEph.rs:363: warning: [13] impl IntoIterator for OBSTStEphS should be inside verus!
/home/milnes/projects/APAS-VERUS/src/Chap50/OptBinSearchTreeStEph.rs:405: warning: [13] impl IntoIterator for OBSTStEphS should be inside verus!
/home/milnes/projects/APAS-VERUS/src/Chap50/OptBinSearchTreeStEph.rs:384: warning: [15] impl PartialEq should be inside verus! (for verification)
/home/milnes/projects/APAS-VERUS/src/Chap50/OptBinSearchTreeStEph.rs:420: warning: [15] impl PartialEq should be inside verus! (for verification)
/home/milnes/projects/APAS-VERUS/src/Chap50/OptBinSearchTreeStEph.rs:1: warning: [17] IntoIterator for OBSTStEphS should be inside verus!
/home/milnes/projects/APAS-VERUS/src/Chap50/OptBinSearchTreeStEph.rs:1: warning: [17] IntoIterator for OBSTStEphS should be inside verus!
/home/milnes/projects/APAS-VERUS/src/Chap50/OptBinSearchTreeStEph.rs:1: warning: [17] IntoIterator for OBSTStEphS should be inside verus!
/home/milnes/projects/APAS-VERUS/src/Chap50/OptBinSearchTreeStEph.rs:245: warning: [22:exec] free fn obst_rec_st_eph should be a trait method
/home/milnes/projects/APAS-VERUS/src/Chap50/OptBinSearchTreeStEph.rs:1: warning: [24] missing or incorrect copyright line; expected: //! Copyright (C) 2025 Acar, Blelloch and Milnes from 'Algorithms Parallel and Sequential'.

/home/milnes/projects/APAS-VERUS/src/Chap50/OptBinSearchTreeStPer.rs:
/home/milnes/projects/APAS-VERUS/src/Chap50/OptBinSearchTreeStPer.rs:1: info: [1] has mod declarations
/home/milnes/projects/APAS-VERUS/src/Chap50/OptBinSearchTreeStPer.rs:1: info: [2] vstd::prelude::* before verus!
/home/milnes/projects/APAS-VERUS/src/Chap50/OptBinSearchTreeStPer.rs:1: info: [3] has verus! macro
/home/milnes/projects/APAS-VERUS/src/Chap50/OptBinSearchTreeStPer.rs:1: info: [4] std imports grouped with trailing blank
/home/milnes/projects/APAS-VERUS/src/Chap50/OptBinSearchTreeStPer.rs:1: info: [5] no vstd imports (ok)
/home/milnes/projects/APAS-VERUS/src/Chap50/OptBinSearchTreeStPer.rs:1: info: [11] Set/Seq usage has broadcast groups
/home/milnes/projects/APAS-VERUS/src/Chap50/OptBinSearchTreeStPer.rs:1: info: [14] Display, Debug outside verus!
/home/milnes/projects/APAS-VERUS/src/Chap50/OptBinSearchTreeStPer.rs:1: info: [16] Lit macro definitions at end of file
/home/milnes/projects/APAS-VERUS/src/Chap50/OptBinSearchTreeStPer.rs:1: info: [18] definition order correct
/home/milnes/projects/APAS-VERUS/src/Chap50/OptBinSearchTreeStPer.rs:1: info: [19] no generic return names
/home/milnes/projects/APAS-VERUS/src/Chap50/OptBinSearchTreeStPer.rs:1: info: [20] all traits have impls
/home/milnes/projects/APAS-VERUS/src/Chap50/OptBinSearchTreeStPer.rs:1: info: [21] broadcast use: vstd:: before crate::
/home/milnes/projects/APAS-VERUS/src/Chap50/OptBinSearchTreeStPer.rs:1: info: [22:proof] proof fns: all in traits
/home/milnes/projects/APAS-VERUS/src/Chap50/OptBinSearchTreeStPer.rs:1: info: [22:spec] spec fns: all in traits as abstract signatures
/home/milnes/projects/APAS-VERUS/src/Chap50/OptBinSearchTreeStPer.rs:1: info: [23a] no spec/proof fns with looser bounds
/home/milnes/projects/APAS-VERUS/src/Chap50/OptBinSearchTreeStPer.rs:1: info: [23b] free fn type bounds compatible with trait
/home/milnes/projects/APAS-VERUS/src/Chap50/OptBinSearchTreeStPer.rs:118: warning: [12] trait OBSTStPerTrait fn optimal_cost should have requires/ensures
/home/milnes/projects/APAS-VERUS/src/Chap50/OptBinSearchTreeStPer.rs:320: warning: [13] impl IntoIterator for OBSTStPerS should be inside verus!
/home/milnes/projects/APAS-VERUS/src/Chap50/OptBinSearchTreeStPer.rs:362: warning: [13] impl IntoIterator for OBSTStPerS should be inside verus!
/home/milnes/projects/APAS-VERUS/src/Chap50/OptBinSearchTreeStPer.rs:341: warning: [15] impl PartialEq should be inside verus! (for verification)
/home/milnes/projects/APAS-VERUS/src/Chap50/OptBinSearchTreeStPer.rs:377: warning: [15] impl PartialEq should be inside verus! (for verification)
/home/milnes/projects/APAS-VERUS/src/Chap50/OptBinSearchTreeStPer.rs:1: warning: [17] IntoIterator for OBSTStPerS should be inside verus!
/home/milnes/projects/APAS-VERUS/src/Chap50/OptBinSearchTreeStPer.rs:1: warning: [17] IntoIterator for OBSTStPerS should be inside verus!
/home/milnes/projects/APAS-VERUS/src/Chap50/OptBinSearchTreeStPer.rs:211: warning: [22:exec] free fn obst_rec_st_per should be a trait method
/home/milnes/projects/APAS-VERUS/src/Chap50/OptBinSearchTreeStPer.rs:1: warning: [24] missing or incorrect copyright line; expected: //! Copyright (C) 2025 Acar, Blelloch and Milnes from 'Algorithms Parallel and Sequential'.

/home/milnes/projects/APAS-VERUS/src/Chap51/BottomUpDPMtEph.rs:
/home/milnes/projects/APAS-VERUS/src/Chap51/BottomUpDPMtEph.rs:1: info: [1] has mod declarations
/home/milnes/projects/APAS-VERUS/src/Chap51/BottomUpDPMtEph.rs:1: info: [2] vstd::prelude::* before verus!
/home/milnes/projects/APAS-VERUS/src/Chap51/BottomUpDPMtEph.rs:1: info: [3] has verus! macro
/home/milnes/projects/APAS-VERUS/src/Chap51/BottomUpDPMtEph.rs:1: info: [4] std imports grouped with trailing blank
/home/milnes/projects/APAS-VERUS/src/Chap51/BottomUpDPMtEph.rs:1: info: [5] vstd imports grouped with trailing blank
/home/milnes/projects/APAS-VERUS/src/Chap51/BottomUpDPMtEph.rs:1: info: [11] Set/Seq usage has broadcast groups
/home/milnes/projects/APAS-VERUS/src/Chap51/BottomUpDPMtEph.rs:1: info: [12] all trait fns have specs
/home/milnes/projects/APAS-VERUS/src/Chap51/BottomUpDPMtEph.rs:1: info: [13] trait impls inside verus!
/home/milnes/projects/APAS-VERUS/src/Chap51/BottomUpDPMtEph.rs:1: info: [14] Debug, Display outside verus!
/home/milnes/projects/APAS-VERUS/src/Chap51/BottomUpDPMtEph.rs:1: info: [15] Clone, PartialEq, Eq inside verus!
/home/milnes/projects/APAS-VERUS/src/Chap51/BottomUpDPMtEph.rs:1: info: [16] no Lit macro definitions (ok)
/home/milnes/projects/APAS-VERUS/src/Chap51/BottomUpDPMtEph.rs:1: info: [17] no collection structs (ok)
/home/milnes/projects/APAS-VERUS/src/Chap51/BottomUpDPMtEph.rs:1: info: [18] definition order correct
/home/milnes/projects/APAS-VERUS/src/Chap51/BottomUpDPMtEph.rs:1: info: [19] no generic return names
/home/milnes/projects/APAS-VERUS/src/Chap51/BottomUpDPMtEph.rs:1: info: [20] all traits have impls
/home/milnes/projects/APAS-VERUS/src/Chap51/BottomUpDPMtEph.rs:1: info: [21] no broadcast use entries
/home/milnes/projects/APAS-VERUS/src/Chap51/BottomUpDPMtEph.rs:1: info: [22:exec] exec fns: all in traits
/home/milnes/projects/APAS-VERUS/src/Chap51/BottomUpDPMtEph.rs:1: info: [22:proof] proof fns: all in traits
/home/milnes/projects/APAS-VERUS/src/Chap51/BottomUpDPMtEph.rs:1: info: [22:spec] spec fns: all in traits as abstract signatures
/home/milnes/projects/APAS-VERUS/src/Chap51/BottomUpDPMtEph.rs:1: info: [23a] spec/proof fn looser bounds: N/A
/home/milnes/projects/APAS-VERUS/src/Chap51/BottomUpDPMtEph.rs:1: info: [23b] free fn stricter bounds: N/A
/home/milnes/projects/APAS-VERUS/src/Chap51/BottomUpDPMtEph.rs:1: warning: [24] missing or incorrect copyright line; expected: //! Copyright (C) 2025 Acar, Blelloch and Milnes from 'Algorithms Parallel and Sequential'.

/home/milnes/projects/APAS-VERUS/src/Chap51/BottomUpDPMtPer.rs:
/home/milnes/projects/APAS-VERUS/src/Chap51/BottomUpDPMtPer.rs:1: info: [1] has mod declarations
/home/milnes/projects/APAS-VERUS/src/Chap51/BottomUpDPMtPer.rs:1: info: [2] vstd::prelude::* before verus!
/home/milnes/projects/APAS-VERUS/src/Chap51/BottomUpDPMtPer.rs:1: info: [3] has verus! macro
/home/milnes/projects/APAS-VERUS/src/Chap51/BottomUpDPMtPer.rs:1: info: [4] std imports grouped with trailing blank
/home/milnes/projects/APAS-VERUS/src/Chap51/BottomUpDPMtPer.rs:1: info: [5] vstd imports grouped with trailing blank
/home/milnes/projects/APAS-VERUS/src/Chap51/BottomUpDPMtPer.rs:1: info: [11] Set/Seq usage has broadcast groups
/home/milnes/projects/APAS-VERUS/src/Chap51/BottomUpDPMtPer.rs:1: info: [12] all trait fns have specs
/home/milnes/projects/APAS-VERUS/src/Chap51/BottomUpDPMtPer.rs:1: info: [13] trait impls inside verus!
/home/milnes/projects/APAS-VERUS/src/Chap51/BottomUpDPMtPer.rs:1: info: [14] Debug, Display outside verus!
/home/milnes/projects/APAS-VERUS/src/Chap51/BottomUpDPMtPer.rs:1: info: [15] Clone, PartialEq, Eq inside verus!
/home/milnes/projects/APAS-VERUS/src/Chap51/BottomUpDPMtPer.rs:1: info: [16] no Lit macro definitions (ok)
/home/milnes/projects/APAS-VERUS/src/Chap51/BottomUpDPMtPer.rs:1: info: [17] no collection structs (ok)
/home/milnes/projects/APAS-VERUS/src/Chap51/BottomUpDPMtPer.rs:1: info: [18] definition order correct
/home/milnes/projects/APAS-VERUS/src/Chap51/BottomUpDPMtPer.rs:1: info: [19] no generic return names
/home/milnes/projects/APAS-VERUS/src/Chap51/BottomUpDPMtPer.rs:1: info: [20] all traits have impls
/home/milnes/projects/APAS-VERUS/src/Chap51/BottomUpDPMtPer.rs:1: info: [21] no broadcast use entries
/home/milnes/projects/APAS-VERUS/src/Chap51/BottomUpDPMtPer.rs:1: info: [22:exec] exec fns: all in traits
/home/milnes/projects/APAS-VERUS/src/Chap51/BottomUpDPMtPer.rs:1: info: [22:proof] proof fns: all in traits
/home/milnes/projects/APAS-VERUS/src/Chap51/BottomUpDPMtPer.rs:1: info: [22:spec] spec fns: all in traits as abstract signatures
/home/milnes/projects/APAS-VERUS/src/Chap51/BottomUpDPMtPer.rs:1: info: [23a] spec/proof fn looser bounds: N/A
/home/milnes/projects/APAS-VERUS/src/Chap51/BottomUpDPMtPer.rs:1: info: [23b] free fn stricter bounds: N/A
/home/milnes/projects/APAS-VERUS/src/Chap51/BottomUpDPMtPer.rs:1: warning: [24] missing or incorrect copyright line; expected: //! Copyright (C) 2025 Acar, Blelloch and Milnes from 'Algorithms Parallel and Sequential'.

/home/milnes/projects/APAS-VERUS/src/Chap51/BottomUpDPStEph.rs:
/home/milnes/projects/APAS-VERUS/src/Chap51/BottomUpDPStEph.rs:1: info: [1] has mod declarations
/home/milnes/projects/APAS-VERUS/src/Chap51/BottomUpDPStEph.rs:1: info: [2] vstd::prelude::* before verus!
/home/milnes/projects/APAS-VERUS/src/Chap51/BottomUpDPStEph.rs:1: info: [3] has verus! macro
/home/milnes/projects/APAS-VERUS/src/Chap51/BottomUpDPStEph.rs:1: info: [4] std imports grouped with trailing blank
/home/milnes/projects/APAS-VERUS/src/Chap51/BottomUpDPStEph.rs:1: info: [5] vstd imports grouped with trailing blank
/home/milnes/projects/APAS-VERUS/src/Chap51/BottomUpDPStEph.rs:1: info: [11] Set/Seq usage has broadcast groups
/home/milnes/projects/APAS-VERUS/src/Chap51/BottomUpDPStEph.rs:1: info: [12] all trait fns have specs
/home/milnes/projects/APAS-VERUS/src/Chap51/BottomUpDPStEph.rs:1: info: [13] trait impls inside verus!
/home/milnes/projects/APAS-VERUS/src/Chap51/BottomUpDPStEph.rs:1: info: [14] Debug, Display outside verus!
/home/milnes/projects/APAS-VERUS/src/Chap51/BottomUpDPStEph.rs:1: info: [15] Clone, PartialEq, Eq inside verus!
/home/milnes/projects/APAS-VERUS/src/Chap51/BottomUpDPStEph.rs:1: info: [16] no Lit macro definitions (ok)
/home/milnes/projects/APAS-VERUS/src/Chap51/BottomUpDPStEph.rs:1: info: [17] no collection structs (ok)
/home/milnes/projects/APAS-VERUS/src/Chap51/BottomUpDPStEph.rs:1: info: [18] definition order correct
/home/milnes/projects/APAS-VERUS/src/Chap51/BottomUpDPStEph.rs:1: info: [19] no generic return names
/home/milnes/projects/APAS-VERUS/src/Chap51/BottomUpDPStEph.rs:1: info: [20] all traits have impls
/home/milnes/projects/APAS-VERUS/src/Chap51/BottomUpDPStEph.rs:1: info: [21] no broadcast use entries
/home/milnes/projects/APAS-VERUS/src/Chap51/BottomUpDPStEph.rs:1: info: [22:exec] exec fns: all in traits
/home/milnes/projects/APAS-VERUS/src/Chap51/BottomUpDPStEph.rs:1: info: [22:proof] proof fns: all in traits
/home/milnes/projects/APAS-VERUS/src/Chap51/BottomUpDPStEph.rs:1: info: [22:spec] spec fns: all in traits as abstract signatures
/home/milnes/projects/APAS-VERUS/src/Chap51/BottomUpDPStEph.rs:1: info: [23a] spec/proof fn looser bounds: N/A
/home/milnes/projects/APAS-VERUS/src/Chap51/BottomUpDPStEph.rs:1: info: [23b] free fn stricter bounds: N/A
/home/milnes/projects/APAS-VERUS/src/Chap51/BottomUpDPStEph.rs:1: warning: [24] missing or incorrect copyright line; expected: //! Copyright (C) 2025 Acar, Blelloch and Milnes from 'Algorithms Parallel and Sequential'.

/home/milnes/projects/APAS-VERUS/src/Chap51/BottomUpDPStPer.rs:
/home/milnes/projects/APAS-VERUS/src/Chap51/BottomUpDPStPer.rs:1: info: [1] has mod declarations
/home/milnes/projects/APAS-VERUS/src/Chap51/BottomUpDPStPer.rs:1: info: [2] vstd::prelude::* before verus!
/home/milnes/projects/APAS-VERUS/src/Chap51/BottomUpDPStPer.rs:1: info: [3] has verus! macro
/home/milnes/projects/APAS-VERUS/src/Chap51/BottomUpDPStPer.rs:1: info: [4] std imports grouped with trailing blank
/home/milnes/projects/APAS-VERUS/src/Chap51/BottomUpDPStPer.rs:1: info: [5] vstd imports grouped with trailing blank
/home/milnes/projects/APAS-VERUS/src/Chap51/BottomUpDPStPer.rs:1: info: [11] Set/Seq usage has broadcast groups
/home/milnes/projects/APAS-VERUS/src/Chap51/BottomUpDPStPer.rs:1: info: [12] all trait fns have specs
/home/milnes/projects/APAS-VERUS/src/Chap51/BottomUpDPStPer.rs:1: info: [13] trait impls inside verus!
/home/milnes/projects/APAS-VERUS/src/Chap51/BottomUpDPStPer.rs:1: info: [14] Debug, Display outside verus!
/home/milnes/projects/APAS-VERUS/src/Chap51/BottomUpDPStPer.rs:1: info: [15] Clone, PartialEq, Eq inside verus!
/home/milnes/projects/APAS-VERUS/src/Chap51/BottomUpDPStPer.rs:1: info: [16] no Lit macro definitions (ok)
/home/milnes/projects/APAS-VERUS/src/Chap51/BottomUpDPStPer.rs:1: info: [17] no collection structs (ok)
/home/milnes/projects/APAS-VERUS/src/Chap51/BottomUpDPStPer.rs:1: info: [18] definition order correct
/home/milnes/projects/APAS-VERUS/src/Chap51/BottomUpDPStPer.rs:1: info: [19] no generic return names
/home/milnes/projects/APAS-VERUS/src/Chap51/BottomUpDPStPer.rs:1: info: [20] all traits have impls
/home/milnes/projects/APAS-VERUS/src/Chap51/BottomUpDPStPer.rs:1: info: [21] no broadcast use entries
/home/milnes/projects/APAS-VERUS/src/Chap51/BottomUpDPStPer.rs:1: info: [22:exec] exec fns: all in traits
/home/milnes/projects/APAS-VERUS/src/Chap51/BottomUpDPStPer.rs:1: info: [22:proof] proof fns: all in traits
/home/milnes/projects/APAS-VERUS/src/Chap51/BottomUpDPStPer.rs:1: info: [22:spec] spec fns: all in traits as abstract signatures
/home/milnes/projects/APAS-VERUS/src/Chap51/BottomUpDPStPer.rs:1: info: [23a] spec/proof fn looser bounds: N/A
/home/milnes/projects/APAS-VERUS/src/Chap51/BottomUpDPStPer.rs:1: info: [23b] free fn stricter bounds: N/A
/home/milnes/projects/APAS-VERUS/src/Chap51/BottomUpDPStPer.rs:1: warning: [24] missing or incorrect copyright line; expected: //! Copyright (C) 2025 Acar, Blelloch and Milnes from 'Algorithms Parallel and Sequential'.

/home/milnes/projects/APAS-VERUS/src/Chap51/SeqSpecsAndLemmas.rs:
/home/milnes/projects/APAS-VERUS/src/Chap51/SeqSpecsAndLemmas.rs:1: info: [1] has mod declarations
/home/milnes/projects/APAS-VERUS/src/Chap51/SeqSpecsAndLemmas.rs:1: info: [2] vstd::prelude::* before verus!
/home/milnes/projects/APAS-VERUS/src/Chap51/SeqSpecsAndLemmas.rs:1: info: [3] has verus! macro
/home/milnes/projects/APAS-VERUS/src/Chap51/SeqSpecsAndLemmas.rs:1: info: [4] no std imports (ok)
/home/milnes/projects/APAS-VERUS/src/Chap51/SeqSpecsAndLemmas.rs:1: info: [5] no vstd imports (ok)
/home/milnes/projects/APAS-VERUS/src/Chap51/SeqSpecsAndLemmas.rs:1: info: [11] Set/Seq usage has broadcast groups
/home/milnes/projects/APAS-VERUS/src/Chap51/SeqSpecsAndLemmas.rs:1: info: [12] no traits (ok)
/home/milnes/projects/APAS-VERUS/src/Chap51/SeqSpecsAndLemmas.rs:1: info: [13] no non-derive trait impls (ok)
/home/milnes/projects/APAS-VERUS/src/Chap51/SeqSpecsAndLemmas.rs:1: info: [14] no Debug/Display impls (ok)
/home/milnes/projects/APAS-VERUS/src/Chap51/SeqSpecsAndLemmas.rs:1: info: [15] no PartialEq/Eq/Clone/Hash/Ord impls (ok)
/home/milnes/projects/APAS-VERUS/src/Chap51/SeqSpecsAndLemmas.rs:1: info: [16] no Lit macro definitions (ok)
/home/milnes/projects/APAS-VERUS/src/Chap51/SeqSpecsAndLemmas.rs:1: info: [17] no collection structs (ok)
/home/milnes/projects/APAS-VERUS/src/Chap51/SeqSpecsAndLemmas.rs:1: info: [18] definition order correct
/home/milnes/projects/APAS-VERUS/src/Chap51/SeqSpecsAndLemmas.rs:1: info: [19] no generic return names
/home/milnes/projects/APAS-VERUS/src/Chap51/SeqSpecsAndLemmas.rs:1: info: [20] no traits defined
/home/milnes/projects/APAS-VERUS/src/Chap51/SeqSpecsAndLemmas.rs:1: info: [21] broadcast use: vstd:: before crate::
/home/milnes/projects/APAS-VERUS/src/Chap51/SeqSpecsAndLemmas.rs:1: info: [22:exec] exec fns: all in traits
/home/milnes/projects/APAS-VERUS/src/Chap51/SeqSpecsAndLemmas.rs:1: info: [22a:proof] free proof fn lemma_spec_med_fn_bounded correctly free (Standard 19)
/home/milnes/projects/APAS-VERUS/src/Chap51/SeqSpecsAndLemmas.rs:1: info: [22a:spec] free spec fn spec_min correctly free (Standard 19)
/home/milnes/projects/APAS-VERUS/src/Chap51/SeqSpecsAndLemmas.rs:1: info: [22a:spec] free spec fn spec_med_fn correctly free (Standard 19)
/home/milnes/projects/APAS-VERUS/src/Chap51/SeqSpecsAndLemmas.rs:1: info: [22a:spec] free spec fn spec_memo_correct correctly free (Standard 19)
/home/milnes/projects/APAS-VERUS/src/Chap51/SeqSpecsAndLemmas.rs:1: info: [23a] spec/proof fn looser bounds: N/A
/home/milnes/projects/APAS-VERUS/src/Chap51/SeqSpecsAndLemmas.rs:1: info: [23b] free fn stricter bounds: N/A
/home/milnes/projects/APAS-VERUS/src/Chap51/SeqSpecsAndLemmas.rs:1: warning: [24] missing or incorrect copyright line; expected: //! Copyright (C) 2025 Acar, Blelloch and Milnes from 'Algorithms Parallel and Sequential'.

/home/milnes/projects/APAS-VERUS/src/Chap51/TopDownDPMtEph.rs:
/home/milnes/projects/APAS-VERUS/src/Chap51/TopDownDPMtEph.rs:1: info: [1] has mod declarations
/home/milnes/projects/APAS-VERUS/src/Chap51/TopDownDPMtEph.rs:1: info: [2] vstd::prelude::* before verus!
/home/milnes/projects/APAS-VERUS/src/Chap51/TopDownDPMtEph.rs:1: info: [3] has verus! macro
/home/milnes/projects/APAS-VERUS/src/Chap51/TopDownDPMtEph.rs:1: info: [4] std imports grouped with trailing blank
/home/milnes/projects/APAS-VERUS/src/Chap51/TopDownDPMtEph.rs:1: info: [5] vstd imports grouped with trailing blank
/home/milnes/projects/APAS-VERUS/src/Chap51/TopDownDPMtEph.rs:1: info: [11] Set/Seq usage has broadcast groups
/home/milnes/projects/APAS-VERUS/src/Chap51/TopDownDPMtEph.rs:1: info: [12] all trait fns have specs
/home/milnes/projects/APAS-VERUS/src/Chap51/TopDownDPMtEph.rs:1: info: [13] trait impls inside verus!
/home/milnes/projects/APAS-VERUS/src/Chap51/TopDownDPMtEph.rs:1: info: [14] Debug, Display outside verus!
/home/milnes/projects/APAS-VERUS/src/Chap51/TopDownDPMtEph.rs:1: info: [15] Clone, PartialEq, Eq inside verus!
/home/milnes/projects/APAS-VERUS/src/Chap51/TopDownDPMtEph.rs:1: info: [16] no Lit macro definitions (ok)
/home/milnes/projects/APAS-VERUS/src/Chap51/TopDownDPMtEph.rs:1: info: [17] no collection structs (ok)
/home/milnes/projects/APAS-VERUS/src/Chap51/TopDownDPMtEph.rs:1: info: [19] no generic return names
/home/milnes/projects/APAS-VERUS/src/Chap51/TopDownDPMtEph.rs:1: info: [20] all traits have impls
/home/milnes/projects/APAS-VERUS/src/Chap51/TopDownDPMtEph.rs:1: info: [21] broadcast use: vstd:: before crate::
/home/milnes/projects/APAS-VERUS/src/Chap51/TopDownDPMtEph.rs:1: info: [22:proof] proof fns: all in traits
/home/milnes/projects/APAS-VERUS/src/Chap51/TopDownDPMtEph.rs:1: info: [22:spec] spec fns: all in traits as abstract signatures
/home/milnes/projects/APAS-VERUS/src/Chap51/TopDownDPMtEph.rs:1: info: [22a:exec] free fn med_recursive_sequential correctly free (Standard 19)
/home/milnes/projects/APAS-VERUS/src/Chap51/TopDownDPMtEph.rs:1: info: [22a:exec] free fn med_recursive_parallel correctly free (Standard 19)
/home/milnes/projects/APAS-VERUS/src/Chap51/TopDownDPMtEph.rs:1: info: [23a] spec/proof fn looser bounds: N/A
/home/milnes/projects/APAS-VERUS/src/Chap51/TopDownDPMtEph.rs:1: info: [23b] free fn stricter bounds: N/A
/home/milnes/projects/APAS-VERUS/src/Chap51/TopDownDPMtEph.rs:150: warning: [18] trait TopDownDPMtEphTrait should come before type definitions (expected traits before type definitions)
/home/milnes/projects/APAS-VERUS/src/Chap51/TopDownDPMtEph.rs:470: warning: [18] impl PartialEqSpecImpl for TopDownDPMtEphS should come before top level coarse locking (expected derive impls in verus! before top level coarse locking)
/home/milnes/projects/APAS-VERUS/src/Chap51/TopDownDPMtEph.rs:477: warning: [18] impl Default for TopDownDPMtEphS should come before top level coarse locking (expected derive impls in verus! before top level coarse locking)
/home/milnes/projects/APAS-VERUS/src/Chap51/TopDownDPMtEph.rs:490: warning: [18] impl Clone for TopDownDPMtEphS should come before top level coarse locking (expected derive impls in verus! before top level coarse locking)
/home/milnes/projects/APAS-VERUS/src/Chap51/TopDownDPMtEph.rs:504: warning: [18] impl PartialEq for TopDownDPMtEphS should come before top level coarse locking (expected derive impls in verus! before top level coarse locking)
/home/milnes/projects/APAS-VERUS/src/Chap51/TopDownDPMtEph.rs:515: warning: [18] impl Eq for TopDownDPMtEphS should come before top level coarse locking (expected derive impls in verus! before top level coarse locking)
/home/milnes/projects/APAS-VERUS/src/Chap51/TopDownDPMtEph.rs:1: warning: [24] missing or incorrect copyright line; expected: //! Copyright (C) 2025 Acar, Blelloch and Milnes from 'Algorithms Parallel and Sequential'.

/home/milnes/projects/APAS-VERUS/src/Chap51/TopDownDPMtPer.rs:
/home/milnes/projects/APAS-VERUS/src/Chap51/TopDownDPMtPer.rs:1: info: [1] has mod declarations
/home/milnes/projects/APAS-VERUS/src/Chap51/TopDownDPMtPer.rs:1: info: [2] vstd::prelude::* before verus!
/home/milnes/projects/APAS-VERUS/src/Chap51/TopDownDPMtPer.rs:1: info: [3] has verus! macro
/home/milnes/projects/APAS-VERUS/src/Chap51/TopDownDPMtPer.rs:1: info: [4] std imports grouped with trailing blank
/home/milnes/projects/APAS-VERUS/src/Chap51/TopDownDPMtPer.rs:1: info: [5] vstd imports grouped with trailing blank
/home/milnes/projects/APAS-VERUS/src/Chap51/TopDownDPMtPer.rs:1: info: [11] Set/Seq usage has broadcast groups
/home/milnes/projects/APAS-VERUS/src/Chap51/TopDownDPMtPer.rs:1: info: [12] all trait fns have specs
/home/milnes/projects/APAS-VERUS/src/Chap51/TopDownDPMtPer.rs:1: info: [13] trait impls inside verus!
/home/milnes/projects/APAS-VERUS/src/Chap51/TopDownDPMtPer.rs:1: info: [14] Debug, Display outside verus!
/home/milnes/projects/APAS-VERUS/src/Chap51/TopDownDPMtPer.rs:1: info: [15] Clone, PartialEq, Eq inside verus!
/home/milnes/projects/APAS-VERUS/src/Chap51/TopDownDPMtPer.rs:1: info: [16] no Lit macro definitions (ok)
/home/milnes/projects/APAS-VERUS/src/Chap51/TopDownDPMtPer.rs:1: info: [17] no collection structs (ok)
/home/milnes/projects/APAS-VERUS/src/Chap51/TopDownDPMtPer.rs:1: info: [19] no generic return names
/home/milnes/projects/APAS-VERUS/src/Chap51/TopDownDPMtPer.rs:1: info: [20] all traits have impls
/home/milnes/projects/APAS-VERUS/src/Chap51/TopDownDPMtPer.rs:1: info: [21] broadcast use: vstd:: before crate::
/home/milnes/projects/APAS-VERUS/src/Chap51/TopDownDPMtPer.rs:1: info: [22:proof] proof fns: all in traits
/home/milnes/projects/APAS-VERUS/src/Chap51/TopDownDPMtPer.rs:1: info: [22:spec] spec fns: all in traits as abstract signatures
/home/milnes/projects/APAS-VERUS/src/Chap51/TopDownDPMtPer.rs:1: info: [22a:exec] free fn med_recursive_sequential correctly free (Standard 19)
/home/milnes/projects/APAS-VERUS/src/Chap51/TopDownDPMtPer.rs:1: info: [22a:exec] free fn med_recursive_parallel correctly free (Standard 19)
/home/milnes/projects/APAS-VERUS/src/Chap51/TopDownDPMtPer.rs:1: info: [23a] spec/proof fn looser bounds: N/A
/home/milnes/projects/APAS-VERUS/src/Chap51/TopDownDPMtPer.rs:1: info: [23b] free fn stricter bounds: N/A
/home/milnes/projects/APAS-VERUS/src/Chap51/TopDownDPMtPer.rs:144: warning: [18] trait TopDownDPMtPerTrait should come before type definitions (expected traits before type definitions)
/home/milnes/projects/APAS-VERUS/src/Chap51/TopDownDPMtPer.rs:430: warning: [18] impl PartialEqSpecImpl for TopDownDPMtPerS should come before top level coarse locking (expected derive impls in verus! before top level coarse locking)
/home/milnes/projects/APAS-VERUS/src/Chap51/TopDownDPMtPer.rs:437: warning: [18] impl Default for TopDownDPMtPerS should come before top level coarse locking (expected derive impls in verus! before top level coarse locking)
/home/milnes/projects/APAS-VERUS/src/Chap51/TopDownDPMtPer.rs:450: warning: [18] impl Clone for TopDownDPMtPerS should come before top level coarse locking (expected derive impls in verus! before top level coarse locking)
/home/milnes/projects/APAS-VERUS/src/Chap51/TopDownDPMtPer.rs:464: warning: [18] impl PartialEq for TopDownDPMtPerS should come before top level coarse locking (expected derive impls in verus! before top level coarse locking)
/home/milnes/projects/APAS-VERUS/src/Chap51/TopDownDPMtPer.rs:475: warning: [18] impl Eq for TopDownDPMtPerS should come before top level coarse locking (expected derive impls in verus! before top level coarse locking)
/home/milnes/projects/APAS-VERUS/src/Chap51/TopDownDPMtPer.rs:1: warning: [24] missing or incorrect copyright line; expected: //! Copyright (C) 2025 Acar, Blelloch and Milnes from 'Algorithms Parallel and Sequential'.

/home/milnes/projects/APAS-VERUS/src/Chap51/TopDownDPStEph.rs:
/home/milnes/projects/APAS-VERUS/src/Chap51/TopDownDPStEph.rs:1: info: [1] has mod declarations
/home/milnes/projects/APAS-VERUS/src/Chap51/TopDownDPStEph.rs:1: info: [2] vstd::prelude::* before verus!
/home/milnes/projects/APAS-VERUS/src/Chap51/TopDownDPStEph.rs:1: info: [3] has verus! macro
/home/milnes/projects/APAS-VERUS/src/Chap51/TopDownDPStEph.rs:1: info: [4] std imports grouped with trailing blank
/home/milnes/projects/APAS-VERUS/src/Chap51/TopDownDPStEph.rs:1: info: [5] vstd imports grouped with trailing blank
/home/milnes/projects/APAS-VERUS/src/Chap51/TopDownDPStEph.rs:1: info: [11] Set/Seq usage has broadcast groups
/home/milnes/projects/APAS-VERUS/src/Chap51/TopDownDPStEph.rs:1: info: [12] all trait fns have specs
/home/milnes/projects/APAS-VERUS/src/Chap51/TopDownDPStEph.rs:1: info: [13] trait impls inside verus!
/home/milnes/projects/APAS-VERUS/src/Chap51/TopDownDPStEph.rs:1: info: [14] Debug, Display outside verus!
/home/milnes/projects/APAS-VERUS/src/Chap51/TopDownDPStEph.rs:1: info: [15] Clone, PartialEq, Eq inside verus!
/home/milnes/projects/APAS-VERUS/src/Chap51/TopDownDPStEph.rs:1: info: [16] no Lit macro definitions (ok)
/home/milnes/projects/APAS-VERUS/src/Chap51/TopDownDPStEph.rs:1: info: [17] no collection structs (ok)
/home/milnes/projects/APAS-VERUS/src/Chap51/TopDownDPStEph.rs:1: info: [18] definition order correct
/home/milnes/projects/APAS-VERUS/src/Chap51/TopDownDPStEph.rs:1: info: [19] no generic return names
/home/milnes/projects/APAS-VERUS/src/Chap51/TopDownDPStEph.rs:1: info: [20] all traits have impls
/home/milnes/projects/APAS-VERUS/src/Chap51/TopDownDPStEph.rs:1: info: [21] broadcast use: vstd:: before crate::
/home/milnes/projects/APAS-VERUS/src/Chap51/TopDownDPStEph.rs:1: info: [22:exec] exec fns: all in traits
/home/milnes/projects/APAS-VERUS/src/Chap51/TopDownDPStEph.rs:1: info: [22:proof] proof fns: all in traits
/home/milnes/projects/APAS-VERUS/src/Chap51/TopDownDPStEph.rs:1: info: [22:spec] spec fns: all in traits as abstract signatures
/home/milnes/projects/APAS-VERUS/src/Chap51/TopDownDPStEph.rs:1: info: [23a] spec/proof fn looser bounds: N/A
/home/milnes/projects/APAS-VERUS/src/Chap51/TopDownDPStEph.rs:1: info: [23b] free fn stricter bounds: N/A
/home/milnes/projects/APAS-VERUS/src/Chap51/TopDownDPStEph.rs:1: warning: [24] missing or incorrect copyright line; expected: //! Copyright (C) 2025 Acar, Blelloch and Milnes from 'Algorithms Parallel and Sequential'.

/home/milnes/projects/APAS-VERUS/src/Chap51/TopDownDPStPer.rs:
/home/milnes/projects/APAS-VERUS/src/Chap51/TopDownDPStPer.rs:1: info: [1] has mod declarations
/home/milnes/projects/APAS-VERUS/src/Chap51/TopDownDPStPer.rs:1: info: [2] vstd::prelude::* before verus!
/home/milnes/projects/APAS-VERUS/src/Chap51/TopDownDPStPer.rs:1: info: [3] has verus! macro
/home/milnes/projects/APAS-VERUS/src/Chap51/TopDownDPStPer.rs:1: info: [4] std imports grouped with trailing blank
/home/milnes/projects/APAS-VERUS/src/Chap51/TopDownDPStPer.rs:1: info: [5] vstd imports grouped with trailing blank
/home/milnes/projects/APAS-VERUS/src/Chap51/TopDownDPStPer.rs:1: info: [11] Set/Seq usage has broadcast groups
/home/milnes/projects/APAS-VERUS/src/Chap51/TopDownDPStPer.rs:1: info: [12] all trait fns have specs
/home/milnes/projects/APAS-VERUS/src/Chap51/TopDownDPStPer.rs:1: info: [13] trait impls inside verus!
/home/milnes/projects/APAS-VERUS/src/Chap51/TopDownDPStPer.rs:1: info: [14] Debug, Display outside verus!
/home/milnes/projects/APAS-VERUS/src/Chap51/TopDownDPStPer.rs:1: info: [15] Clone, PartialEq, Eq inside verus!
/home/milnes/projects/APAS-VERUS/src/Chap51/TopDownDPStPer.rs:1: info: [16] no Lit macro definitions (ok)
/home/milnes/projects/APAS-VERUS/src/Chap51/TopDownDPStPer.rs:1: info: [17] no collection structs (ok)
/home/milnes/projects/APAS-VERUS/src/Chap51/TopDownDPStPer.rs:1: info: [18] definition order correct
/home/milnes/projects/APAS-VERUS/src/Chap51/TopDownDPStPer.rs:1: info: [19] no generic return names
/home/milnes/projects/APAS-VERUS/src/Chap51/TopDownDPStPer.rs:1: info: [20] all traits have impls
/home/milnes/projects/APAS-VERUS/src/Chap51/TopDownDPStPer.rs:1: info: [21] broadcast use: vstd:: before crate::
/home/milnes/projects/APAS-VERUS/src/Chap51/TopDownDPStPer.rs:1: info: [22:exec] exec fns: all in traits
/home/milnes/projects/APAS-VERUS/src/Chap51/TopDownDPStPer.rs:1: info: [22:proof] proof fns: all in traits
/home/milnes/projects/APAS-VERUS/src/Chap51/TopDownDPStPer.rs:1: info: [22:spec] spec fns: all in traits as abstract signatures
/home/milnes/projects/APAS-VERUS/src/Chap51/TopDownDPStPer.rs:1: info: [23a] spec/proof fn looser bounds: N/A
/home/milnes/projects/APAS-VERUS/src/Chap51/TopDownDPStPer.rs:1: info: [23b] free fn stricter bounds: N/A
/home/milnes/projects/APAS-VERUS/src/Chap51/TopDownDPStPer.rs:1: warning: [24] missing or incorrect copyright line; expected: //! Copyright (C) 2025 Acar, Blelloch and Milnes from 'Algorithms Parallel and Sequential'.

/home/milnes/projects/APAS-VERUS/src/Chap52/AdjMatrixGraphMtEph.rs:
/home/milnes/projects/APAS-VERUS/src/Chap52/AdjMatrixGraphMtEph.rs:1: info: [1] has mod declarations
/home/milnes/projects/APAS-VERUS/src/Chap52/AdjMatrixGraphMtEph.rs:1: info: [2] vstd::prelude::* before verus!
/home/milnes/projects/APAS-VERUS/src/Chap52/AdjMatrixGraphMtEph.rs:1: info: [3] has verus! macro
/home/milnes/projects/APAS-VERUS/src/Chap52/AdjMatrixGraphMtEph.rs:1: info: [4] no std imports (ok)
/home/milnes/projects/APAS-VERUS/src/Chap52/AdjMatrixGraphMtEph.rs:1: info: [5] no vstd imports (ok)
/home/milnes/projects/APAS-VERUS/src/Chap52/AdjMatrixGraphMtEph.rs:1: info: [11] Set/Seq usage has broadcast groups
/home/milnes/projects/APAS-VERUS/src/Chap52/AdjMatrixGraphMtEph.rs:1: info: [12] all trait fns have specs
/home/milnes/projects/APAS-VERUS/src/Chap52/AdjMatrixGraphMtEph.rs:1: info: [13] trait impls inside verus!
/home/milnes/projects/APAS-VERUS/src/Chap52/AdjMatrixGraphMtEph.rs:1: info: [14] Debug, Display outside verus!
/home/milnes/projects/APAS-VERUS/src/Chap52/AdjMatrixGraphMtEph.rs:1: info: [15] Clone inside verus!
/home/milnes/projects/APAS-VERUS/src/Chap52/AdjMatrixGraphMtEph.rs:1: info: [16] no Lit macro definitions (ok)
/home/milnes/projects/APAS-VERUS/src/Chap52/AdjMatrixGraphMtEph.rs:1: info: [17] no collection structs (ok)
/home/milnes/projects/APAS-VERUS/src/Chap52/AdjMatrixGraphMtEph.rs:1: info: [18] definition order correct
/home/milnes/projects/APAS-VERUS/src/Chap52/AdjMatrixGraphMtEph.rs:1: info: [19] no generic return names
/home/milnes/projects/APAS-VERUS/src/Chap52/AdjMatrixGraphMtEph.rs:1: info: [20] all traits have impls
/home/milnes/projects/APAS-VERUS/src/Chap52/AdjMatrixGraphMtEph.rs:1: info: [21] broadcast use: vstd:: before crate::
/home/milnes/projects/APAS-VERUS/src/Chap52/AdjMatrixGraphMtEph.rs:1: info: [22:exec] exec fns: all in traits
/home/milnes/projects/APAS-VERUS/src/Chap52/AdjMatrixGraphMtEph.rs:1: info: [22:proof] proof fns: all in traits
/home/milnes/projects/APAS-VERUS/src/Chap52/AdjMatrixGraphMtEph.rs:1: info: [23a] spec/proof fn looser bounds: N/A
/home/milnes/projects/APAS-VERUS/src/Chap52/AdjMatrixGraphMtEph.rs:1: info: [23b] free fn stricter bounds: N/A
/home/milnes/projects/APAS-VERUS/src/Chap52/AdjMatrixGraphMtEph.rs:68: warning: [22:spec] free spec fn spec_adjmatrixgraphmteph_wf should be an abstract signature in a trait with body in the impl
/home/milnes/projects/APAS-VERUS/src/Chap52/AdjMatrixGraphMtEph.rs:1: warning: [24] missing or incorrect copyright line; expected: //! Copyright (C) 2025 Acar, Blelloch and Milnes from 'Algorithms Parallel and Sequential'.

/home/milnes/projects/APAS-VERUS/src/Chap52/AdjMatrixGraphMtPer.rs:
/home/milnes/projects/APAS-VERUS/src/Chap52/AdjMatrixGraphMtPer.rs:1: info: [1] has mod declarations
/home/milnes/projects/APAS-VERUS/src/Chap52/AdjMatrixGraphMtPer.rs:1: info: [2] vstd::prelude::* before verus!
/home/milnes/projects/APAS-VERUS/src/Chap52/AdjMatrixGraphMtPer.rs:1: info: [3] has verus! macro
/home/milnes/projects/APAS-VERUS/src/Chap52/AdjMatrixGraphMtPer.rs:1: info: [4] no std imports (ok)
/home/milnes/projects/APAS-VERUS/src/Chap52/AdjMatrixGraphMtPer.rs:1: info: [5] no vstd imports (ok)
/home/milnes/projects/APAS-VERUS/src/Chap52/AdjMatrixGraphMtPer.rs:1: info: [11] Set/Seq usage has broadcast groups
/home/milnes/projects/APAS-VERUS/src/Chap52/AdjMatrixGraphMtPer.rs:1: info: [12] all trait fns have specs
/home/milnes/projects/APAS-VERUS/src/Chap52/AdjMatrixGraphMtPer.rs:1: info: [13] trait impls inside verus!
/home/milnes/projects/APAS-VERUS/src/Chap52/AdjMatrixGraphMtPer.rs:1: info: [14] Debug, Display outside verus!
/home/milnes/projects/APAS-VERUS/src/Chap52/AdjMatrixGraphMtPer.rs:1: info: [15] Clone inside verus!
/home/milnes/projects/APAS-VERUS/src/Chap52/AdjMatrixGraphMtPer.rs:1: info: [16] no Lit macro definitions (ok)
/home/milnes/projects/APAS-VERUS/src/Chap52/AdjMatrixGraphMtPer.rs:1: info: [17] no collection structs (ok)
/home/milnes/projects/APAS-VERUS/src/Chap52/AdjMatrixGraphMtPer.rs:1: info: [18] definition order correct
/home/milnes/projects/APAS-VERUS/src/Chap52/AdjMatrixGraphMtPer.rs:1: info: [19] no generic return names
/home/milnes/projects/APAS-VERUS/src/Chap52/AdjMatrixGraphMtPer.rs:1: info: [20] all traits have impls
/home/milnes/projects/APAS-VERUS/src/Chap52/AdjMatrixGraphMtPer.rs:1: info: [21] broadcast use: vstd:: before crate::
/home/milnes/projects/APAS-VERUS/src/Chap52/AdjMatrixGraphMtPer.rs:1: info: [22:exec] exec fns: all in traits
/home/milnes/projects/APAS-VERUS/src/Chap52/AdjMatrixGraphMtPer.rs:1: info: [22:proof] proof fns: all in traits
/home/milnes/projects/APAS-VERUS/src/Chap52/AdjMatrixGraphMtPer.rs:1: info: [23a] spec/proof fn looser bounds: N/A
/home/milnes/projects/APAS-VERUS/src/Chap52/AdjMatrixGraphMtPer.rs:1: info: [23b] free fn stricter bounds: N/A
/home/milnes/projects/APAS-VERUS/src/Chap52/AdjMatrixGraphMtPer.rs:69: warning: [22:spec] free spec fn spec_adjmatrixgraphmtper_wf should be an abstract signature in a trait with body in the impl
/home/milnes/projects/APAS-VERUS/src/Chap52/AdjMatrixGraphMtPer.rs:1: warning: [24] missing or incorrect copyright line; expected: //! Copyright (C) 2025 Acar, Blelloch and Milnes from 'Algorithms Parallel and Sequential'.

/home/milnes/projects/APAS-VERUS/src/Chap52/AdjMatrixGraphStEph.rs:
/home/milnes/projects/APAS-VERUS/src/Chap52/AdjMatrixGraphStEph.rs:1: info: [1] has mod declarations
/home/milnes/projects/APAS-VERUS/src/Chap52/AdjMatrixGraphStEph.rs:1: info: [2] vstd::prelude::* before verus!
/home/milnes/projects/APAS-VERUS/src/Chap52/AdjMatrixGraphStEph.rs:1: info: [3] has verus! macro
/home/milnes/projects/APAS-VERUS/src/Chap52/AdjMatrixGraphStEph.rs:1: info: [4] no std imports (ok)
/home/milnes/projects/APAS-VERUS/src/Chap52/AdjMatrixGraphStEph.rs:1: info: [5] no vstd imports (ok)
/home/milnes/projects/APAS-VERUS/src/Chap52/AdjMatrixGraphStEph.rs:1: info: [11] Set/Seq usage has broadcast groups
/home/milnes/projects/APAS-VERUS/src/Chap52/AdjMatrixGraphStEph.rs:1: info: [12] all trait fns have specs
/home/milnes/projects/APAS-VERUS/src/Chap52/AdjMatrixGraphStEph.rs:1: info: [13] trait impls inside verus!
/home/milnes/projects/APAS-VERUS/src/Chap52/AdjMatrixGraphStEph.rs:1: info: [14] Debug, Display outside verus!
/home/milnes/projects/APAS-VERUS/src/Chap52/AdjMatrixGraphStEph.rs:1: info: [15] Clone inside verus!
/home/milnes/projects/APAS-VERUS/src/Chap52/AdjMatrixGraphStEph.rs:1: info: [16] no Lit macro definitions (ok)
/home/milnes/projects/APAS-VERUS/src/Chap52/AdjMatrixGraphStEph.rs:1: info: [17] no collection structs (ok)
/home/milnes/projects/APAS-VERUS/src/Chap52/AdjMatrixGraphStEph.rs:1: info: [18] definition order correct
/home/milnes/projects/APAS-VERUS/src/Chap52/AdjMatrixGraphStEph.rs:1: info: [19] no generic return names
/home/milnes/projects/APAS-VERUS/src/Chap52/AdjMatrixGraphStEph.rs:1: info: [20] all traits have impls
/home/milnes/projects/APAS-VERUS/src/Chap52/AdjMatrixGraphStEph.rs:1: info: [21] broadcast use: vstd:: before crate::
/home/milnes/projects/APAS-VERUS/src/Chap52/AdjMatrixGraphStEph.rs:1: info: [22:exec] exec fns: all in traits
/home/milnes/projects/APAS-VERUS/src/Chap52/AdjMatrixGraphStEph.rs:1: info: [22:proof] proof fns: all in traits
/home/milnes/projects/APAS-VERUS/src/Chap52/AdjMatrixGraphStEph.rs:1: info: [23a] spec/proof fn looser bounds: N/A
/home/milnes/projects/APAS-VERUS/src/Chap52/AdjMatrixGraphStEph.rs:1: info: [23b] free fn stricter bounds: N/A
/home/milnes/projects/APAS-VERUS/src/Chap52/AdjMatrixGraphStEph.rs:68: warning: [22:spec] free spec fn spec_adjmatrixgraphsteph_wf should be an abstract signature in a trait with body in the impl
/home/milnes/projects/APAS-VERUS/src/Chap52/AdjMatrixGraphStEph.rs:1: warning: [24] missing or incorrect copyright line; expected: //! Copyright (C) 2025 Acar, Blelloch and Milnes from 'Algorithms Parallel and Sequential'.

/home/milnes/projects/APAS-VERUS/src/Chap52/AdjMatrixGraphStPer.rs:
/home/milnes/projects/APAS-VERUS/src/Chap52/AdjMatrixGraphStPer.rs:1: info: [1] has mod declarations
/home/milnes/projects/APAS-VERUS/src/Chap52/AdjMatrixGraphStPer.rs:1: info: [2] vstd::prelude::* before verus!
/home/milnes/projects/APAS-VERUS/src/Chap52/AdjMatrixGraphStPer.rs:1: info: [3] has verus! macro
/home/milnes/projects/APAS-VERUS/src/Chap52/AdjMatrixGraphStPer.rs:1: info: [4] no std imports (ok)
/home/milnes/projects/APAS-VERUS/src/Chap52/AdjMatrixGraphStPer.rs:1: info: [5] vstd imports grouped with trailing blank
/home/milnes/projects/APAS-VERUS/src/Chap52/AdjMatrixGraphStPer.rs:1: info: [11] Set/Seq usage has broadcast groups
/home/milnes/projects/APAS-VERUS/src/Chap52/AdjMatrixGraphStPer.rs:1: info: [12] all trait fns have specs
/home/milnes/projects/APAS-VERUS/src/Chap52/AdjMatrixGraphStPer.rs:1: info: [13] trait impls inside verus!
/home/milnes/projects/APAS-VERUS/src/Chap52/AdjMatrixGraphStPer.rs:1: info: [14] Debug, Display outside verus!
/home/milnes/projects/APAS-VERUS/src/Chap52/AdjMatrixGraphStPer.rs:1: info: [15] Clone, PartialEq, Eq inside verus!
/home/milnes/projects/APAS-VERUS/src/Chap52/AdjMatrixGraphStPer.rs:1: info: [16] no Lit macro definitions (ok)
/home/milnes/projects/APAS-VERUS/src/Chap52/AdjMatrixGraphStPer.rs:1: info: [17] no collection structs (ok)
/home/milnes/projects/APAS-VERUS/src/Chap52/AdjMatrixGraphStPer.rs:1: info: [18] definition order correct
/home/milnes/projects/APAS-VERUS/src/Chap52/AdjMatrixGraphStPer.rs:1: info: [19] no generic return names
/home/milnes/projects/APAS-VERUS/src/Chap52/AdjMatrixGraphStPer.rs:1: info: [20] all traits have impls
/home/milnes/projects/APAS-VERUS/src/Chap52/AdjMatrixGraphStPer.rs:1: info: [21] broadcast use: vstd:: before crate::
/home/milnes/projects/APAS-VERUS/src/Chap52/AdjMatrixGraphStPer.rs:1: info: [22:exec] exec fns: all in traits
/home/milnes/projects/APAS-VERUS/src/Chap52/AdjMatrixGraphStPer.rs:1: info: [22:proof] proof fns: all in traits
/home/milnes/projects/APAS-VERUS/src/Chap52/AdjMatrixGraphStPer.rs:1: info: [23a] spec/proof fn looser bounds: N/A
/home/milnes/projects/APAS-VERUS/src/Chap52/AdjMatrixGraphStPer.rs:1: info: [23b] free fn stricter bounds: N/A
/home/milnes/projects/APAS-VERUS/src/Chap52/AdjMatrixGraphStPer.rs:72: warning: [22:spec] free spec fn spec_adjmatrixgraphstper_wf should be an abstract signature in a trait with body in the impl
/home/milnes/projects/APAS-VERUS/src/Chap52/AdjMatrixGraphStPer.rs:1: warning: [24] missing or incorrect copyright line; expected: //! Copyright (C) 2025 Acar, Blelloch and Milnes from 'Algorithms Parallel and Sequential'.

/home/milnes/projects/APAS-VERUS/src/Chap52/AdjSeqGraphMtEph.rs:
/home/milnes/projects/APAS-VERUS/src/Chap52/AdjSeqGraphMtEph.rs:1: info: [1] has mod declarations
/home/milnes/projects/APAS-VERUS/src/Chap52/AdjSeqGraphMtEph.rs:1: info: [2] vstd::prelude::* before verus!
/home/milnes/projects/APAS-VERUS/src/Chap52/AdjSeqGraphMtEph.rs:1: info: [3] has verus! macro
/home/milnes/projects/APAS-VERUS/src/Chap52/AdjSeqGraphMtEph.rs:1: info: [4] no std imports (ok)
/home/milnes/projects/APAS-VERUS/src/Chap52/AdjSeqGraphMtEph.rs:1: info: [5] no vstd imports (ok)
/home/milnes/projects/APAS-VERUS/src/Chap52/AdjSeqGraphMtEph.rs:1: info: [11] Set/Seq usage has broadcast groups
/home/milnes/projects/APAS-VERUS/src/Chap52/AdjSeqGraphMtEph.rs:1: info: [12] all trait fns have specs
/home/milnes/projects/APAS-VERUS/src/Chap52/AdjSeqGraphMtEph.rs:1: info: [13] trait impls inside verus!
/home/milnes/projects/APAS-VERUS/src/Chap52/AdjSeqGraphMtEph.rs:1: info: [14] Debug, Display outside verus!
/home/milnes/projects/APAS-VERUS/src/Chap52/AdjSeqGraphMtEph.rs:1: info: [15] Clone inside verus!
/home/milnes/projects/APAS-VERUS/src/Chap52/AdjSeqGraphMtEph.rs:1: info: [16] no Lit macro definitions (ok)
/home/milnes/projects/APAS-VERUS/src/Chap52/AdjSeqGraphMtEph.rs:1: info: [17] no collection structs (ok)
/home/milnes/projects/APAS-VERUS/src/Chap52/AdjSeqGraphMtEph.rs:1: info: [18] definition order correct
/home/milnes/projects/APAS-VERUS/src/Chap52/AdjSeqGraphMtEph.rs:1: info: [19] no generic return names
/home/milnes/projects/APAS-VERUS/src/Chap52/AdjSeqGraphMtEph.rs:1: info: [20] all traits have impls
/home/milnes/projects/APAS-VERUS/src/Chap52/AdjSeqGraphMtEph.rs:1: info: [21] broadcast use: vstd:: before crate::
/home/milnes/projects/APAS-VERUS/src/Chap52/AdjSeqGraphMtEph.rs:1: info: [22:exec] exec fns: all in traits
/home/milnes/projects/APAS-VERUS/src/Chap52/AdjSeqGraphMtEph.rs:1: info: [22:proof] proof fns: all in traits
/home/milnes/projects/APAS-VERUS/src/Chap52/AdjSeqGraphMtEph.rs:1: info: [22:spec] spec fns: all in traits as abstract signatures
/home/milnes/projects/APAS-VERUS/src/Chap52/AdjSeqGraphMtEph.rs:1: info: [23a] spec/proof fn looser bounds: N/A
/home/milnes/projects/APAS-VERUS/src/Chap52/AdjSeqGraphMtEph.rs:1: info: [23b] free fn stricter bounds: N/A
/home/milnes/projects/APAS-VERUS/src/Chap52/AdjSeqGraphMtEph.rs:1: warning: [24] missing or incorrect copyright line; expected: //! Copyright (C) 2025 Acar, Blelloch and Milnes from 'Algorithms Parallel and Sequential'.

/home/milnes/projects/APAS-VERUS/src/Chap52/AdjSeqGraphMtPer.rs:
/home/milnes/projects/APAS-VERUS/src/Chap52/AdjSeqGraphMtPer.rs:1: info: [1] has mod declarations
/home/milnes/projects/APAS-VERUS/src/Chap52/AdjSeqGraphMtPer.rs:1: info: [2] vstd::prelude::* before verus!
/home/milnes/projects/APAS-VERUS/src/Chap52/AdjSeqGraphMtPer.rs:1: info: [3] has verus! macro
/home/milnes/projects/APAS-VERUS/src/Chap52/AdjSeqGraphMtPer.rs:1: info: [4] no std imports (ok)
/home/milnes/projects/APAS-VERUS/src/Chap52/AdjSeqGraphMtPer.rs:1: info: [5] no vstd imports (ok)
/home/milnes/projects/APAS-VERUS/src/Chap52/AdjSeqGraphMtPer.rs:1: info: [11] Set/Seq usage has broadcast groups
/home/milnes/projects/APAS-VERUS/src/Chap52/AdjSeqGraphMtPer.rs:1: info: [12] all trait fns have specs
/home/milnes/projects/APAS-VERUS/src/Chap52/AdjSeqGraphMtPer.rs:1: info: [13] trait impls inside verus!
/home/milnes/projects/APAS-VERUS/src/Chap52/AdjSeqGraphMtPer.rs:1: info: [14] Debug, Display outside verus!
/home/milnes/projects/APAS-VERUS/src/Chap52/AdjSeqGraphMtPer.rs:1: info: [15] Clone inside verus!
/home/milnes/projects/APAS-VERUS/src/Chap52/AdjSeqGraphMtPer.rs:1: info: [16] no Lit macro definitions (ok)
/home/milnes/projects/APAS-VERUS/src/Chap52/AdjSeqGraphMtPer.rs:1: info: [17] no collection structs (ok)
/home/milnes/projects/APAS-VERUS/src/Chap52/AdjSeqGraphMtPer.rs:1: info: [18] definition order correct
/home/milnes/projects/APAS-VERUS/src/Chap52/AdjSeqGraphMtPer.rs:1: info: [19] no generic return names
/home/milnes/projects/APAS-VERUS/src/Chap52/AdjSeqGraphMtPer.rs:1: info: [20] all traits have impls
/home/milnes/projects/APAS-VERUS/src/Chap52/AdjSeqGraphMtPer.rs:1: info: [21] broadcast use: vstd:: before crate::
/home/milnes/projects/APAS-VERUS/src/Chap52/AdjSeqGraphMtPer.rs:1: info: [22:exec] exec fns: all in traits
/home/milnes/projects/APAS-VERUS/src/Chap52/AdjSeqGraphMtPer.rs:1: info: [22:proof] proof fns: all in traits
/home/milnes/projects/APAS-VERUS/src/Chap52/AdjSeqGraphMtPer.rs:1: info: [22:spec] spec fns: all in traits as abstract signatures
/home/milnes/projects/APAS-VERUS/src/Chap52/AdjSeqGraphMtPer.rs:1: info: [23a] spec/proof fn looser bounds: N/A
/home/milnes/projects/APAS-VERUS/src/Chap52/AdjSeqGraphMtPer.rs:1: info: [23b] free fn stricter bounds: N/A
/home/milnes/projects/APAS-VERUS/src/Chap52/AdjSeqGraphMtPer.rs:1: warning: [24] missing or incorrect copyright line; expected: //! Copyright (C) 2025 Acar, Blelloch and Milnes from 'Algorithms Parallel and Sequential'.

/home/milnes/projects/APAS-VERUS/src/Chap52/AdjSeqGraphStEph.rs:
/home/milnes/projects/APAS-VERUS/src/Chap52/AdjSeqGraphStEph.rs:1: info: [1] has mod declarations
/home/milnes/projects/APAS-VERUS/src/Chap52/AdjSeqGraphStEph.rs:1: info: [2] vstd::prelude::* before verus!
/home/milnes/projects/APAS-VERUS/src/Chap52/AdjSeqGraphStEph.rs:1: info: [3] has verus! macro
/home/milnes/projects/APAS-VERUS/src/Chap52/AdjSeqGraphStEph.rs:1: info: [4] no std imports (ok)
/home/milnes/projects/APAS-VERUS/src/Chap52/AdjSeqGraphStEph.rs:1: info: [5] no vstd imports (ok)
/home/milnes/projects/APAS-VERUS/src/Chap52/AdjSeqGraphStEph.rs:1: info: [11] Set/Seq usage has broadcast groups
/home/milnes/projects/APAS-VERUS/src/Chap52/AdjSeqGraphStEph.rs:1: info: [12] all trait fns have specs
/home/milnes/projects/APAS-VERUS/src/Chap52/AdjSeqGraphStEph.rs:1: info: [13] trait impls inside verus!
/home/milnes/projects/APAS-VERUS/src/Chap52/AdjSeqGraphStEph.rs:1: info: [14] Debug, Display outside verus!
/home/milnes/projects/APAS-VERUS/src/Chap52/AdjSeqGraphStEph.rs:1: info: [15] Clone inside verus!
/home/milnes/projects/APAS-VERUS/src/Chap52/AdjSeqGraphStEph.rs:1: info: [16] no Lit macro definitions (ok)
/home/milnes/projects/APAS-VERUS/src/Chap52/AdjSeqGraphStEph.rs:1: info: [17] no collection structs (ok)
/home/milnes/projects/APAS-VERUS/src/Chap52/AdjSeqGraphStEph.rs:1: info: [18] definition order correct
/home/milnes/projects/APAS-VERUS/src/Chap52/AdjSeqGraphStEph.rs:1: info: [19] no generic return names
/home/milnes/projects/APAS-VERUS/src/Chap52/AdjSeqGraphStEph.rs:1: info: [20] all traits have impls
/home/milnes/projects/APAS-VERUS/src/Chap52/AdjSeqGraphStEph.rs:1: info: [21] broadcast use: vstd:: before crate::
/home/milnes/projects/APAS-VERUS/src/Chap52/AdjSeqGraphStEph.rs:1: info: [22:exec] exec fns: all in traits
/home/milnes/projects/APAS-VERUS/src/Chap52/AdjSeqGraphStEph.rs:1: info: [22:proof] proof fns: all in traits
/home/milnes/projects/APAS-VERUS/src/Chap52/AdjSeqGraphStEph.rs:1: info: [22:spec] spec fns: all in traits as abstract signatures
/home/milnes/projects/APAS-VERUS/src/Chap52/AdjSeqGraphStEph.rs:1: info: [23a] spec/proof fn looser bounds: N/A
/home/milnes/projects/APAS-VERUS/src/Chap52/AdjSeqGraphStEph.rs:1: info: [23b] free fn stricter bounds: N/A
/home/milnes/projects/APAS-VERUS/src/Chap52/AdjSeqGraphStEph.rs:1: warning: [24] missing or incorrect copyright line; expected: //! Copyright (C) 2025 Acar, Blelloch and Milnes from 'Algorithms Parallel and Sequential'.

/home/milnes/projects/APAS-VERUS/src/Chap52/AdjSeqGraphStPer.rs:
/home/milnes/projects/APAS-VERUS/src/Chap52/AdjSeqGraphStPer.rs:1: info: [1] has mod declarations
/home/milnes/projects/APAS-VERUS/src/Chap52/AdjSeqGraphStPer.rs:1: info: [2] vstd::prelude::* before verus!
/home/milnes/projects/APAS-VERUS/src/Chap52/AdjSeqGraphStPer.rs:1: info: [3] has verus! macro
/home/milnes/projects/APAS-VERUS/src/Chap52/AdjSeqGraphStPer.rs:1: info: [4] std imports grouped with trailing blank
/home/milnes/projects/APAS-VERUS/src/Chap52/AdjSeqGraphStPer.rs:1: info: [5] vstd imports grouped with trailing blank
/home/milnes/projects/APAS-VERUS/src/Chap52/AdjSeqGraphStPer.rs:1: info: [11] Set/Seq usage has broadcast groups
/home/milnes/projects/APAS-VERUS/src/Chap52/AdjSeqGraphStPer.rs:1: info: [12] all trait fns have specs
/home/milnes/projects/APAS-VERUS/src/Chap52/AdjSeqGraphStPer.rs:1: info: [13] trait impls inside verus!
/home/milnes/projects/APAS-VERUS/src/Chap52/AdjSeqGraphStPer.rs:1: info: [14] Debug, Display outside verus!
/home/milnes/projects/APAS-VERUS/src/Chap52/AdjSeqGraphStPer.rs:1: info: [15] Clone, PartialEq, Eq inside verus!
/home/milnes/projects/APAS-VERUS/src/Chap52/AdjSeqGraphStPer.rs:1: info: [16] no Lit macro definitions (ok)
/home/milnes/projects/APAS-VERUS/src/Chap52/AdjSeqGraphStPer.rs:1: info: [17] no collection structs (ok)
/home/milnes/projects/APAS-VERUS/src/Chap52/AdjSeqGraphStPer.rs:1: info: [18] definition order correct
/home/milnes/projects/APAS-VERUS/src/Chap52/AdjSeqGraphStPer.rs:1: info: [19] no generic return names
/home/milnes/projects/APAS-VERUS/src/Chap52/AdjSeqGraphStPer.rs:1: info: [20] all traits have impls
/home/milnes/projects/APAS-VERUS/src/Chap52/AdjSeqGraphStPer.rs:1: info: [21] broadcast use: vstd:: before crate::
/home/milnes/projects/APAS-VERUS/src/Chap52/AdjSeqGraphStPer.rs:1: info: [22:exec] exec fns: all in traits
/home/milnes/projects/APAS-VERUS/src/Chap52/AdjSeqGraphStPer.rs:1: info: [22:proof] proof fns: all in traits
/home/milnes/projects/APAS-VERUS/src/Chap52/AdjSeqGraphStPer.rs:1: info: [22:spec] spec fns: all in traits as abstract signatures
/home/milnes/projects/APAS-VERUS/src/Chap52/AdjSeqGraphStPer.rs:1: info: [23a] spec/proof fn looser bounds: N/A
/home/milnes/projects/APAS-VERUS/src/Chap52/AdjSeqGraphStPer.rs:1: info: [23b] free fn stricter bounds: N/A
/home/milnes/projects/APAS-VERUS/src/Chap52/AdjSeqGraphStPer.rs:1: warning: [24] missing or incorrect copyright line; expected: //! Copyright (C) 2025 Acar, Blelloch and Milnes from 'Algorithms Parallel and Sequential'.

/home/milnes/projects/APAS-VERUS/src/Chap52/AdjTableGraphMtPer.rs:
/home/milnes/projects/APAS-VERUS/src/Chap52/AdjTableGraphMtPer.rs:1: info: [1] has mod declarations
/home/milnes/projects/APAS-VERUS/src/Chap52/AdjTableGraphMtPer.rs:1: info: [2] vstd::prelude::* before verus!
/home/milnes/projects/APAS-VERUS/src/Chap52/AdjTableGraphMtPer.rs:1: info: [3] has verus! macro
/home/milnes/projects/APAS-VERUS/src/Chap52/AdjTableGraphMtPer.rs:1: info: [4] no std imports (ok)
/home/milnes/projects/APAS-VERUS/src/Chap52/AdjTableGraphMtPer.rs:1: info: [5] no vstd imports (ok)
/home/milnes/projects/APAS-VERUS/src/Chap52/AdjTableGraphMtPer.rs:1: info: [11] Set/Seq usage has broadcast groups
/home/milnes/projects/APAS-VERUS/src/Chap52/AdjTableGraphMtPer.rs:1: info: [12] all trait fns have specs
/home/milnes/projects/APAS-VERUS/src/Chap52/AdjTableGraphMtPer.rs:1: info: [13] trait impls inside verus!
/home/milnes/projects/APAS-VERUS/src/Chap52/AdjTableGraphMtPer.rs:1: info: [14] Debug, Display outside verus!
/home/milnes/projects/APAS-VERUS/src/Chap52/AdjTableGraphMtPer.rs:1: info: [16] no Lit macro definitions (ok)
/home/milnes/projects/APAS-VERUS/src/Chap52/AdjTableGraphMtPer.rs:1: info: [17] no collection structs (ok)
/home/milnes/projects/APAS-VERUS/src/Chap52/AdjTableGraphMtPer.rs:1: info: [18] definition order correct
/home/milnes/projects/APAS-VERUS/src/Chap52/AdjTableGraphMtPer.rs:1: info: [19] no generic return names
/home/milnes/projects/APAS-VERUS/src/Chap52/AdjTableGraphMtPer.rs:1: info: [20] all traits have impls
/home/milnes/projects/APAS-VERUS/src/Chap52/AdjTableGraphMtPer.rs:1: info: [21] broadcast use: vstd:: before crate::
/home/milnes/projects/APAS-VERUS/src/Chap52/AdjTableGraphMtPer.rs:1: info: [22:proof] proof fns: all in traits
/home/milnes/projects/APAS-VERUS/src/Chap52/AdjTableGraphMtPer.rs:1: info: [22:spec] spec fns: all in traits as abstract signatures
/home/milnes/projects/APAS-VERUS/src/Chap52/AdjTableGraphMtPer.rs:1: info: [22a:exec] free fn count_table_edges correctly free (Standard 19)
/home/milnes/projects/APAS-VERUS/src/Chap52/AdjTableGraphMtPer.rs:1: info: [23a] no spec/proof fns with looser bounds
/home/milnes/projects/APAS-VERUS/src/Chap52/AdjTableGraphMtPer.rs:1: info: [23b] free fn type bounds compatible with trait
/home/milnes/projects/APAS-VERUS/src/Chap52/AdjTableGraphMtPer.rs:1030: warning: [15] impl Clone should be inside verus! (for verification)
/home/milnes/projects/APAS-VERUS/src/Chap52/AdjTableGraphMtPer.rs:1: warning: [24] missing or incorrect copyright line; expected: //! Copyright (C) 2025 Acar, Blelloch and Milnes from 'Algorithms Parallel and Sequential'.

/home/milnes/projects/APAS-VERUS/src/Chap52/AdjTableGraphSpecsAndLemmas.rs:
/home/milnes/projects/APAS-VERUS/src/Chap52/AdjTableGraphSpecsAndLemmas.rs:1: info: [1] has mod declarations
/home/milnes/projects/APAS-VERUS/src/Chap52/AdjTableGraphSpecsAndLemmas.rs:1: info: [2] vstd::prelude::* before verus!
/home/milnes/projects/APAS-VERUS/src/Chap52/AdjTableGraphSpecsAndLemmas.rs:1: info: [3] has verus! macro
/home/milnes/projects/APAS-VERUS/src/Chap52/AdjTableGraphSpecsAndLemmas.rs:1: info: [4] no std imports (ok)
/home/milnes/projects/APAS-VERUS/src/Chap52/AdjTableGraphSpecsAndLemmas.rs:1: info: [5] no vstd imports (ok)
/home/milnes/projects/APAS-VERUS/src/Chap52/AdjTableGraphSpecsAndLemmas.rs:1: info: [11] Set/Seq usage has broadcast groups
/home/milnes/projects/APAS-VERUS/src/Chap52/AdjTableGraphSpecsAndLemmas.rs:1: info: [12] no traits (ok)
/home/milnes/projects/APAS-VERUS/src/Chap52/AdjTableGraphSpecsAndLemmas.rs:1: info: [13] no non-derive trait impls (ok)
/home/milnes/projects/APAS-VERUS/src/Chap52/AdjTableGraphSpecsAndLemmas.rs:1: info: [14] no Debug/Display impls (ok)
/home/milnes/projects/APAS-VERUS/src/Chap52/AdjTableGraphSpecsAndLemmas.rs:1: info: [15] no PartialEq/Eq/Clone/Hash/Ord impls (ok)
/home/milnes/projects/APAS-VERUS/src/Chap52/AdjTableGraphSpecsAndLemmas.rs:1: info: [16] no Lit macro definitions (ok)
/home/milnes/projects/APAS-VERUS/src/Chap52/AdjTableGraphSpecsAndLemmas.rs:1: info: [17] no collection structs (ok)
/home/milnes/projects/APAS-VERUS/src/Chap52/AdjTableGraphSpecsAndLemmas.rs:1: info: [18] definition order correct
/home/milnes/projects/APAS-VERUS/src/Chap52/AdjTableGraphSpecsAndLemmas.rs:1: info: [19] no generic return names
/home/milnes/projects/APAS-VERUS/src/Chap52/AdjTableGraphSpecsAndLemmas.rs:1: info: [20] no traits defined
/home/milnes/projects/APAS-VERUS/src/Chap52/AdjTableGraphSpecsAndLemmas.rs:1: info: [21] broadcast use: vstd:: before crate::
/home/milnes/projects/APAS-VERUS/src/Chap52/AdjTableGraphSpecsAndLemmas.rs:1: info: [22:exec] exec fns: all in traits
/home/milnes/projects/APAS-VERUS/src/Chap52/AdjTableGraphSpecsAndLemmas.rs:1: info: [22a:proof] free proof fn lemma_count_true_monotone correctly free (Standard 19)
/home/milnes/projects/APAS-VERUS/src/Chap52/AdjTableGraphSpecsAndLemmas.rs:1: info: [22a:proof] free proof fn lemma_count_true_bound correctly free (Standard 19)
/home/milnes/projects/APAS-VERUS/src/Chap52/AdjTableGraphSpecsAndLemmas.rs:1: info: [22a:proof] free proof fn lemma_count_true_all_false correctly free (Standard 19)
/home/milnes/projects/APAS-VERUS/src/Chap52/AdjTableGraphSpecsAndLemmas.rs:1: info: [22a:proof] free proof fn lemma_count_true_ext correctly free (Standard 19)
/home/milnes/projects/APAS-VERUS/src/Chap52/AdjTableGraphSpecsAndLemmas.rs:1: info: [22a:proof] free proof fn lemma_count_true_set_true correctly free (Standard 19)
/home/milnes/projects/APAS-VERUS/src/Chap52/AdjTableGraphSpecsAndLemmas.rs:1: info: [22a:proof] free proof fn lemma_count_true_set_false correctly free (Standard 19)
/home/milnes/projects/APAS-VERUS/src/Chap52/AdjTableGraphSpecsAndLemmas.rs:1: info: [22a:proof] free proof fn lemma_count_true_at_least_one correctly free (Standard 19)
/home/milnes/projects/APAS-VERUS/src/Chap52/AdjTableGraphSpecsAndLemmas.rs:1: info: [22a:proof] free proof fn lemma_sum_of_monotone correctly free (Standard 19)
/home/milnes/projects/APAS-VERUS/src/Chap52/AdjTableGraphSpecsAndLemmas.rs:1: info: [22a:proof] free proof fn lemma_sum_of_unfold correctly free (Standard 19)
/home/milnes/projects/APAS-VERUS/src/Chap52/AdjTableGraphSpecsAndLemmas.rs:1: info: [22a:proof] free proof fn lemma_sum_of_all_zero correctly free (Standard 19)
/home/milnes/projects/APAS-VERUS/src/Chap52/AdjTableGraphSpecsAndLemmas.rs:1: info: [22a:proof] free proof fn lemma_sum_of_ext correctly free (Standard 19)
/home/milnes/projects/APAS-VERUS/src/Chap52/AdjTableGraphSpecsAndLemmas.rs:1: info: [22a:proof] free proof fn lemma_sum_of_change_one correctly free (Standard 19)
/home/milnes/projects/APAS-VERUS/src/Chap52/AdjTableGraphSpecsAndLemmas.rs:1: info: [22a:proof] free proof fn lemma_sum_of_lower_bound correctly free (Standard 19)
/home/milnes/projects/APAS-VERUS/src/Chap52/AdjTableGraphSpecsAndLemmas.rs:1: info: [22a:proof] free proof fn lemma_sum_of_bounded correctly free (Standard 19)
/home/milnes/projects/APAS-VERUS/src/Chap52/AdjTableGraphSpecsAndLemmas.rs:1: info: [22a:proof] free proof fn lemma_sum_adj_remove correctly free (Standard 19)
/home/milnes/projects/APAS-VERUS/src/Chap52/AdjTableGraphSpecsAndLemmas.rs:1: info: [22a:proof] free proof fn lemma_sum_adj_sizes_monotone correctly free (Standard 19)
/home/milnes/projects/APAS-VERUS/src/Chap52/AdjTableGraphSpecsAndLemmas.rs:1: info: [22a:proof] free proof fn lemma_sum_entry_sizes_eq correctly free (Standard 19)
/home/milnes/projects/APAS-VERUS/src/Chap52/AdjTableGraphSpecsAndLemmas.rs:1: info: [22a:proof] free proof fn lemma_sum_entry_sizes_monotone correctly free (Standard 19)
/home/milnes/projects/APAS-VERUS/src/Chap52/AdjTableGraphSpecsAndLemmas.rs:1: info: [22a:spec] free spec fn spec_count_true correctly free (Standard 19)
/home/milnes/projects/APAS-VERUS/src/Chap52/AdjTableGraphSpecsAndLemmas.rs:1: info: [22a:spec] free spec fn spec_sum_of correctly free (Standard 19)
/home/milnes/projects/APAS-VERUS/src/Chap52/AdjTableGraphSpecsAndLemmas.rs:1: info: [22a:spec] free spec fn spec_sum_adj_sizes correctly free (Standard 19)
/home/milnes/projects/APAS-VERUS/src/Chap52/AdjTableGraphSpecsAndLemmas.rs:1: info: [22a:spec] free spec fn spec_sum_entry_sizes correctly free (Standard 19)
/home/milnes/projects/APAS-VERUS/src/Chap52/AdjTableGraphSpecsAndLemmas.rs:1: info: [23a] no spec/proof fns with looser bounds
/home/milnes/projects/APAS-VERUS/src/Chap52/AdjTableGraphSpecsAndLemmas.rs:1: info: [23b] free fn type bounds compatible with trait
/home/milnes/projects/APAS-VERUS/src/Chap52/AdjTableGraphSpecsAndLemmas.rs:1: warning: [24] missing or incorrect copyright line; expected: //! Copyright (C) 2025 Acar, Blelloch and Milnes from 'Algorithms Parallel and Sequential'.

/home/milnes/projects/APAS-VERUS/src/Chap52/AdjTableGraphStEph.rs:
/home/milnes/projects/APAS-VERUS/src/Chap52/AdjTableGraphStEph.rs:1: info: [1] has mod declarations
/home/milnes/projects/APAS-VERUS/src/Chap52/AdjTableGraphStEph.rs:1: info: [2] vstd::prelude::* before verus!
/home/milnes/projects/APAS-VERUS/src/Chap52/AdjTableGraphStEph.rs:1: info: [3] has verus! macro
/home/milnes/projects/APAS-VERUS/src/Chap52/AdjTableGraphStEph.rs:1: info: [4] no std imports (ok)
/home/milnes/projects/APAS-VERUS/src/Chap52/AdjTableGraphStEph.rs:1: info: [5] vstd imports grouped with trailing blank
/home/milnes/projects/APAS-VERUS/src/Chap52/AdjTableGraphStEph.rs:1: info: [11] Set/Seq usage has broadcast groups
/home/milnes/projects/APAS-VERUS/src/Chap52/AdjTableGraphStEph.rs:1: info: [12] all trait fns have specs
/home/milnes/projects/APAS-VERUS/src/Chap52/AdjTableGraphStEph.rs:1: info: [13] trait impls inside verus!
/home/milnes/projects/APAS-VERUS/src/Chap52/AdjTableGraphStEph.rs:1: info: [14] Debug, Display outside verus!
/home/milnes/projects/APAS-VERUS/src/Chap52/AdjTableGraphStEph.rs:1: info: [15] no PartialEq/Eq/Clone/Hash/Ord impls (ok)
/home/milnes/projects/APAS-VERUS/src/Chap52/AdjTableGraphStEph.rs:1: info: [16] no Lit macro definitions (ok)
/home/milnes/projects/APAS-VERUS/src/Chap52/AdjTableGraphStEph.rs:1: info: [17] no collection structs (ok)
/home/milnes/projects/APAS-VERUS/src/Chap52/AdjTableGraphStEph.rs:1: info: [18] definition order correct
/home/milnes/projects/APAS-VERUS/src/Chap52/AdjTableGraphStEph.rs:1: info: [19] no generic return names
/home/milnes/projects/APAS-VERUS/src/Chap52/AdjTableGraphStEph.rs:1: info: [20] all traits have impls
/home/milnes/projects/APAS-VERUS/src/Chap52/AdjTableGraphStEph.rs:1: info: [21] broadcast use: vstd:: before crate::
/home/milnes/projects/APAS-VERUS/src/Chap52/AdjTableGraphStEph.rs:1: info: [22:exec] exec fns: all in traits
/home/milnes/projects/APAS-VERUS/src/Chap52/AdjTableGraphStEph.rs:1: info: [22:proof] proof fns: all in traits
/home/milnes/projects/APAS-VERUS/src/Chap52/AdjTableGraphStEph.rs:1: info: [22:spec] spec fns: all in traits as abstract signatures
/home/milnes/projects/APAS-VERUS/src/Chap52/AdjTableGraphStEph.rs:1: info: [23a] spec/proof fn looser bounds: N/A
/home/milnes/projects/APAS-VERUS/src/Chap52/AdjTableGraphStEph.rs:1: info: [23b] free fn stricter bounds: N/A
/home/milnes/projects/APAS-VERUS/src/Chap52/AdjTableGraphStEph.rs:1: warning: [24] missing or incorrect copyright line; expected: //! Copyright (C) 2025 Acar, Blelloch and Milnes from 'Algorithms Parallel and Sequential'.

/home/milnes/projects/APAS-VERUS/src/Chap52/AdjTableGraphStPer.rs:
/home/milnes/projects/APAS-VERUS/src/Chap52/AdjTableGraphStPer.rs:1: info: [1] has mod declarations
/home/milnes/projects/APAS-VERUS/src/Chap52/AdjTableGraphStPer.rs:1: info: [2] vstd::prelude::* before verus!
/home/milnes/projects/APAS-VERUS/src/Chap52/AdjTableGraphStPer.rs:1: info: [3] has verus! macro
/home/milnes/projects/APAS-VERUS/src/Chap52/AdjTableGraphStPer.rs:1: info: [4] no std imports (ok)
/home/milnes/projects/APAS-VERUS/src/Chap52/AdjTableGraphStPer.rs:1: info: [5] vstd imports grouped with trailing blank
/home/milnes/projects/APAS-VERUS/src/Chap52/AdjTableGraphStPer.rs:1: info: [12] all trait fns have specs
/home/milnes/projects/APAS-VERUS/src/Chap52/AdjTableGraphStPer.rs:1: info: [13] trait impls inside verus!
/home/milnes/projects/APAS-VERUS/src/Chap52/AdjTableGraphStPer.rs:1: info: [14] Debug, Display outside verus!
/home/milnes/projects/APAS-VERUS/src/Chap52/AdjTableGraphStPer.rs:1: info: [16] no Lit macro definitions (ok)
/home/milnes/projects/APAS-VERUS/src/Chap52/AdjTableGraphStPer.rs:1: info: [17] no collection structs (ok)
/home/milnes/projects/APAS-VERUS/src/Chap52/AdjTableGraphStPer.rs:1: info: [18] definition order correct
/home/milnes/projects/APAS-VERUS/src/Chap52/AdjTableGraphStPer.rs:1: info: [19] no generic return names
/home/milnes/projects/APAS-VERUS/src/Chap52/AdjTableGraphStPer.rs:1: info: [20] all traits have impls
/home/milnes/projects/APAS-VERUS/src/Chap52/AdjTableGraphStPer.rs:1: info: [21] broadcast use: vstd:: before crate::
/home/milnes/projects/APAS-VERUS/src/Chap52/AdjTableGraphStPer.rs:1: info: [22:exec] exec fns: all in traits
/home/milnes/projects/APAS-VERUS/src/Chap52/AdjTableGraphStPer.rs:1: info: [22:spec] spec fns: all in traits as abstract signatures
/home/milnes/projects/APAS-VERUS/src/Chap52/AdjTableGraphStPer.rs:1: info: [22a:proof] free proof fn lemma_entries_to_map_eq correctly free (Standard 19)
/home/milnes/projects/APAS-VERUS/src/Chap52/AdjTableGraphStPer.rs:1: info: [22a:proof] free proof fn lemma_keys_no_dups_eq correctly free (Standard 19)
/home/milnes/projects/APAS-VERUS/src/Chap52/AdjTableGraphStPer.rs:1: info: [22a:proof] free proof fn lemma_sum_entry_sizes_eq_stper correctly free (Standard 19)
/home/milnes/projects/APAS-VERUS/src/Chap52/AdjTableGraphStPer.rs:1: info: [23a] no spec/proof fns with looser bounds
/home/milnes/projects/APAS-VERUS/src/Chap52/AdjTableGraphStPer.rs:1: info: [23b] free fn type bounds compatible with trait
/home/milnes/projects/APAS-VERUS/src/Chap52/AdjTableGraphStPer.rs:1: warning: [11] Seq usage should have vstd::seq::group_seq_axioms in broadcast use
/home/milnes/projects/APAS-VERUS/src/Chap52/AdjTableGraphStPer.rs:951: warning: [15] impl Clone should be inside verus! (for verification)
/home/milnes/projects/APAS-VERUS/src/Chap52/AdjTableGraphStPer.rs:1: warning: [24] missing or incorrect copyright line; expected: //! Copyright (C) 2025 Acar, Blelloch and Milnes from 'Algorithms Parallel and Sequential'.

/home/milnes/projects/APAS-VERUS/src/Chap52/EdgeSetGraphMtEph.rs:
/home/milnes/projects/APAS-VERUS/src/Chap52/EdgeSetGraphMtEph.rs:1: info: [1] has mod declarations
/home/milnes/projects/APAS-VERUS/src/Chap52/EdgeSetGraphMtEph.rs:1: info: [2] vstd::prelude::* before verus!
/home/milnes/projects/APAS-VERUS/src/Chap52/EdgeSetGraphMtEph.rs:1: info: [3] has verus! macro
/home/milnes/projects/APAS-VERUS/src/Chap52/EdgeSetGraphMtEph.rs:1: info: [4] no std imports (ok)
/home/milnes/projects/APAS-VERUS/src/Chap52/EdgeSetGraphMtEph.rs:1: info: [5] vstd imports grouped with trailing blank
/home/milnes/projects/APAS-VERUS/src/Chap52/EdgeSetGraphMtEph.rs:1: info: [11] Set/Seq usage has broadcast groups
/home/milnes/projects/APAS-VERUS/src/Chap52/EdgeSetGraphMtEph.rs:1: info: [12] all trait fns have specs
/home/milnes/projects/APAS-VERUS/src/Chap52/EdgeSetGraphMtEph.rs:1: info: [13] trait impls inside verus!
/home/milnes/projects/APAS-VERUS/src/Chap52/EdgeSetGraphMtEph.rs:1: info: [14] Debug, Display outside verus!
/home/milnes/projects/APAS-VERUS/src/Chap52/EdgeSetGraphMtEph.rs:1: info: [15] Clone inside verus!
/home/milnes/projects/APAS-VERUS/src/Chap52/EdgeSetGraphMtEph.rs:1: info: [16] no Lit macro definitions (ok)
/home/milnes/projects/APAS-VERUS/src/Chap52/EdgeSetGraphMtEph.rs:1: info: [17] no collection structs (ok)
/home/milnes/projects/APAS-VERUS/src/Chap52/EdgeSetGraphMtEph.rs:1: info: [19] no generic return names
/home/milnes/projects/APAS-VERUS/src/Chap52/EdgeSetGraphMtEph.rs:1: info: [20] all traits have impls
/home/milnes/projects/APAS-VERUS/src/Chap52/EdgeSetGraphMtEph.rs:1: info: [21] broadcast use: vstd:: before crate::
/home/milnes/projects/APAS-VERUS/src/Chap52/EdgeSetGraphMtEph.rs:1: info: [22:exec] exec fns: all in traits
/home/milnes/projects/APAS-VERUS/src/Chap52/EdgeSetGraphMtEph.rs:1: info: [22:spec] spec fns: all in traits as abstract signatures
/home/milnes/projects/APAS-VERUS/src/Chap52/EdgeSetGraphMtEph.rs:1: info: [22a:proof] free proof fn lemma_eq_spec_iff_view_eq correctly free (Standard 19)
/home/milnes/projects/APAS-VERUS/src/Chap52/EdgeSetGraphMtEph.rs:1: info: [23a] spec/proof fn lemma_eq_spec_iff_view_eq param V has looser bounds `StTInMtT + Ord + TotalOrder` (trait EdgeSetGraphMtEphTrait has `StTInMtT + Ord + TotalOrder + ClonePreservesView + 'static`)
/home/milnes/projects/APAS-VERUS/src/Chap52/EdgeSetGraphMtEph.rs:1: info: [23b] free fn type bounds compatible with trait
/home/milnes/projects/APAS-VERUS/src/Chap52/EdgeSetGraphMtEph.rs:74: warning: [18] struct EdgeSetGraphMtEph should come before proof fns/broadcast groups (expected type definitions before proof fns/broadcast groups)
/home/milnes/projects/APAS-VERUS/src/Chap52/EdgeSetGraphMtEph.rs:82: warning: [18] impl View for EdgeSetGraphMtEph < V > should come before proof fns/broadcast groups (expected view impls before proof fns/broadcast groups)
/home/milnes/projects/APAS-VERUS/src/Chap52/EdgeSetGraphMtEph.rs:1: warning: [24] missing or incorrect copyright line; expected: //! Copyright (C) 2025 Acar, Blelloch and Milnes from 'Algorithms Parallel and Sequential'.

/home/milnes/projects/APAS-VERUS/src/Chap52/EdgeSetGraphMtPer.rs:
/home/milnes/projects/APAS-VERUS/src/Chap52/EdgeSetGraphMtPer.rs:1: info: [1] has mod declarations
/home/milnes/projects/APAS-VERUS/src/Chap52/EdgeSetGraphMtPer.rs:1: info: [2] vstd::prelude::* before verus!
/home/milnes/projects/APAS-VERUS/src/Chap52/EdgeSetGraphMtPer.rs:1: info: [3] has verus! macro
/home/milnes/projects/APAS-VERUS/src/Chap52/EdgeSetGraphMtPer.rs:1: info: [4] no std imports (ok)
/home/milnes/projects/APAS-VERUS/src/Chap52/EdgeSetGraphMtPer.rs:1: info: [5] vstd imports grouped with trailing blank
/home/milnes/projects/APAS-VERUS/src/Chap52/EdgeSetGraphMtPer.rs:1: info: [11] Set/Seq usage has broadcast groups
/home/milnes/projects/APAS-VERUS/src/Chap52/EdgeSetGraphMtPer.rs:1: info: [12] all trait fns have specs
/home/milnes/projects/APAS-VERUS/src/Chap52/EdgeSetGraphMtPer.rs:1: info: [13] trait impls inside verus!
/home/milnes/projects/APAS-VERUS/src/Chap52/EdgeSetGraphMtPer.rs:1: info: [14] Debug, Display outside verus!
/home/milnes/projects/APAS-VERUS/src/Chap52/EdgeSetGraphMtPer.rs:1: info: [15] no PartialEq/Eq/Clone/Hash/Ord impls (ok)
/home/milnes/projects/APAS-VERUS/src/Chap52/EdgeSetGraphMtPer.rs:1: info: [16] no Lit macro definitions (ok)
/home/milnes/projects/APAS-VERUS/src/Chap52/EdgeSetGraphMtPer.rs:1: info: [17] no collection structs (ok)
/home/milnes/projects/APAS-VERUS/src/Chap52/EdgeSetGraphMtPer.rs:1: info: [18] definition order correct
/home/milnes/projects/APAS-VERUS/src/Chap52/EdgeSetGraphMtPer.rs:1: info: [19] no generic return names
/home/milnes/projects/APAS-VERUS/src/Chap52/EdgeSetGraphMtPer.rs:1: info: [20] all traits have impls
/home/milnes/projects/APAS-VERUS/src/Chap52/EdgeSetGraphMtPer.rs:1: info: [21] broadcast use: vstd:: before crate::
/home/milnes/projects/APAS-VERUS/src/Chap52/EdgeSetGraphMtPer.rs:1: info: [22:exec] exec fns: all in traits
/home/milnes/projects/APAS-VERUS/src/Chap52/EdgeSetGraphMtPer.rs:1: info: [22:spec] spec fns: all in traits as abstract signatures
/home/milnes/projects/APAS-VERUS/src/Chap52/EdgeSetGraphMtPer.rs:1: info: [22a:proof] free proof fn lemma_eq_spec_iff_view_eq correctly free (Standard 19)
/home/milnes/projects/APAS-VERUS/src/Chap52/EdgeSetGraphMtPer.rs:1: info: [23a] spec/proof fn lemma_eq_spec_iff_view_eq param V has looser bounds `StTInMtT + Ord` (trait EdgeSetGraphMtPerTrait has `StTInMtT + Ord + TotalOrder + ClonePreservesView + 'static`)
/home/milnes/projects/APAS-VERUS/src/Chap52/EdgeSetGraphMtPer.rs:1: info: [23b] free fn type bounds compatible with trait
/home/milnes/projects/APAS-VERUS/src/Chap52/EdgeSetGraphMtPer.rs:1: warning: [24] missing or incorrect copyright line; expected: //! Copyright (C) 2025 Acar, Blelloch and Milnes from 'Algorithms Parallel and Sequential'.

/home/milnes/projects/APAS-VERUS/src/Chap52/EdgeSetGraphStEph.rs:
/home/milnes/projects/APAS-VERUS/src/Chap52/EdgeSetGraphStEph.rs:1: info: [1] has mod declarations
/home/milnes/projects/APAS-VERUS/src/Chap52/EdgeSetGraphStEph.rs:1: info: [2] vstd::prelude::* before verus!
/home/milnes/projects/APAS-VERUS/src/Chap52/EdgeSetGraphStEph.rs:1: info: [3] has verus! macro
/home/milnes/projects/APAS-VERUS/src/Chap52/EdgeSetGraphStEph.rs:1: info: [4] no std imports (ok)
/home/milnes/projects/APAS-VERUS/src/Chap52/EdgeSetGraphStEph.rs:1: info: [5] vstd imports grouped with trailing blank
/home/milnes/projects/APAS-VERUS/src/Chap52/EdgeSetGraphStEph.rs:1: info: [11] Set/Seq usage has broadcast groups
/home/milnes/projects/APAS-VERUS/src/Chap52/EdgeSetGraphStEph.rs:1: info: [12] all trait fns have specs
/home/milnes/projects/APAS-VERUS/src/Chap52/EdgeSetGraphStEph.rs:1: info: [13] trait impls inside verus!
/home/milnes/projects/APAS-VERUS/src/Chap52/EdgeSetGraphStEph.rs:1: info: [14] Debug, Display outside verus!
/home/milnes/projects/APAS-VERUS/src/Chap52/EdgeSetGraphStEph.rs:1: info: [15] Clone inside verus!
/home/milnes/projects/APAS-VERUS/src/Chap52/EdgeSetGraphStEph.rs:1: info: [16] no Lit macro definitions (ok)
/home/milnes/projects/APAS-VERUS/src/Chap52/EdgeSetGraphStEph.rs:1: info: [17] no collection structs (ok)
/home/milnes/projects/APAS-VERUS/src/Chap52/EdgeSetGraphStEph.rs:1: info: [19] no generic return names
/home/milnes/projects/APAS-VERUS/src/Chap52/EdgeSetGraphStEph.rs:1: info: [20] all traits have impls
/home/milnes/projects/APAS-VERUS/src/Chap52/EdgeSetGraphStEph.rs:1: info: [21] broadcast use: vstd:: before crate::
/home/milnes/projects/APAS-VERUS/src/Chap52/EdgeSetGraphStEph.rs:1: info: [22:exec] exec fns: all in traits
/home/milnes/projects/APAS-VERUS/src/Chap52/EdgeSetGraphStEph.rs:1: info: [22:spec] spec fns: all in traits as abstract signatures
/home/milnes/projects/APAS-VERUS/src/Chap52/EdgeSetGraphStEph.rs:1: info: [22a:proof] free proof fn lemma_eq_spec_iff_view_eq correctly free (Standard 19)
/home/milnes/projects/APAS-VERUS/src/Chap52/EdgeSetGraphStEph.rs:1: info: [23a] spec/proof fn lemma_eq_spec_iff_view_eq param V has looser bounds `StT + Ord + TotalOrder` (trait EdgeSetGraphStEphTrait has `StT + Ord + TotalOrder + ClonePreservesView`)
/home/milnes/projects/APAS-VERUS/src/Chap52/EdgeSetGraphStEph.rs:1: info: [23b] free fn type bounds compatible with trait
/home/milnes/projects/APAS-VERUS/src/Chap52/EdgeSetGraphStEph.rs:70: warning: [18] struct EdgeSetGraphStEph should come before proof fns/broadcast groups (expected type definitions before proof fns/broadcast groups)
/home/milnes/projects/APAS-VERUS/src/Chap52/EdgeSetGraphStEph.rs:78: warning: [18] impl View for EdgeSetGraphStEph < V > should come before proof fns/broadcast groups (expected view impls before proof fns/broadcast groups)
/home/milnes/projects/APAS-VERUS/src/Chap52/EdgeSetGraphStEph.rs:1: warning: [24] missing or incorrect copyright line; expected: //! Copyright (C) 2025 Acar, Blelloch and Milnes from 'Algorithms Parallel and Sequential'.

/home/milnes/projects/APAS-VERUS/src/Chap52/EdgeSetGraphStPer.rs:
/home/milnes/projects/APAS-VERUS/src/Chap52/EdgeSetGraphStPer.rs:1: info: [1] has mod declarations
/home/milnes/projects/APAS-VERUS/src/Chap52/EdgeSetGraphStPer.rs:1: info: [2] vstd::prelude::* before verus!
/home/milnes/projects/APAS-VERUS/src/Chap52/EdgeSetGraphStPer.rs:1: info: [3] has verus! macro
/home/milnes/projects/APAS-VERUS/src/Chap52/EdgeSetGraphStPer.rs:1: info: [4] std imports grouped with trailing blank
/home/milnes/projects/APAS-VERUS/src/Chap52/EdgeSetGraphStPer.rs:1: info: [5] vstd imports grouped with trailing blank
/home/milnes/projects/APAS-VERUS/src/Chap52/EdgeSetGraphStPer.rs:1: info: [11] Set/Seq usage has broadcast groups
/home/milnes/projects/APAS-VERUS/src/Chap52/EdgeSetGraphStPer.rs:1: info: [12] all trait fns have specs
/home/milnes/projects/APAS-VERUS/src/Chap52/EdgeSetGraphStPer.rs:1: info: [13] trait impls inside verus!
/home/milnes/projects/APAS-VERUS/src/Chap52/EdgeSetGraphStPer.rs:1: info: [14] Debug, Display outside verus!
/home/milnes/projects/APAS-VERUS/src/Chap52/EdgeSetGraphStPer.rs:1: info: [15] Clone, PartialEq, Eq inside verus!
/home/milnes/projects/APAS-VERUS/src/Chap52/EdgeSetGraphStPer.rs:1: info: [16] no Lit macro definitions (ok)
/home/milnes/projects/APAS-VERUS/src/Chap52/EdgeSetGraphStPer.rs:1: info: [17] no collection structs (ok)
/home/milnes/projects/APAS-VERUS/src/Chap52/EdgeSetGraphStPer.rs:1: info: [19] no generic return names
/home/milnes/projects/APAS-VERUS/src/Chap52/EdgeSetGraphStPer.rs:1: info: [20] all traits have impls
/home/milnes/projects/APAS-VERUS/src/Chap52/EdgeSetGraphStPer.rs:1: info: [21] broadcast use: vstd:: before crate::
/home/milnes/projects/APAS-VERUS/src/Chap52/EdgeSetGraphStPer.rs:1: info: [22:exec] exec fns: all in traits
/home/milnes/projects/APAS-VERUS/src/Chap52/EdgeSetGraphStPer.rs:1: info: [22:spec] spec fns: all in traits as abstract signatures
/home/milnes/projects/APAS-VERUS/src/Chap52/EdgeSetGraphStPer.rs:1: info: [22a:proof] free proof fn lemma_eq_spec_iff_view_eq correctly free (Standard 19)
/home/milnes/projects/APAS-VERUS/src/Chap52/EdgeSetGraphStPer.rs:1: info: [23a] spec/proof fn lemma_eq_spec_iff_view_eq param V has looser bounds `StT + Ord + TotalOrder` (trait EdgeSetGraphStPerTrait has `StT + Ord + TotalOrder + ClonePreservesView`)
/home/milnes/projects/APAS-VERUS/src/Chap52/EdgeSetGraphStPer.rs:1: info: [23b] free fn type bounds compatible with trait
/home/milnes/projects/APAS-VERUS/src/Chap52/EdgeSetGraphStPer.rs:75: warning: [18] struct EdgeSetGraphStPer should come before proof fns/broadcast groups (expected type definitions before proof fns/broadcast groups)
/home/milnes/projects/APAS-VERUS/src/Chap52/EdgeSetGraphStPer.rs:83: warning: [18] impl View for EdgeSetGraphStPer < V > should come before proof fns/broadcast groups (expected view impls before proof fns/broadcast groups)
/home/milnes/projects/APAS-VERUS/src/Chap52/EdgeSetGraphStPer.rs:1: warning: [24] missing or incorrect copyright line; expected: //! Copyright (C) 2025 Acar, Blelloch and Milnes from 'Algorithms Parallel and Sequential'.

/home/milnes/projects/APAS-VERUS/src/Chap53/GraphSearchMtPer.rs:
/home/milnes/projects/APAS-VERUS/src/Chap53/GraphSearchMtPer.rs:1: info: [1] has mod declarations
/home/milnes/projects/APAS-VERUS/src/Chap53/GraphSearchMtPer.rs:1: info: [2] vstd::prelude::* before verus!
/home/milnes/projects/APAS-VERUS/src/Chap53/GraphSearchMtPer.rs:1: info: [3] has verus! macro
/home/milnes/projects/APAS-VERUS/src/Chap53/GraphSearchMtPer.rs:1: info: [4] no std imports (ok)
/home/milnes/projects/APAS-VERUS/src/Chap53/GraphSearchMtPer.rs:1: info: [5] no vstd imports (ok)
/home/milnes/projects/APAS-VERUS/src/Chap53/GraphSearchMtPer.rs:1: info: [11] Set/Seq usage has broadcast groups
/home/milnes/projects/APAS-VERUS/src/Chap53/GraphSearchMtPer.rs:1: info: [12] all trait fns have specs
/home/milnes/projects/APAS-VERUS/src/Chap53/GraphSearchMtPer.rs:1: info: [13] trait impls inside verus!
/home/milnes/projects/APAS-VERUS/src/Chap53/GraphSearchMtPer.rs:1: info: [14] Debug, Display outside verus!
/home/milnes/projects/APAS-VERUS/src/Chap53/GraphSearchMtPer.rs:1: info: [15] Clone inside verus!
/home/milnes/projects/APAS-VERUS/src/Chap53/GraphSearchMtPer.rs:1: info: [16] no Lit macro definitions (ok)
/home/milnes/projects/APAS-VERUS/src/Chap53/GraphSearchMtPer.rs:1: info: [17] no collection structs (ok)
/home/milnes/projects/APAS-VERUS/src/Chap53/GraphSearchMtPer.rs:1: info: [18] definition order correct
/home/milnes/projects/APAS-VERUS/src/Chap53/GraphSearchMtPer.rs:1: info: [19] no generic return names
/home/milnes/projects/APAS-VERUS/src/Chap53/GraphSearchMtPer.rs:1: info: [20] all traits have impls
/home/milnes/projects/APAS-VERUS/src/Chap53/GraphSearchMtPer.rs:1: info: [21] broadcast use: vstd:: before crate::
/home/milnes/projects/APAS-VERUS/src/Chap53/GraphSearchMtPer.rs:1: info: [22:proof] proof fns: all in traits
/home/milnes/projects/APAS-VERUS/src/Chap53/GraphSearchMtPer.rs:1: info: [22:spec] spec fns: all in traits as abstract signatures
/home/milnes/projects/APAS-VERUS/src/Chap53/GraphSearchMtPer.rs:1: info: [22a:exec] free fn graph_search correctly free (Standard 19)
/home/milnes/projects/APAS-VERUS/src/Chap53/GraphSearchMtPer.rs:1: info: [22a:exec] free fn graph_search_explore correctly free (Standard 19)
/home/milnes/projects/APAS-VERUS/src/Chap53/GraphSearchMtPer.rs:1: info: [22a:exec] free fn graph_search_multi correctly free (Standard 19)
/home/milnes/projects/APAS-VERUS/src/Chap53/GraphSearchMtPer.rs:1: info: [22a:exec] free fn reachable correctly free (Standard 19)
/home/milnes/projects/APAS-VERUS/src/Chap53/GraphSearchMtPer.rs:1: info: [23a] no spec/proof fns with looser bounds
/home/milnes/projects/APAS-VERUS/src/Chap53/GraphSearchMtPer.rs:1: info: [23b] free fn type bounds compatible with trait
/home/milnes/projects/APAS-VERUS/src/Chap53/GraphSearchMtPer.rs:1: warning: [24] missing or incorrect copyright line; expected: //! Copyright (C) 2025 Acar, Blelloch and Milnes from 'Algorithms Parallel and Sequential'.

/home/milnes/projects/APAS-VERUS/src/Chap53/GraphSearchStEph.rs:
/home/milnes/projects/APAS-VERUS/src/Chap53/GraphSearchStEph.rs:1: info: [1] has mod declarations
/home/milnes/projects/APAS-VERUS/src/Chap53/GraphSearchStEph.rs:1: info: [2] vstd::prelude::* before verus!
/home/milnes/projects/APAS-VERUS/src/Chap53/GraphSearchStEph.rs:1: info: [3] has verus! macro
/home/milnes/projects/APAS-VERUS/src/Chap53/GraphSearchStEph.rs:1: info: [4] no std imports (ok)
/home/milnes/projects/APAS-VERUS/src/Chap53/GraphSearchStEph.rs:1: info: [5] no vstd imports (ok)
/home/milnes/projects/APAS-VERUS/src/Chap53/GraphSearchStEph.rs:1: info: [11] Set/Seq usage has broadcast groups
/home/milnes/projects/APAS-VERUS/src/Chap53/GraphSearchStEph.rs:1: info: [12] all trait fns have specs
/home/milnes/projects/APAS-VERUS/src/Chap53/GraphSearchStEph.rs:1: info: [13] trait impls inside verus!
/home/milnes/projects/APAS-VERUS/src/Chap53/GraphSearchStEph.rs:1: info: [14] Debug, Display outside verus!
/home/milnes/projects/APAS-VERUS/src/Chap53/GraphSearchStEph.rs:1: info: [15] Clone inside verus!
/home/milnes/projects/APAS-VERUS/src/Chap53/GraphSearchStEph.rs:1: info: [16] no Lit macro definitions (ok)
/home/milnes/projects/APAS-VERUS/src/Chap53/GraphSearchStEph.rs:1: info: [17] no collection structs (ok)
/home/milnes/projects/APAS-VERUS/src/Chap53/GraphSearchStEph.rs:1: info: [18] definition order correct
/home/milnes/projects/APAS-VERUS/src/Chap53/GraphSearchStEph.rs:1: info: [19] no generic return names
/home/milnes/projects/APAS-VERUS/src/Chap53/GraphSearchStEph.rs:1: info: [20] all traits have impls
/home/milnes/projects/APAS-VERUS/src/Chap53/GraphSearchStEph.rs:1: info: [21] broadcast use: vstd:: before crate::
/home/milnes/projects/APAS-VERUS/src/Chap53/GraphSearchStEph.rs:1: info: [22:proof] proof fns: all in traits
/home/milnes/projects/APAS-VERUS/src/Chap53/GraphSearchStEph.rs:1: info: [22:spec] spec fns: all in traits as abstract signatures
/home/milnes/projects/APAS-VERUS/src/Chap53/GraphSearchStEph.rs:1: info: [22a:exec] free fn graph_search correctly free (Standard 19)
/home/milnes/projects/APAS-VERUS/src/Chap53/GraphSearchStEph.rs:1: info: [22a:exec] free fn graph_search_explore correctly free (Standard 19)
/home/milnes/projects/APAS-VERUS/src/Chap53/GraphSearchStEph.rs:1: info: [22a:exec] free fn graph_search_multi correctly free (Standard 19)
/home/milnes/projects/APAS-VERUS/src/Chap53/GraphSearchStEph.rs:1: info: [22a:exec] free fn reachable correctly free (Standard 19)
/home/milnes/projects/APAS-VERUS/src/Chap53/GraphSearchStEph.rs:1: info: [23a] no spec/proof fns with looser bounds
/home/milnes/projects/APAS-VERUS/src/Chap53/GraphSearchStEph.rs:1: info: [23b] free fn type bounds compatible with trait
/home/milnes/projects/APAS-VERUS/src/Chap53/GraphSearchStEph.rs:1: warning: [24] missing or incorrect copyright line; expected: //! Copyright (C) 2025 Acar, Blelloch and Milnes from 'Algorithms Parallel and Sequential'.

/home/milnes/projects/APAS-VERUS/src/Chap53/GraphSearchStPer.rs:
/home/milnes/projects/APAS-VERUS/src/Chap53/GraphSearchStPer.rs:1: info: [1] has mod declarations
/home/milnes/projects/APAS-VERUS/src/Chap53/GraphSearchStPer.rs:1: info: [2] vstd::prelude::* before verus!
/home/milnes/projects/APAS-VERUS/src/Chap53/GraphSearchStPer.rs:1: info: [3] has verus! macro
/home/milnes/projects/APAS-VERUS/src/Chap53/GraphSearchStPer.rs:1: info: [4] no std imports (ok)
/home/milnes/projects/APAS-VERUS/src/Chap53/GraphSearchStPer.rs:1: info: [5] no vstd imports (ok)
/home/milnes/projects/APAS-VERUS/src/Chap53/GraphSearchStPer.rs:1: info: [11] Set/Seq usage has broadcast groups
/home/milnes/projects/APAS-VERUS/src/Chap53/GraphSearchStPer.rs:1: info: [12] all trait fns have specs
/home/milnes/projects/APAS-VERUS/src/Chap53/GraphSearchStPer.rs:1: info: [13] trait impls inside verus!
/home/milnes/projects/APAS-VERUS/src/Chap53/GraphSearchStPer.rs:1: info: [14] Debug, Display outside verus!
/home/milnes/projects/APAS-VERUS/src/Chap53/GraphSearchStPer.rs:1: info: [15] Clone inside verus!
/home/milnes/projects/APAS-VERUS/src/Chap53/GraphSearchStPer.rs:1: info: [16] no Lit macro definitions (ok)
/home/milnes/projects/APAS-VERUS/src/Chap53/GraphSearchStPer.rs:1: info: [17] no collection structs (ok)
/home/milnes/projects/APAS-VERUS/src/Chap53/GraphSearchStPer.rs:1: info: [18] definition order correct
/home/milnes/projects/APAS-VERUS/src/Chap53/GraphSearchStPer.rs:1: info: [19] no generic return names
/home/milnes/projects/APAS-VERUS/src/Chap53/GraphSearchStPer.rs:1: info: [20] all traits have impls
/home/milnes/projects/APAS-VERUS/src/Chap53/GraphSearchStPer.rs:1: info: [21] broadcast use: vstd:: before crate::
/home/milnes/projects/APAS-VERUS/src/Chap53/GraphSearchStPer.rs:1: info: [22:proof] proof fns: all in traits
/home/milnes/projects/APAS-VERUS/src/Chap53/GraphSearchStPer.rs:1: info: [22:spec] spec fns: all in traits as abstract signatures
/home/milnes/projects/APAS-VERUS/src/Chap53/GraphSearchStPer.rs:1: info: [22a:exec] free fn graph_search correctly free (Standard 19)
/home/milnes/projects/APAS-VERUS/src/Chap53/GraphSearchStPer.rs:1: info: [22a:exec] free fn graph_search_explore correctly free (Standard 19)
/home/milnes/projects/APAS-VERUS/src/Chap53/GraphSearchStPer.rs:1: info: [22a:exec] free fn graph_search_multi correctly free (Standard 19)
/home/milnes/projects/APAS-VERUS/src/Chap53/GraphSearchStPer.rs:1: info: [22a:exec] free fn reachable correctly free (Standard 19)
/home/milnes/projects/APAS-VERUS/src/Chap53/GraphSearchStPer.rs:1: info: [23a] no spec/proof fns with looser bounds
/home/milnes/projects/APAS-VERUS/src/Chap53/GraphSearchStPer.rs:1: info: [23b] free fn type bounds compatible with trait
/home/milnes/projects/APAS-VERUS/src/Chap53/GraphSearchStPer.rs:1: warning: [24] missing or incorrect copyright line; expected: //! Copyright (C) 2025 Acar, Blelloch and Milnes from 'Algorithms Parallel and Sequential'.

/home/milnes/projects/APAS-VERUS/src/Chap53/PQMinStEph.rs:
/home/milnes/projects/APAS-VERUS/src/Chap53/PQMinStEph.rs:1: info: [1] has mod declarations
/home/milnes/projects/APAS-VERUS/src/Chap53/PQMinStEph.rs:1: info: [2] vstd::prelude::* before verus!
/home/milnes/projects/APAS-VERUS/src/Chap53/PQMinStEph.rs:1: info: [3] has verus! macro
/home/milnes/projects/APAS-VERUS/src/Chap53/PQMinStEph.rs:1: info: [4] no std imports (ok)
/home/milnes/projects/APAS-VERUS/src/Chap53/PQMinStEph.rs:1: info: [5] no vstd imports (ok)
/home/milnes/projects/APAS-VERUS/src/Chap53/PQMinStEph.rs:1: info: [11] Set/Seq usage has broadcast groups
/home/milnes/projects/APAS-VERUS/src/Chap53/PQMinStEph.rs:1: info: [12] all trait fns have specs
/home/milnes/projects/APAS-VERUS/src/Chap53/PQMinStEph.rs:1: info: [13] trait impls inside verus!
/home/milnes/projects/APAS-VERUS/src/Chap53/PQMinStEph.rs:1: info: [14] Debug, Display outside verus!
/home/milnes/projects/APAS-VERUS/src/Chap53/PQMinStEph.rs:1: info: [15] Clone inside verus!
/home/milnes/projects/APAS-VERUS/src/Chap53/PQMinStEph.rs:1: info: [16] no Lit macro definitions (ok)
/home/milnes/projects/APAS-VERUS/src/Chap53/PQMinStEph.rs:1: info: [17] no collection structs (ok)
/home/milnes/projects/APAS-VERUS/src/Chap53/PQMinStEph.rs:1: info: [18] definition order correct
/home/milnes/projects/APAS-VERUS/src/Chap53/PQMinStEph.rs:1: info: [19] no generic return names
/home/milnes/projects/APAS-VERUS/src/Chap53/PQMinStEph.rs:1: info: [20] all traits have impls
/home/milnes/projects/APAS-VERUS/src/Chap53/PQMinStEph.rs:1: info: [21] broadcast use: vstd:: before crate::
/home/milnes/projects/APAS-VERUS/src/Chap53/PQMinStEph.rs:1: info: [22:proof] proof fns: all in traits
/home/milnes/projects/APAS-VERUS/src/Chap53/PQMinStEph.rs:1: info: [22a:exec] free fn pq_min correctly free (Standard 19)
/home/milnes/projects/APAS-VERUS/src/Chap53/PQMinStEph.rs:1: info: [22a:exec] free fn pq_find_min_priority correctly free (Standard 19)
/home/milnes/projects/APAS-VERUS/src/Chap53/PQMinStEph.rs:1: info: [22a:exec] free fn pq_explore correctly free (Standard 19)
/home/milnes/projects/APAS-VERUS/src/Chap53/PQMinStEph.rs:1: info: [22a:exec] free fn pq_min_multi correctly free (Standard 19)
/home/milnes/projects/APAS-VERUS/src/Chap53/PQMinStEph.rs:1: info: [23a] no spec/proof fns with looser bounds
/home/milnes/projects/APAS-VERUS/src/Chap53/PQMinStEph.rs:1: info: [23b] free fn type bounds compatible with trait
/home/milnes/projects/APAS-VERUS/src/Chap53/PQMinStEph.rs:60: warning: [22:spec] free spec fn spec_pqminsteph_wf_generic should be an abstract signature in a trait with body in the impl
/home/milnes/projects/APAS-VERUS/src/Chap53/PQMinStEph.rs:1: warning: [24] missing or incorrect copyright line; expected: //! Copyright (C) 2025 Acar, Blelloch and Milnes from 'Algorithms Parallel and Sequential'.

/home/milnes/projects/APAS-VERUS/src/Chap53/PQMinStPer.rs:
/home/milnes/projects/APAS-VERUS/src/Chap53/PQMinStPer.rs:1: info: [1] has mod declarations
/home/milnes/projects/APAS-VERUS/src/Chap53/PQMinStPer.rs:1: info: [2] vstd::prelude::* before verus!
/home/milnes/projects/APAS-VERUS/src/Chap53/PQMinStPer.rs:1: info: [3] has verus! macro
/home/milnes/projects/APAS-VERUS/src/Chap53/PQMinStPer.rs:1: info: [4] no std imports (ok)
/home/milnes/projects/APAS-VERUS/src/Chap53/PQMinStPer.rs:1: info: [5] no vstd imports (ok)
/home/milnes/projects/APAS-VERUS/src/Chap53/PQMinStPer.rs:1: info: [11] Set/Seq usage has broadcast groups
/home/milnes/projects/APAS-VERUS/src/Chap53/PQMinStPer.rs:1: info: [12] all trait fns have specs
/home/milnes/projects/APAS-VERUS/src/Chap53/PQMinStPer.rs:1: info: [13] trait impls inside verus!
/home/milnes/projects/APAS-VERUS/src/Chap53/PQMinStPer.rs:1: info: [14] Debug, Display outside verus!
/home/milnes/projects/APAS-VERUS/src/Chap53/PQMinStPer.rs:1: info: [15] Clone inside verus!
/home/milnes/projects/APAS-VERUS/src/Chap53/PQMinStPer.rs:1: info: [16] no Lit macro definitions (ok)
/home/milnes/projects/APAS-VERUS/src/Chap53/PQMinStPer.rs:1: info: [17] no collection structs (ok)
/home/milnes/projects/APAS-VERUS/src/Chap53/PQMinStPer.rs:1: info: [18] definition order correct
/home/milnes/projects/APAS-VERUS/src/Chap53/PQMinStPer.rs:1: info: [19] no generic return names
/home/milnes/projects/APAS-VERUS/src/Chap53/PQMinStPer.rs:1: info: [20] all traits have impls
/home/milnes/projects/APAS-VERUS/src/Chap53/PQMinStPer.rs:1: info: [21] broadcast use: vstd:: before crate::
/home/milnes/projects/APAS-VERUS/src/Chap53/PQMinStPer.rs:1: info: [22:proof] proof fns: all in traits
/home/milnes/projects/APAS-VERUS/src/Chap53/PQMinStPer.rs:1: info: [22a:exec] free fn pq_min correctly free (Standard 19)
/home/milnes/projects/APAS-VERUS/src/Chap53/PQMinStPer.rs:1: info: [22a:exec] free fn pq_find_min_priority correctly free (Standard 19)
/home/milnes/projects/APAS-VERUS/src/Chap53/PQMinStPer.rs:1: info: [22a:exec] free fn pq_explore correctly free (Standard 19)
/home/milnes/projects/APAS-VERUS/src/Chap53/PQMinStPer.rs:1: info: [22a:exec] free fn pq_min_multi correctly free (Standard 19)
/home/milnes/projects/APAS-VERUS/src/Chap53/PQMinStPer.rs:1: info: [23a] no spec/proof fns with looser bounds
/home/milnes/projects/APAS-VERUS/src/Chap53/PQMinStPer.rs:1: info: [23b] free fn type bounds compatible with trait
/home/milnes/projects/APAS-VERUS/src/Chap53/PQMinStPer.rs:63: warning: [22:spec] free spec fn spec_pqminstper_wf_generic should be an abstract signature in a trait with body in the impl
/home/milnes/projects/APAS-VERUS/src/Chap53/PQMinStPer.rs:1: warning: [24] missing or incorrect copyright line; expected: //! Copyright (C) 2025 Acar, Blelloch and Milnes from 'Algorithms Parallel and Sequential'.

/home/milnes/projects/APAS-VERUS/src/Chap54/BFSMtEph.rs:
/home/milnes/projects/APAS-VERUS/src/Chap54/BFSMtEph.rs:1: info: [1] has mod declarations
/home/milnes/projects/APAS-VERUS/src/Chap54/BFSMtEph.rs:1: info: [2] vstd::prelude::* before verus!
/home/milnes/projects/APAS-VERUS/src/Chap54/BFSMtEph.rs:1: info: [3] has verus! macro
/home/milnes/projects/APAS-VERUS/src/Chap54/BFSMtEph.rs:1: info: [4] no std imports (ok)
/home/milnes/projects/APAS-VERUS/src/Chap54/BFSMtEph.rs:1: info: [5] no vstd imports (ok)
/home/milnes/projects/APAS-VERUS/src/Chap54/BFSMtEph.rs:1: info: [11] no Set/Seq usage (ok)
/home/milnes/projects/APAS-VERUS/src/Chap54/BFSMtEph.rs:1: info: [12] all trait fns have specs
/home/milnes/projects/APAS-VERUS/src/Chap54/BFSMtEph.rs:1: info: [13] trait impls inside verus!
/home/milnes/projects/APAS-VERUS/src/Chap54/BFSMtEph.rs:1: info: [14] Debug, Display outside verus!
/home/milnes/projects/APAS-VERUS/src/Chap54/BFSMtEph.rs:1: info: [15] no PartialEq/Eq/Clone/Hash/Ord impls (ok)
/home/milnes/projects/APAS-VERUS/src/Chap54/BFSMtEph.rs:1: info: [16] no Lit macro definitions (ok)
/home/milnes/projects/APAS-VERUS/src/Chap54/BFSMtEph.rs:1: info: [17] no collection structs (ok)
/home/milnes/projects/APAS-VERUS/src/Chap54/BFSMtEph.rs:1: info: [18] definition order correct
/home/milnes/projects/APAS-VERUS/src/Chap54/BFSMtEph.rs:1: info: [19] no generic return names
/home/milnes/projects/APAS-VERUS/src/Chap54/BFSMtEph.rs:1: info: [20] all traits have impls
/home/milnes/projects/APAS-VERUS/src/Chap54/BFSMtEph.rs:1: info: [21] broadcast use: vstd:: before crate::
/home/milnes/projects/APAS-VERUS/src/Chap54/BFSMtEph.rs:1: info: [22a:exec] free fn copy_distances correctly free (Standard 19)
/home/milnes/projects/APAS-VERUS/src/Chap54/BFSMtEph.rs:1: info: [22a:exec] free fn copy_graph correctly free (Standard 19)
/home/milnes/projects/APAS-VERUS/src/Chap54/BFSMtEph.rs:1: info: [22a:exec] free fn process_frontier_parallel correctly free (Standard 19)
/home/milnes/projects/APAS-VERUS/src/Chap54/BFSMtEph.rs:1: info: [22a:exec] free fn process_frontier_tree_parallel correctly free (Standard 19)
/home/milnes/projects/APAS-VERUS/src/Chap54/BFSMtEph.rs:1: info: [22a:proof] free proof fn lemma_tabulate_all_no_parent correctly free (Standard 19)
/home/milnes/projects/APAS-VERUS/src/Chap54/BFSMtEph.rs:1: info: [22a:proof] free proof fn lemma_set_preserves_parents_bounded correctly free (Standard 19)
/home/milnes/projects/APAS-VERUS/src/Chap54/BFSMtEph.rs:1: info: [22a:proof] free proof fn lemma_copy_preserves_parents_bounded correctly free (Standard 19)
/home/milnes/projects/APAS-VERUS/src/Chap54/BFSMtEph.rs:1: info: [22a:proof] free proof fn lemma_tabulate_all_unreachable correctly free (Standard 19)
/home/milnes/projects/APAS-VERUS/src/Chap54/BFSMtEph.rs:1: info: [22a:proof] free proof fn lemma_set_preserves_bounded correctly free (Standard 19)
/home/milnes/projects/APAS-VERUS/src/Chap54/BFSMtEph.rs:1: info: [22a:proof] free proof fn lemma_copy_preserves_wf correctly free (Standard 19)
/home/milnes/projects/APAS-VERUS/src/Chap54/BFSMtEph.rs:1: info: [22a:proof] free proof fn lemma_copy_preserves_bounded correctly free (Standard 19)
/home/milnes/projects/APAS-VERUS/src/Chap54/BFSMtEph.rs:1: info: [22a:spec] free spec fn spec_bfsmteph_wf correctly free (Standard 19)
/home/milnes/projects/APAS-VERUS/src/Chap54/BFSMtEph.rs:1: info: [22a:spec] free spec fn spec_distances_bounded correctly free (Standard 19)
/home/milnes/projects/APAS-VERUS/src/Chap54/BFSMtEph.rs:1: info: [22a:spec] free spec fn spec_parents_bounded correctly free (Standard 19)
/home/milnes/projects/APAS-VERUS/src/Chap54/BFSMtEph.rs:1: info: [23a] spec/proof fn looser bounds: N/A
/home/milnes/projects/APAS-VERUS/src/Chap54/BFSMtEph.rs:1: info: [23b] free fn stricter bounds: N/A
/home/milnes/projects/APAS-VERUS/src/Chap54/BFSMtEph.rs:1: warning: [24] missing or incorrect copyright line; expected: //! Copyright (C) 2025 Acar, Blelloch and Milnes from 'Algorithms Parallel and Sequential'.

/home/milnes/projects/APAS-VERUS/src/Chap54/BFSMtPer.rs:
/home/milnes/projects/APAS-VERUS/src/Chap54/BFSMtPer.rs:1: info: [1] has mod declarations
/home/milnes/projects/APAS-VERUS/src/Chap54/BFSMtPer.rs:1: info: [2] vstd::prelude::* before verus!
/home/milnes/projects/APAS-VERUS/src/Chap54/BFSMtPer.rs:1: info: [3] has verus! macro
/home/milnes/projects/APAS-VERUS/src/Chap54/BFSMtPer.rs:1: info: [4] no std imports (ok)
/home/milnes/projects/APAS-VERUS/src/Chap54/BFSMtPer.rs:1: info: [5] no vstd imports (ok)
/home/milnes/projects/APAS-VERUS/src/Chap54/BFSMtPer.rs:1: info: [11] no Set/Seq usage (ok)
/home/milnes/projects/APAS-VERUS/src/Chap54/BFSMtPer.rs:1: info: [12] all trait fns have specs
/home/milnes/projects/APAS-VERUS/src/Chap54/BFSMtPer.rs:1: info: [13] trait impls inside verus!
/home/milnes/projects/APAS-VERUS/src/Chap54/BFSMtPer.rs:1: info: [14] Debug, Display outside verus!
/home/milnes/projects/APAS-VERUS/src/Chap54/BFSMtPer.rs:1: info: [15] no PartialEq/Eq/Clone/Hash/Ord impls (ok)
/home/milnes/projects/APAS-VERUS/src/Chap54/BFSMtPer.rs:1: info: [16] no Lit macro definitions (ok)
/home/milnes/projects/APAS-VERUS/src/Chap54/BFSMtPer.rs:1: info: [17] no collection structs (ok)
/home/milnes/projects/APAS-VERUS/src/Chap54/BFSMtPer.rs:1: info: [18] definition order correct
/home/milnes/projects/APAS-VERUS/src/Chap54/BFSMtPer.rs:1: info: [19] no generic return names
/home/milnes/projects/APAS-VERUS/src/Chap54/BFSMtPer.rs:1: info: [20] all traits have impls
/home/milnes/projects/APAS-VERUS/src/Chap54/BFSMtPer.rs:1: info: [21] no broadcast use entries
/home/milnes/projects/APAS-VERUS/src/Chap54/BFSMtPer.rs:1: info: [22a:exec] free fn copy_distances correctly free (Standard 19)
/home/milnes/projects/APAS-VERUS/src/Chap54/BFSMtPer.rs:1: info: [22a:exec] free fn copy_graph correctly free (Standard 19)
/home/milnes/projects/APAS-VERUS/src/Chap54/BFSMtPer.rs:1: info: [22a:exec] free fn process_frontier_parallel correctly free (Standard 19)
/home/milnes/projects/APAS-VERUS/src/Chap54/BFSMtPer.rs:1: info: [22a:exec] free fn process_frontier_tree_parallel correctly free (Standard 19)
/home/milnes/projects/APAS-VERUS/src/Chap54/BFSMtPer.rs:1: info: [22a:proof] free proof fn lemma_tabulate_all_no_parent correctly free (Standard 19)
/home/milnes/projects/APAS-VERUS/src/Chap54/BFSMtPer.rs:1: info: [22a:proof] free proof fn lemma_update_preserves_parents_bounded correctly free (Standard 19)
/home/milnes/projects/APAS-VERUS/src/Chap54/BFSMtPer.rs:1: info: [22a:proof] free proof fn lemma_copy_preserves_parents_bounded correctly free (Standard 19)
/home/milnes/projects/APAS-VERUS/src/Chap54/BFSMtPer.rs:1: info: [22a:proof] free proof fn lemma_tabulate_all_unreachable correctly free (Standard 19)
/home/milnes/projects/APAS-VERUS/src/Chap54/BFSMtPer.rs:1: info: [22a:proof] free proof fn lemma_update_preserves_bounded correctly free (Standard 19)
/home/milnes/projects/APAS-VERUS/src/Chap54/BFSMtPer.rs:1: info: [22a:proof] free proof fn lemma_copy_preserves_wf correctly free (Standard 19)
/home/milnes/projects/APAS-VERUS/src/Chap54/BFSMtPer.rs:1: info: [22a:proof] free proof fn lemma_copy_preserves_bounded correctly free (Standard 19)
/home/milnes/projects/APAS-VERUS/src/Chap54/BFSMtPer.rs:1: info: [22a:spec] free spec fn spec_bfsmtper_wf correctly free (Standard 19)
/home/milnes/projects/APAS-VERUS/src/Chap54/BFSMtPer.rs:1: info: [22a:spec] free spec fn spec_distances_bounded correctly free (Standard 19)
/home/milnes/projects/APAS-VERUS/src/Chap54/BFSMtPer.rs:1: info: [22a:spec] free spec fn spec_parents_bounded correctly free (Standard 19)
/home/milnes/projects/APAS-VERUS/src/Chap54/BFSMtPer.rs:1: info: [23a] spec/proof fn looser bounds: N/A
/home/milnes/projects/APAS-VERUS/src/Chap54/BFSMtPer.rs:1: info: [23b] free fn stricter bounds: N/A
/home/milnes/projects/APAS-VERUS/src/Chap54/BFSMtPer.rs:1: warning: [24] missing or incorrect copyright line; expected: //! Copyright (C) 2025 Acar, Blelloch and Milnes from 'Algorithms Parallel and Sequential'.

/home/milnes/projects/APAS-VERUS/src/Chap54/BFSSpecsAndLemmas.rs:
/home/milnes/projects/APAS-VERUS/src/Chap54/BFSSpecsAndLemmas.rs:1: info: [1] has mod declarations
/home/milnes/projects/APAS-VERUS/src/Chap54/BFSSpecsAndLemmas.rs:1: info: [2] vstd::prelude::* before verus!
/home/milnes/projects/APAS-VERUS/src/Chap54/BFSSpecsAndLemmas.rs:1: info: [3] has verus! macro
/home/milnes/projects/APAS-VERUS/src/Chap54/BFSSpecsAndLemmas.rs:1: info: [4] no std imports (ok)
/home/milnes/projects/APAS-VERUS/src/Chap54/BFSSpecsAndLemmas.rs:1: info: [5] no vstd imports (ok)
/home/milnes/projects/APAS-VERUS/src/Chap54/BFSSpecsAndLemmas.rs:1: info: [11] Set/Seq usage has broadcast groups
/home/milnes/projects/APAS-VERUS/src/Chap54/BFSSpecsAndLemmas.rs:1: info: [12] no traits (ok)
/home/milnes/projects/APAS-VERUS/src/Chap54/BFSSpecsAndLemmas.rs:1: info: [13] no non-derive trait impls (ok)
/home/milnes/projects/APAS-VERUS/src/Chap54/BFSSpecsAndLemmas.rs:1: info: [14] no Debug/Display impls (ok)
/home/milnes/projects/APAS-VERUS/src/Chap54/BFSSpecsAndLemmas.rs:1: info: [15] no PartialEq/Eq/Clone/Hash/Ord impls (ok)
/home/milnes/projects/APAS-VERUS/src/Chap54/BFSSpecsAndLemmas.rs:1: info: [16] no Lit macro definitions (ok)
/home/milnes/projects/APAS-VERUS/src/Chap54/BFSSpecsAndLemmas.rs:1: info: [17] no collection structs (ok)
/home/milnes/projects/APAS-VERUS/src/Chap54/BFSSpecsAndLemmas.rs:1: info: [18] definition order correct
/home/milnes/projects/APAS-VERUS/src/Chap54/BFSSpecsAndLemmas.rs:1: info: [19] no generic return names
/home/milnes/projects/APAS-VERUS/src/Chap54/BFSSpecsAndLemmas.rs:1: info: [20] no traits defined
/home/milnes/projects/APAS-VERUS/src/Chap54/BFSSpecsAndLemmas.rs:1: info: [21] no broadcast use entries
/home/milnes/projects/APAS-VERUS/src/Chap54/BFSSpecsAndLemmas.rs:1: info: [22:exec] exec fns: all in traits
/home/milnes/projects/APAS-VERUS/src/Chap54/BFSSpecsAndLemmas.rs:1: info: [22a:proof] free proof fn lemma_bfs_all_unreachable correctly free (Standard 19)
/home/milnes/projects/APAS-VERUS/src/Chap54/BFSSpecsAndLemmas.rs:1: info: [22a:proof] free proof fn lemma_bfs_all_no_parent correctly free (Standard 19)
/home/milnes/projects/APAS-VERUS/src/Chap54/BFSSpecsAndLemmas.rs:1: info: [22a:proof] free proof fn lemma_bfs_update_preserves_bounded correctly free (Standard 19)
/home/milnes/projects/APAS-VERUS/src/Chap54/BFSSpecsAndLemmas.rs:1: info: [22a:proof] free proof fn lemma_bfs_copy_preserves_bounded correctly free (Standard 19)
/home/milnes/projects/APAS-VERUS/src/Chap54/BFSSpecsAndLemmas.rs:1: info: [22a:proof] free proof fn lemma_bfs_update_preserves_parents_bounded correctly free (Standard 19)
/home/milnes/projects/APAS-VERUS/src/Chap54/BFSSpecsAndLemmas.rs:1: info: [22a:proof] free proof fn lemma_bfs_copy_preserves_parents_bounded correctly free (Standard 19)
/home/milnes/projects/APAS-VERUS/src/Chap54/BFSSpecsAndLemmas.rs:1: info: [22a:spec] free spec fn spec_bfs_graph_wf correctly free (Standard 19)
/home/milnes/projects/APAS-VERUS/src/Chap54/BFSSpecsAndLemmas.rs:1: info: [22a:spec] free spec fn spec_bfs_distances_bounded correctly free (Standard 19)
/home/milnes/projects/APAS-VERUS/src/Chap54/BFSSpecsAndLemmas.rs:1: info: [22a:spec] free spec fn spec_bfs_parents_bounded correctly free (Standard 19)
/home/milnes/projects/APAS-VERUS/src/Chap54/BFSSpecsAndLemmas.rs:1: info: [23a] spec/proof fn looser bounds: N/A
/home/milnes/projects/APAS-VERUS/src/Chap54/BFSSpecsAndLemmas.rs:1: info: [23b] free fn stricter bounds: N/A
/home/milnes/projects/APAS-VERUS/src/Chap54/BFSSpecsAndLemmas.rs:1: warning: [24] missing or incorrect copyright line; expected: //! Copyright (C) 2025 Acar, Blelloch and Milnes from 'Algorithms Parallel and Sequential'.

/home/milnes/projects/APAS-VERUS/src/Chap54/BFSStEph.rs:
/home/milnes/projects/APAS-VERUS/src/Chap54/BFSStEph.rs:1: info: [1] has mod declarations
/home/milnes/projects/APAS-VERUS/src/Chap54/BFSStEph.rs:1: info: [2] vstd::prelude::* before verus!
/home/milnes/projects/APAS-VERUS/src/Chap54/BFSStEph.rs:1: info: [3] has verus! macro
/home/milnes/projects/APAS-VERUS/src/Chap54/BFSStEph.rs:1: info: [4] std imports grouped with trailing blank
/home/milnes/projects/APAS-VERUS/src/Chap54/BFSStEph.rs:1: info: [5] no vstd imports (ok)
/home/milnes/projects/APAS-VERUS/src/Chap54/BFSStEph.rs:1: info: [11] no Set/Seq usage (ok)
/home/milnes/projects/APAS-VERUS/src/Chap54/BFSStEph.rs:1: info: [12] all trait fns have specs
/home/milnes/projects/APAS-VERUS/src/Chap54/BFSStEph.rs:1: info: [13] trait impls inside verus!
/home/milnes/projects/APAS-VERUS/src/Chap54/BFSStEph.rs:1: info: [14] Debug, Display outside verus!
/home/milnes/projects/APAS-VERUS/src/Chap54/BFSStEph.rs:1: info: [15] no PartialEq/Eq/Clone/Hash/Ord impls (ok)
/home/milnes/projects/APAS-VERUS/src/Chap54/BFSStEph.rs:1: info: [16] no Lit macro definitions (ok)
/home/milnes/projects/APAS-VERUS/src/Chap54/BFSStEph.rs:1: info: [17] no collection structs (ok)
/home/milnes/projects/APAS-VERUS/src/Chap54/BFSStEph.rs:1: info: [18] definition order correct
/home/milnes/projects/APAS-VERUS/src/Chap54/BFSStEph.rs:1: info: [19] no generic return names
/home/milnes/projects/APAS-VERUS/src/Chap54/BFSStEph.rs:1: info: [20] all traits have impls
/home/milnes/projects/APAS-VERUS/src/Chap54/BFSStEph.rs:1: info: [21] broadcast use: vstd:: before crate::
/home/milnes/projects/APAS-VERUS/src/Chap54/BFSStEph.rs:1: info: [22:exec] exec fns: all in traits
/home/milnes/projects/APAS-VERUS/src/Chap54/BFSStEph.rs:1: info: [22a:proof] free proof fn lemma_tabulate_all_no_parent correctly free (Standard 19)
/home/milnes/projects/APAS-VERUS/src/Chap54/BFSStEph.rs:1: info: [22a:proof] free proof fn lemma_set_preserves_parents_bounded correctly free (Standard 19)
/home/milnes/projects/APAS-VERUS/src/Chap54/BFSStEph.rs:1: info: [22a:proof] free proof fn lemma_tabulate_all_unreachable correctly free (Standard 19)
/home/milnes/projects/APAS-VERUS/src/Chap54/BFSStEph.rs:1: info: [22a:proof] free proof fn lemma_set_preserves_bounded correctly free (Standard 19)
/home/milnes/projects/APAS-VERUS/src/Chap54/BFSStEph.rs:1: info: [22a:spec] free spec fn spec_bfssteph_wf correctly free (Standard 19)
/home/milnes/projects/APAS-VERUS/src/Chap54/BFSStEph.rs:1: info: [22a:spec] free spec fn spec_distances_bounded correctly free (Standard 19)
/home/milnes/projects/APAS-VERUS/src/Chap54/BFSStEph.rs:1: info: [22a:spec] free spec fn spec_parents_bounded correctly free (Standard 19)
/home/milnes/projects/APAS-VERUS/src/Chap54/BFSStEph.rs:1: info: [23a] spec/proof fn looser bounds: N/A
/home/milnes/projects/APAS-VERUS/src/Chap54/BFSStEph.rs:1: info: [23b] free fn stricter bounds: N/A
/home/milnes/projects/APAS-VERUS/src/Chap54/BFSStEph.rs:1: warning: [24] missing or incorrect copyright line; expected: //! Copyright (C) 2025 Acar, Blelloch and Milnes from 'Algorithms Parallel and Sequential'.

/home/milnes/projects/APAS-VERUS/src/Chap54/BFSStPer.rs:
/home/milnes/projects/APAS-VERUS/src/Chap54/BFSStPer.rs:1: info: [1] has mod declarations
/home/milnes/projects/APAS-VERUS/src/Chap54/BFSStPer.rs:1: info: [2] vstd::prelude::* before verus!
/home/milnes/projects/APAS-VERUS/src/Chap54/BFSStPer.rs:1: info: [3] has verus! macro
/home/milnes/projects/APAS-VERUS/src/Chap54/BFSStPer.rs:1: info: [4] std imports grouped with trailing blank
/home/milnes/projects/APAS-VERUS/src/Chap54/BFSStPer.rs:1: info: [5] no vstd imports (ok)
/home/milnes/projects/APAS-VERUS/src/Chap54/BFSStPer.rs:1: info: [11] no Set/Seq usage (ok)
/home/milnes/projects/APAS-VERUS/src/Chap54/BFSStPer.rs:1: info: [12] all trait fns have specs
/home/milnes/projects/APAS-VERUS/src/Chap54/BFSStPer.rs:1: info: [13] trait impls inside verus!
/home/milnes/projects/APAS-VERUS/src/Chap54/BFSStPer.rs:1: info: [14] Debug, Display outside verus!
/home/milnes/projects/APAS-VERUS/src/Chap54/BFSStPer.rs:1: info: [15] no PartialEq/Eq/Clone/Hash/Ord impls (ok)
/home/milnes/projects/APAS-VERUS/src/Chap54/BFSStPer.rs:1: info: [16] no Lit macro definitions (ok)
/home/milnes/projects/APAS-VERUS/src/Chap54/BFSStPer.rs:1: info: [17] no collection structs (ok)
/home/milnes/projects/APAS-VERUS/src/Chap54/BFSStPer.rs:1: info: [18] definition order correct
/home/milnes/projects/APAS-VERUS/src/Chap54/BFSStPer.rs:1: info: [19] no generic return names
/home/milnes/projects/APAS-VERUS/src/Chap54/BFSStPer.rs:1: info: [20] all traits have impls
/home/milnes/projects/APAS-VERUS/src/Chap54/BFSStPer.rs:1: info: [21] broadcast use: vstd:: before crate::
/home/milnes/projects/APAS-VERUS/src/Chap54/BFSStPer.rs:1: info: [22:exec] exec fns: all in traits
/home/milnes/projects/APAS-VERUS/src/Chap54/BFSStPer.rs:1: info: [22a:proof] free proof fn lemma_tabulate_all_no_parent correctly free (Standard 19)
/home/milnes/projects/APAS-VERUS/src/Chap54/BFSStPer.rs:1: info: [22a:proof] free proof fn lemma_update_preserves_parents_bounded correctly free (Standard 19)
/home/milnes/projects/APAS-VERUS/src/Chap54/BFSStPer.rs:1: info: [22a:proof] free proof fn lemma_tabulate_all_unreachable correctly free (Standard 19)
/home/milnes/projects/APAS-VERUS/src/Chap54/BFSStPer.rs:1: info: [22a:proof] free proof fn lemma_update_preserves_bounded correctly free (Standard 19)
/home/milnes/projects/APAS-VERUS/src/Chap54/BFSStPer.rs:1: info: [22a:spec] free spec fn spec_bfsstper_wf correctly free (Standard 19)
/home/milnes/projects/APAS-VERUS/src/Chap54/BFSStPer.rs:1: info: [22a:spec] free spec fn spec_distances_bounded correctly free (Standard 19)
/home/milnes/projects/APAS-VERUS/src/Chap54/BFSStPer.rs:1: info: [22a:spec] free spec fn spec_parents_bounded correctly free (Standard 19)
/home/milnes/projects/APAS-VERUS/src/Chap54/BFSStPer.rs:1: info: [23a] spec/proof fn looser bounds: N/A
/home/milnes/projects/APAS-VERUS/src/Chap54/BFSStPer.rs:1: info: [23b] free fn stricter bounds: N/A
/home/milnes/projects/APAS-VERUS/src/Chap54/BFSStPer.rs:1: warning: [24] missing or incorrect copyright line; expected: //! Copyright (C) 2025 Acar, Blelloch and Milnes from 'Algorithms Parallel and Sequential'.

/home/milnes/projects/APAS-VERUS/src/Chap55/CycleDetectStEph.rs:
/home/milnes/projects/APAS-VERUS/src/Chap55/CycleDetectStEph.rs:1: info: [1] has mod declarations
/home/milnes/projects/APAS-VERUS/src/Chap55/CycleDetectStEph.rs:1: info: [2] vstd::prelude::* before verus!
/home/milnes/projects/APAS-VERUS/src/Chap55/CycleDetectStEph.rs:1: info: [3] has verus! macro
/home/milnes/projects/APAS-VERUS/src/Chap55/CycleDetectStEph.rs:1: info: [4] no std imports (ok)
/home/milnes/projects/APAS-VERUS/src/Chap55/CycleDetectStEph.rs:1: info: [5] no vstd imports (ok)
/home/milnes/projects/APAS-VERUS/src/Chap55/CycleDetectStEph.rs:1: info: [12] all trait fns have specs
/home/milnes/projects/APAS-VERUS/src/Chap55/CycleDetectStEph.rs:1: info: [13] trait impls inside verus!
/home/milnes/projects/APAS-VERUS/src/Chap55/CycleDetectStEph.rs:1: info: [14] Debug, Display outside verus!
/home/milnes/projects/APAS-VERUS/src/Chap55/CycleDetectStEph.rs:1: info: [15] no PartialEq/Eq/Clone/Hash/Ord impls (ok)
/home/milnes/projects/APAS-VERUS/src/Chap55/CycleDetectStEph.rs:1: info: [16] no Lit macro definitions (ok)
/home/milnes/projects/APAS-VERUS/src/Chap55/CycleDetectStEph.rs:1: info: [17] no collection structs (ok)
/home/milnes/projects/APAS-VERUS/src/Chap55/CycleDetectStEph.rs:1: info: [18] definition order correct
/home/milnes/projects/APAS-VERUS/src/Chap55/CycleDetectStEph.rs:1: info: [19] no generic return names
/home/milnes/projects/APAS-VERUS/src/Chap55/CycleDetectStEph.rs:1: info: [20] all traits have impls
/home/milnes/projects/APAS-VERUS/src/Chap55/CycleDetectStEph.rs:1: info: [21] broadcast use: vstd:: before crate::
/home/milnes/projects/APAS-VERUS/src/Chap55/CycleDetectStEph.rs:1: info: [22a:exec] free fn dfs_check_cycle correctly free (Standard 19)
/home/milnes/projects/APAS-VERUS/src/Chap55/CycleDetectStEph.rs:1: info: [22a:proof] free proof fn lemma_cycle_not_dag correctly free (Standard 19)
/home/milnes/projects/APAS-VERUS/src/Chap55/CycleDetectStEph.rs:1: info: [22a:proof] free proof fn lemma_path_ord_decreases correctly free (Standard 19)
/home/milnes/projects/APAS-VERUS/src/Chap55/CycleDetectStEph.rs:1: info: [22a:proof] free proof fn lemma_extract_ord correctly free (Standard 19)
/home/milnes/projects/APAS-VERUS/src/Chap55/CycleDetectStEph.rs:1: info: [22a:proof] free proof fn lemma_acyclic_ord_implies_dag correctly free (Standard 19)
/home/milnes/projects/APAS-VERUS/src/Chap55/CycleDetectStEph.rs:1: info: [22a:spec] free spec fn spec_in_path correctly free (Standard 19)
/home/milnes/projects/APAS-VERUS/src/Chap55/CycleDetectStEph.rs:1: info: [22a:spec] free spec fn spec_acyclic_ord correctly free (Standard 19)
/home/milnes/projects/APAS-VERUS/src/Chap55/CycleDetectStEph.rs:1: info: [22a:spec] free spec fn spec_is_valid_ord correctly free (Standard 19)
/home/milnes/projects/APAS-VERUS/src/Chap55/CycleDetectStEph.rs:1: info: [23a] spec/proof fn looser bounds: N/A
/home/milnes/projects/APAS-VERUS/src/Chap55/CycleDetectStEph.rs:1: info: [23b] free fn stricter bounds: N/A
/home/milnes/projects/APAS-VERUS/src/Chap55/CycleDetectStEph.rs:1: warning: [11] Seq usage should have vstd::seq::group_seq_axioms in broadcast use
/home/milnes/projects/APAS-VERUS/src/Chap55/CycleDetectStEph.rs:1: warning: [24] missing or incorrect copyright line; expected: //! Copyright (C) 2025 Acar, Blelloch and Milnes from 'Algorithms Parallel and Sequential'.

/home/milnes/projects/APAS-VERUS/src/Chap55/CycleDetectStPer.rs:
/home/milnes/projects/APAS-VERUS/src/Chap55/CycleDetectStPer.rs:1: info: [1] has mod declarations
/home/milnes/projects/APAS-VERUS/src/Chap55/CycleDetectStPer.rs:1: info: [2] vstd::prelude::* before verus!
/home/milnes/projects/APAS-VERUS/src/Chap55/CycleDetectStPer.rs:1: info: [3] has verus! macro
/home/milnes/projects/APAS-VERUS/src/Chap55/CycleDetectStPer.rs:1: info: [4] no std imports (ok)
/home/milnes/projects/APAS-VERUS/src/Chap55/CycleDetectStPer.rs:1: info: [5] no vstd imports (ok)
/home/milnes/projects/APAS-VERUS/src/Chap55/CycleDetectStPer.rs:1: info: [12] all trait fns have specs
/home/milnes/projects/APAS-VERUS/src/Chap55/CycleDetectStPer.rs:1: info: [13] trait impls inside verus!
/home/milnes/projects/APAS-VERUS/src/Chap55/CycleDetectStPer.rs:1: info: [14] Debug, Display outside verus!
/home/milnes/projects/APAS-VERUS/src/Chap55/CycleDetectStPer.rs:1: info: [15] no PartialEq/Eq/Clone/Hash/Ord impls (ok)
/home/milnes/projects/APAS-VERUS/src/Chap55/CycleDetectStPer.rs:1: info: [16] no Lit macro definitions (ok)
/home/milnes/projects/APAS-VERUS/src/Chap55/CycleDetectStPer.rs:1: info: [17] no collection structs (ok)
/home/milnes/projects/APAS-VERUS/src/Chap55/CycleDetectStPer.rs:1: info: [18] definition order correct
/home/milnes/projects/APAS-VERUS/src/Chap55/CycleDetectStPer.rs:1: info: [19] no generic return names
/home/milnes/projects/APAS-VERUS/src/Chap55/CycleDetectStPer.rs:1: info: [20] all traits have impls
/home/milnes/projects/APAS-VERUS/src/Chap55/CycleDetectStPer.rs:1: info: [21] broadcast use: vstd:: before crate::
/home/milnes/projects/APAS-VERUS/src/Chap55/CycleDetectStPer.rs:1: info: [22a:exec] free fn dfs_check_cycle correctly free (Standard 19)
/home/milnes/projects/APAS-VERUS/src/Chap55/CycleDetectStPer.rs:1: info: [22a:proof] free proof fn lemma_cycle_not_dag_per correctly free (Standard 19)
/home/milnes/projects/APAS-VERUS/src/Chap55/CycleDetectStPer.rs:1: info: [22a:proof] free proof fn lemma_extract_ord_per correctly free (Standard 19)
/home/milnes/projects/APAS-VERUS/src/Chap55/CycleDetectStPer.rs:1: info: [22a:proof] free proof fn lemma_path_ord_decreases_per correctly free (Standard 19)
/home/milnes/projects/APAS-VERUS/src/Chap55/CycleDetectStPer.rs:1: info: [22a:proof] free proof fn lemma_acyclic_ord_implies_dag_per correctly free (Standard 19)
/home/milnes/projects/APAS-VERUS/src/Chap55/CycleDetectStPer.rs:1: info: [22a:spec] free spec fn spec_cycledetectstper_wf correctly free (Standard 19)
/home/milnes/projects/APAS-VERUS/src/Chap55/CycleDetectStPer.rs:1: info: [22a:spec] free spec fn spec_acyclic_ord_per correctly free (Standard 19)
/home/milnes/projects/APAS-VERUS/src/Chap55/CycleDetectStPer.rs:1: info: [22a:spec] free spec fn spec_is_valid_ord_per correctly free (Standard 19)
/home/milnes/projects/APAS-VERUS/src/Chap55/CycleDetectStPer.rs:1: info: [23a] spec/proof fn looser bounds: N/A
/home/milnes/projects/APAS-VERUS/src/Chap55/CycleDetectStPer.rs:1: info: [23b] free fn stricter bounds: N/A
/home/milnes/projects/APAS-VERUS/src/Chap55/CycleDetectStPer.rs:1: warning: [11] Seq usage should have vstd::seq::group_seq_axioms in broadcast use
/home/milnes/projects/APAS-VERUS/src/Chap55/CycleDetectStPer.rs:1: warning: [24] missing or incorrect copyright line; expected: //! Copyright (C) 2025 Acar, Blelloch and Milnes from 'Algorithms Parallel and Sequential'.

/home/milnes/projects/APAS-VERUS/src/Chap55/DFSSpecsAndLemmas.rs:
/home/milnes/projects/APAS-VERUS/src/Chap55/DFSSpecsAndLemmas.rs:1: info: [1] has mod declarations
/home/milnes/projects/APAS-VERUS/src/Chap55/DFSSpecsAndLemmas.rs:1: info: [2] vstd::prelude::* before verus!
/home/milnes/projects/APAS-VERUS/src/Chap55/DFSSpecsAndLemmas.rs:1: info: [3] has verus! macro
/home/milnes/projects/APAS-VERUS/src/Chap55/DFSSpecsAndLemmas.rs:1: info: [4] no std imports (ok)
/home/milnes/projects/APAS-VERUS/src/Chap55/DFSSpecsAndLemmas.rs:1: info: [5] no vstd imports (ok)
/home/milnes/projects/APAS-VERUS/src/Chap55/DFSSpecsAndLemmas.rs:1: info: [11] Set/Seq usage has broadcast groups
/home/milnes/projects/APAS-VERUS/src/Chap55/DFSSpecsAndLemmas.rs:1: info: [12] no traits (ok)
/home/milnes/projects/APAS-VERUS/src/Chap55/DFSSpecsAndLemmas.rs:1: info: [13] no non-derive trait impls (ok)
/home/milnes/projects/APAS-VERUS/src/Chap55/DFSSpecsAndLemmas.rs:1: info: [14] no Debug/Display impls (ok)
/home/milnes/projects/APAS-VERUS/src/Chap55/DFSSpecsAndLemmas.rs:1: info: [15] no PartialEq/Eq/Clone/Hash/Ord impls (ok)
/home/milnes/projects/APAS-VERUS/src/Chap55/DFSSpecsAndLemmas.rs:1: info: [16] no Lit macro definitions (ok)
/home/milnes/projects/APAS-VERUS/src/Chap55/DFSSpecsAndLemmas.rs:1: info: [17] no collection structs (ok)
/home/milnes/projects/APAS-VERUS/src/Chap55/DFSSpecsAndLemmas.rs:1: info: [18] definition order correct
/home/milnes/projects/APAS-VERUS/src/Chap55/DFSSpecsAndLemmas.rs:1: info: [19] no generic return names
/home/milnes/projects/APAS-VERUS/src/Chap55/DFSSpecsAndLemmas.rs:1: info: [20] no traits defined
/home/milnes/projects/APAS-VERUS/src/Chap55/DFSSpecsAndLemmas.rs:1: info: [21] no broadcast use entries
/home/milnes/projects/APAS-VERUS/src/Chap55/DFSSpecsAndLemmas.rs:1: info: [22:exec] exec fns: all in traits
/home/milnes/projects/APAS-VERUS/src/Chap55/DFSSpecsAndLemmas.rs:1: info: [22a:proof] free proof fn lemma_set_true_decreases_num_false correctly free (Standard 19)
/home/milnes/projects/APAS-VERUS/src/Chap55/DFSSpecsAndLemmas.rs:1: info: [22a:proof] free proof fn lemma_set_true_num_false_eq correctly free (Standard 19)
/home/milnes/projects/APAS-VERUS/src/Chap55/DFSSpecsAndLemmas.rs:1: info: [22a:proof] free proof fn lemma_all_true_num_false_zero correctly free (Standard 19)
/home/milnes/projects/APAS-VERUS/src/Chap55/DFSSpecsAndLemmas.rs:1: info: [22a:proof] free proof fn lemma_all_false_num_false_eq_len correctly free (Standard 19)
/home/milnes/projects/APAS-VERUS/src/Chap55/DFSSpecsAndLemmas.rs:1: info: [22a:proof] free proof fn lemma_bool_view_eq_spec_index correctly free (Standard 19)
/home/milnes/projects/APAS-VERUS/src/Chap55/DFSSpecsAndLemmas.rs:1: info: [22a:proof] free proof fn lemma_bool_array_set_view correctly free (Standard 19)
/home/milnes/projects/APAS-VERUS/src/Chap55/DFSSpecsAndLemmas.rs:1: info: [22a:proof] free proof fn lemma_usize_view_eq_spec_index correctly free (Standard 19)
/home/milnes/projects/APAS-VERUS/src/Chap55/DFSSpecsAndLemmas.rs:1: info: [22a:proof] free proof fn lemma_graph_view_bridge correctly free (Standard 19)
/home/milnes/projects/APAS-VERUS/src/Chap55/DFSSpecsAndLemmas.rs:1: info: [22a:proof] free proof fn lemma_usize_per_view_eq_spec_index correctly free (Standard 19)
/home/milnes/projects/APAS-VERUS/src/Chap55/DFSSpecsAndLemmas.rs:1: info: [22a:proof] free proof fn lemma_graph_per_view_bridge correctly free (Standard 19)
/home/milnes/projects/APAS-VERUS/src/Chap55/DFSSpecsAndLemmas.rs:1: info: [22a:spec] free spec fn spec_num_false correctly free (Standard 19)
/home/milnes/projects/APAS-VERUS/src/Chap55/DFSSpecsAndLemmas.rs:1: info: [23a] spec/proof fn looser bounds: N/A
/home/milnes/projects/APAS-VERUS/src/Chap55/DFSSpecsAndLemmas.rs:1: info: [23b] free fn stricter bounds: N/A
/home/milnes/projects/APAS-VERUS/src/Chap55/DFSSpecsAndLemmas.rs:1: warning: [24] missing or incorrect copyright line; expected: //! Copyright (C) 2025 Acar, Blelloch and Milnes from 'Algorithms Parallel and Sequential'.

/home/milnes/projects/APAS-VERUS/src/Chap55/DFSStEph.rs:
/home/milnes/projects/APAS-VERUS/src/Chap55/DFSStEph.rs:1: info: [1] has mod declarations
/home/milnes/projects/APAS-VERUS/src/Chap55/DFSStEph.rs:1: info: [2] vstd::prelude::* before verus!
/home/milnes/projects/APAS-VERUS/src/Chap55/DFSStEph.rs:1: info: [3] has verus! macro
/home/milnes/projects/APAS-VERUS/src/Chap55/DFSStEph.rs:1: info: [4] no std imports (ok)
/home/milnes/projects/APAS-VERUS/src/Chap55/DFSStEph.rs:1: info: [5] no vstd imports (ok)
/home/milnes/projects/APAS-VERUS/src/Chap55/DFSStEph.rs:1: info: [12] all trait fns have specs
/home/milnes/projects/APAS-VERUS/src/Chap55/DFSStEph.rs:1: info: [13] trait impls inside verus!
/home/milnes/projects/APAS-VERUS/src/Chap55/DFSStEph.rs:1: info: [14] Debug, Display outside verus!
/home/milnes/projects/APAS-VERUS/src/Chap55/DFSStEph.rs:1: info: [15] no PartialEq/Eq/Clone/Hash/Ord impls (ok)
/home/milnes/projects/APAS-VERUS/src/Chap55/DFSStEph.rs:1: info: [16] no Lit macro definitions (ok)
/home/milnes/projects/APAS-VERUS/src/Chap55/DFSStEph.rs:1: info: [17] no collection structs (ok)
/home/milnes/projects/APAS-VERUS/src/Chap55/DFSStEph.rs:1: info: [18] definition order correct
/home/milnes/projects/APAS-VERUS/src/Chap55/DFSStEph.rs:1: info: [19] no generic return names
/home/milnes/projects/APAS-VERUS/src/Chap55/DFSStEph.rs:1: info: [20] all traits have impls
/home/milnes/projects/APAS-VERUS/src/Chap55/DFSStEph.rs:1: info: [21] broadcast use: vstd:: before crate::
/home/milnes/projects/APAS-VERUS/src/Chap55/DFSStEph.rs:1: info: [22:spec] spec fns: all in traits as abstract signatures
/home/milnes/projects/APAS-VERUS/src/Chap55/DFSStEph.rs:1: info: [22a:exec] free fn dfs_recursive correctly free (Standard 19)
/home/milnes/projects/APAS-VERUS/src/Chap55/DFSStEph.rs:1: info: [22a:proof] free proof fn lemma_reachable_self correctly free (Standard 19)
/home/milnes/projects/APAS-VERUS/src/Chap55/DFSStEph.rs:1: info: [22a:proof] free proof fn lemma_reachable_step correctly free (Standard 19)
/home/milnes/projects/APAS-VERUS/src/Chap55/DFSStEph.rs:1: info: [22a:proof] free proof fn lemma_neighbor_closed_path correctly free (Standard 19)
/home/milnes/projects/APAS-VERUS/src/Chap55/DFSStEph.rs:1: info: [22a:proof] free proof fn lemma_neighbor_closed_implies_reachable correctly free (Standard 19)
/home/milnes/projects/APAS-VERUS/src/Chap55/DFSStEph.rs:1: info: [23a] spec/proof fn looser bounds: N/A
/home/milnes/projects/APAS-VERUS/src/Chap55/DFSStEph.rs:1: info: [23b] free fn stricter bounds: N/A
/home/milnes/projects/APAS-VERUS/src/Chap55/DFSStEph.rs:1: warning: [11] Set usage should have vstd::set::group_set_axioms in broadcast use
/home/milnes/projects/APAS-VERUS/src/Chap55/DFSStEph.rs:1: warning: [24] missing or incorrect copyright line; expected: //! Copyright (C) 2025 Acar, Blelloch and Milnes from 'Algorithms Parallel and Sequential'.

/home/milnes/projects/APAS-VERUS/src/Chap55/DFSStPer.rs:
/home/milnes/projects/APAS-VERUS/src/Chap55/DFSStPer.rs:1: info: [1] has mod declarations
/home/milnes/projects/APAS-VERUS/src/Chap55/DFSStPer.rs:1: info: [2] vstd::prelude::* before verus!
/home/milnes/projects/APAS-VERUS/src/Chap55/DFSStPer.rs:1: info: [3] has verus! macro
/home/milnes/projects/APAS-VERUS/src/Chap55/DFSStPer.rs:1: info: [4] no std imports (ok)
/home/milnes/projects/APAS-VERUS/src/Chap55/DFSStPer.rs:1: info: [5] no vstd imports (ok)
/home/milnes/projects/APAS-VERUS/src/Chap55/DFSStPer.rs:1: info: [12] all trait fns have specs
/home/milnes/projects/APAS-VERUS/src/Chap55/DFSStPer.rs:1: info: [13] trait impls inside verus!
/home/milnes/projects/APAS-VERUS/src/Chap55/DFSStPer.rs:1: info: [14] Debug, Display outside verus!
/home/milnes/projects/APAS-VERUS/src/Chap55/DFSStPer.rs:1: info: [15] no PartialEq/Eq/Clone/Hash/Ord impls (ok)
/home/milnes/projects/APAS-VERUS/src/Chap55/DFSStPer.rs:1: info: [16] no Lit macro definitions (ok)
/home/milnes/projects/APAS-VERUS/src/Chap55/DFSStPer.rs:1: info: [17] no collection structs (ok)
/home/milnes/projects/APAS-VERUS/src/Chap55/DFSStPer.rs:1: info: [18] definition order correct
/home/milnes/projects/APAS-VERUS/src/Chap55/DFSStPer.rs:1: info: [19] no generic return names
/home/milnes/projects/APAS-VERUS/src/Chap55/DFSStPer.rs:1: info: [20] all traits have impls
/home/milnes/projects/APAS-VERUS/src/Chap55/DFSStPer.rs:1: info: [21] broadcast use: vstd:: before crate::
/home/milnes/projects/APAS-VERUS/src/Chap55/DFSStPer.rs:1: info: [22:spec] spec fns: all in traits as abstract signatures
/home/milnes/projects/APAS-VERUS/src/Chap55/DFSStPer.rs:1: info: [22a:exec] free fn dfs_recursive correctly free (Standard 19)
/home/milnes/projects/APAS-VERUS/src/Chap55/DFSStPer.rs:1: info: [22a:proof] free proof fn lemma_reachable_self_per correctly free (Standard 19)
/home/milnes/projects/APAS-VERUS/src/Chap55/DFSStPer.rs:1: info: [22a:proof] free proof fn lemma_reachable_step_per correctly free (Standard 19)
/home/milnes/projects/APAS-VERUS/src/Chap55/DFSStPer.rs:1: info: [22a:proof] free proof fn lemma_neighbor_closed_path_per correctly free (Standard 19)
/home/milnes/projects/APAS-VERUS/src/Chap55/DFSStPer.rs:1: info: [22a:proof] free proof fn lemma_neighbor_closed_implies_reachable_per correctly free (Standard 19)
/home/milnes/projects/APAS-VERUS/src/Chap55/DFSStPer.rs:1: info: [23a] spec/proof fn looser bounds: N/A
/home/milnes/projects/APAS-VERUS/src/Chap55/DFSStPer.rs:1: info: [23b] free fn stricter bounds: N/A
/home/milnes/projects/APAS-VERUS/src/Chap55/DFSStPer.rs:1: warning: [11] Set usage should have vstd::set::group_set_axioms in broadcast use
/home/milnes/projects/APAS-VERUS/src/Chap55/DFSStPer.rs:1: warning: [24] missing or incorrect copyright line; expected: //! Copyright (C) 2025 Acar, Blelloch and Milnes from 'Algorithms Parallel and Sequential'.

/home/milnes/projects/APAS-VERUS/src/Chap55/SCCStEph.rs:
/home/milnes/projects/APAS-VERUS/src/Chap55/SCCStEph.rs:1: info: [1] has mod declarations
/home/milnes/projects/APAS-VERUS/src/Chap55/SCCStEph.rs:1: info: [2] vstd::prelude::* before verus!
/home/milnes/projects/APAS-VERUS/src/Chap55/SCCStEph.rs:1: info: [3] has verus! macro
/home/milnes/projects/APAS-VERUS/src/Chap55/SCCStEph.rs:1: info: [4] no std imports (ok)
/home/milnes/projects/APAS-VERUS/src/Chap55/SCCStEph.rs:1: info: [5] no vstd imports (ok)
/home/milnes/projects/APAS-VERUS/src/Chap55/SCCStEph.rs:1: info: [11] no Set/Seq usage (ok)
/home/milnes/projects/APAS-VERUS/src/Chap55/SCCStEph.rs:1: info: [12] all trait fns have specs
/home/milnes/projects/APAS-VERUS/src/Chap55/SCCStEph.rs:1: info: [13] trait impls inside verus!
/home/milnes/projects/APAS-VERUS/src/Chap55/SCCStEph.rs:1: info: [14] Debug, Display outside verus!
/home/milnes/projects/APAS-VERUS/src/Chap55/SCCStEph.rs:1: info: [15] no PartialEq/Eq/Clone/Hash/Ord impls (ok)
/home/milnes/projects/APAS-VERUS/src/Chap55/SCCStEph.rs:1: info: [16] no Lit macro definitions (ok)
/home/milnes/projects/APAS-VERUS/src/Chap55/SCCStEph.rs:1: info: [17] no collection structs (ok)
/home/milnes/projects/APAS-VERUS/src/Chap55/SCCStEph.rs:1: info: [18] definition order correct
/home/milnes/projects/APAS-VERUS/src/Chap55/SCCStEph.rs:1: info: [19] no generic return names
/home/milnes/projects/APAS-VERUS/src/Chap55/SCCStEph.rs:1: info: [20] all traits have impls
/home/milnes/projects/APAS-VERUS/src/Chap55/SCCStEph.rs:1: info: [21] broadcast use: vstd:: before crate::
/home/milnes/projects/APAS-VERUS/src/Chap55/SCCStEph.rs:1: info: [22:proof] proof fns: all in traits
/home/milnes/projects/APAS-VERUS/src/Chap55/SCCStEph.rs:1: info: [22:spec] spec fns: all in traits as abstract signatures
/home/milnes/projects/APAS-VERUS/src/Chap55/SCCStEph.rs:1: info: [22a:exec] free fn compute_finish_order correctly free (Standard 19)
/home/milnes/projects/APAS-VERUS/src/Chap55/SCCStEph.rs:1: info: [22a:exec] free fn transpose_graph correctly free (Standard 19)
/home/milnes/projects/APAS-VERUS/src/Chap55/SCCStEph.rs:1: info: [22a:exec] free fn check_wf_adj_list_eph correctly free (Standard 19)
/home/milnes/projects/APAS-VERUS/src/Chap55/SCCStEph.rs:1: info: [22a:exec] free fn dfs_reach correctly free (Standard 19)
/home/milnes/projects/APAS-VERUS/src/Chap55/SCCStEph.rs:1: info: [23a] spec/proof fn looser bounds: N/A
/home/milnes/projects/APAS-VERUS/src/Chap55/SCCStEph.rs:1: info: [23b] free fn stricter bounds: N/A
/home/milnes/projects/APAS-VERUS/src/Chap55/SCCStEph.rs:1: warning: [24] missing or incorrect copyright line; expected: //! Copyright (C) 2025 Acar, Blelloch and Milnes from 'Algorithms Parallel and Sequential'.

/home/milnes/projects/APAS-VERUS/src/Chap55/SCCStPer.rs:
/home/milnes/projects/APAS-VERUS/src/Chap55/SCCStPer.rs:1: info: [1] has mod declarations
/home/milnes/projects/APAS-VERUS/src/Chap55/SCCStPer.rs:1: info: [2] vstd::prelude::* before verus!
/home/milnes/projects/APAS-VERUS/src/Chap55/SCCStPer.rs:1: info: [3] has verus! macro
/home/milnes/projects/APAS-VERUS/src/Chap55/SCCStPer.rs:1: info: [4] no std imports (ok)
/home/milnes/projects/APAS-VERUS/src/Chap55/SCCStPer.rs:1: info: [5] no vstd imports (ok)
/home/milnes/projects/APAS-VERUS/src/Chap55/SCCStPer.rs:1: info: [11] no Set/Seq usage (ok)
/home/milnes/projects/APAS-VERUS/src/Chap55/SCCStPer.rs:1: info: [12] all trait fns have specs
/home/milnes/projects/APAS-VERUS/src/Chap55/SCCStPer.rs:1: info: [13] trait impls inside verus!
/home/milnes/projects/APAS-VERUS/src/Chap55/SCCStPer.rs:1: info: [14] Debug, Display outside verus!
/home/milnes/projects/APAS-VERUS/src/Chap55/SCCStPer.rs:1: info: [15] no PartialEq/Eq/Clone/Hash/Ord impls (ok)
/home/milnes/projects/APAS-VERUS/src/Chap55/SCCStPer.rs:1: info: [16] no Lit macro definitions (ok)
/home/milnes/projects/APAS-VERUS/src/Chap55/SCCStPer.rs:1: info: [17] no collection structs (ok)
/home/milnes/projects/APAS-VERUS/src/Chap55/SCCStPer.rs:1: info: [18] definition order correct
/home/milnes/projects/APAS-VERUS/src/Chap55/SCCStPer.rs:1: info: [19] no generic return names
/home/milnes/projects/APAS-VERUS/src/Chap55/SCCStPer.rs:1: info: [20] all traits have impls
/home/milnes/projects/APAS-VERUS/src/Chap55/SCCStPer.rs:1: info: [21] broadcast use: vstd:: before crate::
/home/milnes/projects/APAS-VERUS/src/Chap55/SCCStPer.rs:1: info: [22:proof] proof fns: all in traits
/home/milnes/projects/APAS-VERUS/src/Chap55/SCCStPer.rs:1: info: [22:spec] spec fns: all in traits as abstract signatures
/home/milnes/projects/APAS-VERUS/src/Chap55/SCCStPer.rs:1: info: [22a:exec] free fn dfs_finish_order correctly free (Standard 19)
/home/milnes/projects/APAS-VERUS/src/Chap55/SCCStPer.rs:1: info: [22a:exec] free fn compute_finish_order correctly free (Standard 19)
/home/milnes/projects/APAS-VERUS/src/Chap55/SCCStPer.rs:1: info: [22a:exec] free fn transpose_graph correctly free (Standard 19)
/home/milnes/projects/APAS-VERUS/src/Chap55/SCCStPer.rs:1: info: [22a:exec] free fn check_wf_adj_list_per correctly free (Standard 19)
/home/milnes/projects/APAS-VERUS/src/Chap55/SCCStPer.rs:1: info: [22a:exec] free fn dfs_reach correctly free (Standard 19)
/home/milnes/projects/APAS-VERUS/src/Chap55/SCCStPer.rs:1: info: [23a] spec/proof fn looser bounds: N/A
/home/milnes/projects/APAS-VERUS/src/Chap55/SCCStPer.rs:1: info: [23b] free fn stricter bounds: N/A
/home/milnes/projects/APAS-VERUS/src/Chap55/SCCStPer.rs:1: warning: [24] missing or incorrect copyright line; expected: //! Copyright (C) 2025 Acar, Blelloch and Milnes from 'Algorithms Parallel and Sequential'.

/home/milnes/projects/APAS-VERUS/src/Chap55/TopoSortStEph.rs:
/home/milnes/projects/APAS-VERUS/src/Chap55/TopoSortStEph.rs:1: info: [1] has mod declarations
/home/milnes/projects/APAS-VERUS/src/Chap55/TopoSortStEph.rs:1: info: [2] vstd::prelude::* before verus!
/home/milnes/projects/APAS-VERUS/src/Chap55/TopoSortStEph.rs:1: info: [3] has verus! macro
/home/milnes/projects/APAS-VERUS/src/Chap55/TopoSortStEph.rs:1: info: [4] no std imports (ok)
/home/milnes/projects/APAS-VERUS/src/Chap55/TopoSortStEph.rs:1: info: [5] no vstd imports (ok)
/home/milnes/projects/APAS-VERUS/src/Chap55/TopoSortStEph.rs:1: info: [11] Set/Seq usage has broadcast groups
/home/milnes/projects/APAS-VERUS/src/Chap55/TopoSortStEph.rs:1: info: [12] all trait fns have specs
/home/milnes/projects/APAS-VERUS/src/Chap55/TopoSortStEph.rs:1: info: [13] trait impls inside verus!
/home/milnes/projects/APAS-VERUS/src/Chap55/TopoSortStEph.rs:1: info: [14] Debug, Display outside verus!
/home/milnes/projects/APAS-VERUS/src/Chap55/TopoSortStEph.rs:1: info: [15] no PartialEq/Eq/Clone/Hash/Ord impls (ok)
/home/milnes/projects/APAS-VERUS/src/Chap55/TopoSortStEph.rs:1: info: [16] no Lit macro definitions (ok)
/home/milnes/projects/APAS-VERUS/src/Chap55/TopoSortStEph.rs:1: info: [17] no collection structs (ok)
/home/milnes/projects/APAS-VERUS/src/Chap55/TopoSortStEph.rs:1: info: [18] definition order correct
/home/milnes/projects/APAS-VERUS/src/Chap55/TopoSortStEph.rs:1: info: [19] no generic return names
/home/milnes/projects/APAS-VERUS/src/Chap55/TopoSortStEph.rs:1: info: [20] all traits have impls
/home/milnes/projects/APAS-VERUS/src/Chap55/TopoSortStEph.rs:1: info: [21] broadcast use: vstd:: before crate::
/home/milnes/projects/APAS-VERUS/src/Chap55/TopoSortStEph.rs:1: info: [22a:exec] free fn dfs_finish_order correctly free (Standard 19)
/home/milnes/projects/APAS-VERUS/src/Chap55/TopoSortStEph.rs:1: info: [22a:exec] free fn dfs_finish_order_cycle_detect correctly free (Standard 19)
/home/milnes/projects/APAS-VERUS/src/Chap55/TopoSortStEph.rs:1: info: [22a:exec] free fn topological_sort_opt correctly free (Standard 19)
/home/milnes/projects/APAS-VERUS/src/Chap55/TopoSortStEph.rs:1: info: [22a:proof] free proof fn lemma_edge_implies_reachable correctly free (Standard 19)
/home/milnes/projects/APAS-VERUS/src/Chap55/TopoSortStEph.rs:1: info: [22a:proof] free proof fn lemma_self_reachable correctly free (Standard 19)
/home/milnes/projects/APAS-VERUS/src/Chap55/TopoSortStEph.rs:1: info: [22a:proof] free proof fn lemma_reachable_via_edge correctly free (Standard 19)
/home/milnes/projects/APAS-VERUS/src/Chap55/TopoSortStEph.rs:1: info: [22a:proof] free proof fn lemma_reachable_edge_contradicts_dag correctly free (Standard 19)
/home/milnes/projects/APAS-VERUS/src/Chap55/TopoSortStEph.rs:1: info: [22a:spec] free spec fn spec_toposortsteph_wf correctly free (Standard 19)
/home/milnes/projects/APAS-VERUS/src/Chap55/TopoSortStEph.rs:1: info: [22a:spec] free spec fn spec_has_edge correctly free (Standard 19)
/home/milnes/projects/APAS-VERUS/src/Chap55/TopoSortStEph.rs:1: info: [22a:spec] free spec fn spec_is_path correctly free (Standard 19)
/home/milnes/projects/APAS-VERUS/src/Chap55/TopoSortStEph.rs:1: info: [22a:spec] free spec fn spec_reachable correctly free (Standard 19)
/home/milnes/projects/APAS-VERUS/src/Chap55/TopoSortStEph.rs:1: info: [22a:spec] free spec fn spec_is_dag correctly free (Standard 19)
/home/milnes/projects/APAS-VERUS/src/Chap55/TopoSortStEph.rs:1: info: [22a:spec] free spec fn spec_is_topo_order correctly free (Standard 19)
/home/milnes/projects/APAS-VERUS/src/Chap55/TopoSortStEph.rs:1: info: [22a:spec] free spec fn spec_strongly_connected correctly free (Standard 19)
/home/milnes/projects/APAS-VERUS/src/Chap55/TopoSortStEph.rs:1: info: [22a:spec] free spec fn spec_vertex_covered correctly free (Standard 19)
/home/milnes/projects/APAS-VERUS/src/Chap55/TopoSortStEph.rs:1: info: [22a:spec] free spec fn spec_is_scc correctly free (Standard 19)
/home/milnes/projects/APAS-VERUS/src/Chap55/TopoSortStEph.rs:1: info: [22a:spec] free spec fn spec_vertex_neighbors_visited correctly free (Standard 19)
/home/milnes/projects/APAS-VERUS/src/Chap55/TopoSortStEph.rs:1: info: [22a:spec] free spec fn spec_neighbors_explored correctly free (Standard 19)
/home/milnes/projects/APAS-VERUS/src/Chap55/TopoSortStEph.rs:1: info: [22a:spec] free spec fn spec_edge_ordered correctly free (Standard 19)
/home/milnes/projects/APAS-VERUS/src/Chap55/TopoSortStEph.rs:1: info: [23a] spec/proof fn looser bounds: N/A
/home/milnes/projects/APAS-VERUS/src/Chap55/TopoSortStEph.rs:1: info: [23b] free fn stricter bounds: N/A
/home/milnes/projects/APAS-VERUS/src/Chap55/TopoSortStEph.rs:1: warning: [24] missing or incorrect copyright line; expected: //! Copyright (C) 2025 Acar, Blelloch and Milnes from 'Algorithms Parallel and Sequential'.

/home/milnes/projects/APAS-VERUS/src/Chap55/TopoSortStPer.rs:
/home/milnes/projects/APAS-VERUS/src/Chap55/TopoSortStPer.rs:1: info: [1] has mod declarations
/home/milnes/projects/APAS-VERUS/src/Chap55/TopoSortStPer.rs:1: info: [2] vstd::prelude::* before verus!
/home/milnes/projects/APAS-VERUS/src/Chap55/TopoSortStPer.rs:1: info: [3] has verus! macro
/home/milnes/projects/APAS-VERUS/src/Chap55/TopoSortStPer.rs:1: info: [4] no std imports (ok)
/home/milnes/projects/APAS-VERUS/src/Chap55/TopoSortStPer.rs:1: info: [5] no vstd imports (ok)
/home/milnes/projects/APAS-VERUS/src/Chap55/TopoSortStPer.rs:1: info: [11] Set/Seq usage has broadcast groups
/home/milnes/projects/APAS-VERUS/src/Chap55/TopoSortStPer.rs:1: info: [12] all trait fns have specs
/home/milnes/projects/APAS-VERUS/src/Chap55/TopoSortStPer.rs:1: info: [13] trait impls inside verus!
/home/milnes/projects/APAS-VERUS/src/Chap55/TopoSortStPer.rs:1: info: [14] Debug, Display outside verus!
/home/milnes/projects/APAS-VERUS/src/Chap55/TopoSortStPer.rs:1: info: [15] no PartialEq/Eq/Clone/Hash/Ord impls (ok)
/home/milnes/projects/APAS-VERUS/src/Chap55/TopoSortStPer.rs:1: info: [16] no Lit macro definitions (ok)
/home/milnes/projects/APAS-VERUS/src/Chap55/TopoSortStPer.rs:1: info: [17] no collection structs (ok)
/home/milnes/projects/APAS-VERUS/src/Chap55/TopoSortStPer.rs:1: info: [18] definition order correct
/home/milnes/projects/APAS-VERUS/src/Chap55/TopoSortStPer.rs:1: info: [19] no generic return names
/home/milnes/projects/APAS-VERUS/src/Chap55/TopoSortStPer.rs:1: info: [20] all traits have impls
/home/milnes/projects/APAS-VERUS/src/Chap55/TopoSortStPer.rs:1: info: [21] no broadcast use entries
/home/milnes/projects/APAS-VERUS/src/Chap55/TopoSortStPer.rs:1: info: [22a:exec] free fn dfs_finish_order correctly free (Standard 19)
/home/milnes/projects/APAS-VERUS/src/Chap55/TopoSortStPer.rs:1: info: [22a:exec] free fn dfs_finish_order_cycle_detect correctly free (Standard 19)
/home/milnes/projects/APAS-VERUS/src/Chap55/TopoSortStPer.rs:1: info: [22a:exec] free fn topological_sort_opt correctly free (Standard 19)
/home/milnes/projects/APAS-VERUS/src/Chap55/TopoSortStPer.rs:1: info: [22a:proof] free proof fn lemma_edge_implies_reachable_per correctly free (Standard 19)
/home/milnes/projects/APAS-VERUS/src/Chap55/TopoSortStPer.rs:1: info: [22a:proof] free proof fn lemma_self_reachable_per correctly free (Standard 19)
/home/milnes/projects/APAS-VERUS/src/Chap55/TopoSortStPer.rs:1: info: [22a:proof] free proof fn lemma_reachable_via_edge_per correctly free (Standard 19)
/home/milnes/projects/APAS-VERUS/src/Chap55/TopoSortStPer.rs:1: info: [22a:proof] free proof fn lemma_reachable_edge_contradicts_dag_per correctly free (Standard 19)
/home/milnes/projects/APAS-VERUS/src/Chap55/TopoSortStPer.rs:1: info: [22a:spec] free spec fn spec_toposortstper_wf correctly free (Standard 19)
/home/milnes/projects/APAS-VERUS/src/Chap55/TopoSortStPer.rs:1: info: [22a:spec] free spec fn spec_has_edge_per correctly free (Standard 19)
/home/milnes/projects/APAS-VERUS/src/Chap55/TopoSortStPer.rs:1: info: [22a:spec] free spec fn spec_is_path_per correctly free (Standard 19)
/home/milnes/projects/APAS-VERUS/src/Chap55/TopoSortStPer.rs:1: info: [22a:spec] free spec fn spec_reachable_per correctly free (Standard 19)
/home/milnes/projects/APAS-VERUS/src/Chap55/TopoSortStPer.rs:1: info: [22a:spec] free spec fn spec_is_dag_per correctly free (Standard 19)
/home/milnes/projects/APAS-VERUS/src/Chap55/TopoSortStPer.rs:1: info: [22a:spec] free spec fn spec_is_topo_order_per correctly free (Standard 19)
/home/milnes/projects/APAS-VERUS/src/Chap55/TopoSortStPer.rs:1: info: [22a:spec] free spec fn spec_strongly_connected_per correctly free (Standard 19)
/home/milnes/projects/APAS-VERUS/src/Chap55/TopoSortStPer.rs:1: info: [22a:spec] free spec fn spec_vertex_covered_per correctly free (Standard 19)
/home/milnes/projects/APAS-VERUS/src/Chap55/TopoSortStPer.rs:1: info: [22a:spec] free spec fn spec_is_scc_per correctly free (Standard 19)
/home/milnes/projects/APAS-VERUS/src/Chap55/TopoSortStPer.rs:1: info: [22a:spec] free spec fn spec_vertex_neighbors_visited_per correctly free (Standard 19)
/home/milnes/projects/APAS-VERUS/src/Chap55/TopoSortStPer.rs:1: info: [22a:spec] free spec fn spec_neighbors_explored_per correctly free (Standard 19)
/home/milnes/projects/APAS-VERUS/src/Chap55/TopoSortStPer.rs:1: info: [22a:spec] free spec fn spec_edge_ordered_per correctly free (Standard 19)
/home/milnes/projects/APAS-VERUS/src/Chap55/TopoSortStPer.rs:1: info: [23a] spec/proof fn looser bounds: N/A
/home/milnes/projects/APAS-VERUS/src/Chap55/TopoSortStPer.rs:1: info: [23b] free fn stricter bounds: N/A
/home/milnes/projects/APAS-VERUS/src/Chap55/TopoSortStPer.rs:1: warning: [24] missing or incorrect copyright line; expected: //! Copyright (C) 2025 Acar, Blelloch and Milnes from 'Algorithms Parallel and Sequential'.

/home/milnes/projects/APAS-VERUS/src/Chap56/AllPairsResultStEphF64.rs:
/home/milnes/projects/APAS-VERUS/src/Chap56/AllPairsResultStEphF64.rs:1: info: [1] has mod declarations
/home/milnes/projects/APAS-VERUS/src/Chap56/AllPairsResultStEphF64.rs:1: info: [2] vstd::prelude::* before verus!
/home/milnes/projects/APAS-VERUS/src/Chap56/AllPairsResultStEphF64.rs:1: info: [3] has verus! macro
/home/milnes/projects/APAS-VERUS/src/Chap56/AllPairsResultStEphF64.rs:1: info: [4] no std imports (ok)
/home/milnes/projects/APAS-VERUS/src/Chap56/AllPairsResultStEphF64.rs:1: info: [5] no vstd imports (ok)
/home/milnes/projects/APAS-VERUS/src/Chap56/AllPairsResultStEphF64.rs:1: info: [11] no Set/Seq usage (ok)
/home/milnes/projects/APAS-VERUS/src/Chap56/AllPairsResultStEphF64.rs:1: info: [12] all trait fns have specs
/home/milnes/projects/APAS-VERUS/src/Chap56/AllPairsResultStEphF64.rs:1: info: [13] trait impls inside verus!
/home/milnes/projects/APAS-VERUS/src/Chap56/AllPairsResultStEphF64.rs:1: info: [14] Debug, Display outside verus!
/home/milnes/projects/APAS-VERUS/src/Chap56/AllPairsResultStEphF64.rs:1: info: [15] no PartialEq/Eq/Clone/Hash/Ord impls (ok)
/home/milnes/projects/APAS-VERUS/src/Chap56/AllPairsResultStEphF64.rs:1: info: [16] no Lit macro definitions (ok)
/home/milnes/projects/APAS-VERUS/src/Chap56/AllPairsResultStEphF64.rs:1: info: [17] no collection structs (ok)
/home/milnes/projects/APAS-VERUS/src/Chap56/AllPairsResultStEphF64.rs:1: info: [18] definition order correct
/home/milnes/projects/APAS-VERUS/src/Chap56/AllPairsResultStEphF64.rs:1: info: [19] no generic return names
/home/milnes/projects/APAS-VERUS/src/Chap56/AllPairsResultStEphF64.rs:1: info: [20] all traits have impls
/home/milnes/projects/APAS-VERUS/src/Chap56/AllPairsResultStEphF64.rs:1: info: [21] no broadcast use entries
/home/milnes/projects/APAS-VERUS/src/Chap56/AllPairsResultStEphF64.rs:1: info: [22:exec] exec fns: all in traits
/home/milnes/projects/APAS-VERUS/src/Chap56/AllPairsResultStEphF64.rs:1: info: [22:proof] proof fns: all in traits
/home/milnes/projects/APAS-VERUS/src/Chap56/AllPairsResultStEphF64.rs:1: info: [22:spec] spec fns: all in traits as abstract signatures
/home/milnes/projects/APAS-VERUS/src/Chap56/AllPairsResultStEphF64.rs:1: info: [23a] spec/proof fn looser bounds: N/A
/home/milnes/projects/APAS-VERUS/src/Chap56/AllPairsResultStEphF64.rs:1: info: [23b] free fn stricter bounds: N/A
/home/milnes/projects/APAS-VERUS/src/Chap56/AllPairsResultStEphF64.rs:1: warning: [24] missing or incorrect copyright line; expected: //! Copyright (C) 2025 Acar, Blelloch and Milnes from 'Algorithms Parallel and Sequential'.

/home/milnes/projects/APAS-VERUS/src/Chap56/AllPairsResultStEphI64.rs:
/home/milnes/projects/APAS-VERUS/src/Chap56/AllPairsResultStEphI64.rs:1: info: [1] has mod declarations
/home/milnes/projects/APAS-VERUS/src/Chap56/AllPairsResultStEphI64.rs:1: info: [2] vstd::prelude::* before verus!
/home/milnes/projects/APAS-VERUS/src/Chap56/AllPairsResultStEphI64.rs:1: info: [3] has verus! macro
/home/milnes/projects/APAS-VERUS/src/Chap56/AllPairsResultStEphI64.rs:1: info: [4] no std imports (ok)
/home/milnes/projects/APAS-VERUS/src/Chap56/AllPairsResultStEphI64.rs:1: info: [5] no vstd imports (ok)
/home/milnes/projects/APAS-VERUS/src/Chap56/AllPairsResultStEphI64.rs:1: info: [11] no Set/Seq usage (ok)
/home/milnes/projects/APAS-VERUS/src/Chap56/AllPairsResultStEphI64.rs:1: info: [12] all trait fns have specs
/home/milnes/projects/APAS-VERUS/src/Chap56/AllPairsResultStEphI64.rs:1: info: [13] trait impls inside verus!
/home/milnes/projects/APAS-VERUS/src/Chap56/AllPairsResultStEphI64.rs:1: info: [14] Debug, Display outside verus!
/home/milnes/projects/APAS-VERUS/src/Chap56/AllPairsResultStEphI64.rs:1: info: [15] no PartialEq/Eq/Clone/Hash/Ord impls (ok)
/home/milnes/projects/APAS-VERUS/src/Chap56/AllPairsResultStEphI64.rs:1: info: [16] no Lit macro definitions (ok)
/home/milnes/projects/APAS-VERUS/src/Chap56/AllPairsResultStEphI64.rs:1: info: [17] no collection structs (ok)
/home/milnes/projects/APAS-VERUS/src/Chap56/AllPairsResultStEphI64.rs:1: info: [18] definition order correct
/home/milnes/projects/APAS-VERUS/src/Chap56/AllPairsResultStEphI64.rs:1: info: [19] no generic return names
/home/milnes/projects/APAS-VERUS/src/Chap56/AllPairsResultStEphI64.rs:1: info: [20] all traits have impls
/home/milnes/projects/APAS-VERUS/src/Chap56/AllPairsResultStEphI64.rs:1: info: [21] no broadcast use entries
/home/milnes/projects/APAS-VERUS/src/Chap56/AllPairsResultStEphI64.rs:1: info: [22:exec] exec fns: all in traits
/home/milnes/projects/APAS-VERUS/src/Chap56/AllPairsResultStEphI64.rs:1: info: [22:proof] proof fns: all in traits
/home/milnes/projects/APAS-VERUS/src/Chap56/AllPairsResultStEphI64.rs:1: info: [22:spec] spec fns: all in traits as abstract signatures
/home/milnes/projects/APAS-VERUS/src/Chap56/AllPairsResultStEphI64.rs:1: info: [23a] spec/proof fn looser bounds: N/A
/home/milnes/projects/APAS-VERUS/src/Chap56/AllPairsResultStEphI64.rs:1: info: [23b] free fn stricter bounds: N/A
/home/milnes/projects/APAS-VERUS/src/Chap56/AllPairsResultStEphI64.rs:1: warning: [24] missing or incorrect copyright line; expected: //! Copyright (C) 2025 Acar, Blelloch and Milnes from 'Algorithms Parallel and Sequential'.

/home/milnes/projects/APAS-VERUS/src/Chap56/AllPairsResultStPerF64.rs:
/home/milnes/projects/APAS-VERUS/src/Chap56/AllPairsResultStPerF64.rs:1: info: [1] has mod declarations
/home/milnes/projects/APAS-VERUS/src/Chap56/AllPairsResultStPerF64.rs:1: info: [2] vstd::prelude::* before verus!
/home/milnes/projects/APAS-VERUS/src/Chap56/AllPairsResultStPerF64.rs:1: info: [3] has verus! macro
/home/milnes/projects/APAS-VERUS/src/Chap56/AllPairsResultStPerF64.rs:1: info: [4] no std imports (ok)
/home/milnes/projects/APAS-VERUS/src/Chap56/AllPairsResultStPerF64.rs:1: info: [5] no vstd imports (ok)
/home/milnes/projects/APAS-VERUS/src/Chap56/AllPairsResultStPerF64.rs:1: info: [11] no Set/Seq usage (ok)
/home/milnes/projects/APAS-VERUS/src/Chap56/AllPairsResultStPerF64.rs:1: info: [12] all trait fns have specs
/home/milnes/projects/APAS-VERUS/src/Chap56/AllPairsResultStPerF64.rs:1: info: [13] trait impls inside verus!
/home/milnes/projects/APAS-VERUS/src/Chap56/AllPairsResultStPerF64.rs:1: info: [14] Debug, Display outside verus!
/home/milnes/projects/APAS-VERUS/src/Chap56/AllPairsResultStPerF64.rs:1: info: [15] no PartialEq/Eq/Clone/Hash/Ord impls (ok)
/home/milnes/projects/APAS-VERUS/src/Chap56/AllPairsResultStPerF64.rs:1: info: [16] no Lit macro definitions (ok)
/home/milnes/projects/APAS-VERUS/src/Chap56/AllPairsResultStPerF64.rs:1: info: [17] no collection structs (ok)
/home/milnes/projects/APAS-VERUS/src/Chap56/AllPairsResultStPerF64.rs:1: info: [18] definition order correct
/home/milnes/projects/APAS-VERUS/src/Chap56/AllPairsResultStPerF64.rs:1: info: [19] no generic return names
/home/milnes/projects/APAS-VERUS/src/Chap56/AllPairsResultStPerF64.rs:1: info: [20] all traits have impls
/home/milnes/projects/APAS-VERUS/src/Chap56/AllPairsResultStPerF64.rs:1: info: [21] no broadcast use entries
/home/milnes/projects/APAS-VERUS/src/Chap56/AllPairsResultStPerF64.rs:1: info: [22:exec] exec fns: all in traits
/home/milnes/projects/APAS-VERUS/src/Chap56/AllPairsResultStPerF64.rs:1: info: [22:proof] proof fns: all in traits
/home/milnes/projects/APAS-VERUS/src/Chap56/AllPairsResultStPerF64.rs:1: info: [22:spec] spec fns: all in traits as abstract signatures
/home/milnes/projects/APAS-VERUS/src/Chap56/AllPairsResultStPerF64.rs:1: info: [23a] spec/proof fn looser bounds: N/A
/home/milnes/projects/APAS-VERUS/src/Chap56/AllPairsResultStPerF64.rs:1: info: [23b] free fn stricter bounds: N/A
/home/milnes/projects/APAS-VERUS/src/Chap56/AllPairsResultStPerF64.rs:1: warning: [24] missing or incorrect copyright line; expected: //! Copyright (C) 2025 Acar, Blelloch and Milnes from 'Algorithms Parallel and Sequential'.

/home/milnes/projects/APAS-VERUS/src/Chap56/AllPairsResultStPerI64.rs:
/home/milnes/projects/APAS-VERUS/src/Chap56/AllPairsResultStPerI64.rs:1: info: [1] has mod declarations
/home/milnes/projects/APAS-VERUS/src/Chap56/AllPairsResultStPerI64.rs:1: info: [2] vstd::prelude::* before verus!
/home/milnes/projects/APAS-VERUS/src/Chap56/AllPairsResultStPerI64.rs:1: info: [3] has verus! macro
/home/milnes/projects/APAS-VERUS/src/Chap56/AllPairsResultStPerI64.rs:1: info: [4] no std imports (ok)
/home/milnes/projects/APAS-VERUS/src/Chap56/AllPairsResultStPerI64.rs:1: info: [5] no vstd imports (ok)
/home/milnes/projects/APAS-VERUS/src/Chap56/AllPairsResultStPerI64.rs:1: info: [11] no Set/Seq usage (ok)
/home/milnes/projects/APAS-VERUS/src/Chap56/AllPairsResultStPerI64.rs:1: info: [12] all trait fns have specs
/home/milnes/projects/APAS-VERUS/src/Chap56/AllPairsResultStPerI64.rs:1: info: [13] trait impls inside verus!
/home/milnes/projects/APAS-VERUS/src/Chap56/AllPairsResultStPerI64.rs:1: info: [14] Debug, Display outside verus!
/home/milnes/projects/APAS-VERUS/src/Chap56/AllPairsResultStPerI64.rs:1: info: [15] no PartialEq/Eq/Clone/Hash/Ord impls (ok)
/home/milnes/projects/APAS-VERUS/src/Chap56/AllPairsResultStPerI64.rs:1: info: [16] no Lit macro definitions (ok)
/home/milnes/projects/APAS-VERUS/src/Chap56/AllPairsResultStPerI64.rs:1: info: [17] no collection structs (ok)
/home/milnes/projects/APAS-VERUS/src/Chap56/AllPairsResultStPerI64.rs:1: info: [18] definition order correct
/home/milnes/projects/APAS-VERUS/src/Chap56/AllPairsResultStPerI64.rs:1: info: [19] no generic return names
/home/milnes/projects/APAS-VERUS/src/Chap56/AllPairsResultStPerI64.rs:1: info: [20] all traits have impls
/home/milnes/projects/APAS-VERUS/src/Chap56/AllPairsResultStPerI64.rs:1: info: [21] no broadcast use entries
/home/milnes/projects/APAS-VERUS/src/Chap56/AllPairsResultStPerI64.rs:1: info: [22:exec] exec fns: all in traits
/home/milnes/projects/APAS-VERUS/src/Chap56/AllPairsResultStPerI64.rs:1: info: [22:proof] proof fns: all in traits
/home/milnes/projects/APAS-VERUS/src/Chap56/AllPairsResultStPerI64.rs:1: info: [22:spec] spec fns: all in traits as abstract signatures
/home/milnes/projects/APAS-VERUS/src/Chap56/AllPairsResultStPerI64.rs:1: info: [23a] spec/proof fn looser bounds: N/A
/home/milnes/projects/APAS-VERUS/src/Chap56/AllPairsResultStPerI64.rs:1: info: [23b] free fn stricter bounds: N/A
/home/milnes/projects/APAS-VERUS/src/Chap56/AllPairsResultStPerI64.rs:1: warning: [24] missing or incorrect copyright line; expected: //! Copyright (C) 2025 Acar, Blelloch and Milnes from 'Algorithms Parallel and Sequential'.

/home/milnes/projects/APAS-VERUS/src/Chap56/Example56_1.rs:
/home/milnes/projects/APAS-VERUS/src/Chap56/Example56_1.rs:1: info: [1] has mod declarations
/home/milnes/projects/APAS-VERUS/src/Chap56/Example56_1.rs:1: info: [2] vstd::prelude::* before verus!
/home/milnes/projects/APAS-VERUS/src/Chap56/Example56_1.rs:1: info: [3] has verus! macro
/home/milnes/projects/APAS-VERUS/src/Chap56/Example56_1.rs:1: info: [4] no std imports (ok)
/home/milnes/projects/APAS-VERUS/src/Chap56/Example56_1.rs:1: info: [5] no vstd imports (ok)
/home/milnes/projects/APAS-VERUS/src/Chap56/Example56_1.rs:1: info: [11] no Set/Seq usage (ok)
/home/milnes/projects/APAS-VERUS/src/Chap56/Example56_1.rs:1: info: [13] trait impls inside verus!
/home/milnes/projects/APAS-VERUS/src/Chap56/Example56_1.rs:1: info: [14] Debug, Display outside verus!
/home/milnes/projects/APAS-VERUS/src/Chap56/Example56_1.rs:1: info: [15] no PartialEq/Eq/Clone/Hash/Ord impls (ok)
/home/milnes/projects/APAS-VERUS/src/Chap56/Example56_1.rs:1: info: [16] no Lit macro definitions (ok)
/home/milnes/projects/APAS-VERUS/src/Chap56/Example56_1.rs:1: info: [17] no collection structs (ok)
/home/milnes/projects/APAS-VERUS/src/Chap56/Example56_1.rs:1: info: [18] definition order correct
/home/milnes/projects/APAS-VERUS/src/Chap56/Example56_1.rs:1: info: [19] no generic return names
/home/milnes/projects/APAS-VERUS/src/Chap56/Example56_1.rs:1: info: [20] all traits have impls
/home/milnes/projects/APAS-VERUS/src/Chap56/Example56_1.rs:1: info: [21] no broadcast use entries
/home/milnes/projects/APAS-VERUS/src/Chap56/Example56_1.rs:1: info: [22:exec] exec fns: all in traits
/home/milnes/projects/APAS-VERUS/src/Chap56/Example56_1.rs:1: info: [22:proof] proof fns: all in traits
/home/milnes/projects/APAS-VERUS/src/Chap56/Example56_1.rs:1: info: [22:spec] spec fns: all in traits as abstract signatures
/home/milnes/projects/APAS-VERUS/src/Chap56/Example56_1.rs:1: info: [23a] spec/proof fn looser bounds: N/A
/home/milnes/projects/APAS-VERUS/src/Chap56/Example56_1.rs:1: info: [23b] free fn stricter bounds: N/A
/home/milnes/projects/APAS-VERUS/src/Chap56/Example56_1.rs:32: warning: [12] trait Example56_1Trait fn example_path_weight_int should have requires/ensures
/home/milnes/projects/APAS-VERUS/src/Chap56/Example56_1.rs:35: warning: [12] trait Example56_1Trait fn example_path_weight_i64 should have requires/ensures
/home/milnes/projects/APAS-VERUS/src/Chap56/Example56_1.rs:38: warning: [12] trait Example56_1Trait fn example_negative_weights should have requires/ensures
/home/milnes/projects/APAS-VERUS/src/Chap56/Example56_1.rs:1: warning: [24] missing or incorrect copyright line; expected: //! Copyright (C) 2025 Acar, Blelloch and Milnes from 'Algorithms Parallel and Sequential'.

/home/milnes/projects/APAS-VERUS/src/Chap56/Example56_3.rs:
/home/milnes/projects/APAS-VERUS/src/Chap56/Example56_3.rs:1: info: [1] has mod declarations
/home/milnes/projects/APAS-VERUS/src/Chap56/Example56_3.rs:1: info: [2] vstd::prelude::* before verus!
/home/milnes/projects/APAS-VERUS/src/Chap56/Example56_3.rs:1: info: [3] has verus! macro
/home/milnes/projects/APAS-VERUS/src/Chap56/Example56_3.rs:1: info: [4] no std imports (ok)
/home/milnes/projects/APAS-VERUS/src/Chap56/Example56_3.rs:1: info: [5] no vstd imports (ok)
/home/milnes/projects/APAS-VERUS/src/Chap56/Example56_3.rs:1: info: [11] no Set/Seq usage (ok)
/home/milnes/projects/APAS-VERUS/src/Chap56/Example56_3.rs:1: info: [13] trait impls inside verus!
/home/milnes/projects/APAS-VERUS/src/Chap56/Example56_3.rs:1: info: [14] Debug, Display outside verus!
/home/milnes/projects/APAS-VERUS/src/Chap56/Example56_3.rs:1: info: [15] no PartialEq/Eq/Clone/Hash/Ord impls (ok)
/home/milnes/projects/APAS-VERUS/src/Chap56/Example56_3.rs:1: info: [16] no Lit macro definitions (ok)
/home/milnes/projects/APAS-VERUS/src/Chap56/Example56_3.rs:1: info: [17] no collection structs (ok)
/home/milnes/projects/APAS-VERUS/src/Chap56/Example56_3.rs:1: info: [18] definition order correct
/home/milnes/projects/APAS-VERUS/src/Chap56/Example56_3.rs:1: info: [19] no generic return names
/home/milnes/projects/APAS-VERUS/src/Chap56/Example56_3.rs:1: info: [20] all traits have impls
/home/milnes/projects/APAS-VERUS/src/Chap56/Example56_3.rs:1: info: [21] no broadcast use entries
/home/milnes/projects/APAS-VERUS/src/Chap56/Example56_3.rs:1: info: [22:exec] exec fns: all in traits
/home/milnes/projects/APAS-VERUS/src/Chap56/Example56_3.rs:1: info: [22:proof] proof fns: all in traits
/home/milnes/projects/APAS-VERUS/src/Chap56/Example56_3.rs:1: info: [22:spec] spec fns: all in traits as abstract signatures
/home/milnes/projects/APAS-VERUS/src/Chap56/Example56_3.rs:1: info: [23a] spec/proof fn looser bounds: N/A
/home/milnes/projects/APAS-VERUS/src/Chap56/Example56_3.rs:1: info: [23b] free fn stricter bounds: N/A
/home/milnes/projects/APAS-VERUS/src/Chap56/Example56_3.rs:33: warning: [12] trait Example56_3Trait fn example_negative_cycle should have requires/ensures
/home/milnes/projects/APAS-VERUS/src/Chap56/Example56_3.rs:36: warning: [12] trait Example56_3Trait fn example_undefined_shortest_path should have requires/ensures
/home/milnes/projects/APAS-VERUS/src/Chap56/Example56_3.rs:1: warning: [24] missing or incorrect copyright line; expected: //! Copyright (C) 2025 Acar, Blelloch and Milnes from 'Algorithms Parallel and Sequential'.

/home/milnes/projects/APAS-VERUS/src/Chap56/PathWeightUtilsStEph.rs:
/home/milnes/projects/APAS-VERUS/src/Chap56/PathWeightUtilsStEph.rs:1: info: [1] has mod declarations
/home/milnes/projects/APAS-VERUS/src/Chap56/PathWeightUtilsStEph.rs:1: info: [2] vstd::prelude::* before verus!
/home/milnes/projects/APAS-VERUS/src/Chap56/PathWeightUtilsStEph.rs:1: info: [3] has verus! macro
/home/milnes/projects/APAS-VERUS/src/Chap56/PathWeightUtilsStEph.rs:1: info: [4] no std imports (ok)
/home/milnes/projects/APAS-VERUS/src/Chap56/PathWeightUtilsStEph.rs:1: info: [5] no vstd imports (ok)
/home/milnes/projects/APAS-VERUS/src/Chap56/PathWeightUtilsStEph.rs:1: info: [11] no Set/Seq usage (ok)
/home/milnes/projects/APAS-VERUS/src/Chap56/PathWeightUtilsStEph.rs:1: info: [13] trait impls inside verus!
/home/milnes/projects/APAS-VERUS/src/Chap56/PathWeightUtilsStEph.rs:1: info: [14] Debug, Display outside verus!
/home/milnes/projects/APAS-VERUS/src/Chap56/PathWeightUtilsStEph.rs:1: info: [15] no PartialEq/Eq/Clone/Hash/Ord impls (ok)
/home/milnes/projects/APAS-VERUS/src/Chap56/PathWeightUtilsStEph.rs:1: info: [16] no Lit macro definitions (ok)
/home/milnes/projects/APAS-VERUS/src/Chap56/PathWeightUtilsStEph.rs:1: info: [17] no collection structs (ok)
/home/milnes/projects/APAS-VERUS/src/Chap56/PathWeightUtilsStEph.rs:1: info: [18] definition order correct
/home/milnes/projects/APAS-VERUS/src/Chap56/PathWeightUtilsStEph.rs:1: info: [19] no generic return names
/home/milnes/projects/APAS-VERUS/src/Chap56/PathWeightUtilsStEph.rs:1: info: [20] all traits have impls
/home/milnes/projects/APAS-VERUS/src/Chap56/PathWeightUtilsStEph.rs:1: info: [21] no broadcast use entries
/home/milnes/projects/APAS-VERUS/src/Chap56/PathWeightUtilsStEph.rs:1: info: [22:exec] exec fns: all in traits
/home/milnes/projects/APAS-VERUS/src/Chap56/PathWeightUtilsStEph.rs:1: info: [22:proof] proof fns: all in traits
/home/milnes/projects/APAS-VERUS/src/Chap56/PathWeightUtilsStEph.rs:1: info: [22:spec] spec fns: all in traits as abstract signatures
/home/milnes/projects/APAS-VERUS/src/Chap56/PathWeightUtilsStEph.rs:1: info: [23a] spec/proof fn looser bounds: N/A
/home/milnes/projects/APAS-VERUS/src/Chap56/PathWeightUtilsStEph.rs:1: info: [23b] free fn stricter bounds: N/A
/home/milnes/projects/APAS-VERUS/src/Chap56/PathWeightUtilsStEph.rs:69: warning: [12] trait PathWeightUtilsStEphTrait fn path_weight_float should have requires/ensures
/home/milnes/projects/APAS-VERUS/src/Chap56/PathWeightUtilsStEph.rs:90: warning: [12] trait PathWeightUtilsStEphTrait fn validate_subpath_property_float should have requires/ensures
/home/milnes/projects/APAS-VERUS/src/Chap56/PathWeightUtilsStEph.rs:1: warning: [24] missing or incorrect copyright line; expected: //! Copyright (C) 2025 Acar, Blelloch and Milnes from 'Algorithms Parallel and Sequential'.

/home/milnes/projects/APAS-VERUS/src/Chap56/PathWeightUtilsStPer.rs:
/home/milnes/projects/APAS-VERUS/src/Chap56/PathWeightUtilsStPer.rs:1: info: [1] has mod declarations
/home/milnes/projects/APAS-VERUS/src/Chap56/PathWeightUtilsStPer.rs:1: info: [2] vstd::prelude::* before verus!
/home/milnes/projects/APAS-VERUS/src/Chap56/PathWeightUtilsStPer.rs:1: info: [3] has verus! macro
/home/milnes/projects/APAS-VERUS/src/Chap56/PathWeightUtilsStPer.rs:1: info: [4] no std imports (ok)
/home/milnes/projects/APAS-VERUS/src/Chap56/PathWeightUtilsStPer.rs:1: info: [5] no vstd imports (ok)
/home/milnes/projects/APAS-VERUS/src/Chap56/PathWeightUtilsStPer.rs:1: info: [11] no Set/Seq usage (ok)
/home/milnes/projects/APAS-VERUS/src/Chap56/PathWeightUtilsStPer.rs:1: info: [13] trait impls inside verus!
/home/milnes/projects/APAS-VERUS/src/Chap56/PathWeightUtilsStPer.rs:1: info: [14] Debug, Display outside verus!
/home/milnes/projects/APAS-VERUS/src/Chap56/PathWeightUtilsStPer.rs:1: info: [15] no PartialEq/Eq/Clone/Hash/Ord impls (ok)
/home/milnes/projects/APAS-VERUS/src/Chap56/PathWeightUtilsStPer.rs:1: info: [16] no Lit macro definitions (ok)
/home/milnes/projects/APAS-VERUS/src/Chap56/PathWeightUtilsStPer.rs:1: info: [17] no collection structs (ok)
/home/milnes/projects/APAS-VERUS/src/Chap56/PathWeightUtilsStPer.rs:1: info: [18] definition order correct
/home/milnes/projects/APAS-VERUS/src/Chap56/PathWeightUtilsStPer.rs:1: info: [19] no generic return names
/home/milnes/projects/APAS-VERUS/src/Chap56/PathWeightUtilsStPer.rs:1: info: [20] all traits have impls
/home/milnes/projects/APAS-VERUS/src/Chap56/PathWeightUtilsStPer.rs:1: info: [21] no broadcast use entries
/home/milnes/projects/APAS-VERUS/src/Chap56/PathWeightUtilsStPer.rs:1: info: [22:exec] exec fns: all in traits
/home/milnes/projects/APAS-VERUS/src/Chap56/PathWeightUtilsStPer.rs:1: info: [22:proof] proof fns: all in traits
/home/milnes/projects/APAS-VERUS/src/Chap56/PathWeightUtilsStPer.rs:1: info: [22:spec] spec fns: all in traits as abstract signatures
/home/milnes/projects/APAS-VERUS/src/Chap56/PathWeightUtilsStPer.rs:1: info: [23a] spec/proof fn looser bounds: N/A
/home/milnes/projects/APAS-VERUS/src/Chap56/PathWeightUtilsStPer.rs:1: info: [23b] free fn stricter bounds: N/A
/home/milnes/projects/APAS-VERUS/src/Chap56/PathWeightUtilsStPer.rs:72: warning: [12] trait PathWeightUtilsStPerTrait fn path_weight_float should have requires/ensures
/home/milnes/projects/APAS-VERUS/src/Chap56/PathWeightUtilsStPer.rs:86: warning: [12] trait PathWeightUtilsStPerTrait fn validate_subpath_property_float should have requires/ensures
/home/milnes/projects/APAS-VERUS/src/Chap56/PathWeightUtilsStPer.rs:1: warning: [24] missing or incorrect copyright line; expected: //! Copyright (C) 2025 Acar, Blelloch and Milnes from 'Algorithms Parallel and Sequential'.

/home/milnes/projects/APAS-VERUS/src/Chap56/SSSPResultStEphF64.rs:
/home/milnes/projects/APAS-VERUS/src/Chap56/SSSPResultStEphF64.rs:1: info: [1] has mod declarations
/home/milnes/projects/APAS-VERUS/src/Chap56/SSSPResultStEphF64.rs:1: info: [2] vstd::prelude::* before verus!
/home/milnes/projects/APAS-VERUS/src/Chap56/SSSPResultStEphF64.rs:1: info: [3] has verus! macro
/home/milnes/projects/APAS-VERUS/src/Chap56/SSSPResultStEphF64.rs:1: info: [4] no std imports (ok)
/home/milnes/projects/APAS-VERUS/src/Chap56/SSSPResultStEphF64.rs:1: info: [5] no vstd imports (ok)
/home/milnes/projects/APAS-VERUS/src/Chap56/SSSPResultStEphF64.rs:1: info: [11] Set/Seq usage has broadcast groups
/home/milnes/projects/APAS-VERUS/src/Chap56/SSSPResultStEphF64.rs:1: info: [12] all trait fns have specs
/home/milnes/projects/APAS-VERUS/src/Chap56/SSSPResultStEphF64.rs:1: info: [13] trait impls inside verus!
/home/milnes/projects/APAS-VERUS/src/Chap56/SSSPResultStEphF64.rs:1: info: [14] Debug, Display outside verus!
/home/milnes/projects/APAS-VERUS/src/Chap56/SSSPResultStEphF64.rs:1: info: [15] no PartialEq/Eq/Clone/Hash/Ord impls (ok)
/home/milnes/projects/APAS-VERUS/src/Chap56/SSSPResultStEphF64.rs:1: info: [16] no Lit macro definitions (ok)
/home/milnes/projects/APAS-VERUS/src/Chap56/SSSPResultStEphF64.rs:1: info: [17] no collection structs (ok)
/home/milnes/projects/APAS-VERUS/src/Chap56/SSSPResultStEphF64.rs:1: info: [18] definition order correct
/home/milnes/projects/APAS-VERUS/src/Chap56/SSSPResultStEphF64.rs:1: info: [19] no generic return names
/home/milnes/projects/APAS-VERUS/src/Chap56/SSSPResultStEphF64.rs:1: info: [20] all traits have impls
/home/milnes/projects/APAS-VERUS/src/Chap56/SSSPResultStEphF64.rs:1: info: [21] broadcast use: vstd:: before crate::
/home/milnes/projects/APAS-VERUS/src/Chap56/SSSPResultStEphF64.rs:1: info: [22:exec] exec fns: all in traits
/home/milnes/projects/APAS-VERUS/src/Chap56/SSSPResultStEphF64.rs:1: info: [22:proof] proof fns: all in traits
/home/milnes/projects/APAS-VERUS/src/Chap56/SSSPResultStEphF64.rs:1: info: [22:spec] spec fns: all in traits as abstract signatures
/home/milnes/projects/APAS-VERUS/src/Chap56/SSSPResultStEphF64.rs:1: info: [23a] spec/proof fn looser bounds: N/A
/home/milnes/projects/APAS-VERUS/src/Chap56/SSSPResultStEphF64.rs:1: info: [23b] free fn stricter bounds: N/A
/home/milnes/projects/APAS-VERUS/src/Chap56/SSSPResultStEphF64.rs:1: warning: [24] missing or incorrect copyright line; expected: //! Copyright (C) 2025 Acar, Blelloch and Milnes from 'Algorithms Parallel and Sequential'.

/home/milnes/projects/APAS-VERUS/src/Chap56/SSSPResultStEphI64.rs:
/home/milnes/projects/APAS-VERUS/src/Chap56/SSSPResultStEphI64.rs:1: info: [1] has mod declarations
/home/milnes/projects/APAS-VERUS/src/Chap56/SSSPResultStEphI64.rs:1: info: [2] vstd::prelude::* before verus!
/home/milnes/projects/APAS-VERUS/src/Chap56/SSSPResultStEphI64.rs:1: info: [3] has verus! macro
/home/milnes/projects/APAS-VERUS/src/Chap56/SSSPResultStEphI64.rs:1: info: [4] no std imports (ok)
/home/milnes/projects/APAS-VERUS/src/Chap56/SSSPResultStEphI64.rs:1: info: [5] no vstd imports (ok)
/home/milnes/projects/APAS-VERUS/src/Chap56/SSSPResultStEphI64.rs:1: info: [11] Set/Seq usage has broadcast groups
/home/milnes/projects/APAS-VERUS/src/Chap56/SSSPResultStEphI64.rs:1: info: [12] all trait fns have specs
/home/milnes/projects/APAS-VERUS/src/Chap56/SSSPResultStEphI64.rs:1: info: [13] trait impls inside verus!
/home/milnes/projects/APAS-VERUS/src/Chap56/SSSPResultStEphI64.rs:1: info: [14] Debug, Display outside verus!
/home/milnes/projects/APAS-VERUS/src/Chap56/SSSPResultStEphI64.rs:1: info: [15] no PartialEq/Eq/Clone/Hash/Ord impls (ok)
/home/milnes/projects/APAS-VERUS/src/Chap56/SSSPResultStEphI64.rs:1: info: [16] no Lit macro definitions (ok)
/home/milnes/projects/APAS-VERUS/src/Chap56/SSSPResultStEphI64.rs:1: info: [17] no collection structs (ok)
/home/milnes/projects/APAS-VERUS/src/Chap56/SSSPResultStEphI64.rs:1: info: [18] definition order correct
/home/milnes/projects/APAS-VERUS/src/Chap56/SSSPResultStEphI64.rs:1: info: [19] no generic return names
/home/milnes/projects/APAS-VERUS/src/Chap56/SSSPResultStEphI64.rs:1: info: [20] all traits have impls
/home/milnes/projects/APAS-VERUS/src/Chap56/SSSPResultStEphI64.rs:1: info: [21] no broadcast use entries
/home/milnes/projects/APAS-VERUS/src/Chap56/SSSPResultStEphI64.rs:1: info: [22:exec] exec fns: all in traits
/home/milnes/projects/APAS-VERUS/src/Chap56/SSSPResultStEphI64.rs:1: info: [22:proof] proof fns: all in traits
/home/milnes/projects/APAS-VERUS/src/Chap56/SSSPResultStEphI64.rs:1: info: [22:spec] spec fns: all in traits as abstract signatures
/home/milnes/projects/APAS-VERUS/src/Chap56/SSSPResultStEphI64.rs:1: info: [23a] spec/proof fn looser bounds: N/A
/home/milnes/projects/APAS-VERUS/src/Chap56/SSSPResultStEphI64.rs:1: info: [23b] free fn stricter bounds: N/A
/home/milnes/projects/APAS-VERUS/src/Chap56/SSSPResultStEphI64.rs:1: warning: [24] missing or incorrect copyright line; expected: //! Copyright (C) 2025 Acar, Blelloch and Milnes from 'Algorithms Parallel and Sequential'.

/home/milnes/projects/APAS-VERUS/src/Chap56/SSSPResultStPerF64.rs:
/home/milnes/projects/APAS-VERUS/src/Chap56/SSSPResultStPerF64.rs:1: info: [1] has mod declarations
/home/milnes/projects/APAS-VERUS/src/Chap56/SSSPResultStPerF64.rs:1: info: [2] vstd::prelude::* before verus!
/home/milnes/projects/APAS-VERUS/src/Chap56/SSSPResultStPerF64.rs:1: info: [3] has verus! macro
/home/milnes/projects/APAS-VERUS/src/Chap56/SSSPResultStPerF64.rs:1: info: [4] no std imports (ok)
/home/milnes/projects/APAS-VERUS/src/Chap56/SSSPResultStPerF64.rs:1: info: [5] no vstd imports (ok)
/home/milnes/projects/APAS-VERUS/src/Chap56/SSSPResultStPerF64.rs:1: info: [11] Set/Seq usage has broadcast groups
/home/milnes/projects/APAS-VERUS/src/Chap56/SSSPResultStPerF64.rs:1: info: [12] all trait fns have specs
/home/milnes/projects/APAS-VERUS/src/Chap56/SSSPResultStPerF64.rs:1: info: [13] trait impls inside verus!
/home/milnes/projects/APAS-VERUS/src/Chap56/SSSPResultStPerF64.rs:1: info: [14] Debug, Display outside verus!
/home/milnes/projects/APAS-VERUS/src/Chap56/SSSPResultStPerF64.rs:1: info: [15] no PartialEq/Eq/Clone/Hash/Ord impls (ok)
/home/milnes/projects/APAS-VERUS/src/Chap56/SSSPResultStPerF64.rs:1: info: [16] no Lit macro definitions (ok)
/home/milnes/projects/APAS-VERUS/src/Chap56/SSSPResultStPerF64.rs:1: info: [17] no collection structs (ok)
/home/milnes/projects/APAS-VERUS/src/Chap56/SSSPResultStPerF64.rs:1: info: [18] definition order correct
/home/milnes/projects/APAS-VERUS/src/Chap56/SSSPResultStPerF64.rs:1: info: [19] no generic return names
/home/milnes/projects/APAS-VERUS/src/Chap56/SSSPResultStPerF64.rs:1: info: [20] all traits have impls
/home/milnes/projects/APAS-VERUS/src/Chap56/SSSPResultStPerF64.rs:1: info: [21] broadcast use: vstd:: before crate::
/home/milnes/projects/APAS-VERUS/src/Chap56/SSSPResultStPerF64.rs:1: info: [22:exec] exec fns: all in traits
/home/milnes/projects/APAS-VERUS/src/Chap56/SSSPResultStPerF64.rs:1: info: [22:proof] proof fns: all in traits
/home/milnes/projects/APAS-VERUS/src/Chap56/SSSPResultStPerF64.rs:1: info: [22:spec] spec fns: all in traits as abstract signatures
/home/milnes/projects/APAS-VERUS/src/Chap56/SSSPResultStPerF64.rs:1: info: [23a] spec/proof fn looser bounds: N/A
/home/milnes/projects/APAS-VERUS/src/Chap56/SSSPResultStPerF64.rs:1: info: [23b] free fn stricter bounds: N/A
/home/milnes/projects/APAS-VERUS/src/Chap56/SSSPResultStPerF64.rs:1: warning: [24] missing or incorrect copyright line; expected: //! Copyright (C) 2025 Acar, Blelloch and Milnes from 'Algorithms Parallel and Sequential'.

/home/milnes/projects/APAS-VERUS/src/Chap56/SSSPResultStPerI64.rs:
/home/milnes/projects/APAS-VERUS/src/Chap56/SSSPResultStPerI64.rs:1: info: [1] has mod declarations
/home/milnes/projects/APAS-VERUS/src/Chap56/SSSPResultStPerI64.rs:1: info: [2] vstd::prelude::* before verus!
/home/milnes/projects/APAS-VERUS/src/Chap56/SSSPResultStPerI64.rs:1: info: [3] has verus! macro
/home/milnes/projects/APAS-VERUS/src/Chap56/SSSPResultStPerI64.rs:1: info: [4] no std imports (ok)
/home/milnes/projects/APAS-VERUS/src/Chap56/SSSPResultStPerI64.rs:1: info: [5] no vstd imports (ok)
/home/milnes/projects/APAS-VERUS/src/Chap56/SSSPResultStPerI64.rs:1: info: [11] Set/Seq usage has broadcast groups
/home/milnes/projects/APAS-VERUS/src/Chap56/SSSPResultStPerI64.rs:1: info: [12] all trait fns have specs
/home/milnes/projects/APAS-VERUS/src/Chap56/SSSPResultStPerI64.rs:1: info: [13] trait impls inside verus!
/home/milnes/projects/APAS-VERUS/src/Chap56/SSSPResultStPerI64.rs:1: info: [14] Debug, Display outside verus!
/home/milnes/projects/APAS-VERUS/src/Chap56/SSSPResultStPerI64.rs:1: info: [15] no PartialEq/Eq/Clone/Hash/Ord impls (ok)
/home/milnes/projects/APAS-VERUS/src/Chap56/SSSPResultStPerI64.rs:1: info: [16] no Lit macro definitions (ok)
/home/milnes/projects/APAS-VERUS/src/Chap56/SSSPResultStPerI64.rs:1: info: [17] no collection structs (ok)
/home/milnes/projects/APAS-VERUS/src/Chap56/SSSPResultStPerI64.rs:1: info: [18] definition order correct
/home/milnes/projects/APAS-VERUS/src/Chap56/SSSPResultStPerI64.rs:1: info: [19] no generic return names
/home/milnes/projects/APAS-VERUS/src/Chap56/SSSPResultStPerI64.rs:1: info: [20] all traits have impls
/home/milnes/projects/APAS-VERUS/src/Chap56/SSSPResultStPerI64.rs:1: info: [21] no broadcast use entries
/home/milnes/projects/APAS-VERUS/src/Chap56/SSSPResultStPerI64.rs:1: info: [22:exec] exec fns: all in traits
/home/milnes/projects/APAS-VERUS/src/Chap56/SSSPResultStPerI64.rs:1: info: [22:proof] proof fns: all in traits
/home/milnes/projects/APAS-VERUS/src/Chap56/SSSPResultStPerI64.rs:1: info: [22:spec] spec fns: all in traits as abstract signatures
/home/milnes/projects/APAS-VERUS/src/Chap56/SSSPResultStPerI64.rs:1: info: [23a] spec/proof fn looser bounds: N/A
/home/milnes/projects/APAS-VERUS/src/Chap56/SSSPResultStPerI64.rs:1: info: [23b] free fn stricter bounds: N/A
/home/milnes/projects/APAS-VERUS/src/Chap56/SSSPResultStPerI64.rs:1: warning: [24] missing or incorrect copyright line; expected: //! Copyright (C) 2025 Acar, Blelloch and Milnes from 'Algorithms Parallel and Sequential'.

/home/milnes/projects/APAS-VERUS/src/Chap57/DijkstraStEphF64.rs:
/home/milnes/projects/APAS-VERUS/src/Chap57/DijkstraStEphF64.rs:1: info: [1] has mod declarations
/home/milnes/projects/APAS-VERUS/src/Chap57/DijkstraStEphF64.rs:1: info: [2] vstd::prelude::* before verus!
/home/milnes/projects/APAS-VERUS/src/Chap57/DijkstraStEphF64.rs:1: info: [3] has verus! macro
/home/milnes/projects/APAS-VERUS/src/Chap57/DijkstraStEphF64.rs:1: info: [4] std imports grouped with trailing blank
/home/milnes/projects/APAS-VERUS/src/Chap57/DijkstraStEphF64.rs:1: info: [5] vstd imports grouped with trailing blank
/home/milnes/projects/APAS-VERUS/src/Chap57/DijkstraStEphF64.rs:1: info: [12] all trait fns have specs
/home/milnes/projects/APAS-VERUS/src/Chap57/DijkstraStEphF64.rs:1: info: [13] trait impls inside verus!
/home/milnes/projects/APAS-VERUS/src/Chap57/DijkstraStEphF64.rs:1: info: [14] Debug, Display outside verus!
/home/milnes/projects/APAS-VERUS/src/Chap57/DijkstraStEphF64.rs:1: info: [15] Ord, PartialOrd, Clone inside verus!
/home/milnes/projects/APAS-VERUS/src/Chap57/DijkstraStEphF64.rs:1: info: [16] no Lit macro definitions (ok)
/home/milnes/projects/APAS-VERUS/src/Chap57/DijkstraStEphF64.rs:1: info: [17] no collection structs (ok)
/home/milnes/projects/APAS-VERUS/src/Chap57/DijkstraStEphF64.rs:1: info: [19] no generic return names
/home/milnes/projects/APAS-VERUS/src/Chap57/DijkstraStEphF64.rs:1: info: [21] broadcast use: vstd:: before crate::
/home/milnes/projects/APAS-VERUS/src/Chap57/DijkstraStEphF64.rs:1: info: [22:proof] proof fns: all in traits
/home/milnes/projects/APAS-VERUS/src/Chap57/DijkstraStEphF64.rs:1: info: [22:spec] spec fns: all in traits as abstract signatures
/home/milnes/projects/APAS-VERUS/src/Chap57/DijkstraStEphF64.rs:1: info: [22a:exec] free fn pq_entry_new correctly free (Standard 19)
/home/milnes/projects/APAS-VERUS/src/Chap57/DijkstraStEphF64.rs:1: info: [22a:exec] free fn dijkstra correctly free (Standard 19)
/home/milnes/projects/APAS-VERUS/src/Chap57/DijkstraStEphF64.rs:1: info: [23a] spec/proof fn looser bounds: N/A
/home/milnes/projects/APAS-VERUS/src/Chap57/DijkstraStEphF64.rs:1: info: [23b] free fn stricter bounds: N/A
/home/milnes/projects/APAS-VERUS/src/Chap57/DijkstraStEphF64.rs:1: warning: [11] Set usage should have vstd::set::group_set_axioms in broadcast use
/home/milnes/projects/APAS-VERUS/src/Chap57/DijkstraStEphF64.rs:142: warning: [18] impl TotalOrder for PQEntry should come before derive impls in verus! (expected impls before derive impls in verus!)
/home/milnes/projects/APAS-VERUS/src/Chap57/DijkstraStEphF64.rs:185: warning: [18] fn dijkstra should come before derive impls in verus! (expected impls before derive impls in verus!)
/home/milnes/projects/APAS-VERUS/src/Chap57/DijkstraStEphF64.rs:89: warning: [20] trait DijkstraStEphF64Trait is defined but has no impl
/home/milnes/projects/APAS-VERUS/src/Chap57/DijkstraStEphF64.rs:1: warning: [24] missing or incorrect copyright line; expected: //! Copyright (C) 2025 Acar, Blelloch and Milnes from 'Algorithms Parallel and Sequential'.

/home/milnes/projects/APAS-VERUS/src/Chap57/DijkstraStEphU64.rs:
/home/milnes/projects/APAS-VERUS/src/Chap57/DijkstraStEphU64.rs:1: info: [1] has mod declarations
/home/milnes/projects/APAS-VERUS/src/Chap57/DijkstraStEphU64.rs:1: info: [2] vstd::prelude::* before verus!
/home/milnes/projects/APAS-VERUS/src/Chap57/DijkstraStEphU64.rs:1: info: [3] has verus! macro
/home/milnes/projects/APAS-VERUS/src/Chap57/DijkstraStEphU64.rs:1: info: [4] std imports grouped with trailing blank
/home/milnes/projects/APAS-VERUS/src/Chap57/DijkstraStEphU64.rs:1: info: [5] vstd imports grouped with trailing blank
/home/milnes/projects/APAS-VERUS/src/Chap57/DijkstraStEphU64.rs:1: info: [12] all trait fns have specs
/home/milnes/projects/APAS-VERUS/src/Chap57/DijkstraStEphU64.rs:1: info: [13] trait impls inside verus!
/home/milnes/projects/APAS-VERUS/src/Chap57/DijkstraStEphU64.rs:1: info: [14] Debug, Display outside verus!
/home/milnes/projects/APAS-VERUS/src/Chap57/DijkstraStEphU64.rs:1: info: [15] Ord, PartialOrd, Clone inside verus!
/home/milnes/projects/APAS-VERUS/src/Chap57/DijkstraStEphU64.rs:1: info: [16] no Lit macro definitions (ok)
/home/milnes/projects/APAS-VERUS/src/Chap57/DijkstraStEphU64.rs:1: info: [17] no collection structs (ok)
/home/milnes/projects/APAS-VERUS/src/Chap57/DijkstraStEphU64.rs:1: info: [19] no generic return names
/home/milnes/projects/APAS-VERUS/src/Chap57/DijkstraStEphU64.rs:1: info: [21] broadcast use: vstd:: before crate::
/home/milnes/projects/APAS-VERUS/src/Chap57/DijkstraStEphU64.rs:1: info: [22:proof] proof fns: all in traits
/home/milnes/projects/APAS-VERUS/src/Chap57/DijkstraStEphU64.rs:1: info: [22:spec] spec fns: all in traits as abstract signatures
/home/milnes/projects/APAS-VERUS/src/Chap57/DijkstraStEphU64.rs:1: info: [22a:exec] free fn pq_entry_new correctly free (Standard 19)
/home/milnes/projects/APAS-VERUS/src/Chap57/DijkstraStEphU64.rs:1: info: [22a:exec] free fn dijkstra correctly free (Standard 19)
/home/milnes/projects/APAS-VERUS/src/Chap57/DijkstraStEphU64.rs:1: info: [23a] spec/proof fn looser bounds: N/A
/home/milnes/projects/APAS-VERUS/src/Chap57/DijkstraStEphU64.rs:1: info: [23b] free fn stricter bounds: N/A
/home/milnes/projects/APAS-VERUS/src/Chap57/DijkstraStEphU64.rs:1: warning: [11] Set usage should have vstd::set::group_set_axioms in broadcast use
/home/milnes/projects/APAS-VERUS/src/Chap57/DijkstraStEphU64.rs:136: warning: [18] impl TotalOrder for PQEntry should come before derive impls in verus! (expected impls before derive impls in verus!)
/home/milnes/projects/APAS-VERUS/src/Chap57/DijkstraStEphU64.rs:171: warning: [18] fn dijkstra should come before derive impls in verus! (expected impls before derive impls in verus!)
/home/milnes/projects/APAS-VERUS/src/Chap57/DijkstraStEphU64.rs:85: warning: [20] trait DijkstraStEphU64Trait is defined but has no impl
/home/milnes/projects/APAS-VERUS/src/Chap57/DijkstraStEphU64.rs:1: warning: [24] missing or incorrect copyright line; expected: //! Copyright (C) 2025 Acar, Blelloch and Milnes from 'Algorithms Parallel and Sequential'.

/home/milnes/projects/APAS-VERUS/src/Chap57/StackStEph.rs:
/home/milnes/projects/APAS-VERUS/src/Chap57/StackStEph.rs:1: info: [1] has mod declarations
/home/milnes/projects/APAS-VERUS/src/Chap57/StackStEph.rs:1: info: [2] vstd::prelude::* before verus!
/home/milnes/projects/APAS-VERUS/src/Chap57/StackStEph.rs:1: info: [3] has verus! macro
/home/milnes/projects/APAS-VERUS/src/Chap57/StackStEph.rs:1: info: [4] no std imports (ok)
/home/milnes/projects/APAS-VERUS/src/Chap57/StackStEph.rs:1: info: [5] no vstd imports (ok)
/home/milnes/projects/APAS-VERUS/src/Chap57/StackStEph.rs:1: info: [11] Set/Seq usage has broadcast groups
/home/milnes/projects/APAS-VERUS/src/Chap57/StackStEph.rs:1: info: [12] all trait fns have specs
/home/milnes/projects/APAS-VERUS/src/Chap57/StackStEph.rs:1: info: [13] trait impls inside verus!
/home/milnes/projects/APAS-VERUS/src/Chap57/StackStEph.rs:1: info: [14] Debug, Display outside verus!
/home/milnes/projects/APAS-VERUS/src/Chap57/StackStEph.rs:1: info: [15] Clone inside verus!
/home/milnes/projects/APAS-VERUS/src/Chap57/StackStEph.rs:1: info: [16] no Lit macro definitions (ok)
/home/milnes/projects/APAS-VERUS/src/Chap57/StackStEph.rs:1: info: [18] definition order correct
/home/milnes/projects/APAS-VERUS/src/Chap57/StackStEph.rs:1: info: [19] no generic return names
/home/milnes/projects/APAS-VERUS/src/Chap57/StackStEph.rs:1: info: [20] all traits have impls
/home/milnes/projects/APAS-VERUS/src/Chap57/StackStEph.rs:1: info: [21] broadcast use: vstd:: before crate::
/home/milnes/projects/APAS-VERUS/src/Chap57/StackStEph.rs:1: info: [22:exec] exec fns: all in traits
/home/milnes/projects/APAS-VERUS/src/Chap57/StackStEph.rs:1: info: [22:proof] proof fns: all in traits
/home/milnes/projects/APAS-VERUS/src/Chap57/StackStEph.rs:1: info: [22:spec] spec fns: all in traits as abstract signatures
/home/milnes/projects/APAS-VERUS/src/Chap57/StackStEph.rs:1: info: [23a] spec/proof fn looser bounds: N/A
/home/milnes/projects/APAS-VERUS/src/Chap57/StackStEph.rs:1: info: [23b] free fn stricter bounds: N/A
/home/milnes/projects/APAS-VERUS/src/Chap57/StackStEph.rs:1: warning: [17] collection StackStEph should have an Iterator impl
/home/milnes/projects/APAS-VERUS/src/Chap57/StackStEph.rs:1: warning: [17] collection StackStEph should have an IntoIterator impl
/home/milnes/projects/APAS-VERUS/src/Chap57/StackStEph.rs:1: warning: [17] collection should have proof test: /home/milnes/projects/APAS-VERUS/rust_verify_test/tests/Chap57/ProveStackStEph.rs
/home/milnes/projects/APAS-VERUS/src/Chap57/StackStEph.rs:1: warning: [24] missing or incorrect copyright line; expected: //! Copyright (C) 2025 Acar, Blelloch and Milnes from 'Algorithms Parallel and Sequential'.

/home/milnes/projects/APAS-VERUS/src/Chap58/BellmanFordStEphF64.rs:
/home/milnes/projects/APAS-VERUS/src/Chap58/BellmanFordStEphF64.rs:1: info: [1] has mod declarations
/home/milnes/projects/APAS-VERUS/src/Chap58/BellmanFordStEphF64.rs:1: info: [2] vstd::prelude::* before verus!
/home/milnes/projects/APAS-VERUS/src/Chap58/BellmanFordStEphF64.rs:1: info: [3] has verus! macro
/home/milnes/projects/APAS-VERUS/src/Chap58/BellmanFordStEphF64.rs:1: info: [4] no std imports (ok)
/home/milnes/projects/APAS-VERUS/src/Chap58/BellmanFordStEphF64.rs:1: info: [5] vstd imports grouped with trailing blank
/home/milnes/projects/APAS-VERUS/src/Chap58/BellmanFordStEphF64.rs:1: info: [11] no Set/Seq usage (ok)
/home/milnes/projects/APAS-VERUS/src/Chap58/BellmanFordStEphF64.rs:1: info: [12] all trait fns have specs
/home/milnes/projects/APAS-VERUS/src/Chap58/BellmanFordStEphF64.rs:1: info: [13] no non-derive trait impls (ok)
/home/milnes/projects/APAS-VERUS/src/Chap58/BellmanFordStEphF64.rs:1: info: [14] Debug, Display outside verus!
/home/milnes/projects/APAS-VERUS/src/Chap58/BellmanFordStEphF64.rs:1: info: [15] no PartialEq/Eq/Clone/Hash/Ord impls (ok)
/home/milnes/projects/APAS-VERUS/src/Chap58/BellmanFordStEphF64.rs:1: info: [16] no Lit macro definitions (ok)
/home/milnes/projects/APAS-VERUS/src/Chap58/BellmanFordStEphF64.rs:1: info: [17] no collection structs (ok)
/home/milnes/projects/APAS-VERUS/src/Chap58/BellmanFordStEphF64.rs:1: info: [18] definition order correct
/home/milnes/projects/APAS-VERUS/src/Chap58/BellmanFordStEphF64.rs:1: info: [19] no generic return names
/home/milnes/projects/APAS-VERUS/src/Chap58/BellmanFordStEphF64.rs:1: info: [21] broadcast use: vstd:: before crate::
/home/milnes/projects/APAS-VERUS/src/Chap58/BellmanFordStEphF64.rs:1: info: [22:proof] proof fns: all in traits
/home/milnes/projects/APAS-VERUS/src/Chap58/BellmanFordStEphF64.rs:1: info: [22:spec] spec fns: all in traits as abstract signatures
/home/milnes/projects/APAS-VERUS/src/Chap58/BellmanFordStEphF64.rs:1: info: [22a:exec] free fn reconstruct_predecessors correctly free (Standard 19)
/home/milnes/projects/APAS-VERUS/src/Chap58/BellmanFordStEphF64.rs:1: info: [22a:exec] free fn bellman_ford correctly free (Standard 19)
/home/milnes/projects/APAS-VERUS/src/Chap58/BellmanFordStEphF64.rs:1: info: [23a] spec/proof fn looser bounds: N/A
/home/milnes/projects/APAS-VERUS/src/Chap58/BellmanFordStEphF64.rs:1: info: [23b] free fn stricter bounds: N/A
/home/milnes/projects/APAS-VERUS/src/Chap58/BellmanFordStEphF64.rs:59: warning: [20] trait BellmanFordStEphF64Trait is defined but has no impl
/home/milnes/projects/APAS-VERUS/src/Chap58/BellmanFordStEphF64.rs:1: warning: [24] missing or incorrect copyright line; expected: //! Copyright (C) 2025 Acar, Blelloch and Milnes from 'Algorithms Parallel and Sequential'.

/home/milnes/projects/APAS-VERUS/src/Chap58/BellmanFordStEphI64.rs:
/home/milnes/projects/APAS-VERUS/src/Chap58/BellmanFordStEphI64.rs:1: info: [1] has mod declarations
/home/milnes/projects/APAS-VERUS/src/Chap58/BellmanFordStEphI64.rs:1: info: [2] vstd::prelude::* before verus!
/home/milnes/projects/APAS-VERUS/src/Chap58/BellmanFordStEphI64.rs:1: info: [3] has verus! macro
/home/milnes/projects/APAS-VERUS/src/Chap58/BellmanFordStEphI64.rs:1: info: [4] no std imports (ok)
/home/milnes/projects/APAS-VERUS/src/Chap58/BellmanFordStEphI64.rs:1: info: [5] vstd imports grouped with trailing blank
/home/milnes/projects/APAS-VERUS/src/Chap58/BellmanFordStEphI64.rs:1: info: [11] no Set/Seq usage (ok)
/home/milnes/projects/APAS-VERUS/src/Chap58/BellmanFordStEphI64.rs:1: info: [12] all trait fns have specs
/home/milnes/projects/APAS-VERUS/src/Chap58/BellmanFordStEphI64.rs:1: info: [13] no non-derive trait impls (ok)
/home/milnes/projects/APAS-VERUS/src/Chap58/BellmanFordStEphI64.rs:1: info: [14] Debug, Display outside verus!
/home/milnes/projects/APAS-VERUS/src/Chap58/BellmanFordStEphI64.rs:1: info: [15] no PartialEq/Eq/Clone/Hash/Ord impls (ok)
/home/milnes/projects/APAS-VERUS/src/Chap58/BellmanFordStEphI64.rs:1: info: [16] no Lit macro definitions (ok)
/home/milnes/projects/APAS-VERUS/src/Chap58/BellmanFordStEphI64.rs:1: info: [17] no collection structs (ok)
/home/milnes/projects/APAS-VERUS/src/Chap58/BellmanFordStEphI64.rs:1: info: [18] definition order correct
/home/milnes/projects/APAS-VERUS/src/Chap58/BellmanFordStEphI64.rs:1: info: [19] no generic return names
/home/milnes/projects/APAS-VERUS/src/Chap58/BellmanFordStEphI64.rs:1: info: [21] broadcast use: vstd:: before crate::
/home/milnes/projects/APAS-VERUS/src/Chap58/BellmanFordStEphI64.rs:1: info: [22:proof] proof fns: all in traits
/home/milnes/projects/APAS-VERUS/src/Chap58/BellmanFordStEphI64.rs:1: info: [22:spec] spec fns: all in traits as abstract signatures
/home/milnes/projects/APAS-VERUS/src/Chap58/BellmanFordStEphI64.rs:1: info: [22a:exec] free fn clamp_weight correctly free (Standard 19)
/home/milnes/projects/APAS-VERUS/src/Chap58/BellmanFordStEphI64.rs:1: info: [22a:exec] free fn add_distance correctly free (Standard 19)
/home/milnes/projects/APAS-VERUS/src/Chap58/BellmanFordStEphI64.rs:1: info: [22a:exec] free fn reconstruct_predecessors correctly free (Standard 19)
/home/milnes/projects/APAS-VERUS/src/Chap58/BellmanFordStEphI64.rs:1: info: [22a:exec] free fn bellman_ford correctly free (Standard 19)
/home/milnes/projects/APAS-VERUS/src/Chap58/BellmanFordStEphI64.rs:1: info: [23a] spec/proof fn looser bounds: N/A
/home/milnes/projects/APAS-VERUS/src/Chap58/BellmanFordStEphI64.rs:1: info: [23b] free fn stricter bounds: N/A
/home/milnes/projects/APAS-VERUS/src/Chap58/BellmanFordStEphI64.rs:56: warning: [20] trait BellmanFordStEphI64Trait is defined but has no impl
/home/milnes/projects/APAS-VERUS/src/Chap58/BellmanFordStEphI64.rs:1: warning: [24] missing or incorrect copyright line; expected: //! Copyright (C) 2025 Acar, Blelloch and Milnes from 'Algorithms Parallel and Sequential'.

/home/milnes/projects/APAS-VERUS/src/Chap59/JohnsonMtEphF64.rs:
/home/milnes/projects/APAS-VERUS/src/Chap59/JohnsonMtEphF64.rs:1: info: [1] has mod declarations
/home/milnes/projects/APAS-VERUS/src/Chap59/JohnsonMtEphF64.rs:1: info: [2] vstd::prelude::* before verus!
/home/milnes/projects/APAS-VERUS/src/Chap59/JohnsonMtEphF64.rs:1: info: [3] has verus! macro
/home/milnes/projects/APAS-VERUS/src/Chap59/JohnsonMtEphF64.rs:1: info: [4] no std imports (ok)
/home/milnes/projects/APAS-VERUS/src/Chap59/JohnsonMtEphF64.rs:1: info: [5] no vstd imports (ok)
/home/milnes/projects/APAS-VERUS/src/Chap59/JohnsonMtEphF64.rs:1: info: [11] no Set/Seq usage (ok)
/home/milnes/projects/APAS-VERUS/src/Chap59/JohnsonMtEphF64.rs:1: info: [12] all trait fns have specs
/home/milnes/projects/APAS-VERUS/src/Chap59/JohnsonMtEphF64.rs:1: info: [13] no non-derive trait impls (ok)
/home/milnes/projects/APAS-VERUS/src/Chap59/JohnsonMtEphF64.rs:1: info: [14] no Debug/Display impls (ok)
/home/milnes/projects/APAS-VERUS/src/Chap59/JohnsonMtEphF64.rs:1: info: [15] no PartialEq/Eq/Clone/Hash/Ord impls (ok)
/home/milnes/projects/APAS-VERUS/src/Chap59/JohnsonMtEphF64.rs:1: info: [16] no Lit macro definitions (ok)
/home/milnes/projects/APAS-VERUS/src/Chap59/JohnsonMtEphF64.rs:1: info: [17] no collection structs (ok)
/home/milnes/projects/APAS-VERUS/src/Chap59/JohnsonMtEphF64.rs:1: info: [18] definition order correct
/home/milnes/projects/APAS-VERUS/src/Chap59/JohnsonMtEphF64.rs:1: info: [19] no generic return names
/home/milnes/projects/APAS-VERUS/src/Chap59/JohnsonMtEphF64.rs:1: info: [21] broadcast use: vstd:: before crate::
/home/milnes/projects/APAS-VERUS/src/Chap59/JohnsonMtEphF64.rs:1: info: [22:proof] proof fns: all in traits
/home/milnes/projects/APAS-VERUS/src/Chap59/JohnsonMtEphF64.rs:1: info: [22:spec] spec fns: all in traits as abstract signatures
/home/milnes/projects/APAS-VERUS/src/Chap59/JohnsonMtEphF64.rs:1: info: [22a:exec] free fn adjust_distance correctly free (Standard 19)
/home/milnes/projects/APAS-VERUS/src/Chap59/JohnsonMtEphF64.rs:1: info: [22a:exec] free fn johnson_apsp correctly free (Standard 19)
/home/milnes/projects/APAS-VERUS/src/Chap59/JohnsonMtEphF64.rs:1: info: [22a:exec] free fn parallel_dijkstra_all correctly free (Standard 19)
/home/milnes/projects/APAS-VERUS/src/Chap59/JohnsonMtEphF64.rs:1: info: [22a:exec] free fn add_dummy_source correctly free (Standard 19)
/home/milnes/projects/APAS-VERUS/src/Chap59/JohnsonMtEphF64.rs:1: info: [22a:exec] free fn reweight_graph correctly free (Standard 19)
/home/milnes/projects/APAS-VERUS/src/Chap59/JohnsonMtEphF64.rs:1: info: [22a:exec] free fn create_negative_cycle_result correctly free (Standard 19)
/home/milnes/projects/APAS-VERUS/src/Chap59/JohnsonMtEphF64.rs:1: info: [23a] spec/proof fn looser bounds: N/A
/home/milnes/projects/APAS-VERUS/src/Chap59/JohnsonMtEphF64.rs:1: info: [23b] free fn stricter bounds: N/A
/home/milnes/projects/APAS-VERUS/src/Chap59/JohnsonMtEphF64.rs:70: warning: [20] trait JohnsonMtEphF64Trait is defined but has no impl
/home/milnes/projects/APAS-VERUS/src/Chap59/JohnsonMtEphF64.rs:1: warning: [24] missing or incorrect copyright line; expected: //! Copyright (C) 2025 Acar, Blelloch and Milnes from 'Algorithms Parallel and Sequential'.

/home/milnes/projects/APAS-VERUS/src/Chap59/JohnsonMtEphI64.rs:
/home/milnes/projects/APAS-VERUS/src/Chap59/JohnsonMtEphI64.rs:1: info: [1] has mod declarations
/home/milnes/projects/APAS-VERUS/src/Chap59/JohnsonMtEphI64.rs:1: info: [2] vstd::prelude::* before verus!
/home/milnes/projects/APAS-VERUS/src/Chap59/JohnsonMtEphI64.rs:1: info: [3] has verus! macro
/home/milnes/projects/APAS-VERUS/src/Chap59/JohnsonMtEphI64.rs:1: info: [4] no std imports (ok)
/home/milnes/projects/APAS-VERUS/src/Chap59/JohnsonMtEphI64.rs:1: info: [5] no vstd imports (ok)
/home/milnes/projects/APAS-VERUS/src/Chap59/JohnsonMtEphI64.rs:1: info: [11] no Set/Seq usage (ok)
/home/milnes/projects/APAS-VERUS/src/Chap59/JohnsonMtEphI64.rs:1: info: [12] all trait fns have specs
/home/milnes/projects/APAS-VERUS/src/Chap59/JohnsonMtEphI64.rs:1: info: [13] no non-derive trait impls (ok)
/home/milnes/projects/APAS-VERUS/src/Chap59/JohnsonMtEphI64.rs:1: info: [14] no Debug/Display impls (ok)
/home/milnes/projects/APAS-VERUS/src/Chap59/JohnsonMtEphI64.rs:1: info: [15] no PartialEq/Eq/Clone/Hash/Ord impls (ok)
/home/milnes/projects/APAS-VERUS/src/Chap59/JohnsonMtEphI64.rs:1: info: [16] no Lit macro definitions (ok)
/home/milnes/projects/APAS-VERUS/src/Chap59/JohnsonMtEphI64.rs:1: info: [17] no collection structs (ok)
/home/milnes/projects/APAS-VERUS/src/Chap59/JohnsonMtEphI64.rs:1: info: [18] definition order correct
/home/milnes/projects/APAS-VERUS/src/Chap59/JohnsonMtEphI64.rs:1: info: [19] no generic return names
/home/milnes/projects/APAS-VERUS/src/Chap59/JohnsonMtEphI64.rs:1: info: [21] no broadcast use entries
/home/milnes/projects/APAS-VERUS/src/Chap59/JohnsonMtEphI64.rs:1: info: [22:proof] proof fns: all in traits
/home/milnes/projects/APAS-VERUS/src/Chap59/JohnsonMtEphI64.rs:1: info: [22:spec] spec fns: all in traits as abstract signatures
/home/milnes/projects/APAS-VERUS/src/Chap59/JohnsonMtEphI64.rs:1: info: [22a:exec] free fn adjust_distance correctly free (Standard 19)
/home/milnes/projects/APAS-VERUS/src/Chap59/JohnsonMtEphI64.rs:1: info: [22a:exec] free fn johnson_apsp correctly free (Standard 19)
/home/milnes/projects/APAS-VERUS/src/Chap59/JohnsonMtEphI64.rs:1: info: [22a:exec] free fn parallel_dijkstra_all correctly free (Standard 19)
/home/milnes/projects/APAS-VERUS/src/Chap59/JohnsonMtEphI64.rs:1: info: [22a:exec] free fn add_dummy_source correctly free (Standard 19)
/home/milnes/projects/APAS-VERUS/src/Chap59/JohnsonMtEphI64.rs:1: info: [22a:exec] free fn reweight_graph correctly free (Standard 19)
/home/milnes/projects/APAS-VERUS/src/Chap59/JohnsonMtEphI64.rs:1: info: [22a:exec] free fn create_negative_cycle_result correctly free (Standard 19)
/home/milnes/projects/APAS-VERUS/src/Chap59/JohnsonMtEphI64.rs:1: info: [23a] spec/proof fn looser bounds: N/A
/home/milnes/projects/APAS-VERUS/src/Chap59/JohnsonMtEphI64.rs:1: info: [23b] free fn stricter bounds: N/A
/home/milnes/projects/APAS-VERUS/src/Chap59/JohnsonMtEphI64.rs:58: warning: [20] trait JohnsonMtEphI64Trait is defined but has no impl
/home/milnes/projects/APAS-VERUS/src/Chap59/JohnsonMtEphI64.rs:1: warning: [24] missing or incorrect copyright line; expected: //! Copyright (C) 2025 Acar, Blelloch and Milnes from 'Algorithms Parallel and Sequential'.

/home/milnes/projects/APAS-VERUS/src/Chap59/JohnsonStEphF64.rs:
/home/milnes/projects/APAS-VERUS/src/Chap59/JohnsonStEphF64.rs:1: info: [1] has mod declarations
/home/milnes/projects/APAS-VERUS/src/Chap59/JohnsonStEphF64.rs:1: info: [2] vstd::prelude::* before verus!
/home/milnes/projects/APAS-VERUS/src/Chap59/JohnsonStEphF64.rs:1: info: [3] has verus! macro
/home/milnes/projects/APAS-VERUS/src/Chap59/JohnsonStEphF64.rs:1: info: [4] no std imports (ok)
/home/milnes/projects/APAS-VERUS/src/Chap59/JohnsonStEphF64.rs:1: info: [5] vstd imports grouped with trailing blank
/home/milnes/projects/APAS-VERUS/src/Chap59/JohnsonStEphF64.rs:1: info: [11] no Set/Seq usage (ok)
/home/milnes/projects/APAS-VERUS/src/Chap59/JohnsonStEphF64.rs:1: info: [12] all trait fns have specs
/home/milnes/projects/APAS-VERUS/src/Chap59/JohnsonStEphF64.rs:1: info: [13] no non-derive trait impls (ok)
/home/milnes/projects/APAS-VERUS/src/Chap59/JohnsonStEphF64.rs:1: info: [14] no Debug/Display impls (ok)
/home/milnes/projects/APAS-VERUS/src/Chap59/JohnsonStEphF64.rs:1: info: [15] no PartialEq/Eq/Clone/Hash/Ord impls (ok)
/home/milnes/projects/APAS-VERUS/src/Chap59/JohnsonStEphF64.rs:1: info: [16] no Lit macro definitions (ok)
/home/milnes/projects/APAS-VERUS/src/Chap59/JohnsonStEphF64.rs:1: info: [17] no collection structs (ok)
/home/milnes/projects/APAS-VERUS/src/Chap59/JohnsonStEphF64.rs:1: info: [18] definition order correct
/home/milnes/projects/APAS-VERUS/src/Chap59/JohnsonStEphF64.rs:1: info: [19] no generic return names
/home/milnes/projects/APAS-VERUS/src/Chap59/JohnsonStEphF64.rs:1: info: [21] broadcast use: vstd:: before crate::
/home/milnes/projects/APAS-VERUS/src/Chap59/JohnsonStEphF64.rs:1: info: [22:proof] proof fns: all in traits
/home/milnes/projects/APAS-VERUS/src/Chap59/JohnsonStEphF64.rs:1: info: [22:spec] spec fns: all in traits as abstract signatures
/home/milnes/projects/APAS-VERUS/src/Chap59/JohnsonStEphF64.rs:1: info: [22a:exec] free fn adjust_distance correctly free (Standard 19)
/home/milnes/projects/APAS-VERUS/src/Chap59/JohnsonStEphF64.rs:1: info: [22a:exec] free fn reweight_edge correctly free (Standard 19)
/home/milnes/projects/APAS-VERUS/src/Chap59/JohnsonStEphF64.rs:1: info: [22a:exec] free fn build_vertex_set correctly free (Standard 19)
/home/milnes/projects/APAS-VERUS/src/Chap59/JohnsonStEphF64.rs:1: info: [22a:exec] free fn add_dummy_source correctly free (Standard 19)
/home/milnes/projects/APAS-VERUS/src/Chap59/JohnsonStEphF64.rs:1: info: [22a:exec] free fn reweight_graph correctly free (Standard 19)
/home/milnes/projects/APAS-VERUS/src/Chap59/JohnsonStEphF64.rs:1: info: [22a:exec] free fn create_negative_cycle_result correctly free (Standard 19)
/home/milnes/projects/APAS-VERUS/src/Chap59/JohnsonStEphF64.rs:1: info: [22a:exec] free fn johnson_apsp correctly free (Standard 19)
/home/milnes/projects/APAS-VERUS/src/Chap59/JohnsonStEphF64.rs:1: info: [23a] spec/proof fn looser bounds: N/A
/home/milnes/projects/APAS-VERUS/src/Chap59/JohnsonStEphF64.rs:1: info: [23b] free fn stricter bounds: N/A
/home/milnes/projects/APAS-VERUS/src/Chap59/JohnsonStEphF64.rs:65: warning: [20] trait JohnsonStEphF64Trait is defined but has no impl
/home/milnes/projects/APAS-VERUS/src/Chap59/JohnsonStEphF64.rs:1: warning: [24] missing or incorrect copyright line; expected: //! Copyright (C) 2025 Acar, Blelloch and Milnes from 'Algorithms Parallel and Sequential'.

/home/milnes/projects/APAS-VERUS/src/Chap59/JohnsonStEphI64.rs:
/home/milnes/projects/APAS-VERUS/src/Chap59/JohnsonStEphI64.rs:1: info: [1] has mod declarations
/home/milnes/projects/APAS-VERUS/src/Chap59/JohnsonStEphI64.rs:1: info: [2] vstd::prelude::* before verus!
/home/milnes/projects/APAS-VERUS/src/Chap59/JohnsonStEphI64.rs:1: info: [3] has verus! macro
/home/milnes/projects/APAS-VERUS/src/Chap59/JohnsonStEphI64.rs:1: info: [4] no std imports (ok)
/home/milnes/projects/APAS-VERUS/src/Chap59/JohnsonStEphI64.rs:1: info: [5] vstd imports grouped with trailing blank
/home/milnes/projects/APAS-VERUS/src/Chap59/JohnsonStEphI64.rs:1: info: [11] no Set/Seq usage (ok)
/home/milnes/projects/APAS-VERUS/src/Chap59/JohnsonStEphI64.rs:1: info: [12] all trait fns have specs
/home/milnes/projects/APAS-VERUS/src/Chap59/JohnsonStEphI64.rs:1: info: [13] no non-derive trait impls (ok)
/home/milnes/projects/APAS-VERUS/src/Chap59/JohnsonStEphI64.rs:1: info: [14] no Debug/Display impls (ok)
/home/milnes/projects/APAS-VERUS/src/Chap59/JohnsonStEphI64.rs:1: info: [15] no PartialEq/Eq/Clone/Hash/Ord impls (ok)
/home/milnes/projects/APAS-VERUS/src/Chap59/JohnsonStEphI64.rs:1: info: [16] no Lit macro definitions (ok)
/home/milnes/projects/APAS-VERUS/src/Chap59/JohnsonStEphI64.rs:1: info: [17] no collection structs (ok)
/home/milnes/projects/APAS-VERUS/src/Chap59/JohnsonStEphI64.rs:1: info: [18] definition order correct
/home/milnes/projects/APAS-VERUS/src/Chap59/JohnsonStEphI64.rs:1: info: [19] no generic return names
/home/milnes/projects/APAS-VERUS/src/Chap59/JohnsonStEphI64.rs:1: info: [21] broadcast use: vstd:: before crate::
/home/milnes/projects/APAS-VERUS/src/Chap59/JohnsonStEphI64.rs:1: info: [22:proof] proof fns: all in traits
/home/milnes/projects/APAS-VERUS/src/Chap59/JohnsonStEphI64.rs:1: info: [22:spec] spec fns: all in traits as abstract signatures
/home/milnes/projects/APAS-VERUS/src/Chap59/JohnsonStEphI64.rs:1: info: [22a:exec] free fn adjust_distance correctly free (Standard 19)
/home/milnes/projects/APAS-VERUS/src/Chap59/JohnsonStEphI64.rs:1: info: [22a:exec] free fn reweight_edge correctly free (Standard 19)
/home/milnes/projects/APAS-VERUS/src/Chap59/JohnsonStEphI64.rs:1: info: [22a:exec] free fn build_vertex_set correctly free (Standard 19)
/home/milnes/projects/APAS-VERUS/src/Chap59/JohnsonStEphI64.rs:1: info: [22a:exec] free fn add_dummy_source correctly free (Standard 19)
/home/milnes/projects/APAS-VERUS/src/Chap59/JohnsonStEphI64.rs:1: info: [22a:exec] free fn reweight_graph correctly free (Standard 19)
/home/milnes/projects/APAS-VERUS/src/Chap59/JohnsonStEphI64.rs:1: info: [22a:exec] free fn create_negative_cycle_result correctly free (Standard 19)
/home/milnes/projects/APAS-VERUS/src/Chap59/JohnsonStEphI64.rs:1: info: [22a:exec] free fn johnson_apsp correctly free (Standard 19)
/home/milnes/projects/APAS-VERUS/src/Chap59/JohnsonStEphI64.rs:1: info: [23a] spec/proof fn looser bounds: N/A
/home/milnes/projects/APAS-VERUS/src/Chap59/JohnsonStEphI64.rs:1: info: [23b] free fn stricter bounds: N/A
/home/milnes/projects/APAS-VERUS/src/Chap59/JohnsonStEphI64.rs:62: warning: [20] trait JohnsonStEphI64Trait is defined but has no impl
/home/milnes/projects/APAS-VERUS/src/Chap59/JohnsonStEphI64.rs:1: warning: [24] missing or incorrect copyright line; expected: //! Copyright (C) 2025 Acar, Blelloch and Milnes from 'Algorithms Parallel and Sequential'.

/home/milnes/projects/APAS-VERUS/src/Chap61/EdgeContractionMtEph.rs:
/home/milnes/projects/APAS-VERUS/src/Chap61/EdgeContractionMtEph.rs:1: info: [1] has mod declarations
/home/milnes/projects/APAS-VERUS/src/Chap61/EdgeContractionMtEph.rs:1: info: [2] vstd::prelude::* before verus!
/home/milnes/projects/APAS-VERUS/src/Chap61/EdgeContractionMtEph.rs:1: info: [3] has verus! macro
/home/milnes/projects/APAS-VERUS/src/Chap61/EdgeContractionMtEph.rs:1: info: [4] std imports grouped with trailing blank
/home/milnes/projects/APAS-VERUS/src/Chap61/EdgeContractionMtEph.rs:1: info: [5] no vstd imports (ok)
/home/milnes/projects/APAS-VERUS/src/Chap61/EdgeContractionMtEph.rs:1: info: [11] no Set/Seq usage (ok)
/home/milnes/projects/APAS-VERUS/src/Chap61/EdgeContractionMtEph.rs:1: info: [12] all trait fns have specs
/home/milnes/projects/APAS-VERUS/src/Chap61/EdgeContractionMtEph.rs:1: info: [13] no non-derive trait impls (ok)
/home/milnes/projects/APAS-VERUS/src/Chap61/EdgeContractionMtEph.rs:1: info: [14] Debug, Display outside verus!
/home/milnes/projects/APAS-VERUS/src/Chap61/EdgeContractionMtEph.rs:1: info: [15] no PartialEq/Eq/Clone/Hash/Ord impls (ok)
/home/milnes/projects/APAS-VERUS/src/Chap61/EdgeContractionMtEph.rs:1: info: [16] no Lit macro definitions (ok)
/home/milnes/projects/APAS-VERUS/src/Chap61/EdgeContractionMtEph.rs:1: info: [17] no collection structs (ok)
/home/milnes/projects/APAS-VERUS/src/Chap61/EdgeContractionMtEph.rs:1: info: [18] definition order correct
/home/milnes/projects/APAS-VERUS/src/Chap61/EdgeContractionMtEph.rs:1: info: [19] no generic return names
/home/milnes/projects/APAS-VERUS/src/Chap61/EdgeContractionMtEph.rs:1: info: [21] no broadcast use entries
/home/milnes/projects/APAS-VERUS/src/Chap61/EdgeContractionMtEph.rs:1: info: [22:proof] proof fns: all in traits
/home/milnes/projects/APAS-VERUS/src/Chap61/EdgeContractionMtEph.rs:1: info: [22a:exec] free fn edge_contract_mt correctly free (Standard 19)
/home/milnes/projects/APAS-VERUS/src/Chap61/EdgeContractionMtEph.rs:1: info: [22a:exec] free fn build_edges_parallel correctly free (Standard 19)
/home/milnes/projects/APAS-VERUS/src/Chap61/EdgeContractionMtEph.rs:1: info: [22a:exec] free fn contract_round_mt correctly free (Standard 19)
/home/milnes/projects/APAS-VERUS/src/Chap61/EdgeContractionMtEph.rs:1: info: [23a] no spec/proof fns with looser bounds
/home/milnes/projects/APAS-VERUS/src/Chap61/EdgeContractionMtEph.rs:1: info: [23b] free fn type bounds compatible with trait
/home/milnes/projects/APAS-VERUS/src/Chap61/EdgeContractionMtEph.rs:51: warning: [20] trait EdgeContractionMtEphTrait is defined but has no impl
/home/milnes/projects/APAS-VERUS/src/Chap61/EdgeContractionMtEph.rs:53: warning: [22:spec] spec fn spec_edgecontractionmteph_wf in trait EdgeContractionMtEphTrait has a body; should be abstract (no body) with concrete spec in the impl
/home/milnes/projects/APAS-VERUS/src/Chap61/EdgeContractionMtEph.rs:1: warning: [24] missing or incorrect copyright line; expected: //! Copyright (C) 2025 Acar, Blelloch and Milnes from 'Algorithms Parallel and Sequential'.

/home/milnes/projects/APAS-VERUS/src/Chap61/EdgeContractionStEph.rs:
/home/milnes/projects/APAS-VERUS/src/Chap61/EdgeContractionStEph.rs:1: info: [1] has mod declarations
/home/milnes/projects/APAS-VERUS/src/Chap61/EdgeContractionStEph.rs:1: info: [2] vstd::prelude::* before verus!
/home/milnes/projects/APAS-VERUS/src/Chap61/EdgeContractionStEph.rs:1: info: [3] has verus! macro
/home/milnes/projects/APAS-VERUS/src/Chap61/EdgeContractionStEph.rs:1: info: [4] std imports grouped with trailing blank
/home/milnes/projects/APAS-VERUS/src/Chap61/EdgeContractionStEph.rs:1: info: [5] vstd imports grouped with trailing blank
/home/milnes/projects/APAS-VERUS/src/Chap61/EdgeContractionStEph.rs:1: info: [11] no Set/Seq usage (ok)
/home/milnes/projects/APAS-VERUS/src/Chap61/EdgeContractionStEph.rs:1: info: [12] all trait fns have specs
/home/milnes/projects/APAS-VERUS/src/Chap61/EdgeContractionStEph.rs:1: info: [13] no non-derive trait impls (ok)
/home/milnes/projects/APAS-VERUS/src/Chap61/EdgeContractionStEph.rs:1: info: [14] Debug, Display outside verus!
/home/milnes/projects/APAS-VERUS/src/Chap61/EdgeContractionStEph.rs:1: info: [15] no PartialEq/Eq/Clone/Hash/Ord impls (ok)
/home/milnes/projects/APAS-VERUS/src/Chap61/EdgeContractionStEph.rs:1: info: [16] no Lit macro definitions (ok)
/home/milnes/projects/APAS-VERUS/src/Chap61/EdgeContractionStEph.rs:1: info: [17] no collection structs (ok)
/home/milnes/projects/APAS-VERUS/src/Chap61/EdgeContractionStEph.rs:1: info: [18] definition order correct
/home/milnes/projects/APAS-VERUS/src/Chap61/EdgeContractionStEph.rs:1: info: [19] no generic return names
/home/milnes/projects/APAS-VERUS/src/Chap61/EdgeContractionStEph.rs:1: info: [21] broadcast use: vstd:: before crate::
/home/milnes/projects/APAS-VERUS/src/Chap61/EdgeContractionStEph.rs:1: info: [22:proof] proof fns: all in traits
/home/milnes/projects/APAS-VERUS/src/Chap61/EdgeContractionStEph.rs:1: info: [22a:exec] free fn edge_contract correctly free (Standard 19)
/home/milnes/projects/APAS-VERUS/src/Chap61/EdgeContractionStEph.rs:1: info: [22a:exec] free fn contract_round correctly free (Standard 19)
/home/milnes/projects/APAS-VERUS/src/Chap61/EdgeContractionStEph.rs:1: info: [23a] no spec/proof fns with looser bounds
/home/milnes/projects/APAS-VERUS/src/Chap61/EdgeContractionStEph.rs:1: info: [23b] free fn type bounds compatible with trait
/home/milnes/projects/APAS-VERUS/src/Chap61/EdgeContractionStEph.rs:60: warning: [20] trait EdgeContractionStEphTrait is defined but has no impl
/home/milnes/projects/APAS-VERUS/src/Chap61/EdgeContractionStEph.rs:62: warning: [22:spec] spec fn spec_edgecontractionsteph_wf in trait EdgeContractionStEphTrait has a body; should be abstract (no body) with concrete spec in the impl
/home/milnes/projects/APAS-VERUS/src/Chap61/EdgeContractionStEph.rs:1: warning: [24] missing or incorrect copyright line; expected: //! Copyright (C) 2025 Acar, Blelloch and Milnes from 'Algorithms Parallel and Sequential'.

/home/milnes/projects/APAS-VERUS/src/Chap61/VertexMatchingMtEph.rs:
/home/milnes/projects/APAS-VERUS/src/Chap61/VertexMatchingMtEph.rs:1: info: [1] has mod declarations
/home/milnes/projects/APAS-VERUS/src/Chap61/VertexMatchingMtEph.rs:1: info: [2] vstd::prelude::* before verus!
/home/milnes/projects/APAS-VERUS/src/Chap61/VertexMatchingMtEph.rs:1: info: [3] has verus! macro
/home/milnes/projects/APAS-VERUS/src/Chap61/VertexMatchingMtEph.rs:1: info: [4] std imports grouped with trailing blank
/home/milnes/projects/APAS-VERUS/src/Chap61/VertexMatchingMtEph.rs:1: info: [5] no vstd imports (ok)
/home/milnes/projects/APAS-VERUS/src/Chap61/VertexMatchingMtEph.rs:1: info: [11] no Set/Seq usage (ok)
/home/milnes/projects/APAS-VERUS/src/Chap61/VertexMatchingMtEph.rs:1: info: [12] all trait fns have specs
/home/milnes/projects/APAS-VERUS/src/Chap61/VertexMatchingMtEph.rs:1: info: [13] no non-derive trait impls (ok)
/home/milnes/projects/APAS-VERUS/src/Chap61/VertexMatchingMtEph.rs:1: info: [14] Debug, Display outside verus!
/home/milnes/projects/APAS-VERUS/src/Chap61/VertexMatchingMtEph.rs:1: info: [15] no PartialEq/Eq/Clone/Hash/Ord impls (ok)
/home/milnes/projects/APAS-VERUS/src/Chap61/VertexMatchingMtEph.rs:1: info: [16] no Lit macro definitions (ok)
/home/milnes/projects/APAS-VERUS/src/Chap61/VertexMatchingMtEph.rs:1: info: [17] no collection structs (ok)
/home/milnes/projects/APAS-VERUS/src/Chap61/VertexMatchingMtEph.rs:1: info: [18] definition order correct
/home/milnes/projects/APAS-VERUS/src/Chap61/VertexMatchingMtEph.rs:1: info: [19] no generic return names
/home/milnes/projects/APAS-VERUS/src/Chap61/VertexMatchingMtEph.rs:1: info: [21] no broadcast use entries
/home/milnes/projects/APAS-VERUS/src/Chap61/VertexMatchingMtEph.rs:1: info: [22:proof] proof fns: all in traits
/home/milnes/projects/APAS-VERUS/src/Chap61/VertexMatchingMtEph.rs:1: info: [22a:exec] free fn parallel_matching_mt correctly free (Standard 19)
/home/milnes/projects/APAS-VERUS/src/Chap61/VertexMatchingMtEph.rs:1: info: [22a:exec] free fn flip_coins_parallel correctly free (Standard 19)
/home/milnes/projects/APAS-VERUS/src/Chap61/VertexMatchingMtEph.rs:1: info: [22a:exec] free fn select_edges_parallel correctly free (Standard 19)
/home/milnes/projects/APAS-VERUS/src/Chap61/VertexMatchingMtEph.rs:1: info: [22a:exec] free fn select_edges_recursive correctly free (Standard 19)
/home/milnes/projects/APAS-VERUS/src/Chap61/VertexMatchingMtEph.rs:1: info: [22a:exec] free fn should_select_edge correctly free (Standard 19)
/home/milnes/projects/APAS-VERUS/src/Chap61/VertexMatchingMtEph.rs:1: info: [23a] no spec/proof fns with looser bounds
/home/milnes/projects/APAS-VERUS/src/Chap61/VertexMatchingMtEph.rs:1: info: [23b] free fn type bounds compatible with trait
/home/milnes/projects/APAS-VERUS/src/Chap61/VertexMatchingMtEph.rs:51: warning: [20] trait VertexMatchingMtEphTrait is defined but has no impl
/home/milnes/projects/APAS-VERUS/src/Chap61/VertexMatchingMtEph.rs:53: warning: [22:spec] spec fn spec_vertexmatchingmteph_wf in trait VertexMatchingMtEphTrait has a body; should be abstract (no body) with concrete spec in the impl
/home/milnes/projects/APAS-VERUS/src/Chap61/VertexMatchingMtEph.rs:1: warning: [24] missing or incorrect copyright line; expected: //! Copyright (C) 2025 Acar, Blelloch and Milnes from 'Algorithms Parallel and Sequential'.

/home/milnes/projects/APAS-VERUS/src/Chap61/VertexMatchingStEph.rs:
/home/milnes/projects/APAS-VERUS/src/Chap61/VertexMatchingStEph.rs:1: info: [1] has mod declarations
/home/milnes/projects/APAS-VERUS/src/Chap61/VertexMatchingStEph.rs:1: info: [2] vstd::prelude::* before verus!
/home/milnes/projects/APAS-VERUS/src/Chap61/VertexMatchingStEph.rs:1: info: [3] has verus! macro
/home/milnes/projects/APAS-VERUS/src/Chap61/VertexMatchingStEph.rs:1: info: [4] std imports grouped with trailing blank
/home/milnes/projects/APAS-VERUS/src/Chap61/VertexMatchingStEph.rs:1: info: [5] no vstd imports (ok)
/home/milnes/projects/APAS-VERUS/src/Chap61/VertexMatchingStEph.rs:1: info: [11] no Set/Seq usage (ok)
/home/milnes/projects/APAS-VERUS/src/Chap61/VertexMatchingStEph.rs:1: info: [12] all trait fns have specs
/home/milnes/projects/APAS-VERUS/src/Chap61/VertexMatchingStEph.rs:1: info: [13] no non-derive trait impls (ok)
/home/milnes/projects/APAS-VERUS/src/Chap61/VertexMatchingStEph.rs:1: info: [14] Debug, Display outside verus!
/home/milnes/projects/APAS-VERUS/src/Chap61/VertexMatchingStEph.rs:1: info: [15] no PartialEq/Eq/Clone/Hash/Ord impls (ok)
/home/milnes/projects/APAS-VERUS/src/Chap61/VertexMatchingStEph.rs:1: info: [16] no Lit macro definitions (ok)
/home/milnes/projects/APAS-VERUS/src/Chap61/VertexMatchingStEph.rs:1: info: [17] no collection structs (ok)
/home/milnes/projects/APAS-VERUS/src/Chap61/VertexMatchingStEph.rs:1: info: [18] definition order correct
/home/milnes/projects/APAS-VERUS/src/Chap61/VertexMatchingStEph.rs:1: info: [19] no generic return names
/home/milnes/projects/APAS-VERUS/src/Chap61/VertexMatchingStEph.rs:1: info: [21] no broadcast use entries
/home/milnes/projects/APAS-VERUS/src/Chap61/VertexMatchingStEph.rs:1: info: [22:proof] proof fns: all in traits
/home/milnes/projects/APAS-VERUS/src/Chap61/VertexMatchingStEph.rs:1: info: [22a:exec] free fn greedy_matching correctly free (Standard 19)
/home/milnes/projects/APAS-VERUS/src/Chap61/VertexMatchingStEph.rs:1: info: [22a:exec] free fn parallel_matching_st correctly free (Standard 19)
/home/milnes/projects/APAS-VERUS/src/Chap61/VertexMatchingStEph.rs:1: info: [23a] no spec/proof fns with looser bounds
/home/milnes/projects/APAS-VERUS/src/Chap61/VertexMatchingStEph.rs:1: info: [23b] free fn type bounds compatible with trait
/home/milnes/projects/APAS-VERUS/src/Chap61/VertexMatchingStEph.rs:49: warning: [20] trait VertexMatchingStEphTrait is defined but has no impl
/home/milnes/projects/APAS-VERUS/src/Chap61/VertexMatchingStEph.rs:51: warning: [22:spec] spec fn spec_vertexmatchingsteph_wf in trait VertexMatchingStEphTrait has a body; should be abstract (no body) with concrete spec in the impl
/home/milnes/projects/APAS-VERUS/src/Chap61/VertexMatchingStEph.rs:1: warning: [24] missing or incorrect copyright line; expected: //! Copyright (C) 2025 Acar, Blelloch and Milnes from 'Algorithms Parallel and Sequential'.

/home/milnes/projects/APAS-VERUS/src/Chap62/StarContractionMtEph.rs:
/home/milnes/projects/APAS-VERUS/src/Chap62/StarContractionMtEph.rs:1: info: [1] has mod declarations
/home/milnes/projects/APAS-VERUS/src/Chap62/StarContractionMtEph.rs:1: info: [2] vstd::prelude::* before verus!
/home/milnes/projects/APAS-VERUS/src/Chap62/StarContractionMtEph.rs:1: info: [3] has verus! macro
/home/milnes/projects/APAS-VERUS/src/Chap62/StarContractionMtEph.rs:1: info: [4] std imports grouped with trailing blank
/home/milnes/projects/APAS-VERUS/src/Chap62/StarContractionMtEph.rs:1: info: [5] no vstd imports (ok)
/home/milnes/projects/APAS-VERUS/src/Chap62/StarContractionMtEph.rs:1: info: [12] all trait fns have specs
/home/milnes/projects/APAS-VERUS/src/Chap62/StarContractionMtEph.rs:1: info: [13] no non-derive trait impls (ok)
/home/milnes/projects/APAS-VERUS/src/Chap62/StarContractionMtEph.rs:1: info: [14] Debug, Display outside verus!
/home/milnes/projects/APAS-VERUS/src/Chap62/StarContractionMtEph.rs:1: info: [15] no PartialEq/Eq/Clone/Hash/Ord impls (ok)
/home/milnes/projects/APAS-VERUS/src/Chap62/StarContractionMtEph.rs:1: info: [16] no Lit macro definitions (ok)
/home/milnes/projects/APAS-VERUS/src/Chap62/StarContractionMtEph.rs:1: info: [17] no collection structs (ok)
/home/milnes/projects/APAS-VERUS/src/Chap62/StarContractionMtEph.rs:1: info: [18] definition order correct
/home/milnes/projects/APAS-VERUS/src/Chap62/StarContractionMtEph.rs:1: info: [19] no generic return names
/home/milnes/projects/APAS-VERUS/src/Chap62/StarContractionMtEph.rs:1: info: [21] broadcast use: vstd:: before crate::
/home/milnes/projects/APAS-VERUS/src/Chap62/StarContractionMtEph.rs:1: info: [22:proof] proof fns: all in traits
/home/milnes/projects/APAS-VERUS/src/Chap62/StarContractionMtEph.rs:1: info: [22a:exec] free fn star_contract_mt_fuel correctly free (Standard 19)
/home/milnes/projects/APAS-VERUS/src/Chap62/StarContractionMtEph.rs:1: info: [22a:exec] free fn star_contract_mt correctly free (Standard 19)
/home/milnes/projects/APAS-VERUS/src/Chap62/StarContractionMtEph.rs:1: info: [22a:exec] free fn build_quotient_graph_parallel correctly free (Standard 19)
/home/milnes/projects/APAS-VERUS/src/Chap62/StarContractionMtEph.rs:1: info: [22a:exec] free fn route_edges_parallel correctly free (Standard 19)
/home/milnes/projects/APAS-VERUS/src/Chap62/StarContractionMtEph.rs:1: info: [22a:exec] free fn contract_to_vertices_mt correctly free (Standard 19)
/home/milnes/projects/APAS-VERUS/src/Chap62/StarContractionMtEph.rs:1: info: [22a:spec] free spec fn spec_valid_partition_map correctly free (Standard 19)
/home/milnes/projects/APAS-VERUS/src/Chap62/StarContractionMtEph.rs:1: info: [23a] no spec/proof fns with looser bounds
/home/milnes/projects/APAS-VERUS/src/Chap62/StarContractionMtEph.rs:1: info: [23b] free fn type bounds compatible with trait
/home/milnes/projects/APAS-VERUS/src/Chap62/StarContractionMtEph.rs:1: warning: [11] Set usage should have vstd::set::group_set_axioms in broadcast use
/home/milnes/projects/APAS-VERUS/src/Chap62/StarContractionMtEph.rs:85: warning: [20] trait StarContractionMtEphTrait is defined but has no impl
/home/milnes/projects/APAS-VERUS/src/Chap62/StarContractionMtEph.rs:87: warning: [22:spec] spec fn spec_starcontractionmteph_wf in trait StarContractionMtEphTrait has a body; should be abstract (no body) with concrete spec in the impl
/home/milnes/projects/APAS-VERUS/src/Chap62/StarContractionMtEph.rs:1: warning: [24] missing or incorrect copyright line; expected: //! Copyright (C) 2025 Acar, Blelloch and Milnes from 'Algorithms Parallel and Sequential'.

/home/milnes/projects/APAS-VERUS/src/Chap62/StarContractionStEph.rs:
/home/milnes/projects/APAS-VERUS/src/Chap62/StarContractionStEph.rs:1: info: [1] has mod declarations
/home/milnes/projects/APAS-VERUS/src/Chap62/StarContractionStEph.rs:1: info: [2] vstd::prelude::* before verus!
/home/milnes/projects/APAS-VERUS/src/Chap62/StarContractionStEph.rs:1: info: [3] has verus! macro
/home/milnes/projects/APAS-VERUS/src/Chap62/StarContractionStEph.rs:1: info: [4] std imports grouped with trailing blank
/home/milnes/projects/APAS-VERUS/src/Chap62/StarContractionStEph.rs:1: info: [5] no vstd imports (ok)
/home/milnes/projects/APAS-VERUS/src/Chap62/StarContractionStEph.rs:1: info: [11] no Set/Seq usage (ok)
/home/milnes/projects/APAS-VERUS/src/Chap62/StarContractionStEph.rs:1: info: [12] all trait fns have specs
/home/milnes/projects/APAS-VERUS/src/Chap62/StarContractionStEph.rs:1: info: [13] no non-derive trait impls (ok)
/home/milnes/projects/APAS-VERUS/src/Chap62/StarContractionStEph.rs:1: info: [14] Debug, Display outside verus!
/home/milnes/projects/APAS-VERUS/src/Chap62/StarContractionStEph.rs:1: info: [15] no PartialEq/Eq/Clone/Hash/Ord impls (ok)
/home/milnes/projects/APAS-VERUS/src/Chap62/StarContractionStEph.rs:1: info: [16] no Lit macro definitions (ok)
/home/milnes/projects/APAS-VERUS/src/Chap62/StarContractionStEph.rs:1: info: [17] no collection structs (ok)
/home/milnes/projects/APAS-VERUS/src/Chap62/StarContractionStEph.rs:1: info: [18] definition order correct
/home/milnes/projects/APAS-VERUS/src/Chap62/StarContractionStEph.rs:1: info: [19] no generic return names
/home/milnes/projects/APAS-VERUS/src/Chap62/StarContractionStEph.rs:1: info: [21] broadcast use: vstd:: before crate::
/home/milnes/projects/APAS-VERUS/src/Chap62/StarContractionStEph.rs:1: info: [22:proof] proof fns: all in traits
/home/milnes/projects/APAS-VERUS/src/Chap62/StarContractionStEph.rs:1: info: [22a:exec] free fn star_contract_fuel correctly free (Standard 19)
/home/milnes/projects/APAS-VERUS/src/Chap62/StarContractionStEph.rs:1: info: [22a:exec] free fn star_contract correctly free (Standard 19)
/home/milnes/projects/APAS-VERUS/src/Chap62/StarContractionStEph.rs:1: info: [22a:exec] free fn build_quotient_graph correctly free (Standard 19)
/home/milnes/projects/APAS-VERUS/src/Chap62/StarContractionStEph.rs:1: info: [22a:exec] free fn contract_to_vertices correctly free (Standard 19)
/home/milnes/projects/APAS-VERUS/src/Chap62/StarContractionStEph.rs:1: info: [23a] no spec/proof fns with looser bounds
/home/milnes/projects/APAS-VERUS/src/Chap62/StarContractionStEph.rs:1: info: [23b] free fn type bounds compatible with trait
/home/milnes/projects/APAS-VERUS/src/Chap62/StarContractionStEph.rs:64: warning: [20] trait StarContractionStEphTrait is defined but has no impl
/home/milnes/projects/APAS-VERUS/src/Chap62/StarContractionStEph.rs:66: warning: [22:spec] spec fn spec_starcontractionsteph_wf in trait StarContractionStEphTrait has a body; should be abstract (no body) with concrete spec in the impl
/home/milnes/projects/APAS-VERUS/src/Chap62/StarContractionStEph.rs:1: warning: [24] missing or incorrect copyright line; expected: //! Copyright (C) 2025 Acar, Blelloch and Milnes from 'Algorithms Parallel and Sequential'.

/home/milnes/projects/APAS-VERUS/src/Chap62/StarPartitionMtEph.rs:
/home/milnes/projects/APAS-VERUS/src/Chap62/StarPartitionMtEph.rs:1: info: [1] has mod declarations
/home/milnes/projects/APAS-VERUS/src/Chap62/StarPartitionMtEph.rs:1: info: [2] vstd::prelude::* before verus!
/home/milnes/projects/APAS-VERUS/src/Chap62/StarPartitionMtEph.rs:1: info: [3] has verus! macro
/home/milnes/projects/APAS-VERUS/src/Chap62/StarPartitionMtEph.rs:1: info: [4] std imports grouped with trailing blank
/home/milnes/projects/APAS-VERUS/src/Chap62/StarPartitionMtEph.rs:1: info: [5] vstd imports grouped with trailing blank
/home/milnes/projects/APAS-VERUS/src/Chap62/StarPartitionMtEph.rs:1: info: [12] all trait fns have specs
/home/milnes/projects/APAS-VERUS/src/Chap62/StarPartitionMtEph.rs:1: info: [13] no non-derive trait impls (ok)
/home/milnes/projects/APAS-VERUS/src/Chap62/StarPartitionMtEph.rs:1: info: [14] Debug, Display outside verus!
/home/milnes/projects/APAS-VERUS/src/Chap62/StarPartitionMtEph.rs:1: info: [15] no PartialEq/Eq/Clone/Hash/Ord impls (ok)
/home/milnes/projects/APAS-VERUS/src/Chap62/StarPartitionMtEph.rs:1: info: [16] no Lit macro definitions (ok)
/home/milnes/projects/APAS-VERUS/src/Chap62/StarPartitionMtEph.rs:1: info: [17] no collection structs (ok)
/home/milnes/projects/APAS-VERUS/src/Chap62/StarPartitionMtEph.rs:1: info: [18] definition order correct
/home/milnes/projects/APAS-VERUS/src/Chap62/StarPartitionMtEph.rs:1: info: [19] no generic return names
/home/milnes/projects/APAS-VERUS/src/Chap62/StarPartitionMtEph.rs:1: info: [21] broadcast use: vstd:: before crate::
/home/milnes/projects/APAS-VERUS/src/Chap62/StarPartitionMtEph.rs:1: info: [22:proof] proof fns: all in traits
/home/milnes/projects/APAS-VERUS/src/Chap62/StarPartitionMtEph.rs:1: info: [22a:exec] free fn hash_coin correctly free (Standard 19)
/home/milnes/projects/APAS-VERUS/src/Chap62/StarPartitionMtEph.rs:1: info: [22a:exec] free fn hash_coin_flips_mt correctly free (Standard 19)
/home/milnes/projects/APAS-VERUS/src/Chap62/StarPartitionMtEph.rs:1: info: [22a:exec] free fn build_th_edges_mt correctly free (Standard 19)
/home/milnes/projects/APAS-VERUS/src/Chap62/StarPartitionMtEph.rs:1: info: [22a:exec] free fn build_p_vec_mt correctly free (Standard 19)
/home/milnes/projects/APAS-VERUS/src/Chap62/StarPartitionMtEph.rs:1: info: [22a:exec] free fn build_vertex_to_index_mt correctly free (Standard 19)
/home/milnes/projects/APAS-VERUS/src/Chap62/StarPartitionMtEph.rs:1: info: [22a:exec] free fn build_satellite_map_mt correctly free (Standard 19)
/home/milnes/projects/APAS-VERUS/src/Chap62/StarPartitionMtEph.rs:1: info: [22a:exec] free fn build_p_vec_with_inject_mt correctly free (Standard 19)
/home/milnes/projects/APAS-VERUS/src/Chap62/StarPartitionMtEph.rs:1: info: [22a:exec] free fn build_partition_map_mt correctly free (Standard 19)
/home/milnes/projects/APAS-VERUS/src/Chap62/StarPartitionMtEph.rs:1: info: [22a:exec] free fn build_centers_mt correctly free (Standard 19)
/home/milnes/projects/APAS-VERUS/src/Chap62/StarPartitionMtEph.rs:1: info: [22a:exec] free fn parallel_star_partition correctly free (Standard 19)
/home/milnes/projects/APAS-VERUS/src/Chap62/StarPartitionMtEph.rs:1: info: [22a:spec] free spec fn spec_valid_partition_map correctly free (Standard 19)
/home/milnes/projects/APAS-VERUS/src/Chap62/StarPartitionMtEph.rs:1: info: [22a:spec] free spec fn spec_valid_th_entry correctly free (Standard 19)
/home/milnes/projects/APAS-VERUS/src/Chap62/StarPartitionMtEph.rs:1: info: [23a] no spec/proof fns with looser bounds
/home/milnes/projects/APAS-VERUS/src/Chap62/StarPartitionMtEph.rs:1: info: [23b] free fn type bounds compatible with trait
/home/milnes/projects/APAS-VERUS/src/Chap62/StarPartitionMtEph.rs:1: warning: [11] Set usage should have vstd::set::group_set_axioms in broadcast use
/home/milnes/projects/APAS-VERUS/src/Chap62/StarPartitionMtEph.rs:1: warning: [11] Seq usage should have vstd::seq::group_seq_axioms in broadcast use
/home/milnes/projects/APAS-VERUS/src/Chap62/StarPartitionMtEph.rs:106: warning: [20] trait StarPartitionMtEphTrait is defined but has no impl
/home/milnes/projects/APAS-VERUS/src/Chap62/StarPartitionMtEph.rs:108: warning: [22:spec] spec fn spec_starpartitionmteph_wf in trait StarPartitionMtEphTrait has a body; should be abstract (no body) with concrete spec in the impl
/home/milnes/projects/APAS-VERUS/src/Chap62/StarPartitionMtEph.rs:1: warning: [24] missing or incorrect copyright line; expected: //! Copyright (C) 2025 Acar, Blelloch and Milnes from 'Algorithms Parallel and Sequential'.

/home/milnes/projects/APAS-VERUS/src/Chap62/StarPartitionStEph.rs:
/home/milnes/projects/APAS-VERUS/src/Chap62/StarPartitionStEph.rs:1: info: [1] has mod declarations
/home/milnes/projects/APAS-VERUS/src/Chap62/StarPartitionStEph.rs:1: info: [2] vstd::prelude::* before verus!
/home/milnes/projects/APAS-VERUS/src/Chap62/StarPartitionStEph.rs:1: info: [3] has verus! macro
/home/milnes/projects/APAS-VERUS/src/Chap62/StarPartitionStEph.rs:1: info: [4] std imports grouped with trailing blank
/home/milnes/projects/APAS-VERUS/src/Chap62/StarPartitionStEph.rs:1: info: [5] no vstd imports (ok)
/home/milnes/projects/APAS-VERUS/src/Chap62/StarPartitionStEph.rs:1: info: [12] all trait fns have specs
/home/milnes/projects/APAS-VERUS/src/Chap62/StarPartitionStEph.rs:1: info: [13] no non-derive trait impls (ok)
/home/milnes/projects/APAS-VERUS/src/Chap62/StarPartitionStEph.rs:1: info: [14] Debug, Display outside verus!
/home/milnes/projects/APAS-VERUS/src/Chap62/StarPartitionStEph.rs:1: info: [15] no PartialEq/Eq/Clone/Hash/Ord impls (ok)
/home/milnes/projects/APAS-VERUS/src/Chap62/StarPartitionStEph.rs:1: info: [16] no Lit macro definitions (ok)
/home/milnes/projects/APAS-VERUS/src/Chap62/StarPartitionStEph.rs:1: info: [17] no collection structs (ok)
/home/milnes/projects/APAS-VERUS/src/Chap62/StarPartitionStEph.rs:1: info: [18] definition order correct
/home/milnes/projects/APAS-VERUS/src/Chap62/StarPartitionStEph.rs:1: info: [19] no generic return names
/home/milnes/projects/APAS-VERUS/src/Chap62/StarPartitionStEph.rs:1: info: [21] broadcast use: vstd:: before crate::
/home/milnes/projects/APAS-VERUS/src/Chap62/StarPartitionStEph.rs:1: info: [22:proof] proof fns: all in traits
/home/milnes/projects/APAS-VERUS/src/Chap62/StarPartitionStEph.rs:1: info: [22a:exec] free fn sequential_star_partition correctly free (Standard 19)
/home/milnes/projects/APAS-VERUS/src/Chap62/StarPartitionStEph.rs:1: info: [22a:spec] free spec fn spec_valid_partition_map correctly free (Standard 19)
/home/milnes/projects/APAS-VERUS/src/Chap62/StarPartitionStEph.rs:1: info: [23a] no spec/proof fns with looser bounds
/home/milnes/projects/APAS-VERUS/src/Chap62/StarPartitionStEph.rs:1: info: [23b] free fn type bounds compatible with trait
/home/milnes/projects/APAS-VERUS/src/Chap62/StarPartitionStEph.rs:1: warning: [11] Set usage should have vstd::set::group_set_axioms in broadcast use
/home/milnes/projects/APAS-VERUS/src/Chap62/StarPartitionStEph.rs:81: warning: [20] trait StarPartitionStEphTrait is defined but has no impl
/home/milnes/projects/APAS-VERUS/src/Chap62/StarPartitionStEph.rs:83: warning: [22:spec] spec fn spec_starpartitionsteph_wf in trait StarPartitionStEphTrait has a body; should be abstract (no body) with concrete spec in the impl
/home/milnes/projects/APAS-VERUS/src/Chap62/StarPartitionStEph.rs:1: warning: [24] missing or incorrect copyright line; expected: //! Copyright (C) 2025 Acar, Blelloch and Milnes from 'Algorithms Parallel and Sequential'.

/home/milnes/projects/APAS-VERUS/src/Chap63/ConnectivityMtEph.rs:
/home/milnes/projects/APAS-VERUS/src/Chap63/ConnectivityMtEph.rs:1: info: [1] has mod declarations
/home/milnes/projects/APAS-VERUS/src/Chap63/ConnectivityMtEph.rs:1: info: [2] vstd::prelude::* before verus!
/home/milnes/projects/APAS-VERUS/src/Chap63/ConnectivityMtEph.rs:1: info: [3] has verus! macro
/home/milnes/projects/APAS-VERUS/src/Chap63/ConnectivityMtEph.rs:1: info: [4] std imports grouped with trailing blank
/home/milnes/projects/APAS-VERUS/src/Chap63/ConnectivityMtEph.rs:1: info: [5] vstd imports grouped with trailing blank
/home/milnes/projects/APAS-VERUS/src/Chap63/ConnectivityMtEph.rs:1: info: [11] no Set/Seq usage (ok)
/home/milnes/projects/APAS-VERUS/src/Chap63/ConnectivityMtEph.rs:1: info: [12] all trait fns have specs
/home/milnes/projects/APAS-VERUS/src/Chap63/ConnectivityMtEph.rs:1: info: [13] no non-derive trait impls (ok)
/home/milnes/projects/APAS-VERUS/src/Chap63/ConnectivityMtEph.rs:1: info: [14] Debug, Display outside verus!
/home/milnes/projects/APAS-VERUS/src/Chap63/ConnectivityMtEph.rs:1: info: [15] no PartialEq/Eq/Clone/Hash/Ord impls (ok)
/home/milnes/projects/APAS-VERUS/src/Chap63/ConnectivityMtEph.rs:1: info: [16] no Lit macro definitions (ok)
/home/milnes/projects/APAS-VERUS/src/Chap63/ConnectivityMtEph.rs:1: info: [17] no collection structs (ok)
/home/milnes/projects/APAS-VERUS/src/Chap63/ConnectivityMtEph.rs:1: info: [18] definition order correct
/home/milnes/projects/APAS-VERUS/src/Chap63/ConnectivityMtEph.rs:1: info: [19] no generic return names
/home/milnes/projects/APAS-VERUS/src/Chap63/ConnectivityMtEph.rs:1: info: [21] broadcast use: vstd:: before crate::
/home/milnes/projects/APAS-VERUS/src/Chap63/ConnectivityMtEph.rs:1: info: [22:proof] proof fns: all in traits
/home/milnes/projects/APAS-VERUS/src/Chap63/ConnectivityMtEph.rs:1: info: [22a:exec] free fn count_components_mt correctly free (Standard 19)
/home/milnes/projects/APAS-VERUS/src/Chap63/ConnectivityMtEph.rs:1: info: [22a:exec] free fn connected_components_mt correctly free (Standard 19)
/home/milnes/projects/APAS-VERUS/src/Chap63/ConnectivityMtEph.rs:1: info: [22a:exec] free fn compose_maps_parallel correctly free (Standard 19)
/home/milnes/projects/APAS-VERUS/src/Chap63/ConnectivityMtEph.rs:1: info: [22a:exec] free fn count_components_hof correctly free (Standard 19)
/home/milnes/projects/APAS-VERUS/src/Chap63/ConnectivityMtEph.rs:1: info: [22a:exec] free fn connected_components_hof correctly free (Standard 19)
/home/milnes/projects/APAS-VERUS/src/Chap63/ConnectivityMtEph.rs:1: info: [23a] no spec/proof fns with looser bounds
/home/milnes/projects/APAS-VERUS/src/Chap63/ConnectivityMtEph.rs:1: info: [23b] free fn type bounds compatible with trait
/home/milnes/projects/APAS-VERUS/src/Chap63/ConnectivityMtEph.rs:69: warning: [20] trait ConnectivityMtEphTrait is defined but has no impl
/home/milnes/projects/APAS-VERUS/src/Chap63/ConnectivityMtEph.rs:71: warning: [22:spec] spec fn spec_connectivitymteph_wf in trait ConnectivityMtEphTrait has a body; should be abstract (no body) with concrete spec in the impl
/home/milnes/projects/APAS-VERUS/src/Chap63/ConnectivityMtEph.rs:1: warning: [24] missing or incorrect copyright line; expected: //! Copyright (C) 2025 Acar, Blelloch and Milnes from 'Algorithms Parallel and Sequential'.

/home/milnes/projects/APAS-VERUS/src/Chap63/ConnectivityStEph.rs:
/home/milnes/projects/APAS-VERUS/src/Chap63/ConnectivityStEph.rs:1: info: [1] has mod declarations
/home/milnes/projects/APAS-VERUS/src/Chap63/ConnectivityStEph.rs:1: info: [2] vstd::prelude::* before verus!
/home/milnes/projects/APAS-VERUS/src/Chap63/ConnectivityStEph.rs:1: info: [3] has verus! macro
/home/milnes/projects/APAS-VERUS/src/Chap63/ConnectivityStEph.rs:1: info: [4] std imports grouped with trailing blank
/home/milnes/projects/APAS-VERUS/src/Chap63/ConnectivityStEph.rs:1: info: [5] vstd imports grouped with trailing blank
/home/milnes/projects/APAS-VERUS/src/Chap63/ConnectivityStEph.rs:1: info: [11] no Set/Seq usage (ok)
/home/milnes/projects/APAS-VERUS/src/Chap63/ConnectivityStEph.rs:1: info: [12] all trait fns have specs
/home/milnes/projects/APAS-VERUS/src/Chap63/ConnectivityStEph.rs:1: info: [13] no non-derive trait impls (ok)
/home/milnes/projects/APAS-VERUS/src/Chap63/ConnectivityStEph.rs:1: info: [14] Debug, Display outside verus!
/home/milnes/projects/APAS-VERUS/src/Chap63/ConnectivityStEph.rs:1: info: [15] no PartialEq/Eq/Clone/Hash/Ord impls (ok)
/home/milnes/projects/APAS-VERUS/src/Chap63/ConnectivityStEph.rs:1: info: [16] no Lit macro definitions (ok)
/home/milnes/projects/APAS-VERUS/src/Chap63/ConnectivityStEph.rs:1: info: [17] no collection structs (ok)
/home/milnes/projects/APAS-VERUS/src/Chap63/ConnectivityStEph.rs:1: info: [18] definition order correct
/home/milnes/projects/APAS-VERUS/src/Chap63/ConnectivityStEph.rs:1: info: [19] no generic return names
/home/milnes/projects/APAS-VERUS/src/Chap63/ConnectivityStEph.rs:1: info: [21] broadcast use: vstd:: before crate::
/home/milnes/projects/APAS-VERUS/src/Chap63/ConnectivityStEph.rs:1: info: [22:proof] proof fns: all in traits
/home/milnes/projects/APAS-VERUS/src/Chap63/ConnectivityStEph.rs:1: info: [22a:exec] free fn count_components correctly free (Standard 19)
/home/milnes/projects/APAS-VERUS/src/Chap63/ConnectivityStEph.rs:1: info: [22a:exec] free fn connected_components correctly free (Standard 19)
/home/milnes/projects/APAS-VERUS/src/Chap63/ConnectivityStEph.rs:1: info: [22a:exec] free fn build_quotient_edges correctly free (Standard 19)
/home/milnes/projects/APAS-VERUS/src/Chap63/ConnectivityStEph.rs:1: info: [22a:exec] free fn count_components_hof correctly free (Standard 19)
/home/milnes/projects/APAS-VERUS/src/Chap63/ConnectivityStEph.rs:1: info: [22a:exec] free fn connected_components_hof correctly free (Standard 19)
/home/milnes/projects/APAS-VERUS/src/Chap63/ConnectivityStEph.rs:1: info: [23a] no spec/proof fns with looser bounds
/home/milnes/projects/APAS-VERUS/src/Chap63/ConnectivityStEph.rs:1: info: [23b] free fn type bounds compatible with trait
/home/milnes/projects/APAS-VERUS/src/Chap63/ConnectivityStEph.rs:64: warning: [20] trait ConnectivityStEphTrait is defined but has no impl
/home/milnes/projects/APAS-VERUS/src/Chap63/ConnectivityStEph.rs:66: warning: [22:spec] spec fn spec_connectivitysteph_wf in trait ConnectivityStEphTrait has a body; should be abstract (no body) with concrete spec in the impl
/home/milnes/projects/APAS-VERUS/src/Chap63/ConnectivityStEph.rs:1: warning: [24] missing or incorrect copyright line; expected: //! Copyright (C) 2025 Acar, Blelloch and Milnes from 'Algorithms Parallel and Sequential'.

/home/milnes/projects/APAS-VERUS/src/Chap64/SpanTreeMtEph.rs:
/home/milnes/projects/APAS-VERUS/src/Chap64/SpanTreeMtEph.rs:1: info: [1] has mod declarations
/home/milnes/projects/APAS-VERUS/src/Chap64/SpanTreeMtEph.rs:1: info: [2] vstd::prelude::* before verus!
/home/milnes/projects/APAS-VERUS/src/Chap64/SpanTreeMtEph.rs:1: info: [3] has verus! macro
/home/milnes/projects/APAS-VERUS/src/Chap64/SpanTreeMtEph.rs:1: info: [4] std imports grouped with trailing blank
/home/milnes/projects/APAS-VERUS/src/Chap64/SpanTreeMtEph.rs:1: info: [5] vstd imports grouped with trailing blank
/home/milnes/projects/APAS-VERUS/src/Chap64/SpanTreeMtEph.rs:1: info: [11] no Set/Seq usage (ok)
/home/milnes/projects/APAS-VERUS/src/Chap64/SpanTreeMtEph.rs:1: info: [12] all trait fns have specs
/home/milnes/projects/APAS-VERUS/src/Chap64/SpanTreeMtEph.rs:1: info: [13] no non-derive trait impls (ok)
/home/milnes/projects/APAS-VERUS/src/Chap64/SpanTreeMtEph.rs:1: info: [14] Debug, Display outside verus!
/home/milnes/projects/APAS-VERUS/src/Chap64/SpanTreeMtEph.rs:1: info: [15] no PartialEq/Eq/Clone/Hash/Ord impls (ok)
/home/milnes/projects/APAS-VERUS/src/Chap64/SpanTreeMtEph.rs:1: info: [16] no Lit macro definitions (ok)
/home/milnes/projects/APAS-VERUS/src/Chap64/SpanTreeMtEph.rs:1: info: [17] no collection structs (ok)
/home/milnes/projects/APAS-VERUS/src/Chap64/SpanTreeMtEph.rs:1: info: [18] definition order correct
/home/milnes/projects/APAS-VERUS/src/Chap64/SpanTreeMtEph.rs:1: info: [19] no generic return names
/home/milnes/projects/APAS-VERUS/src/Chap64/SpanTreeMtEph.rs:1: info: [21] broadcast use: vstd:: before crate::
/home/milnes/projects/APAS-VERUS/src/Chap64/SpanTreeMtEph.rs:1: info: [22:proof] proof fns: all in traits
/home/milnes/projects/APAS-VERUS/src/Chap64/SpanTreeMtEph.rs:1: info: [22a:exec] free fn spanning_tree_star_contraction_mt correctly free (Standard 19)
/home/milnes/projects/APAS-VERUS/src/Chap64/SpanTreeMtEph.rs:1: info: [22a:exec] free fn verify_spanning_tree correctly free (Standard 19)
/home/milnes/projects/APAS-VERUS/src/Chap64/SpanTreeMtEph.rs:1: info: [23a] no spec/proof fns with looser bounds
/home/milnes/projects/APAS-VERUS/src/Chap64/SpanTreeMtEph.rs:1: info: [23b] free fn type bounds compatible with trait
/home/milnes/projects/APAS-VERUS/src/Chap64/SpanTreeMtEph.rs:58: warning: [20] trait SpanTreeMtEphTrait is defined but has no impl
/home/milnes/projects/APAS-VERUS/src/Chap64/SpanTreeMtEph.rs:60: warning: [22:spec] spec fn spec_spantreemteph_wf in trait SpanTreeMtEphTrait has a body; should be abstract (no body) with concrete spec in the impl
/home/milnes/projects/APAS-VERUS/src/Chap64/SpanTreeMtEph.rs:1: warning: [24] missing or incorrect copyright line; expected: //! Copyright (C) 2025 Acar, Blelloch and Milnes from 'Algorithms Parallel and Sequential'.

/home/milnes/projects/APAS-VERUS/src/Chap64/SpanTreeStEph.rs:
/home/milnes/projects/APAS-VERUS/src/Chap64/SpanTreeStEph.rs:1: info: [1] has mod declarations
/home/milnes/projects/APAS-VERUS/src/Chap64/SpanTreeStEph.rs:1: info: [2] vstd::prelude::* before verus!
/home/milnes/projects/APAS-VERUS/src/Chap64/SpanTreeStEph.rs:1: info: [3] has verus! macro
/home/milnes/projects/APAS-VERUS/src/Chap64/SpanTreeStEph.rs:1: info: [4] std imports grouped with trailing blank
/home/milnes/projects/APAS-VERUS/src/Chap64/SpanTreeStEph.rs:1: info: [5] vstd imports grouped with trailing blank
/home/milnes/projects/APAS-VERUS/src/Chap64/SpanTreeStEph.rs:1: info: [11] no Set/Seq usage (ok)
/home/milnes/projects/APAS-VERUS/src/Chap64/SpanTreeStEph.rs:1: info: [12] all trait fns have specs
/home/milnes/projects/APAS-VERUS/src/Chap64/SpanTreeStEph.rs:1: info: [13] no non-derive trait impls (ok)
/home/milnes/projects/APAS-VERUS/src/Chap64/SpanTreeStEph.rs:1: info: [14] Debug, Display outside verus!
/home/milnes/projects/APAS-VERUS/src/Chap64/SpanTreeStEph.rs:1: info: [15] no PartialEq/Eq/Clone/Hash/Ord impls (ok)
/home/milnes/projects/APAS-VERUS/src/Chap64/SpanTreeStEph.rs:1: info: [16] no Lit macro definitions (ok)
/home/milnes/projects/APAS-VERUS/src/Chap64/SpanTreeStEph.rs:1: info: [17] no collection structs (ok)
/home/milnes/projects/APAS-VERUS/src/Chap64/SpanTreeStEph.rs:1: info: [18] definition order correct
/home/milnes/projects/APAS-VERUS/src/Chap64/SpanTreeStEph.rs:1: info: [19] no generic return names
/home/milnes/projects/APAS-VERUS/src/Chap64/SpanTreeStEph.rs:1: info: [21] broadcast use: vstd:: before crate::
/home/milnes/projects/APAS-VERUS/src/Chap64/SpanTreeStEph.rs:1: info: [22:proof] proof fns: all in traits
/home/milnes/projects/APAS-VERUS/src/Chap64/SpanTreeStEph.rs:1: info: [22a:exec] free fn spanning_tree_star_contraction correctly free (Standard 19)
/home/milnes/projects/APAS-VERUS/src/Chap64/SpanTreeStEph.rs:1: info: [22a:exec] free fn verify_spanning_tree correctly free (Standard 19)
/home/milnes/projects/APAS-VERUS/src/Chap64/SpanTreeStEph.rs:1: info: [23a] no spec/proof fns with looser bounds
/home/milnes/projects/APAS-VERUS/src/Chap64/SpanTreeStEph.rs:1: info: [23b] free fn type bounds compatible with trait
/home/milnes/projects/APAS-VERUS/src/Chap64/SpanTreeStEph.rs:57: warning: [20] trait SpanTreeStEphTrait is defined but has no impl
/home/milnes/projects/APAS-VERUS/src/Chap64/SpanTreeStEph.rs:59: warning: [22:spec] spec fn spec_spantreesteph_wf in trait SpanTreeStEphTrait has a body; should be abstract (no body) with concrete spec in the impl
/home/milnes/projects/APAS-VERUS/src/Chap64/SpanTreeStEph.rs:1: warning: [24] missing or incorrect copyright line; expected: //! Copyright (C) 2025 Acar, Blelloch and Milnes from 'Algorithms Parallel and Sequential'.

/home/milnes/projects/APAS-VERUS/src/Chap64/TSPApproxStEph.rs:
/home/milnes/projects/APAS-VERUS/src/Chap64/TSPApproxStEph.rs:1: info: [1] has mod declarations
/home/milnes/projects/APAS-VERUS/src/Chap64/TSPApproxStEph.rs:1: info: [2] vstd::prelude::* before verus!
/home/milnes/projects/APAS-VERUS/src/Chap64/TSPApproxStEph.rs:1: info: [3] has verus! macro
/home/milnes/projects/APAS-VERUS/src/Chap64/TSPApproxStEph.rs:1: info: [4] std imports grouped with trailing blank
/home/milnes/projects/APAS-VERUS/src/Chap64/TSPApproxStEph.rs:1: info: [5] no vstd imports (ok)
/home/milnes/projects/APAS-VERUS/src/Chap64/TSPApproxStEph.rs:1: info: [11] no Set/Seq usage (ok)
/home/milnes/projects/APAS-VERUS/src/Chap64/TSPApproxStEph.rs:1: info: [13] no non-derive trait impls (ok)
/home/milnes/projects/APAS-VERUS/src/Chap64/TSPApproxStEph.rs:1: info: [14] Debug, Display outside verus!
/home/milnes/projects/APAS-VERUS/src/Chap64/TSPApproxStEph.rs:1: info: [15] no PartialEq/Eq/Clone/Hash/Ord impls (ok)
/home/milnes/projects/APAS-VERUS/src/Chap64/TSPApproxStEph.rs:1: info: [16] no Lit macro definitions (ok)
/home/milnes/projects/APAS-VERUS/src/Chap64/TSPApproxStEph.rs:1: info: [17] no collection structs (ok)
/home/milnes/projects/APAS-VERUS/src/Chap64/TSPApproxStEph.rs:1: info: [18] definition order correct
/home/milnes/projects/APAS-VERUS/src/Chap64/TSPApproxStEph.rs:1: info: [19] no generic return names
/home/milnes/projects/APAS-VERUS/src/Chap64/TSPApproxStEph.rs:1: info: [21] no broadcast use entries
/home/milnes/projects/APAS-VERUS/src/Chap64/TSPApproxStEph.rs:1: info: [22:proof] proof fns: all in traits
/home/milnes/projects/APAS-VERUS/src/Chap64/TSPApproxStEph.rs:1: info: [22a:exec] free fn vec_contains_pair correctly free (Standard 19)
/home/milnes/projects/APAS-VERUS/src/Chap64/TSPApproxStEph.rs:1: info: [22a:exec] free fn euler_tour correctly free (Standard 19)
/home/milnes/projects/APAS-VERUS/src/Chap64/TSPApproxStEph.rs:1: info: [22a:exec] free fn euler_tour_dfs correctly free (Standard 19)
/home/milnes/projects/APAS-VERUS/src/Chap64/TSPApproxStEph.rs:1: info: [22a:exec] free fn shortcut_tour correctly free (Standard 19)
/home/milnes/projects/APAS-VERUS/src/Chap64/TSPApproxStEph.rs:1: info: [22a:exec] free fn tour_weight correctly free (Standard 19)
/home/milnes/projects/APAS-VERUS/src/Chap64/TSPApproxStEph.rs:1: info: [22a:exec] free fn get_neighbors correctly free (Standard 19)
/home/milnes/projects/APAS-VERUS/src/Chap64/TSPApproxStEph.rs:1: info: [22a:exec] free fn get_edge_weight correctly free (Standard 19)
/home/milnes/projects/APAS-VERUS/src/Chap64/TSPApproxStEph.rs:1: info: [22a:exec] free fn approx_metric_tsp correctly free (Standard 19)
/home/milnes/projects/APAS-VERUS/src/Chap64/TSPApproxStEph.rs:1: info: [23a] no spec/proof fns with looser bounds
/home/milnes/projects/APAS-VERUS/src/Chap64/TSPApproxStEph.rs:1: info: [23b] free fn type bounds compatible with trait
/home/milnes/projects/APAS-VERUS/src/Chap64/TSPApproxStEph.rs:78: warning: [12] trait TSPApproxStEphTrait fn shortcut_tour should have requires/ensures
/home/milnes/projects/APAS-VERUS/src/Chap64/TSPApproxStEph.rs:56: warning: [20] trait TSPApproxStEphTrait is defined but has no impl
/home/milnes/projects/APAS-VERUS/src/Chap64/TSPApproxStEph.rs:58: warning: [22:spec] spec fn spec_tspapproxsteph_wf in trait TSPApproxStEphTrait has a body; should be abstract (no body) with concrete spec in the impl
/home/milnes/projects/APAS-VERUS/src/Chap64/TSPApproxStEph.rs:1: warning: [24] missing or incorrect copyright line; expected: //! Copyright (C) 2025 Acar, Blelloch and Milnes from 'Algorithms Parallel and Sequential'.

/home/milnes/projects/APAS-VERUS/src/Chap65/KruskalStEph.rs:
/home/milnes/projects/APAS-VERUS/src/Chap65/KruskalStEph.rs:1: info: [1] has mod declarations
/home/milnes/projects/APAS-VERUS/src/Chap65/KruskalStEph.rs:1: info: [2] vstd::prelude::* before verus!
/home/milnes/projects/APAS-VERUS/src/Chap65/KruskalStEph.rs:1: info: [3] has verus! macro
/home/milnes/projects/APAS-VERUS/src/Chap65/KruskalStEph.rs:1: info: [4] std imports grouped with trailing blank
/home/milnes/projects/APAS-VERUS/src/Chap65/KruskalStEph.rs:1: info: [5] vstd imports grouped with trailing blank
/home/milnes/projects/APAS-VERUS/src/Chap65/KruskalStEph.rs:1: info: [12] all trait fns have specs
/home/milnes/projects/APAS-VERUS/src/Chap65/KruskalStEph.rs:1: info: [13] no non-derive trait impls (ok)
/home/milnes/projects/APAS-VERUS/src/Chap65/KruskalStEph.rs:1: info: [14] no Debug/Display impls (ok)
/home/milnes/projects/APAS-VERUS/src/Chap65/KruskalStEph.rs:1: info: [15] no PartialEq/Eq/Clone/Hash/Ord impls (ok)
/home/milnes/projects/APAS-VERUS/src/Chap65/KruskalStEph.rs:1: info: [16] no Lit macro definitions (ok)
/home/milnes/projects/APAS-VERUS/src/Chap65/KruskalStEph.rs:1: info: [17] no collection structs (ok)
/home/milnes/projects/APAS-VERUS/src/Chap65/KruskalStEph.rs:1: info: [18] definition order correct
/home/milnes/projects/APAS-VERUS/src/Chap65/KruskalStEph.rs:1: info: [19] no generic return names
/home/milnes/projects/APAS-VERUS/src/Chap65/KruskalStEph.rs:1: info: [21] broadcast use: vstd:: before crate::
/home/milnes/projects/APAS-VERUS/src/Chap65/KruskalStEph.rs:1: info: [22a:exec] free fn kruskal_process_edge correctly free (Standard 19)
/home/milnes/projects/APAS-VERUS/src/Chap65/KruskalStEph.rs:1: info: [22a:exec] free fn kruskal_greedy_phase correctly free (Standard 19)
/home/milnes/projects/APAS-VERUS/src/Chap65/KruskalStEph.rs:1: info: [22a:exec] free fn sort_edges_by_weight correctly free (Standard 19)
/home/milnes/projects/APAS-VERUS/src/Chap65/KruskalStEph.rs:1: info: [22a:exec] free fn kruskal_mst correctly free (Standard 19)
/home/milnes/projects/APAS-VERUS/src/Chap65/KruskalStEph.rs:1: info: [22a:exec] free fn mst_weight correctly free (Standard 19)
/home/milnes/projects/APAS-VERUS/src/Chap65/KruskalStEph.rs:1: info: [22a:exec] free fn verify_mst_size correctly free (Standard 19)
/home/milnes/projects/APAS-VERUS/src/Chap65/KruskalStEph.rs:1: info: [22a:proof] free proof fn lemma_sorted_edge_in_graph_v correctly free (Standard 19)
/home/milnes/projects/APAS-VERUS/src/Chap65/KruskalStEph.rs:1: info: [23a] no spec/proof fns with looser bounds
/home/milnes/projects/APAS-VERUS/src/Chap65/KruskalStEph.rs:1: info: [23b] free fn type bounds compatible with trait
/home/milnes/projects/APAS-VERUS/src/Chap65/KruskalStEph.rs:1: warning: [11] Set usage should have vstd::set::group_set_axioms in broadcast use
/home/milnes/projects/APAS-VERUS/src/Chap65/KruskalStEph.rs:1: warning: [11] Seq usage should have vstd::seq::group_seq_axioms in broadcast use
/home/milnes/projects/APAS-VERUS/src/Chap65/KruskalStEph.rs:56: warning: [14] struct KruskalStEph should have impl Debug outside verus!
/home/milnes/projects/APAS-VERUS/src/Chap65/KruskalStEph.rs:56: warning: [14] struct KruskalStEph should have impl Display outside verus!
/home/milnes/projects/APAS-VERUS/src/Chap65/KruskalStEph.rs:102: warning: [20] trait KruskalStEphTrait is defined but has no impl
/home/milnes/projects/APAS-VERUS/src/Chap65/KruskalStEph.rs:104: warning: [22:spec] spec fn spec_kruskalsteph_wf in trait KruskalStEphTrait has a body; should be abstract (no body) with concrete spec in the impl
/home/milnes/projects/APAS-VERUS/src/Chap65/KruskalStEph.rs:1: warning: [24] missing or incorrect copyright line; expected: //! Copyright (C) 2025 Acar, Blelloch and Milnes from 'Algorithms Parallel and Sequential'.

/home/milnes/projects/APAS-VERUS/src/Chap65/PrimStEph.rs:
/home/milnes/projects/APAS-VERUS/src/Chap65/PrimStEph.rs:1: info: [1] has mod declarations
/home/milnes/projects/APAS-VERUS/src/Chap65/PrimStEph.rs:1: info: [2] vstd::prelude::* before verus!
/home/milnes/projects/APAS-VERUS/src/Chap65/PrimStEph.rs:1: info: [3] has verus! macro
/home/milnes/projects/APAS-VERUS/src/Chap65/PrimStEph.rs:1: info: [4] std imports grouped with trailing blank
/home/milnes/projects/APAS-VERUS/src/Chap65/PrimStEph.rs:1: info: [5] vstd imports grouped with trailing blank
/home/milnes/projects/APAS-VERUS/src/Chap65/PrimStEph.rs:1: info: [11] Set/Seq usage has broadcast groups
/home/milnes/projects/APAS-VERUS/src/Chap65/PrimStEph.rs:1: info: [12] all trait fns have specs
/home/milnes/projects/APAS-VERUS/src/Chap65/PrimStEph.rs:1: info: [13] trait impls inside verus!
/home/milnes/projects/APAS-VERUS/src/Chap65/PrimStEph.rs:1: info: [14] Debug, Display outside verus!
/home/milnes/projects/APAS-VERUS/src/Chap65/PrimStEph.rs:1: info: [16] no Lit macro definitions (ok)
/home/milnes/projects/APAS-VERUS/src/Chap65/PrimStEph.rs:1: info: [17] no collection structs (ok)
/home/milnes/projects/APAS-VERUS/src/Chap65/PrimStEph.rs:1: info: [18] definition order correct
/home/milnes/projects/APAS-VERUS/src/Chap65/PrimStEph.rs:1: info: [19] no generic return names
/home/milnes/projects/APAS-VERUS/src/Chap65/PrimStEph.rs:1: info: [21] broadcast use: vstd:: before crate::
/home/milnes/projects/APAS-VERUS/src/Chap65/PrimStEph.rs:1: info: [22:proof] proof fns: all in traits
/home/milnes/projects/APAS-VERUS/src/Chap65/PrimStEph.rs:1: info: [22a:exec] free fn pq_entry_new correctly free (Standard 19)
/home/milnes/projects/APAS-VERUS/src/Chap65/PrimStEph.rs:1: info: [22a:exec] free fn prim_mst correctly free (Standard 19)
/home/milnes/projects/APAS-VERUS/src/Chap65/PrimStEph.rs:1: info: [22a:exec] free fn mst_weight correctly free (Standard 19)
/home/milnes/projects/APAS-VERUS/src/Chap65/PrimStEph.rs:1: info: [22a:spec] free spec fn spec_option_le correctly free (Standard 19)
/home/milnes/projects/APAS-VERUS/src/Chap65/PrimStEph.rs:1: info: [23a] no spec/proof fns with looser bounds
/home/milnes/projects/APAS-VERUS/src/Chap65/PrimStEph.rs:1: info: [23b] free fn type bounds compatible with trait
/home/milnes/projects/APAS-VERUS/src/Chap65/PrimStEph.rs:516: warning: [15] impl Ord should be inside verus! (for verification)
/home/milnes/projects/APAS-VERUS/src/Chap65/PrimStEph.rs:525: warning: [15] impl PartialOrd should be inside verus! (for verification)
/home/milnes/projects/APAS-VERUS/src/Chap65/PrimStEph.rs:83: warning: [20] trait PrimStEphTrait is defined but has no impl
/home/milnes/projects/APAS-VERUS/src/Chap65/PrimStEph.rs:85: warning: [22:spec] spec fn spec_primsteph_wf in trait PrimStEphTrait has a body; should be abstract (no body) with concrete spec in the impl
/home/milnes/projects/APAS-VERUS/src/Chap65/PrimStEph.rs:1: warning: [24] missing or incorrect copyright line; expected: //! Copyright (C) 2025 Acar, Blelloch and Milnes from 'Algorithms Parallel and Sequential'.

/home/milnes/projects/APAS-VERUS/src/Chap65/UnionFindArrayStEph.rs:
/home/milnes/projects/APAS-VERUS/src/Chap65/UnionFindArrayStEph.rs:1: info: [1] has mod declarations
/home/milnes/projects/APAS-VERUS/src/Chap65/UnionFindArrayStEph.rs:1: info: [2] vstd::prelude::* before verus!
/home/milnes/projects/APAS-VERUS/src/Chap65/UnionFindArrayStEph.rs:1: info: [3] has verus! macro
/home/milnes/projects/APAS-VERUS/src/Chap65/UnionFindArrayStEph.rs:1: info: [4] no std imports (ok)
/home/milnes/projects/APAS-VERUS/src/Chap65/UnionFindArrayStEph.rs:1: info: [5] no vstd imports (ok)
/home/milnes/projects/APAS-VERUS/src/Chap65/UnionFindArrayStEph.rs:1: info: [11] Set/Seq usage has broadcast groups
/home/milnes/projects/APAS-VERUS/src/Chap65/UnionFindArrayStEph.rs:1: info: [12] all trait fns have specs
/home/milnes/projects/APAS-VERUS/src/Chap65/UnionFindArrayStEph.rs:1: info: [13] trait impls inside verus!
/home/milnes/projects/APAS-VERUS/src/Chap65/UnionFindArrayStEph.rs:1: info: [14] no Debug/Display impls (ok)
/home/milnes/projects/APAS-VERUS/src/Chap65/UnionFindArrayStEph.rs:1: info: [15] no PartialEq/Eq/Clone/Hash/Ord impls (ok)
/home/milnes/projects/APAS-VERUS/src/Chap65/UnionFindArrayStEph.rs:1: info: [16] no Lit macro definitions (ok)
/home/milnes/projects/APAS-VERUS/src/Chap65/UnionFindArrayStEph.rs:1: info: [19] no generic return names
/home/milnes/projects/APAS-VERUS/src/Chap65/UnionFindArrayStEph.rs:1: info: [20] all traits have impls
/home/milnes/projects/APAS-VERUS/src/Chap65/UnionFindArrayStEph.rs:1: info: [21] no broadcast use entries
/home/milnes/projects/APAS-VERUS/src/Chap65/UnionFindArrayStEph.rs:1: info: [22:exec] exec fns: all in traits
/home/milnes/projects/APAS-VERUS/src/Chap65/UnionFindArrayStEph.rs:1: info: [22a:proof] free proof fn lemma_count_above_mono correctly free (Standard 19)
/home/milnes/projects/APAS-VERUS/src/Chap65/UnionFindArrayStEph.rs:1: info: [22a:proof] free proof fn lemma_count_above_strict correctly free (Standard 19)
/home/milnes/projects/APAS-VERUS/src/Chap65/UnionFindArrayStEph.rs:1: info: [22a:proof] free proof fn lemma_pure_find_in_bounds correctly free (Standard 19)
/home/milnes/projects/APAS-VERUS/src/Chap65/UnionFindArrayStEph.rs:1: info: [22a:proof] free proof fn lemma_pure_find_is_root correctly free (Standard 19)
/home/milnes/projects/APAS-VERUS/src/Chap65/UnionFindArrayStEph.rs:1: info: [22a:proof] free proof fn lemma_find_after_link correctly free (Standard 19)
/home/milnes/projects/APAS-VERUS/src/Chap65/UnionFindArrayStEph.rs:1: info: [22a:proof] free proof fn lemma_map_update correctly free (Standard 19)
/home/milnes/projects/APAS-VERUS/src/Chap65/UnionFindArrayStEph.rs:1: info: [22a:proof] free proof fn lemma_root_counted_at correctly free (Standard 19)
/home/milnes/projects/APAS-VERUS/src/Chap65/UnionFindArrayStEph.rs:1: info: [22a:proof] free proof fn lemma_count_disjoint correctly free (Standard 19)
/home/milnes/projects/APAS-VERUS/src/Chap65/UnionFindArrayStEph.rs:1: info: [22a:proof] free proof fn lemma_count_additive correctly free (Standard 19)
/home/milnes/projects/APAS-VERUS/src/Chap65/UnionFindArrayStEph.rs:1: info: [22a:proof] free proof fn lemma_count_other correctly free (Standard 19)
/home/milnes/projects/APAS-VERUS/src/Chap65/UnionFindArrayStEph.rs:1: info: [22a:proof] free proof fn lemma_rank_lt_n_minus_1 correctly free (Standard 19)
/home/milnes/projects/APAS-VERUS/src/Chap65/UnionFindArrayStEph.rs:1: info: [22a:proof] free proof fn lemma_link_preserves_wf correctly free (Standard 19)
/home/milnes/projects/APAS-VERUS/src/Chap65/UnionFindArrayStEph.rs:1: info: [22a:spec] free spec fn spec_pure_find correctly free (Standard 19)
/home/milnes/projects/APAS-VERUS/src/Chap65/UnionFindArrayStEph.rs:1: info: [22a:spec] free spec fn spec_is_root correctly free (Standard 19)
/home/milnes/projects/APAS-VERUS/src/Chap65/UnionFindArrayStEph.rs:1: info: [22a:spec] free spec fn spec_wf correctly free (Standard 19)
/home/milnes/projects/APAS-VERUS/src/Chap65/UnionFindArrayStEph.rs:1: info: [22a:spec] free spec fn spec_rank_invariant correctly free (Standard 19)
/home/milnes/projects/APAS-VERUS/src/Chap65/UnionFindArrayStEph.rs:1: info: [22a:spec] free spec fn spec_rank_bounded correctly free (Standard 19)
/home/milnes/projects/APAS-VERUS/src/Chap65/UnionFindArrayStEph.rs:1: info: [22a:spec] free spec fn spec_same_set correctly free (Standard 19)
/home/milnes/projects/APAS-VERUS/src/Chap65/UnionFindArrayStEph.rs:1: info: [22a:spec] free spec fn spec_count_with_root correctly free (Standard 19)
/home/milnes/projects/APAS-VERUS/src/Chap65/UnionFindArrayStEph.rs:1: info: [22a:spec] free spec fn spec_size_rank_inv correctly free (Standard 19)
/home/milnes/projects/APAS-VERUS/src/Chap65/UnionFindArrayStEph.rs:1: info: [22a:spec] free spec fn spec_count_above correctly free (Standard 19)
/home/milnes/projects/APAS-VERUS/src/Chap65/UnionFindArrayStEph.rs:1: info: [23a] spec/proof fn looser bounds: N/A
/home/milnes/projects/APAS-VERUS/src/Chap65/UnionFindArrayStEph.rs:1: info: [23b] free fn stricter bounds: N/A
/home/milnes/projects/APAS-VERUS/src/Chap65/UnionFindArrayStEph.rs:30: warning: [14] struct UnionFindArray should have impl Debug outside verus!
/home/milnes/projects/APAS-VERUS/src/Chap65/UnionFindArrayStEph.rs:30: warning: [14] struct UnionFindArray should have impl Display outside verus!
/home/milnes/projects/APAS-VERUS/src/Chap65/UnionFindArrayStEph.rs:34: warning: [14] struct UnionFindArrayView should have impl Debug outside verus!
/home/milnes/projects/APAS-VERUS/src/Chap65/UnionFindArrayStEph.rs:34: warning: [14] struct UnionFindArrayView should have impl Display outside verus!
/home/milnes/projects/APAS-VERUS/src/Chap65/UnionFindArrayStEph.rs:1: warning: [17] collection UnionFindArray should have an Iterator impl
/home/milnes/projects/APAS-VERUS/src/Chap65/UnionFindArrayStEph.rs:1: warning: [17] collection UnionFindArray should have an IntoIterator impl
/home/milnes/projects/APAS-VERUS/src/Chap65/UnionFindArrayStEph.rs:1: warning: [17] collection should have proof test: /home/milnes/projects/APAS-VERUS/rust_verify_test/tests/Chap65/ProveUnionFindArrayStEph.rs
/home/milnes/projects/APAS-VERUS/src/Chap65/UnionFindArrayStEph.rs:36: warning: [18] impl View for UnionFindArray should come before type definitions (expected view impls before type definitions)
/home/milnes/projects/APAS-VERUS/src/Chap65/UnionFindArrayStEph.rs:402: warning: [18] trait UnionFindArrayStEphTrait should come before proof fns/broadcast groups (expected traits before proof fns/broadcast groups)
/home/milnes/projects/APAS-VERUS/src/Chap65/UnionFindArrayStEph.rs:437: warning: [18] impl UnionFindArrayStEphTrait for UnionFindArray should come before proof fns/broadcast groups (expected impls before proof fns/broadcast groups)
/home/milnes/projects/APAS-VERUS/src/Chap65/UnionFindArrayStEph.rs:1: warning: [24] missing or incorrect copyright line; expected: //! Copyright (C) 2025 Acar, Blelloch and Milnes from 'Algorithms Parallel and Sequential'.

/home/milnes/projects/APAS-VERUS/src/Chap65/UnionFindNoPCStEph.rs:
/home/milnes/projects/APAS-VERUS/src/Chap65/UnionFindNoPCStEph.rs:1: info: [1] has mod declarations
/home/milnes/projects/APAS-VERUS/src/Chap65/UnionFindNoPCStEph.rs:1: info: [2] vstd::prelude::* before verus!
/home/milnes/projects/APAS-VERUS/src/Chap65/UnionFindNoPCStEph.rs:1: info: [3] has verus! macro
/home/milnes/projects/APAS-VERUS/src/Chap65/UnionFindNoPCStEph.rs:1: info: [4] std imports grouped with trailing blank
/home/milnes/projects/APAS-VERUS/src/Chap65/UnionFindNoPCStEph.rs:1: info: [5] vstd imports grouped with trailing blank
/home/milnes/projects/APAS-VERUS/src/Chap65/UnionFindNoPCStEph.rs:1: info: [12] all trait fns have specs
/home/milnes/projects/APAS-VERUS/src/Chap65/UnionFindNoPCStEph.rs:1: info: [13] trait impls inside verus!
/home/milnes/projects/APAS-VERUS/src/Chap65/UnionFindNoPCStEph.rs:1: info: [14] Debug, Display outside verus!
/home/milnes/projects/APAS-VERUS/src/Chap65/UnionFindNoPCStEph.rs:1: info: [15] no PartialEq/Eq/Clone/Hash/Ord impls (ok)
/home/milnes/projects/APAS-VERUS/src/Chap65/UnionFindNoPCStEph.rs:1: info: [16] no Lit macro definitions (ok)
/home/milnes/projects/APAS-VERUS/src/Chap65/UnionFindNoPCStEph.rs:1: info: [18] definition order correct
/home/milnes/projects/APAS-VERUS/src/Chap65/UnionFindNoPCStEph.rs:1: info: [19] no generic return names
/home/milnes/projects/APAS-VERUS/src/Chap65/UnionFindNoPCStEph.rs:1: info: [20] all traits have impls
/home/milnes/projects/APAS-VERUS/src/Chap65/UnionFindNoPCStEph.rs:1: info: [21] broadcast use: vstd:: before crate::
/home/milnes/projects/APAS-VERUS/src/Chap65/UnionFindNoPCStEph.rs:1: info: [22:exec] exec fns: all in traits
/home/milnes/projects/APAS-VERUS/src/Chap65/UnionFindNoPCStEph.rs:1: info: [22a:proof] free proof fn lemma_find_in_dom correctly free (Standard 19)
/home/milnes/projects/APAS-VERUS/src/Chap65/UnionFindNoPCStEph.rs:1: info: [22a:proof] free proof fn lemma_find_is_root correctly free (Standard 19)
/home/milnes/projects/APAS-VERUS/src/Chap65/UnionFindNoPCStEph.rs:1: info: [22a:proof] free proof fn lemma_find_after_link correctly free (Standard 19)
/home/milnes/projects/APAS-VERUS/src/Chap65/UnionFindNoPCStEph.rs:1: info: [22a:proof] free proof fn lemma_link_size_rank_inv correctly free (Standard 19)
/home/milnes/projects/APAS-VERUS/src/Chap65/UnionFindNoPCStEph.rs:1: info: [22a:proof] free proof fn lemma_link_preserves_inv correctly free (Standard 19)
/home/milnes/projects/APAS-VERUS/src/Chap65/UnionFindNoPCStEph.rs:1: info: [22a:proof] free proof fn lemma_find_insert_unchanged correctly free (Standard 19)
/home/milnes/projects/APAS-VERUS/src/Chap65/UnionFindNoPCStEph.rs:1: info: [22a:proof] free proof fn lemma_rank_lt_n_minus_1 correctly free (Standard 19)
/home/milnes/projects/APAS-VERUS/src/Chap65/UnionFindNoPCStEph.rs:1: info: [22a:spec] free spec fn pv correctly free (Standard 19)
/home/milnes/projects/APAS-VERUS/src/Chap65/UnionFindNoPCStEph.rs:1: info: [22a:spec] free spec fn spec_pure_find correctly free (Standard 19)
/home/milnes/projects/APAS-VERUS/src/Chap65/UnionFindNoPCStEph.rs:1: info: [22a:spec] free spec fn spec_is_root_map correctly free (Standard 19)
/home/milnes/projects/APAS-VERUS/src/Chap65/UnionFindNoPCStEph.rs:1: info: [22a:spec] free spec fn spec_subtree correctly free (Standard 19)
/home/milnes/projects/APAS-VERUS/src/Chap65/UnionFindNoPCStEph.rs:1: info: [22a:spec] free spec fn spec_size_rank_inv_map correctly free (Standard 19)
/home/milnes/projects/APAS-VERUS/src/Chap65/UnionFindNoPCStEph.rs:1: info: [23a] spec/proof fn pv param V has looser bounds `View` (trait UnionFindStEphTrait has `StT + Hash + ClonePreservesView`)
/home/milnes/projects/APAS-VERUS/src/Chap65/UnionFindNoPCStEph.rs:1: info: [23a] spec/proof fn spec_pure_find param V has looser bounds `View` (trait UnionFindStEphTrait has `StT + Hash + ClonePreservesView`)
/home/milnes/projects/APAS-VERUS/src/Chap65/UnionFindNoPCStEph.rs:1: info: [23a] spec/proof fn spec_is_root_map param V has looser bounds `View` (trait UnionFindStEphTrait has `StT + Hash + ClonePreservesView`)
/home/milnes/projects/APAS-VERUS/src/Chap65/UnionFindNoPCStEph.rs:1: info: [23a] spec/proof fn spec_subtree param V has looser bounds `View` (trait UnionFindStEphTrait has `StT + Hash + ClonePreservesView`)
/home/milnes/projects/APAS-VERUS/src/Chap65/UnionFindNoPCStEph.rs:1: info: [23a] spec/proof fn spec_size_rank_inv_map param V has looser bounds `View` (trait UnionFindStEphTrait has `StT + Hash + ClonePreservesView`)
/home/milnes/projects/APAS-VERUS/src/Chap65/UnionFindNoPCStEph.rs:1: info: [23a] spec/proof fn lemma_find_in_dom param V has looser bounds `View` (trait UnionFindStEphTrait has `StT + Hash + ClonePreservesView`)
/home/milnes/projects/APAS-VERUS/src/Chap65/UnionFindNoPCStEph.rs:1: info: [23a] spec/proof fn lemma_find_is_root param V has looser bounds `View` (trait UnionFindStEphTrait has `StT + Hash + ClonePreservesView`)
/home/milnes/projects/APAS-VERUS/src/Chap65/UnionFindNoPCStEph.rs:1: info: [23a] spec/proof fn lemma_find_after_link param V has looser bounds `View` (trait UnionFindStEphTrait has `StT + Hash + ClonePreservesView`)
/home/milnes/projects/APAS-VERUS/src/Chap65/UnionFindNoPCStEph.rs:1: info: [23a] spec/proof fn lemma_link_size_rank_inv param V has looser bounds `View` (trait UnionFindStEphTrait has `StT + Hash + ClonePreservesView`)
/home/milnes/projects/APAS-VERUS/src/Chap65/UnionFindNoPCStEph.rs:1: info: [23a] spec/proof fn lemma_link_preserves_inv param V has looser bounds `View` (trait UnionFindStEphTrait has `StT + Hash + ClonePreservesView`)
/home/milnes/projects/APAS-VERUS/src/Chap65/UnionFindNoPCStEph.rs:1: info: [23a] spec/proof fn lemma_find_insert_unchanged param V has looser bounds `View` (trait UnionFindStEphTrait has `StT + Hash + ClonePreservesView`)
/home/milnes/projects/APAS-VERUS/src/Chap65/UnionFindNoPCStEph.rs:1: info: [23a] spec/proof fn lemma_rank_lt_n_minus_1 param V has looser bounds `View` (trait UnionFindStEphTrait has `StT + Hash + ClonePreservesView`)
/home/milnes/projects/APAS-VERUS/src/Chap65/UnionFindNoPCStEph.rs:1: info: [23b] free fn type bounds compatible with trait
/home/milnes/projects/APAS-VERUS/src/Chap65/UnionFindNoPCStEph.rs:1: warning: [11] Set usage should have vstd::set::group_set_axioms in broadcast use
/home/milnes/projects/APAS-VERUS/src/Chap65/UnionFindNoPCStEph.rs:1: warning: [17] collection UnionFind should have an Iterator impl
/home/milnes/projects/APAS-VERUS/src/Chap65/UnionFindNoPCStEph.rs:1: warning: [17] collection UnionFind should have an IntoIterator impl
/home/milnes/projects/APAS-VERUS/src/Chap65/UnionFindNoPCStEph.rs:1: warning: [17] collection should have proof test: /home/milnes/projects/APAS-VERUS/rust_verify_test/tests/Chap65/ProveUnionFindNoPCStEph.rs
/home/milnes/projects/APAS-VERUS/src/Chap65/UnionFindNoPCStEph.rs:111: warning: [22:spec] free spec fn spec_uf_wf should be an abstract signature in a trait with body in the impl
/home/milnes/projects/APAS-VERUS/src/Chap65/UnionFindNoPCStEph.rs:1: warning: [24] missing or incorrect copyright line; expected: //! Copyright (C) 2025 Acar, Blelloch and Milnes from 'Algorithms Parallel and Sequential'.

/home/milnes/projects/APAS-VERUS/src/Chap65/UnionFindPCStEph.rs:
/home/milnes/projects/APAS-VERUS/src/Chap65/UnionFindPCStEph.rs:1: info: [1] has mod declarations
/home/milnes/projects/APAS-VERUS/src/Chap65/UnionFindPCStEph.rs:1: info: [2] vstd::prelude::* before verus!
/home/milnes/projects/APAS-VERUS/src/Chap65/UnionFindPCStEph.rs:1: info: [3] has verus! macro
/home/milnes/projects/APAS-VERUS/src/Chap65/UnionFindPCStEph.rs:1: info: [4] std imports grouped with trailing blank
/home/milnes/projects/APAS-VERUS/src/Chap65/UnionFindPCStEph.rs:1: info: [5] vstd imports grouped with trailing blank
/home/milnes/projects/APAS-VERUS/src/Chap65/UnionFindPCStEph.rs:1: info: [12] all trait fns have specs
/home/milnes/projects/APAS-VERUS/src/Chap65/UnionFindPCStEph.rs:1: info: [13] trait impls inside verus!
/home/milnes/projects/APAS-VERUS/src/Chap65/UnionFindPCStEph.rs:1: info: [14] Debug, Display outside verus!
/home/milnes/projects/APAS-VERUS/src/Chap65/UnionFindPCStEph.rs:1: info: [15] no PartialEq/Eq/Clone/Hash/Ord impls (ok)
/home/milnes/projects/APAS-VERUS/src/Chap65/UnionFindPCStEph.rs:1: info: [16] no Lit macro definitions (ok)
/home/milnes/projects/APAS-VERUS/src/Chap65/UnionFindPCStEph.rs:1: info: [18] definition order correct
/home/milnes/projects/APAS-VERUS/src/Chap65/UnionFindPCStEph.rs:1: info: [19] no generic return names
/home/milnes/projects/APAS-VERUS/src/Chap65/UnionFindPCStEph.rs:1: info: [20] all traits have impls
/home/milnes/projects/APAS-VERUS/src/Chap65/UnionFindPCStEph.rs:1: info: [21] broadcast use: vstd:: before crate::
/home/milnes/projects/APAS-VERUS/src/Chap65/UnionFindPCStEph.rs:1: info: [22:exec] exec fns: all in traits
/home/milnes/projects/APAS-VERUS/src/Chap65/UnionFindPCStEph.rs:1: info: [22a:proof] free proof fn lemma_compose_find_preserved correctly free (Standard 19)
/home/milnes/projects/APAS-VERUS/src/Chap65/UnionFindPCStEph.rs:1: info: [22a:proof] free proof fn lemma_find_in_dom correctly free (Standard 19)
/home/milnes/projects/APAS-VERUS/src/Chap65/UnionFindPCStEph.rs:1: info: [22a:proof] free proof fn lemma_find_is_root correctly free (Standard 19)
/home/milnes/projects/APAS-VERUS/src/Chap65/UnionFindPCStEph.rs:1: info: [22a:proof] free proof fn lemma_rank_lt_find correctly free (Standard 19)
/home/milnes/projects/APAS-VERUS/src/Chap65/UnionFindPCStEph.rs:1: info: [22a:proof] free proof fn lemma_compress_preserves_find correctly free (Standard 19)
/home/milnes/projects/APAS-VERUS/src/Chap65/UnionFindPCStEph.rs:1: info: [22a:proof] free proof fn lemma_compress_preserves_find_all correctly free (Standard 19)
/home/milnes/projects/APAS-VERUS/src/Chap65/UnionFindPCStEph.rs:1: info: [22a:proof] free proof fn lemma_compress_basic correctly free (Standard 19)
/home/milnes/projects/APAS-VERUS/src/Chap65/UnionFindPCStEph.rs:1: info: [22a:proof] free proof fn lemma_compress_parent_in_dom correctly free (Standard 19)
/home/milnes/projects/APAS-VERUS/src/Chap65/UnionFindPCStEph.rs:1: info: [22a:proof] free proof fn lemma_compress_rank_inv correctly free (Standard 19)
/home/milnes/projects/APAS-VERUS/src/Chap65/UnionFindPCStEph.rs:1: info: [22a:proof] free proof fn lemma_compress_iter correctly free (Standard 19)
/home/milnes/projects/APAS-VERUS/src/Chap65/UnionFindPCStEph.rs:1: info: [22a:proof] free proof fn lemma_rank_lt_n_from_light_wf correctly free (Standard 19)
/home/milnes/projects/APAS-VERUS/src/Chap65/UnionFindPCStEph.rs:1: info: [22a:proof] free proof fn lemma_root_find_self correctly free (Standard 19)
/home/milnes/projects/APAS-VERUS/src/Chap65/UnionFindPCStEph.rs:1: info: [22a:proof] free proof fn lemma_non_root_next correctly free (Standard 19)
/home/milnes/projects/APAS-VERUS/src/Chap65/UnionFindPCStEph.rs:1: info: [22a:proof] free proof fn lemma_compress_step_find correctly free (Standard 19)
/home/milnes/projects/APAS-VERUS/src/Chap65/UnionFindPCStEph.rs:1: info: [22a:proof] free proof fn lemma_find_after_link correctly free (Standard 19)
/home/milnes/projects/APAS-VERUS/src/Chap65/UnionFindPCStEph.rs:1: info: [22a:proof] free proof fn lemma_link_size_rank_inv correctly free (Standard 19)
/home/milnes/projects/APAS-VERUS/src/Chap65/UnionFindPCStEph.rs:1: info: [22a:proof] free proof fn lemma_link_preserves_inv correctly free (Standard 19)
/home/milnes/projects/APAS-VERUS/src/Chap65/UnionFindPCStEph.rs:1: info: [22a:proof] free proof fn lemma_find_insert_unchanged correctly free (Standard 19)
/home/milnes/projects/APAS-VERUS/src/Chap65/UnionFindPCStEph.rs:1: info: [22a:proof] free proof fn lemma_rank_lt_n_minus_1 correctly free (Standard 19)
/home/milnes/projects/APAS-VERUS/src/Chap65/UnionFindPCStEph.rs:1: info: [22a:spec] free spec fn pv correctly free (Standard 19)
/home/milnes/projects/APAS-VERUS/src/Chap65/UnionFindPCStEph.rs:1: info: [22a:spec] free spec fn spec_pure_find correctly free (Standard 19)
/home/milnes/projects/APAS-VERUS/src/Chap65/UnionFindPCStEph.rs:1: info: [22a:spec] free spec fn spec_is_root_map correctly free (Standard 19)
/home/milnes/projects/APAS-VERUS/src/Chap65/UnionFindPCStEph.rs:1: info: [22a:spec] free spec fn spec_subtree correctly free (Standard 19)
/home/milnes/projects/APAS-VERUS/src/Chap65/UnionFindPCStEph.rs:1: info: [22a:spec] free spec fn spec_size_rank_inv_map correctly free (Standard 19)
/home/milnes/projects/APAS-VERUS/src/Chap65/UnionFindPCStEph.rs:1: info: [22a:spec] free spec fn spec_light_wf correctly free (Standard 19)
/home/milnes/projects/APAS-VERUS/src/Chap65/UnionFindPCStEph.rs:1: info: [22a:spec] free spec fn spec_find_preserved correctly free (Standard 19)
/home/milnes/projects/APAS-VERUS/src/Chap65/UnionFindPCStEph.rs:1: info: [22a:spec] free spec fn spec_same_domain correctly free (Standard 19)
/home/milnes/projects/APAS-VERUS/src/Chap65/UnionFindPCStEph.rs:1: info: [23a] spec/proof fn pv param V has looser bounds `View` (trait UnionFindPCStEphTrait has `StT + Hash + ClonePreservesView`)
/home/milnes/projects/APAS-VERUS/src/Chap65/UnionFindPCStEph.rs:1: info: [23a] spec/proof fn spec_pure_find param V has looser bounds `View` (trait UnionFindPCStEphTrait has `StT + Hash + ClonePreservesView`)
/home/milnes/projects/APAS-VERUS/src/Chap65/UnionFindPCStEph.rs:1: info: [23a] spec/proof fn spec_is_root_map param V has looser bounds `View` (trait UnionFindPCStEphTrait has `StT + Hash + ClonePreservesView`)
/home/milnes/projects/APAS-VERUS/src/Chap65/UnionFindPCStEph.rs:1: info: [23a] spec/proof fn spec_subtree param V has looser bounds `View` (trait UnionFindPCStEphTrait has `StT + Hash + ClonePreservesView`)
/home/milnes/projects/APAS-VERUS/src/Chap65/UnionFindPCStEph.rs:1: info: [23a] spec/proof fn spec_size_rank_inv_map param V has looser bounds `View` (trait UnionFindPCStEphTrait has `StT + Hash + ClonePreservesView`)
/home/milnes/projects/APAS-VERUS/src/Chap65/UnionFindPCStEph.rs:1: info: [23a] spec/proof fn spec_light_wf param V has looser bounds `View` (trait UnionFindPCStEphTrait has `StT + Hash + ClonePreservesView`)
/home/milnes/projects/APAS-VERUS/src/Chap65/UnionFindPCStEph.rs:1: info: [23a] spec/proof fn spec_find_preserved param V has looser bounds `View` (trait UnionFindPCStEphTrait has `StT + Hash + ClonePreservesView`)
/home/milnes/projects/APAS-VERUS/src/Chap65/UnionFindPCStEph.rs:1: info: [23a] spec/proof fn spec_same_domain param V has looser bounds `View` (trait UnionFindPCStEphTrait has `StT + Hash + ClonePreservesView`)
/home/milnes/projects/APAS-VERUS/src/Chap65/UnionFindPCStEph.rs:1: info: [23a] spec/proof fn lemma_compose_find_preserved param V has looser bounds `View` (trait UnionFindPCStEphTrait has `StT + Hash + ClonePreservesView`)
/home/milnes/projects/APAS-VERUS/src/Chap65/UnionFindPCStEph.rs:1: info: [23a] spec/proof fn lemma_find_in_dom param V has looser bounds `View` (trait UnionFindPCStEphTrait has `StT + Hash + ClonePreservesView`)
/home/milnes/projects/APAS-VERUS/src/Chap65/UnionFindPCStEph.rs:1: info: [23a] spec/proof fn lemma_find_is_root param V has looser bounds `View` (trait UnionFindPCStEphTrait has `StT + Hash + ClonePreservesView`)
/home/milnes/projects/APAS-VERUS/src/Chap65/UnionFindPCStEph.rs:1: info: [23a] spec/proof fn lemma_rank_lt_find param V has looser bounds `View` (trait UnionFindPCStEphTrait has `StT + Hash + ClonePreservesView`)
/home/milnes/projects/APAS-VERUS/src/Chap65/UnionFindPCStEph.rs:1: info: [23a] spec/proof fn lemma_compress_preserves_find param V has looser bounds `View` (trait UnionFindPCStEphTrait has `StT + Hash + ClonePreservesView`)
/home/milnes/projects/APAS-VERUS/src/Chap65/UnionFindPCStEph.rs:1: info: [23a] spec/proof fn lemma_compress_preserves_find_all param V has looser bounds `View` (trait UnionFindPCStEphTrait has `StT + Hash + ClonePreservesView`)
/home/milnes/projects/APAS-VERUS/src/Chap65/UnionFindPCStEph.rs:1: info: [23a] spec/proof fn lemma_compress_basic param V has looser bounds `View` (trait UnionFindPCStEphTrait has `StT + Hash + ClonePreservesView`)
/home/milnes/projects/APAS-VERUS/src/Chap65/UnionFindPCStEph.rs:1: info: [23a] spec/proof fn lemma_compress_parent_in_dom param V has looser bounds `View` (trait UnionFindPCStEphTrait has `StT + Hash + ClonePreservesView`)
/home/milnes/projects/APAS-VERUS/src/Chap65/UnionFindPCStEph.rs:1: info: [23a] spec/proof fn lemma_compress_rank_inv param V has looser bounds `View` (trait UnionFindPCStEphTrait has `StT + Hash + ClonePreservesView`)
/home/milnes/projects/APAS-VERUS/src/Chap65/UnionFindPCStEph.rs:1: info: [23a] spec/proof fn lemma_compress_iter param V has looser bounds `View` (trait UnionFindPCStEphTrait has `StT + Hash + ClonePreservesView`)
/home/milnes/projects/APAS-VERUS/src/Chap65/UnionFindPCStEph.rs:1: info: [23a] spec/proof fn lemma_rank_lt_n_from_light_wf param V has looser bounds `View` (trait UnionFindPCStEphTrait has `StT + Hash + ClonePreservesView`)
/home/milnes/projects/APAS-VERUS/src/Chap65/UnionFindPCStEph.rs:1: info: [23a] spec/proof fn lemma_root_find_self param V has looser bounds `View` (trait UnionFindPCStEphTrait has `StT + Hash + ClonePreservesView`)
/home/milnes/projects/APAS-VERUS/src/Chap65/UnionFindPCStEph.rs:1: info: [23a] spec/proof fn lemma_non_root_next param V has looser bounds `View` (trait UnionFindPCStEphTrait has `StT + Hash + ClonePreservesView`)
/home/milnes/projects/APAS-VERUS/src/Chap65/UnionFindPCStEph.rs:1: info: [23a] spec/proof fn lemma_compress_step_find param V has looser bounds `View` (trait UnionFindPCStEphTrait has `StT + Hash + ClonePreservesView`)
/home/milnes/projects/APAS-VERUS/src/Chap65/UnionFindPCStEph.rs:1: info: [23a] spec/proof fn lemma_find_after_link param V has looser bounds `View` (trait UnionFindPCStEphTrait has `StT + Hash + ClonePreservesView`)
/home/milnes/projects/APAS-VERUS/src/Chap65/UnionFindPCStEph.rs:1: info: [23a] spec/proof fn lemma_link_size_rank_inv param V has looser bounds `View` (trait UnionFindPCStEphTrait has `StT + Hash + ClonePreservesView`)
/home/milnes/projects/APAS-VERUS/src/Chap65/UnionFindPCStEph.rs:1: info: [23a] spec/proof fn lemma_link_preserves_inv param V has looser bounds `View` (trait UnionFindPCStEphTrait has `StT + Hash + ClonePreservesView`)
/home/milnes/projects/APAS-VERUS/src/Chap65/UnionFindPCStEph.rs:1: info: [23a] spec/proof fn lemma_find_insert_unchanged param V has looser bounds `View` (trait UnionFindPCStEphTrait has `StT + Hash + ClonePreservesView`)
/home/milnes/projects/APAS-VERUS/src/Chap65/UnionFindPCStEph.rs:1: info: [23a] spec/proof fn lemma_rank_lt_n_minus_1 param V has looser bounds `View` (trait UnionFindPCStEphTrait has `StT + Hash + ClonePreservesView`)
/home/milnes/projects/APAS-VERUS/src/Chap65/UnionFindPCStEph.rs:1: info: [23b] free fn type bounds compatible with trait
/home/milnes/projects/APAS-VERUS/src/Chap65/UnionFindPCStEph.rs:1: warning: [11] Set usage should have vstd::set::group_set_axioms in broadcast use
/home/milnes/projects/APAS-VERUS/src/Chap65/UnionFindPCStEph.rs:1: warning: [17] collection UnionFindPC should have an Iterator impl
/home/milnes/projects/APAS-VERUS/src/Chap65/UnionFindPCStEph.rs:1: warning: [17] collection UnionFindPC should have an IntoIterator impl
/home/milnes/projects/APAS-VERUS/src/Chap65/UnionFindPCStEph.rs:1: warning: [17] collection should have proof test: /home/milnes/projects/APAS-VERUS/rust_verify_test/tests/Chap65/ProveUnionFindPCStEph.rs
/home/milnes/projects/APAS-VERUS/src/Chap65/UnionFindPCStEph.rs:509: warning: [22:proof] free proof fn lemma_build_final_wf should be a trait method
/home/milnes/projects/APAS-VERUS/src/Chap65/UnionFindPCStEph.rs:105: warning: [22:spec] free spec fn spec_uf_wf should be an abstract signature in a trait with body in the impl
/home/milnes/projects/APAS-VERUS/src/Chap65/UnionFindPCStEph.rs:1: warning: [24] missing or incorrect copyright line; expected: //! Copyright (C) 2025 Acar, Blelloch and Milnes from 'Algorithms Parallel and Sequential'.

/home/milnes/projects/APAS-VERUS/src/Chap66/BoruvkaMtEph.rs:
/home/milnes/projects/APAS-VERUS/src/Chap66/BoruvkaMtEph.rs:1: info: [1] has mod declarations
/home/milnes/projects/APAS-VERUS/src/Chap66/BoruvkaMtEph.rs:1: info: [2] vstd::prelude::* before verus!
/home/milnes/projects/APAS-VERUS/src/Chap66/BoruvkaMtEph.rs:1: info: [3] has verus! macro
/home/milnes/projects/APAS-VERUS/src/Chap66/BoruvkaMtEph.rs:1: info: [4] std imports grouped with trailing blank
/home/milnes/projects/APAS-VERUS/src/Chap66/BoruvkaMtEph.rs:1: info: [5] vstd imports grouped with trailing blank
/home/milnes/projects/APAS-VERUS/src/Chap66/BoruvkaMtEph.rs:1: info: [12] all trait fns have specs
/home/milnes/projects/APAS-VERUS/src/Chap66/BoruvkaMtEph.rs:1: info: [13] trait impls inside verus!
/home/milnes/projects/APAS-VERUS/src/Chap66/BoruvkaMtEph.rs:1: info: [14] Debug, Display outside verus!
/home/milnes/projects/APAS-VERUS/src/Chap66/BoruvkaMtEph.rs:1: info: [16] no Lit macro definitions (ok)
/home/milnes/projects/APAS-VERUS/src/Chap66/BoruvkaMtEph.rs:1: info: [17] no collection structs (ok)
/home/milnes/projects/APAS-VERUS/src/Chap66/BoruvkaMtEph.rs:1: info: [18] definition order correct
/home/milnes/projects/APAS-VERUS/src/Chap66/BoruvkaMtEph.rs:1: info: [19] no generic return names
/home/milnes/projects/APAS-VERUS/src/Chap66/BoruvkaMtEph.rs:1: info: [21] broadcast use: vstd:: before crate::
/home/milnes/projects/APAS-VERUS/src/Chap66/BoruvkaMtEph.rs:1: info: [22:proof] proof fns: all in traits
/home/milnes/projects/APAS-VERUS/src/Chap66/BoruvkaMtEph.rs:1: info: [22a:exec] free fn hash_coin correctly free (Standard 19)
/home/milnes/projects/APAS-VERUS/src/Chap66/BoruvkaMtEph.rs:1: info: [22a:exec] free fn hash_coin_flips_mt correctly free (Standard 19)
/home/milnes/projects/APAS-VERUS/src/Chap66/BoruvkaMtEph.rs:1: info: [22a:exec] free fn compute_remaining_mt correctly free (Standard 19)
/home/milnes/projects/APAS-VERUS/src/Chap66/BoruvkaMtEph.rs:1: info: [22a:exec] free fn collect_mst_labels_mt correctly free (Standard 19)
/home/milnes/projects/APAS-VERUS/src/Chap66/BoruvkaMtEph.rs:1: info: [22a:exec] free fn build_partition_map_mt correctly free (Standard 19)
/home/milnes/projects/APAS-VERUS/src/Chap66/BoruvkaMtEph.rs:1: info: [22a:exec] free fn vertex_bridges_mt correctly free (Standard 19)
/home/milnes/projects/APAS-VERUS/src/Chap66/BoruvkaMtEph.rs:1: info: [22a:exec] free fn bridge_star_partition_mt correctly free (Standard 19)
/home/milnes/projects/APAS-VERUS/src/Chap66/BoruvkaMtEph.rs:1: info: [22a:exec] free fn filter_tail_to_head_mt correctly free (Standard 19)
/home/milnes/projects/APAS-VERUS/src/Chap66/BoruvkaMtEph.rs:1: info: [22a:exec] free fn boruvka_mst_mt correctly free (Standard 19)
/home/milnes/projects/APAS-VERUS/src/Chap66/BoruvkaMtEph.rs:1: info: [22a:exec] free fn reroute_edges_mt correctly free (Standard 19)
/home/milnes/projects/APAS-VERUS/src/Chap66/BoruvkaMtEph.rs:1: info: [22a:exec] free fn boruvka_mst_mt_with_seed correctly free (Standard 19)
/home/milnes/projects/APAS-VERUS/src/Chap66/BoruvkaMtEph.rs:1: info: [22a:exec] free fn mst_weight correctly free (Standard 19)
/home/milnes/projects/APAS-VERUS/src/Chap66/BoruvkaMtEph.rs:1: info: [22a:spec] free spec fn spec_all_weights_finite correctly free (Standard 19)
/home/milnes/projects/APAS-VERUS/src/Chap66/BoruvkaMtEph.rs:1: info: [22a:spec] free spec fn spec_all_weights_finite_seq correctly free (Standard 19)
/home/milnes/projects/APAS-VERUS/src/Chap66/BoruvkaMtEph.rs:1: info: [23a] no spec/proof fns with looser bounds
/home/milnes/projects/APAS-VERUS/src/Chap66/BoruvkaMtEph.rs:1: info: [23b] free fn type bounds compatible with trait
/home/milnes/projects/APAS-VERUS/src/Chap66/BoruvkaMtEph.rs:1: warning: [11] Seq usage should have vstd::seq::group_seq_axioms in broadcast use
/home/milnes/projects/APAS-VERUS/src/Chap66/BoruvkaMtEph.rs:1043: warning: [15] impl PartialOrd should be inside verus! (for verification)
/home/milnes/projects/APAS-VERUS/src/Chap66/BoruvkaMtEph.rs:1048: warning: [15] impl Ord should be inside verus! (for verification)
/home/milnes/projects/APAS-VERUS/src/Chap66/BoruvkaMtEph.rs:1056: warning: [15] impl Hash should be inside verus! (for verification)
/home/milnes/projects/APAS-VERUS/src/Chap66/BoruvkaMtEph.rs:70: warning: [20] trait BoruvkaMtEphTrait is defined but has no impl
/home/milnes/projects/APAS-VERUS/src/Chap66/BoruvkaMtEph.rs:72: warning: [22:spec] spec fn spec_boruvkamteph_wf in trait BoruvkaMtEphTrait has a body; should be abstract (no body) with concrete spec in the impl
/home/milnes/projects/APAS-VERUS/src/Chap66/BoruvkaMtEph.rs:1: warning: [24] missing or incorrect copyright line; expected: //! Copyright (C) 2025 Acar, Blelloch and Milnes from 'Algorithms Parallel and Sequential'.

/home/milnes/projects/APAS-VERUS/src/Chap66/BoruvkaStEph.rs:
/home/milnes/projects/APAS-VERUS/src/Chap66/BoruvkaStEph.rs:1: info: [1] has mod declarations
/home/milnes/projects/APAS-VERUS/src/Chap66/BoruvkaStEph.rs:1: info: [2] vstd::prelude::* before verus!
/home/milnes/projects/APAS-VERUS/src/Chap66/BoruvkaStEph.rs:1: info: [3] has verus! macro
/home/milnes/projects/APAS-VERUS/src/Chap66/BoruvkaStEph.rs:1: info: [4] std imports grouped with trailing blank
/home/milnes/projects/APAS-VERUS/src/Chap66/BoruvkaStEph.rs:1: info: [5] vstd imports grouped with trailing blank
/home/milnes/projects/APAS-VERUS/src/Chap66/BoruvkaStEph.rs:1: info: [11] Set/Seq usage has broadcast groups
/home/milnes/projects/APAS-VERUS/src/Chap66/BoruvkaStEph.rs:1: info: [12] all trait fns have specs
/home/milnes/projects/APAS-VERUS/src/Chap66/BoruvkaStEph.rs:1: info: [13] trait impls inside verus!
/home/milnes/projects/APAS-VERUS/src/Chap66/BoruvkaStEph.rs:1: info: [14] Debug, Display outside verus!
/home/milnes/projects/APAS-VERUS/src/Chap66/BoruvkaStEph.rs:1: info: [16] no Lit macro definitions (ok)
/home/milnes/projects/APAS-VERUS/src/Chap66/BoruvkaStEph.rs:1: info: [17] no collection structs (ok)
/home/milnes/projects/APAS-VERUS/src/Chap66/BoruvkaStEph.rs:1: info: [18] definition order correct
/home/milnes/projects/APAS-VERUS/src/Chap66/BoruvkaStEph.rs:1: info: [19] no generic return names
/home/milnes/projects/APAS-VERUS/src/Chap66/BoruvkaStEph.rs:1: info: [20] all traits have impls
/home/milnes/projects/APAS-VERUS/src/Chap66/BoruvkaStEph.rs:1: info: [21] broadcast use: vstd:: before crate::
/home/milnes/projects/APAS-VERUS/src/Chap66/BoruvkaStEph.rs:1: info: [22:proof] proof fns: all in traits
/home/milnes/projects/APAS-VERUS/src/Chap66/BoruvkaStEph.rs:1: info: [22a:exec] free fn coin_flip correctly free (Standard 19)
/home/milnes/projects/APAS-VERUS/src/Chap66/BoruvkaStEph.rs:1: info: [22a:spec] free spec fn spec_valid_bridge correctly free (Standard 19)
/home/milnes/projects/APAS-VERUS/src/Chap66/BoruvkaStEph.rs:1: info: [22a:spec] free spec fn spec_all_weights_finite correctly free (Standard 19)
/home/milnes/projects/APAS-VERUS/src/Chap66/BoruvkaStEph.rs:1: info: [23a] no spec/proof fns with looser bounds
/home/milnes/projects/APAS-VERUS/src/Chap66/BoruvkaStEph.rs:1: info: [23b] free fn type bounds compatible with trait
/home/milnes/projects/APAS-VERUS/src/Chap66/BoruvkaStEph.rs:510: warning: [15] impl PartialOrd should be inside verus! (for verification)
/home/milnes/projects/APAS-VERUS/src/Chap66/BoruvkaStEph.rs:515: warning: [15] impl Ord should be inside verus! (for verification)
/home/milnes/projects/APAS-VERUS/src/Chap66/BoruvkaStEph.rs:523: warning: [15] impl Hash should be inside verus! (for verification)
/home/milnes/projects/APAS-VERUS/src/Chap66/BoruvkaStEph.rs:118: warning: [22:spec] spec fn spec_boruvkasteph_wf in trait BoruvkaStEphTrait has a body; should be abstract (no body) with concrete spec in the impl
/home/milnes/projects/APAS-VERUS/src/Chap66/BoruvkaStEph.rs:1: warning: [24] missing or incorrect copyright line; expected: //! Copyright (C) 2025 Acar, Blelloch and Milnes from 'Algorithms Parallel and Sequential'.

/home/milnes/projects/APAS-VERUS/src/Concurrency.rs:
/home/milnes/projects/APAS-VERUS/src/Concurrency.rs:1: info: [1] has mod declarations
/home/milnes/projects/APAS-VERUS/src/Concurrency.rs:1: info: [3] has verus! macro
/home/milnes/projects/APAS-VERUS/src/Concurrency.rs:1: info: [4] no std imports (ok)
/home/milnes/projects/APAS-VERUS/src/Concurrency.rs:1: info: [5] no vstd imports (ok)
/home/milnes/projects/APAS-VERUS/src/Concurrency.rs:1: info: [11] no Set/Seq usage (ok)
/home/milnes/projects/APAS-VERUS/src/Concurrency.rs:1: info: [12] no traits (ok)
/home/milnes/projects/APAS-VERUS/src/Concurrency.rs:1: info: [13] no non-derive trait impls (ok)
/home/milnes/projects/APAS-VERUS/src/Concurrency.rs:1: info: [14] no Debug/Display impls (ok)
/home/milnes/projects/APAS-VERUS/src/Concurrency.rs:1: info: [15] no PartialEq/Eq/Clone/Hash/Ord impls (ok)
/home/milnes/projects/APAS-VERUS/src/Concurrency.rs:1: info: [16] no Lit macro definitions (ok)
/home/milnes/projects/APAS-VERUS/src/Concurrency.rs:1: info: [17] no collection structs (ok)
/home/milnes/projects/APAS-VERUS/src/Concurrency.rs:1: info: [18] definition order correct
/home/milnes/projects/APAS-VERUS/src/Concurrency.rs:1: info: [19] no generic return names
/home/milnes/projects/APAS-VERUS/src/Concurrency.rs:1: info: [20] no traits defined
/home/milnes/projects/APAS-VERUS/src/Concurrency.rs:1: info: [21] no broadcast use entries
/home/milnes/projects/APAS-VERUS/src/Concurrency.rs:1: info: [22:proof] proof fns: all in traits
/home/milnes/projects/APAS-VERUS/src/Concurrency.rs:1: info: [22:spec] spec fns: all in traits as abstract signatures
/home/milnes/projects/APAS-VERUS/src/Concurrency.rs:1: info: [22a:exec] free fn diverge correctly free (Standard 19)
/home/milnes/projects/APAS-VERUS/src/Concurrency.rs:1: info: [23a] no spec/proof fns with looser bounds
/home/milnes/projects/APAS-VERUS/src/Concurrency.rs:1: info: [23b] free fn type bounds compatible with trait
/home/milnes/projects/APAS-VERUS/src/Concurrency.rs:38: warning: [2] use vstd::prelude::* should be before verus! macro
/home/milnes/projects/APAS-VERUS/src/Concurrency.rs:1: warning: [24] missing or incorrect copyright line; expected: //! Copyright (C) 2025 Acar, Blelloch and Milnes from 'Algorithms Parallel and Sequential'.

/home/milnes/projects/APAS-VERUS/src/ParaPairs.rs:
/home/milnes/projects/APAS-VERUS/src/ParaPairs.rs:1: info: [1] has mod declarations
/home/milnes/projects/APAS-VERUS/src/ParaPairs.rs:1: info: [2] vstd::prelude::* before verus!
/home/milnes/projects/APAS-VERUS/src/ParaPairs.rs:1: info: [3] has verus! macro
/home/milnes/projects/APAS-VERUS/src/ParaPairs.rs:1: info: [4] no std imports (ok)
/home/milnes/projects/APAS-VERUS/src/ParaPairs.rs:1: info: [5] no vstd imports (ok)
/home/milnes/projects/APAS-VERUS/src/ParaPairs.rs:1: info: [11] Set/Seq usage has broadcast groups
/home/milnes/projects/APAS-VERUS/src/ParaPairs.rs:1: info: [12] no traits (ok)
/home/milnes/projects/APAS-VERUS/src/ParaPairs.rs:1: info: [13] no non-derive trait impls (ok)
/home/milnes/projects/APAS-VERUS/src/ParaPairs.rs:1: info: [14] no Debug/Display impls (ok)
/home/milnes/projects/APAS-VERUS/src/ParaPairs.rs:1: info: [15] no PartialEq/Eq/Clone/Hash/Ord impls (ok)
/home/milnes/projects/APAS-VERUS/src/ParaPairs.rs:1: info: [16] no Lit macro definitions (ok)
/home/milnes/projects/APAS-VERUS/src/ParaPairs.rs:1: info: [17] no collection structs (ok)
/home/milnes/projects/APAS-VERUS/src/ParaPairs.rs:1: info: [18] definition order correct
/home/milnes/projects/APAS-VERUS/src/ParaPairs.rs:1: info: [19] no generic return names
/home/milnes/projects/APAS-VERUS/src/ParaPairs.rs:1: info: [20] no traits defined
/home/milnes/projects/APAS-VERUS/src/ParaPairs.rs:1: info: [21] broadcast use: vstd:: before crate::
/home/milnes/projects/APAS-VERUS/src/ParaPairs.rs:1: info: [22:proof] proof fns: all in traits
/home/milnes/projects/APAS-VERUS/src/ParaPairs.rs:1: info: [22:spec] spec fns: all in traits as abstract signatures
/home/milnes/projects/APAS-VERUS/src/ParaPairs.rs:1: info: [22a:exec] free fn para_pair correctly free (Standard 19)
/home/milnes/projects/APAS-VERUS/src/ParaPairs.rs:1: info: [22a:exec] free fn para_pair_disjoint correctly free (Standard 19)
/home/milnes/projects/APAS-VERUS/src/ParaPairs.rs:1: info: [23a] no spec/proof fns with looser bounds
/home/milnes/projects/APAS-VERUS/src/ParaPairs.rs:1: info: [23b] free fn type bounds compatible with trait
/home/milnes/projects/APAS-VERUS/src/ParaPairs.rs:1: warning: [24] missing or incorrect copyright line; expected: //! Copyright (C) 2025 Acar, Blelloch and Milnes from 'Algorithms Parallel and Sequential'.

/home/milnes/projects/APAS-VERUS/src/Types.rs:
/home/milnes/projects/APAS-VERUS/src/Types.rs:1: info: [1] has mod declarations
/home/milnes/projects/APAS-VERUS/src/Types.rs:1: info: [2] vstd::prelude::* before verus!
/home/milnes/projects/APAS-VERUS/src/Types.rs:1: info: [3] has verus! macro
/home/milnes/projects/APAS-VERUS/src/Types.rs:1: info: [4] std imports grouped with trailing blank
/home/milnes/projects/APAS-VERUS/src/Types.rs:1: info: [5] no vstd imports (ok)
/home/milnes/projects/APAS-VERUS/src/Types.rs:1: info: [11] Set/Seq usage has broadcast groups
/home/milnes/projects/APAS-VERUS/src/Types.rs:1: info: [12] all trait fns have specs
/home/milnes/projects/APAS-VERUS/src/Types.rs:1: info: [14] Display outside verus!
/home/milnes/projects/APAS-VERUS/src/Types.rs:1: info: [16] Lit macro definitions at end of file
/home/milnes/projects/APAS-VERUS/src/Types.rs:1: info: [17] no collection structs (ok)
/home/milnes/projects/APAS-VERUS/src/Types.rs:1: info: [20] all traits have impls
/home/milnes/projects/APAS-VERUS/src/Types.rs:1: info: [21] broadcast use: vstd:: before crate::
/home/milnes/projects/APAS-VERUS/src/Types.rs:1: info: [22:exec] exec fns: all in traits
/home/milnes/projects/APAS-VERUS/src/Types.rs:1: info: [22a:proof] free proof fn axiom_Pair_feq correctly free (Standard 19)
/home/milnes/projects/APAS-VERUS/src/Types.rs:1: info: [22a:proof] free proof fn axiom_Pair_key_model correctly free (Standard 19)
/home/milnes/projects/APAS-VERUS/src/Types.rs:1: info: [22a:proof] free proof fn axiom_Edge_feq correctly free (Standard 19)
/home/milnes/projects/APAS-VERUS/src/Types.rs:1: info: [22a:proof] free proof fn axiom_Edge_key_model correctly free (Standard 19)
/home/milnes/projects/APAS-VERUS/src/Types.rs:1: info: [22a:proof] free proof fn axiom_LabEdge_feq correctly free (Standard 19)
/home/milnes/projects/APAS-VERUS/src/Types.rs:1: info: [22a:proof] free proof fn axiom_LabEdge_key_model correctly free (Standard 19)
/home/milnes/projects/APAS-VERUS/src/Types.rs:1: info: [22a:proof] free proof fn axiom_WeightedEdge_feq correctly free (Standard 19)
/home/milnes/projects/APAS-VERUS/src/Types.rs:1: info: [22a:proof] free proof fn axiom_WeightedEdge_key_model correctly free (Standard 19)
/home/milnes/projects/APAS-VERUS/src/Types.rs:1: info: [22a:spec] free spec fn spec_graphview_wf correctly free (Standard 19)
/home/milnes/projects/APAS-VERUS/src/Types.rs:1: info: [22a:spec] free spec fn spec_labgraphview_wf correctly free (Standard 19)
/home/milnes/projects/APAS-VERUS/src/Types.rs:1: info: [22a:spec] free spec fn Pair_feq_trigger correctly free (Standard 19)
/home/milnes/projects/APAS-VERUS/src/Types.rs:1: info: [22a:spec] free spec fn valid_key_type_Pair correctly free (Standard 19)
/home/milnes/projects/APAS-VERUS/src/Types.rs:1: info: [22a:spec] free spec fn obeys_feq_full_Pair correctly free (Standard 19)
/home/milnes/projects/APAS-VERUS/src/Types.rs:1: info: [22a:spec] free spec fn Edge_feq_trigger correctly free (Standard 19)
/home/milnes/projects/APAS-VERUS/src/Types.rs:1: info: [22a:spec] free spec fn valid_key_type_Edge correctly free (Standard 19)
/home/milnes/projects/APAS-VERUS/src/Types.rs:1: info: [22a:spec] free spec fn obeys_feq_full_Edge correctly free (Standard 19)
/home/milnes/projects/APAS-VERUS/src/Types.rs:1: info: [22a:spec] free spec fn LabEdge_feq_trigger correctly free (Standard 19)
/home/milnes/projects/APAS-VERUS/src/Types.rs:1: info: [22a:spec] free spec fn valid_key_type_LabEdge correctly free (Standard 19)
/home/milnes/projects/APAS-VERUS/src/Types.rs:1: info: [22a:spec] free spec fn WeightedEdge_feq_trigger correctly free (Standard 19)
/home/milnes/projects/APAS-VERUS/src/Types.rs:1: info: [22a:spec] free spec fn valid_key_type_WeightedEdge correctly free (Standard 19)
/home/milnes/projects/APAS-VERUS/src/Types.rs:1: info: [23a] no spec/proof fns with looser bounds
/home/milnes/projects/APAS-VERUS/src/Types.rs:1: info: [23b] free fn type bounds compatible with trait
/home/milnes/projects/APAS-VERUS/src/Types.rs:393: warning: [13] impl From for V should be inside verus!
/home/milnes/projects/APAS-VERUS/src/Types.rs:397: warning: [13] impl From for V should be inside verus!
/home/milnes/projects/APAS-VERUS/src/Types.rs:401: warning: [13] impl From for V should be inside verus!
/home/milnes/projects/APAS-VERUS/src/Types.rs:405: warning: [13] impl From for A should be inside verus!
/home/milnes/projects/APAS-VERUS/src/Types.rs:415: warning: [13] impl From for Edge should be inside verus!
/home/milnes/projects/APAS-VERUS/src/Types.rs:431: warning: [13] impl From for LabEdge should be inside verus!
/home/milnes/projects/APAS-VERUS/src/Types.rs:447: warning: [13] impl From for WeightedEdge should be inside verus!
/home/milnes/projects/APAS-VERUS/src/Types.rs:459: warning: [13] impl From for Pair should be inside verus!
/home/milnes/projects/APAS-VERUS/src/Types.rs:419: warning: [15] impl Clone should be inside verus! (for verification)
/home/milnes/projects/APAS-VERUS/src/Types.rs:435: warning: [15] impl Clone should be inside verus! (for verification)
/home/milnes/projects/APAS-VERUS/src/Types.rs:451: warning: [15] impl Clone should be inside verus! (for verification)
/home/milnes/projects/APAS-VERUS/src/Types.rs:463: warning: [15] impl Clone should be inside verus! (for verification)
/home/milnes/projects/APAS-VERUS/src/Types.rs:126: warning: [18] use crate::... should come before impls (expected imports before impls)
/home/milnes/projects/APAS-VERUS/src/Types.rs:295: warning: [18] use crate::... should come before proof fns/broadcast groups (expected imports before proof fns/broadcast groups)
/home/milnes/projects/APAS-VERUS/src/Types.rs:297: warning: [18] use vstd::... should come before proof fns/broadcast groups (expected imports before proof fns/broadcast groups)
/home/milnes/projects/APAS-VERUS/src/Types.rs:151: warning: [19] clone_view return name 'result' could be more descriptive
/home/milnes/projects/APAS-VERUS/src/Types.rs:181: warning: [19] clone_view return name 'result' could be more descriptive
/home/milnes/projects/APAS-VERUS/src/Types.rs:212: warning: [19] clone_view return name 'result' could be more descriptive
/home/milnes/projects/APAS-VERUS/src/Types.rs:365: warning: [19] clone_view return name 'result' could be more descriptive
/home/milnes/projects/APAS-VERUS/src/Types.rs:285: warning: [22:proof] free proof fn axiom_Pair_view_injective should be a trait method
/home/milnes/projects/APAS-VERUS/src/Types.rs:1: warning: [24] missing or incorrect copyright line; expected: //! Copyright (C) 2025 Acar, Blelloch and Milnes from 'Algorithms Parallel and Sequential'.

/home/milnes/projects/APAS-VERUS/src/lib.rs:
/home/milnes/projects/APAS-VERUS/src/lib.rs:1: info: [1] has mod declarations
/home/milnes/projects/APAS-VERUS/src/lib.rs:1: info: [2] no verus! macro (prelude check N/A)
/home/milnes/projects/APAS-VERUS/src/lib.rs:1: info: [4] no std imports (ok)
/home/milnes/projects/APAS-VERUS/src/lib.rs:1: info: [5] no vstd imports (ok)
/home/milnes/projects/APAS-VERUS/src/lib.rs:1: info: [11] no Set/Seq usage (ok)
/home/milnes/projects/APAS-VERUS/src/lib.rs:1: info: [12] no traits (ok)
/home/milnes/projects/APAS-VERUS/src/lib.rs:1: info: [13] no non-derive trait impls (ok)
/home/milnes/projects/APAS-VERUS/src/lib.rs:1: info: [14] no Debug/Display impls (ok)
/home/milnes/projects/APAS-VERUS/src/lib.rs:1: info: [15] no PartialEq/Eq/Clone/Hash/Ord impls (ok)
/home/milnes/projects/APAS-VERUS/src/lib.rs:1: info: [16] no Lit macro definitions (ok)
/home/milnes/projects/APAS-VERUS/src/lib.rs:1: info: [17] no collection structs (ok)
/home/milnes/projects/APAS-VERUS/src/lib.rs:1: info: [18] no verus! macro (order check N/A)
/home/milnes/projects/APAS-VERUS/src/lib.rs:1: info: [19] no generic return names
/home/milnes/projects/APAS-VERUS/src/lib.rs:1: info: [20] no traits defined
/home/milnes/projects/APAS-VERUS/src/lib.rs:1: info: [21] no broadcast use entries
/home/milnes/projects/APAS-VERUS/src/lib.rs:1: info: [22:exec] exec fns: all in traits
/home/milnes/projects/APAS-VERUS/src/lib.rs:1: info: [22:proof] proof fns: all in traits
/home/milnes/projects/APAS-VERUS/src/lib.rs:1: info: [22:spec] spec fns: all in traits as abstract signatures
/home/milnes/projects/APAS-VERUS/src/lib.rs:1: info: [23a] spec/proof fn looser bounds: N/A
/home/milnes/projects/APAS-VERUS/src/lib.rs:1: info: [23b] free fn stricter bounds: N/A
/home/milnes/projects/APAS-VERUS/src/lib.rs:1: warning: [3] file should have verus! macro
/home/milnes/projects/APAS-VERUS/src/lib.rs:1: warning: [24] missing or incorrect copyright line; expected: //! Copyright (C) 2025 Acar, Blelloch and Milnes from 'Algorithms Parallel and Sequential'.

════════════════════════════════════════════════════════════════
Summary: 6344 passed, 1119 warnings in 276 files (checked 277 files)
════════════════════════════════════════════════════════════════

Style Review Summary
=====================

Warnings by rule:
|   # | Rule       | Count | Description                                           |
| --- | ---------- | ----- | ----------------------------------------------------- |
|   1 | [24]       |   276 | Copyright line at top of file                         |
|   2 | [18]       |   163 | Definition order inside verus!                        |
|   3 | [22:spec]  |   155 | Free spec fn should be trait signature with impl body |
|   4 | [22:exec]  |   113 | Free exec fn should be trait method                   |
|   5 | [17]       |    93 | Iterator/IntoIterator inside verus!                   |
|   6 | [13]       |    54 | Trait impl inside verus!                              |
|   7 | [23b]      |    54 | Free fn stricter/incompatible bounds vs trait         |
|   8 | [12]       |    49 | Trait fns have specs                                  |
|   9 | [22:proof] |    47 | Free proof fn should be trait method                  |
|  10 | [15]       |    38 | PartialEq/Eq/Clone/Hash/Ord inside verus!             |
|  11 | [20]       |    30 | Every trait has at least one impl                     |
|  12 | [11]       |    29 | Set/Seq broadcast groups                              |
|  13 | [14]       |     6 | Debug/Display impl outside verus!                     |
|  14 | [19]       |     6 | Meaningful return value names                         |
|  15 | [4]        |     3 | std imports grouped                                   |
|  16 | [2]        |     1 | vstd::prelude::* before verus!                        |
|  17 | [3]        |     1 | File has verus! macro                                 |
|  18 | [5]        |     1 | vstd imports grouped                                  |

Total: 1119 warnings, 277 files checked.
Note: 1087 free functions correctly placed per Standard 19 ([22a] info, not shown).

Warnings by chapter:
|   # | Chapter | Warnings | Top rules                            |
| --- | ------- | -------- | ------------------------------------ |
|   1 | Chap37  |      137 | [18] 42, [22:spec] 38, [22:proof] 24 |
|   2 | Chap06  |      102 | [22:spec] 71, [24] 21, [18] 10       |
|   3 | Chap50  |       78 | [13] 20, [17] 20, [18] 16            |
|   4 | Chap49  |       65 | [13] 14, [15] 12, [17] 10            |
|   5 | Chap18  |       58 | [18] 25, [24] 9, [22:exec] 9         |
|   6 | Chap39  |       55 | [22:exec] 28, [23b] 12, [18] 5       |
|   7 | Chap43  |       55 | [17] 20, [24] 12, [15] 6             |
|   8 | Chap26  |       38 | [22:exec] 18, [24] 8, [22:spec] 5    |
|   9 | Chap47  |       36 | [24] 9, [22:spec] 7, [22:exec] 5     |
|  10 | Chap65  |       36 | [17] 9, [14] 6, [24] 5               |
|  11 | Chap40  |       34 | [18] 17, [23b] 9, [12] 3             |
|  12 | Chap52  |       29 | [24] 16, [18] 6, [22:spec] 4         |
|  13 | Chap38  |       26 | [22:exec] 17, [24] 3, [18] 3         |
|  14 | Chap41  |       26 | [24] 8, [23b] 4, [12] 3              |
|  15 | other   |       26 | [13] 8, [24] 4, [19] 4               |
|  16 | Chap51  |       21 | [18] 12, [24] 9                      |
|  17 | Chap56  |       21 | [24] 12, [12] 9                      |
|  18 | Chap35  |       20 | [23b] 10, [22:exec] 6, [24] 4        |
|  19 | Chap05  |       18 | [18] 5, [24] 5, [22:proof] 4         |
|  20 | Chap19  |       18 | [22:exec] 6, [24] 5, [17] 4          |
|  21 | Chap28  |       17 | [24] 11, [22:exec] 6                 |
|  22 | Chap21  |       16 | [24] 12, [11] 2, [19] 2              |
|  23 | Chap45  |       16 | [12] 8, [24] 6, [22:proof] 2         |
|  24 | Chap62  |       16 | [11] 4, [22:spec] 4, [20] 4          |
|  25 | Chap57  |       14 | [18] 4, [24] 3, [17] 3               |
|  26 | Chap30  |       13 | [18] 8, [12] 4, [24] 1               |
|  27 | Chap55  |       13 | [24] 9, [11] 4                       |
|  28 | Chap61  |       12 | [24] 4, [20] 4, [22:spec] 4          |
|  29 | Chap66  |       12 | [15] 6, [22:spec] 2, [24] 2          |
|  30 | Chap64  |       10 | [24] 3, [22:spec] 3, [20] 3          |
|  31 | Chap23  |        8 | [22:proof] 2, [24] 2, [22:exec] 1    |
|  32 | Chap59  |        8 | [20] 4, [24] 4                       |
|  33 | Chap42  |        7 | [24] 5, [20] 1, [23b] 1              |
|  34 | Chap44  |        7 | [17] 3, [24] 2, [22:spec] 1          |
|  35 | Chap53  |        7 | [24] 5, [22:spec] 2                  |
|  36 | Chap12  |        6 | [24] 3, [12] 2, [22:spec] 1          |
|  37 | Chap27  |        6 | [24] 5, [22:exec] 1                  |
|  38 | Chap36  |        6 | [24] 3, [22:exec] 1, [23b] 1         |
|  39 | Chap63  |        6 | [22:spec] 2, [24] 2, [20] 2          |
|  40 | Chap11  |        5 | [24] 5                               |
|  41 | Chap54  |        5 | [24] 5                               |
|  42 | Chap58  |        4 | [24] 2, [20] 2                       |
|  43 | Chap17  |        3 | [17] 1, [24] 1, [13] 1               |
|  44 | Chap02  |        2 | [24] 2                               |
|  45 | Chap03  |        1 | [24] 1                               |

[23b] bound mismatch patterns:
|   # | Gap (fn has, trait lacks)                                     | Count | Example files |
| --- | ------------------------------------------------------------- | ----- | ------------- |
|   1 | TotalOrder                                                    |    13 | Chap40/BSTKeyValueStEph, Chap41/OrdKeyMap |
|   2 | Copy                                                          |    10 | Chap35/OrderStatSelectMtEph, Chap35/OrderStatSelectMtPer, ... (4 files) |
|   3 | (empty)                                                       |     7 | Chap36/QuickSortMtEphSlice, Chap38/BSTParaStEph, ... (5 files) |
|   4 | IsLtTransitive                                                |     6 | Chap39/BSTTreapMtEph |
|   5 | Copy+Into < i32 >                                             |     4 | Chap49/SubsetSumMtEph, Chap49/SubsetSumMtPer, ... (4 files) |
|   6 | Clone+Eq+View                                                 |     3 | Chap47/StructChainedHashTable |
|   7 | Clone+Eq                                                      |     2 | Chap18/ArraySeq, Chap47/StructChainedHashTable |
|   8 | Clone+Fn (& V , & V) -> V                                     |     2 | Chap43/AugOrderedTableStEph, Chap43/AugOrderedTableStPer |
|   9 | ClonePreservesView                                            |     2 | Chap39/BSTSetTreapMtEph |
|  10 | 'static+Clone+Debug+Display+Eq+PartialEq+Send+Sized+Sync+View |     1 | Chap18/ArraySeqMtEph |
|  11 | Clone                                                         |     1 | Chap23/BalBinTreeStEph |
|  12 | DeepView                                                      |     1 | Chap18/ArraySeq |
|  13 | DeepView < V = T >                                            |     1 | Chap18/ArraySeq |
|  14 | PartialEq                                                     |     1 | Chap18/ArraySeq |

Summary log: /home/milnes/projects/APAS-VERUS/analyses/veracity-review-verus-style-summary.log
