error: function body check: Resource limit (rlimit) exceeded; consider rerunning with --profile for more details
   --> src/Chap26/ScanDCMtPer.rs:119:5
    |
119 |     fn prefix_sums_dc_inner(a: &ArraySeqMtPerS<usize>) -> (sums: (ArraySeqMtPerS<usize>, usize))
    |     ^^^^^^^^^^^^^^^^^^^^^^^^^^^^^^^^^^^^^^^^^^^^^^^^^^^^^^^^^^^^^^^^^^^^^^^^^^^^^^^^^^^^^^^^^^^

error: assertion failed
   --> src/Chap35/OrderStatSelectMtEph.rs:553:17
    |
553 |                 T::le(#[trigger] sorted_left[j], pivot) && sorted_left[j] != pivot by
    |                 ^^^^^^^^^^^^^^^^^^^^^^^^^^^^^^^^^^^^^^^^^^^^^^^^^^^^^^^^^^^^^^^^^^ assertion failed

error: assertion failed
   --> src/Chap35/OrderStatSelectMtPer.rs:551:17
    |
551 |                 T::le(#[trigger] sorted_left[j], pivot) && sorted_left[j] != pivot by
    |                 ^^^^^^^^^^^^^^^^^^^^^^^^^^^^^^^^^^^^^^^^^^^^^^^^^^^^^^^^^^^^^^^^^^ assertion failed

error: precondition not satisfied
    --> src/Chap39/BSTTreapStEph.rs:2115:39
     |
2064 |             forall|t: T| (#[trigger] right@.contains(t@)) ==> t.cmp_spec(&key) == Greater,
     |             ----------------------------------------------------------------------------- failed precondition
...
2115 |                     let merged_left = join_with_priority_st(left, key, priority, rl);
     |                                       ^^^^^^^^^^^^^^^^^^^^^^^^^^^^^^^^^^^^^^^^^^^^^^

error: function body check: Resource limit (rlimit) exceeded; consider rerunning with --profile for more details
   --> src/Chap26/ETSPMtEph.rs:344:5
    |
344 |     fn etsp_parallel_inner(points: &Vec<Point>) -> (tour: Vec<Edge>)
    |     ^^^^^^^^^^^^^^^^^^^^^^^^^^^^^^^^^^^^^^^^^^^^^^^^^^^^^^^^^^^^^^^

error: function body check: Resource limit (rlimit) exceeded; consider rerunning with --profile for more details
   --> src/Chap45/BalancedTreePQ.rs:712:13
    |
712 |             fn split(&self, element: &T) -> (Self, bool, Self) {
    |             ^^^^^^^^^^^^^^^^^^^^^^^^^^^^^^^^^^^^^^^^^^^^^^^^^^

verification results:: 5610 verified, 6 errors
error: aborting due to 6 previous errors

   Compiling rust_verify_test v0.1.0 (/home/milnes/projects/APAS-VERUS/rust_verify_test)
warning: unused import: `common::*`
  --> tests/Chap41/ProveAVLTreeSetStPer.rs:13:5
   |
13 | use common::*;
   |     ^^^^^^^^^
   |
   = note: `#[warn(unused_imports)]` (part of `#[warn(unused)]`) on by default

warning: `rust_verify_test` (test "ProveAVLTreeSetStPer") generated 1 warning (run `cargo fix --test "ProveAVLTreeSetStPer" -p rust_verify_test` to apply 1 suggestion)
    Finished `release` profile [optimized] target(s) in 1.24s
────────────
 Nextest run ID 6aaa00f0-485b-45a4-b266-c230a8952ccf with nextest profile: default
    Starting 328 tests across 91 binaries
        FAIL [   0.062s] (  1/328) rust_verify_test::ProveAVLTreeSeqMtPer avltreeseqmtper_for_borrow_iter
  stdout ───

    running 1 test
    test avltreeseqmtper_for_borrow_iter ... FAILED

    failures:

    failures:
        avltreeseqmtper_for_borrow_iter

    test result: FAILED. 0 passed; 1 failed; 0 ignored; 0 measured; 1 filtered out; finished in 0.06s

  stderr ───
    error[E0433]: cannot find `Chap37` in `apas_verus`
      --> /home/milnes/projects/APAS-VERUS/rust_verify_test/target/release/build/rust_verify_test/fc468c47f29cf4fe/test_inputs/ProveAVLTreeSeqMtPer-fc468c47f29cf4fe-avltreeseqmtper_for_borrow_iter/test.rs:17:17
       |
    17 | use apas_verus::Chap37::AVLTreeSeqMtPer::AVLTreeSeqMtPer::*;
       |                 ^^^^^^ could not find `Chap37` in `apas_verus`
       |
    note: found an item that was configured out
      --> src/lib.rs:445:48
       |
       = note: the item is gated here


    error[E0425]: cannot find type `AVLTreeSeqMtPerS` in this scope
      --> /home/milnes/projects/APAS-VERUS/rust_verify_test/target/release/build/rust_verify_test/fc468c47f29cf4fe/test_inputs/ProveAVLTreeSeqMtPer-fc468c47f29cf4fe-avltreeseqmtper_for_borrow_iter/test.rs:20:12
       |
    20 |     let a: AVLTreeSeqMtPerS<u64> = AVLTreeSeqMtPerS::singleton(42u64);
       |            ^^^^^^^^^^^^^^^^ not found in this scope


    error[E0433]: cannot find type `AVLTreeSeqMtPerS` in this scope
      --> /home/milnes/projects/APAS-VERUS/rust_verify_test/target/release/build/rust_verify_test/fc468c47f29cf4fe/test_inputs/ProveAVLTreeSeqMtPer-fc468c47f29cf4fe-avltreeseqmtper_for_borrow_iter/test.rs:20:36
       |
    20 |     let a: AVLTreeSeqMtPerS<u64> = AVLTreeSeqMtPerS::singleton(42u64);
       |                                    ^^^^^^^^^^^^^^^^ use of undeclared type `AVLTreeSeqMtPerS`


    error: aborting due to 3 previous errors


    Some errors have detailed explanations: E0425, E0433.

    For more information about an error, try `rustc --explain E0425`.

    the input directory is /home/milnes/projects/APAS-VERUS/rust_verify_test/target/release/build/rust_verify_test/fc468c47f29cf4fe/test_inputs/ProveAVLTreeSeqMtPer-fc468c47f29cf4fe-avltreeseqmtper_for_borrow_iter
    rerun this test with:
    verus --crate-type=lib  /home/milnes/projects/APAS-VERUS/rust_verify_test/target/release/build/rust_verify_test/fc468c47f29cf4fe/test_inputs/ProveAVLTreeSeqMtPer-fc468c47f29cf4fe-avltreeseqmtper_for_borrow_iter/test.rs


    thread 'avltreeseqmtper_for_borrow_iter' (518180) panicked at tests/Chap37/ProveAVLTreeSeqMtPer.rs:104:1:
    Err(_) does not match $result
    note: run with `RUST_BACKTRACE=1` environment variable to display a backtrace

        FAIL [   0.080s] (  2/328) rust_verify_test::ProveAVLTreeSeqMtPer avltreeseqmtper_loop_borrow_iter
  stdout ───

    running 1 test
    test avltreeseqmtper_loop_borrow_iter ... FAILED

    failures:

    failures:
        avltreeseqmtper_loop_borrow_iter

    test result: FAILED. 0 passed; 1 failed; 0 ignored; 0 measured; 1 filtered out; finished in 0.08s

  stderr ───
    error[E0433]: cannot find `Chap37` in `apas_verus`
      --> /home/milnes/projects/APAS-VERUS/rust_verify_test/target/release/build/rust_verify_test/fc468c47f29cf4fe/test_inputs/ProveAVLTreeSeqMtPer-fc468c47f29cf4fe-avltreeseqmtper_loop_borrow_iter/test.rs:17:17
       |
    17 | use apas_verus::Chap37::AVLTreeSeqMtPer::AVLTreeSeqMtPer::*;
       |                 ^^^^^^ could not find `Chap37` in `apas_verus`
       |
    note: found an item that was configured out
      --> src/lib.rs:445:48
       |
       = note: the item is gated here


    error[E0425]: cannot find type `AVLTreeSeqMtPerS` in this scope
      --> /home/milnes/projects/APAS-VERUS/rust_verify_test/target/release/build/rust_verify_test/fc468c47f29cf4fe/test_inputs/ProveAVLTreeSeqMtPer-fc468c47f29cf4fe-avltreeseqmtper_loop_borrow_iter/test.rs:20:12
       |
    20 |     let a: AVLTreeSeqMtPerS<u64> = AVLTreeSeqMtPerS::singleton(42u64);
       |            ^^^^^^^^^^^^^^^^ not found in this scope


    error[E0425]: cannot find type `AVLTreeSeqMtPerBorrowIter` in this scope
      --> /home/milnes/projects/APAS-VERUS/rust_verify_test/target/release/build/rust_verify_test/fc468c47f29cf4fe/test_inputs/ProveAVLTreeSeqMtPer-fc468c47f29cf4fe-avltreeseqmtper_loop_borrow_iter/test.rs:25:17
       |
    25 |     let mut it: AVLTreeSeqMtPerBorrowIter<'_, u64> = it0;
       |                 ^^^^^^^^^^^^^^^^^^^^^^^^^ not found in this scope


    error[E0433]: cannot find type `AVLTreeSeqMtPerS` in this scope
      --> /home/milnes/projects/APAS-VERUS/rust_verify_test/target/release/build/rust_verify_test/fc468c47f29cf4fe/test_inputs/ProveAVLTreeSeqMtPer-fc468c47f29cf4fe-avltreeseqmtper_loop_borrow_iter/test.rs:20:36
       |
    20 |     let a: AVLTreeSeqMtPerS<u64> = AVLTreeSeqMtPerS::singleton(42u64);
       |                                    ^^^^^^^^^^^^^^^^ use of undeclared type `AVLTreeSeqMtPerS`


    error: aborting due to 4 previous errors


    Some errors have detailed explanations: E0425, E0433.

    For more information about an error, try `rustc --explain E0425`.

    the input directory is /home/milnes/projects/APAS-VERUS/rust_verify_test/target/release/build/rust_verify_test/fc468c47f29cf4fe/test_inputs/ProveAVLTreeSeqMtPer-fc468c47f29cf4fe-avltreeseqmtper_loop_borrow_iter
    rerun this test with:
    verus --crate-type=lib  /home/milnes/projects/APAS-VERUS/rust_verify_test/target/release/build/rust_verify_test/fc468c47f29cf4fe/test_inputs/ProveAVLTreeSeqMtPer-fc468c47f29cf4fe-avltreeseqmtper_loop_borrow_iter/test.rs


    thread 'avltreeseqmtper_loop_borrow_iter' (518183) panicked at tests/Chap37/ProveAVLTreeSeqMtPer.rs:18:1:
    Err(_) does not match $result
    note: run with `RUST_BACKTRACE=1` environment variable to display a backtrace

        FAIL [   0.086s] (  3/328) rust_verify_test::ProveAVLTreeSeq avltreeseq_for_borrow_iter
  stdout ───

    running 1 test
    test avltreeseq_for_borrow_iter ... FAILED

    failures:

    failures:
        avltreeseq_for_borrow_iter

    test result: FAILED. 0 passed; 1 failed; 0 ignored; 0 measured; 1 filtered out; finished in 0.08s

  stderr ───
    error[E0433]: cannot find `Chap37` in `apas_verus`
      --> /home/milnes/projects/APAS-VERUS/rust_verify_test/target/release/build/rust_verify_test/8fac48b1b5361545/test_inputs/ProveAVLTreeSeq-8fac48b1b5361545-avltreeseq_for_borrow_iter/test.rs:17:17
       |
    17 | use apas_verus::Chap37::AVLTreeSeq::AVLTreeSeq::*;
       |                 ^^^^^^ could not find `Chap37` in `apas_verus`
       |
    note: found an item that was configured out
      --> src/lib.rs:445:48
       |
       = note: the item is gated here


    error[E0425]: cannot find type `AVLTreeS` in this scope
      --> /home/milnes/projects/APAS-VERUS/rust_verify_test/target/release/build/rust_verify_test/8fac48b1b5361545/test_inputs/ProveAVLTreeSeq-8fac48b1b5361545-avltreeseq_for_borrow_iter/test.rs:20:12
       |
    20 |     let a: AVLTreeS<u64> = AVLTreeS::singleton(42u64);
       |            ^^^^^^^^ not found in this scope


    error[E0433]: cannot find type `AVLTreeS` in this scope
      --> /home/milnes/projects/APAS-VERUS/rust_verify_test/target/release/build/rust_verify_test/8fac48b1b5361545/test_inputs/ProveAVLTreeSeq-8fac48b1b5361545-avltreeseq_for_borrow_iter/test.rs:20:28
       |
    20 |     let a: AVLTreeS<u64> = AVLTreeS::singleton(42u64);
       |                            ^^^^^^^^ use of undeclared type `AVLTreeS`


    error: aborting due to 3 previous errors


    Some errors have detailed explanations: E0425, E0433.

    For more information about an error, try `rustc --explain E0425`.

    the input directory is /home/milnes/projects/APAS-VERUS/rust_verify_test/target/release/build/rust_verify_test/8fac48b1b5361545/test_inputs/ProveAVLTreeSeq-8fac48b1b5361545-avltreeseq_for_borrow_iter
    rerun this test with:
    verus --crate-type=lib  /home/milnes/projects/APAS-VERUS/rust_verify_test/target/release/build/rust_verify_test/8fac48b1b5361545/test_inputs/ProveAVLTreeSeq-8fac48b1b5361545-avltreeseq_for_borrow_iter/test.rs


    thread 'avltreeseq_for_borrow_iter' (518184) panicked at tests/Chap37/ProveAVLTreeSeq.rs:106:1:
    Err(_) does not match $result
    note: run with `RUST_BACKTRACE=1` environment variable to display a backtrace

        FAIL [   0.091s] (  4/328) rust_verify_test::ProveAVLTreeSeq avltreeseq_loop_borrow_iter
  stdout ───

    running 1 test
    test avltreeseq_loop_borrow_iter ... FAILED

    failures:

    failures:
        avltreeseq_loop_borrow_iter

    test result: FAILED. 0 passed; 1 failed; 0 ignored; 0 measured; 1 filtered out; finished in 0.09s

  stderr ───
    error[E0433]: cannot find `Chap37` in `apas_verus`
      --> /home/milnes/projects/APAS-VERUS/rust_verify_test/target/release/build/rust_verify_test/8fac48b1b5361545/test_inputs/ProveAVLTreeSeq-8fac48b1b5361545-avltreeseq_loop_borrow_iter/test.rs:17:17
       |
    17 | use apas_verus::Chap37::AVLTreeSeq::AVLTreeSeq::*;
       |                 ^^^^^^ could not find `Chap37` in `apas_verus`
       |
    note: found an item that was configured out
      --> src/lib.rs:445:48
       |
       = note: the item is gated here


    error[E0425]: cannot find type `AVLTreeS` in this scope
      --> /home/milnes/projects/APAS-VERUS/rust_verify_test/target/release/build/rust_verify_test/8fac48b1b5361545/test_inputs/ProveAVLTreeSeq-8fac48b1b5361545-avltreeseq_loop_borrow_iter/test.rs:20:12
       |
    20 |     let a: AVLTreeS<u64> = AVLTreeS::singleton(42u64);
       |            ^^^^^^^^ not found in this scope


    error[E0425]: cannot find type `AVLTreeSeqIter` in this scope
      --> /home/milnes/projects/APAS-VERUS/rust_verify_test/target/release/build/rust_verify_test/8fac48b1b5361545/test_inputs/ProveAVLTreeSeq-8fac48b1b5361545-avltreeseq_loop_borrow_iter/test.rs:25:17
       |
    25 |     let mut it: AVLTreeSeqIter<'_, u64> = it0;
       |                 ^^^^^^^^^^^^^^ not found in this scope


    error[E0433]: cannot find type `AVLTreeS` in this scope
      --> /home/milnes/projects/APAS-VERUS/rust_verify_test/target/release/build/rust_verify_test/8fac48b1b5361545/test_inputs/ProveAVLTreeSeq-8fac48b1b5361545-avltreeseq_loop_borrow_iter/test.rs:20:28
       |
    20 |     let a: AVLTreeS<u64> = AVLTreeS::singleton(42u64);
       |                            ^^^^^^^^ use of undeclared type `AVLTreeS`


    error: aborting due to 4 previous errors


    Some errors have detailed explanations: E0425, E0433.

    For more information about an error, try `rustc --explain E0425`.

    the input directory is /home/milnes/projects/APAS-VERUS/rust_verify_test/target/release/build/rust_verify_test/8fac48b1b5361545/test_inputs/ProveAVLTreeSeq-8fac48b1b5361545-avltreeseq_loop_borrow_iter
    rerun this test with:
    verus --crate-type=lib  /home/milnes/projects/APAS-VERUS/rust_verify_test/target/release/build/rust_verify_test/8fac48b1b5361545/test_inputs/ProveAVLTreeSeq-8fac48b1b5361545-avltreeseq_loop_borrow_iter/test.rs


    thread 'avltreeseq_loop_borrow_iter' (518181) panicked at tests/Chap37/ProveAVLTreeSeq.rs:18:1:
    Err(_) does not match $result
    note: run with `RUST_BACKTRACE=1` environment variable to display a backtrace

        FAIL [   0.068s] (  5/328) rust_verify_test::ProveAVLTreeSeqStEph avltreeseqsteph_for_borrow_iter
  stdout ───

    running 1 test
    test avltreeseqsteph_for_borrow_iter ... FAILED

    failures:

    failures:
        avltreeseqsteph_for_borrow_iter

    test result: FAILED. 0 passed; 1 failed; 0 ignored; 0 measured; 1 filtered out; finished in 0.06s

  stderr ───
    error[E0433]: cannot find `Chap37` in `apas_verus`
      --> /home/milnes/projects/APAS-VERUS/rust_verify_test/target/release/build/rust_verify_test/1ca856b65eff9e9b/test_inputs/ProveAVLTreeSeqStEph-1ca856b65eff9e9b-avltreeseqsteph_for_borrow_iter/test.rs:17:17
       |
    17 | use apas_verus::Chap37::AVLTreeSeqStEph::AVLTreeSeqStEph::*;
       |                 ^^^^^^ could not find `Chap37` in `apas_verus`
       |
    note: found an item that was configured out
      --> src/lib.rs:445:48
       |
       = note: the item is gated here


    error[E0425]: cannot find type `AVLTreeSeqStEphS` in this scope
      --> /home/milnes/projects/APAS-VERUS/rust_verify_test/target/release/build/rust_verify_test/1ca856b65eff9e9b/test_inputs/ProveAVLTreeSeqStEph-1ca856b65eff9e9b-avltreeseqsteph_for_borrow_iter/test.rs:20:12
       |
    20 |     let a: AVLTreeSeqStEphS<u64> = AVLTreeSeqStEphS::singleton(42u64);
       |            ^^^^^^^^^^^^^^^^ not found in this scope


    error[E0433]: cannot find type `AVLTreeSeqStEphS` in this scope
      --> /home/milnes/projects/APAS-VERUS/rust_verify_test/target/release/build/rust_verify_test/1ca856b65eff9e9b/test_inputs/ProveAVLTreeSeqStEph-1ca856b65eff9e9b-avltreeseqsteph_for_borrow_iter/test.rs:20:36
       |
    20 |     let a: AVLTreeSeqStEphS<u64> = AVLTreeSeqStEphS::singleton(42u64);
       |                                    ^^^^^^^^^^^^^^^^ use of undeclared type `AVLTreeSeqStEphS`


    error: aborting due to 3 previous errors


    Some errors have detailed explanations: E0425, E0433.

    For more information about an error, try `rustc --explain E0425`.

    the input directory is /home/milnes/projects/APAS-VERUS/rust_verify_test/target/release/build/rust_verify_test/1ca856b65eff9e9b/test_inputs/ProveAVLTreeSeqStEph-1ca856b65eff9e9b-avltreeseqsteph_for_borrow_iter
    rerun this test with:
    verus --crate-type=lib  /home/milnes/projects/APAS-VERUS/rust_verify_test/target/release/build/rust_verify_test/1ca856b65eff9e9b/test_inputs/ProveAVLTreeSeqStEph-1ca856b65eff9e9b-avltreeseqsteph_for_borrow_iter/test.rs


    thread 'avltreeseqsteph_for_borrow_iter' (518307) panicked at tests/Chap37/ProveAVLTreeSeqStEph.rs:103:1:
    Err(_) does not match $result
    note: run with `RUST_BACKTRACE=1` environment variable to display a backtrace

        FAIL [   0.067s] (  6/328) rust_verify_test::ProveAVLTreeSeqStEph avltreeseqsteph_loop_borrow_iter
  stdout ───

    running 1 test
    test avltreeseqsteph_loop_borrow_iter ... FAILED

    failures:

    failures:
        avltreeseqsteph_loop_borrow_iter

    test result: FAILED. 0 passed; 1 failed; 0 ignored; 0 measured; 1 filtered out; finished in 0.06s

  stderr ───
    error[E0433]: cannot find `Chap37` in `apas_verus`
      --> /home/milnes/projects/APAS-VERUS/rust_verify_test/target/release/build/rust_verify_test/1ca856b65eff9e9b/test_inputs/ProveAVLTreeSeqStEph-1ca856b65eff9e9b-avltreeseqsteph_loop_borrow_iter/test.rs:17:17
       |
    17 | use apas_verus::Chap37::AVLTreeSeqStEph::AVLTreeSeqStEph::*;
       |                 ^^^^^^ could not find `Chap37` in `apas_verus`
       |
    note: found an item that was configured out
      --> src/lib.rs:445:48
       |
       = note: the item is gated here


    error[E0425]: cannot find type `AVLTreeSeqStEphS` in this scope
      --> /home/milnes/projects/APAS-VERUS/rust_verify_test/target/release/build/rust_verify_test/1ca856b65eff9e9b/test_inputs/ProveAVLTreeSeqStEph-1ca856b65eff9e9b-avltreeseqsteph_loop_borrow_iter/test.rs:20:12
       |
    20 |     let a: AVLTreeSeqStEphS<u64> = AVLTreeSeqStEphS::singleton(42u64);
       |            ^^^^^^^^^^^^^^^^ not found in this scope


    error[E0425]: cannot find type `AVLTreeSeqIterStEph` in this scope
      --> /home/milnes/projects/APAS-VERUS/rust_verify_test/target/release/build/rust_verify_test/1ca856b65eff9e9b/test_inputs/ProveAVLTreeSeqStEph-1ca856b65eff9e9b-avltreeseqsteph_loop_borrow_iter/test.rs:25:17
       |
    25 |     let mut it: AVLTreeSeqIterStEph<'_, u64> = it0;
       |                 ^^^^^^^^^^^^^^^^^^^ not found in this scope


    error[E0433]: cannot find type `AVLTreeSeqStEphS` in this scope
      --> /home/milnes/projects/APAS-VERUS/rust_verify_test/target/release/build/rust_verify_test/1ca856b65eff9e9b/test_inputs/ProveAVLTreeSeqStEph-1ca856b65eff9e9b-avltreeseqsteph_loop_borrow_iter/test.rs:20:36
       |
    20 |     let a: AVLTreeSeqStEphS<u64> = AVLTreeSeqStEphS::singleton(42u64);
       |                                    ^^^^^^^^^^^^^^^^ use of undeclared type `AVLTreeSeqStEphS`


    error: aborting due to 4 previous errors


    Some errors have detailed explanations: E0425, E0433.

    For more information about an error, try `rustc --explain E0425`.

    the input directory is /home/milnes/projects/APAS-VERUS/rust_verify_test/target/release/build/rust_verify_test/1ca856b65eff9e9b/test_inputs/ProveAVLTreeSeqStEph-1ca856b65eff9e9b-avltreeseqsteph_loop_borrow_iter
    rerun this test with:
    verus --crate-type=lib  /home/milnes/projects/APAS-VERUS/rust_verify_test/target/release/build/rust_verify_test/1ca856b65eff9e9b/test_inputs/ProveAVLTreeSeqStEph-1ca856b65eff9e9b-avltreeseqsteph_loop_borrow_iter/test.rs


    thread 'avltreeseqsteph_loop_borrow_iter' (518328) panicked at tests/Chap37/ProveAVLTreeSeqStEph.rs:17:1:
    Err(_) does not match $result
    note: run with `RUST_BACKTRACE=1` environment variable to display a backtrace

        FAIL [   0.073s] (  7/328) rust_verify_test::ProveAVLTreeSeqStPer avltreeseqstper_loop_borrow_iter
  stdout ───

    running 1 test
    test avltreeseqstper_loop_borrow_iter ... FAILED

    failures:

    failures:
        avltreeseqstper_loop_borrow_iter

    test result: FAILED. 0 passed; 1 failed; 0 ignored; 0 measured; 1 filtered out; finished in 0.07s

  stderr ───
    error[E0433]: cannot find `Chap37` in `apas_verus`
      --> /home/milnes/projects/APAS-VERUS/rust_verify_test/target/release/build/rust_verify_test/ee8fd7958e8178a5/test_inputs/ProveAVLTreeSeqStPer-ee8fd7958e8178a5-avltreeseqstper_loop_borrow_iter/test.rs:17:17
       |
    17 | use apas_verus::Chap37::AVLTreeSeqStPer::AVLTreeSeqStPer::*;
       |                 ^^^^^^ could not find `Chap37` in `apas_verus`
       |
    note: found an item that was configured out
      --> src/lib.rs:445:48
       |
       = note: the item is gated here


    error[E0425]: cannot find type `AVLTreeSeqStPerS` in this scope
      --> /home/milnes/projects/APAS-VERUS/rust_verify_test/target/release/build/rust_verify_test/ee8fd7958e8178a5/test_inputs/ProveAVLTreeSeqStPer-ee8fd7958e8178a5-avltreeseqstper_loop_borrow_iter/test.rs:20:12
       |
    20 |     let a: AVLTreeSeqStPerS<u64> = AVLTreeSeqStPerS::singleton(42u64);
       |            ^^^^^^^^^^^^^^^^ not found in this scope


    error[E0425]: cannot find type `AVLTreeSeqStPerIter` in this scope
      --> /home/milnes/projects/APAS-VERUS/rust_verify_test/target/release/build/rust_verify_test/ee8fd7958e8178a5/test_inputs/ProveAVLTreeSeqStPer-ee8fd7958e8178a5-avltreeseqstper_loop_borrow_iter/test.rs:25:17
       |
    25 |     let mut it: AVLTreeSeqStPerIter<'_, u64> = it0;
       |                 ^^^^^^^^^^^^^^^^^^^ not found in this scope


    error[E0433]: cannot find type `AVLTreeSeqStPerS` in this scope
      --> /home/milnes/projects/APAS-VERUS/rust_verify_test/target/release/build/rust_verify_test/ee8fd7958e8178a5/test_inputs/ProveAVLTreeSeqStPer-ee8fd7958e8178a5-avltreeseqstper_loop_borrow_iter/test.rs:20:36
       |
    20 |     let a: AVLTreeSeqStPerS<u64> = AVLTreeSeqStPerS::singleton(42u64);
       |                                    ^^^^^^^^^^^^^^^^ use of undeclared type `AVLTreeSeqStPerS`


    error: aborting due to 4 previous errors


    Some errors have detailed explanations: E0425, E0433.

    For more information about an error, try `rustc --explain E0425`.

    the input directory is /home/milnes/projects/APAS-VERUS/rust_verify_test/target/release/build/rust_verify_test/ee8fd7958e8178a5/test_inputs/ProveAVLTreeSeqStPer-ee8fd7958e8178a5-avltreeseqstper_loop_borrow_iter
    rerun this test with:
    verus --crate-type=lib  /home/milnes/projects/APAS-VERUS/rust_verify_test/target/release/build/rust_verify_test/ee8fd7958e8178a5/test_inputs/ProveAVLTreeSeqStPer-ee8fd7958e8178a5-avltreeseqstper_loop_borrow_iter/test.rs


    thread 'avltreeseqstper_loop_borrow_iter' (518361) panicked at tests/Chap37/ProveAVLTreeSeqStPer.rs:17:1:
    Err(_) does not match $result
    note: run with `RUST_BACKTRACE=1` environment variable to display a backtrace

        FAIL [   0.087s] (  8/328) rust_verify_test::ProveAVLTreeSeqStPer avltreeseqstper_for_borrow_iter
  stdout ───

    running 1 test
    test avltreeseqstper_for_borrow_iter ... FAILED

    failures:

    failures:
        avltreeseqstper_for_borrow_iter

    test result: FAILED. 0 passed; 1 failed; 0 ignored; 0 measured; 1 filtered out; finished in 0.08s

  stderr ───
    error[E0433]: cannot find `Chap37` in `apas_verus`
      --> /home/milnes/projects/APAS-VERUS/rust_verify_test/target/release/build/rust_verify_test/ee8fd7958e8178a5/test_inputs/ProveAVLTreeSeqStPer-ee8fd7958e8178a5-avltreeseqstper_for_borrow_iter/test.rs:17:17
       |
    17 | use apas_verus::Chap37::AVLTreeSeqStPer::AVLTreeSeqStPer::*;
       |                 ^^^^^^ could not find `Chap37` in `apas_verus`
       |
    note: found an item that was configured out
      --> src/lib.rs:445:48
       |
       = note: the item is gated here


    error[E0425]: cannot find type `AVLTreeSeqStPerS` in this scope
      --> /home/milnes/projects/APAS-VERUS/rust_verify_test/target/release/build/rust_verify_test/ee8fd7958e8178a5/test_inputs/ProveAVLTreeSeqStPer-ee8fd7958e8178a5-avltreeseqstper_for_borrow_iter/test.rs:20:12
       |
    20 |     let a: AVLTreeSeqStPerS<u64> = AVLTreeSeqStPerS::singleton(42u64);
       |            ^^^^^^^^^^^^^^^^ not found in this scope


    error[E0433]: cannot find type `AVLTreeSeqStPerS` in this scope
      --> /home/milnes/projects/APAS-VERUS/rust_verify_test/target/release/build/rust_verify_test/ee8fd7958e8178a5/test_inputs/ProveAVLTreeSeqStPer-ee8fd7958e8178a5-avltreeseqstper_for_borrow_iter/test.rs:20:36
       |
    20 |     let a: AVLTreeSeqStPerS<u64> = AVLTreeSeqStPerS::singleton(42u64);
       |                                    ^^^^^^^^^^^^^^^^ use of undeclared type `AVLTreeSeqStPerS`


    error: aborting due to 3 previous errors


    Some errors have detailed explanations: E0425, E0433.

    For more information about an error, try `rustc --explain E0425`.

    the input directory is /home/milnes/projects/APAS-VERUS/rust_verify_test/target/release/build/rust_verify_test/ee8fd7958e8178a5/test_inputs/ProveAVLTreeSeqStPer-ee8fd7958e8178a5-avltreeseqstper_for_borrow_iter
    rerun this test with:
    verus --crate-type=lib  /home/milnes/projects/APAS-VERUS/rust_verify_test/target/release/build/rust_verify_test/ee8fd7958e8178a5/test_inputs/ProveAVLTreeSeqStPer-ee8fd7958e8178a5-avltreeseqstper_for_borrow_iter/test.rs


    thread 'avltreeseqstper_for_borrow_iter' (518341) panicked at tests/Chap37/ProveAVLTreeSeqStPer.rs:103:1:
    Err(_) does not match $result
    note: run with `RUST_BACKTRACE=1` environment variable to display a backtrace

        FAIL [   0.068s] (  9/328) rust_verify_test::ProveAVLTreeSetMtEph avltreesetmteph_for_borrow_iter
  stdout ───

    running 1 test
    test avltreesetmteph_for_borrow_iter ... FAILED

    failures:

    failures:
        avltreesetmteph_for_borrow_iter

    test result: FAILED. 0 passed; 1 failed; 0 ignored; 0 measured; 1 filtered out; finished in 0.06s

  stderr ───
    error[E0433]: cannot find `Chap41` in `apas_verus`
      --> /home/milnes/projects/APAS-VERUS/rust_verify_test/target/release/build/rust_verify_test/f908534e0d417d87/test_inputs/ProveAVLTreeSetMtEph-f908534e0d417d87-avltreesetmteph_for_borrow_iter/test.rs:17:17
       |
    17 | use apas_verus::Chap41::AVLTreeSetMtEph::AVLTreeSetMtEph::*;
       |                 ^^^^^^ could not find `Chap41` in `apas_verus`
       |
    note: found an item that was configured out
      --> src/lib.rs:493:48
       |
       = note: the item is gated here


    error[E0432]: unresolved import `apas_verus::AVLTreeSetMtEphLit`
      --> /home/milnes/projects/APAS-VERUS/rust_verify_test/target/release/build/rust_verify_test/f908534e0d417d87/test_inputs/ProveAVLTreeSetMtEph-f908534e0d417d87-avltreesetmteph_for_borrow_iter/test.rs:18:5
       |
    18 | use apas_verus::AVLTreeSetMtEphLit;
       |     ^^^^^^^^^^^^------------------
       |                 |
       |                 no `AVLTreeSetMtEphLit` in the root


    error[E0425]: cannot find type `AVLTreeSetMtEph` in this scope
      --> /home/milnes/projects/APAS-VERUS/rust_verify_test/target/release/build/rust_verify_test/f908534e0d417d87/test_inputs/ProveAVLTreeSetMtEph-f908534e0d417d87-avltreesetmteph_for_borrow_iter/test.rs:21:16
       |
    21 |     let mut a: AVLTreeSetMtEph<u64> = AVLTreeSetMtEphLit![1u64, 2u64, 3u64];
       |                ^^^^^^^^^^^^^^^ not found in this scope


    error: aborting due to 3 previous errors


    Some errors have detailed explanations: E0425, E0432, E0433.

    For more information about an error, try `rustc --explain E0425`.

    the input directory is /home/milnes/projects/APAS-VERUS/rust_verify_test/target/release/build/rust_verify_test/f908534e0d417d87/test_inputs/ProveAVLTreeSetMtEph-f908534e0d417d87-avltreesetmteph_for_borrow_iter
    rerun this test with:
    verus --crate-type=lib  /home/milnes/projects/APAS-VERUS/rust_verify_test/target/release/build/rust_verify_test/f908534e0d417d87/test_inputs/ProveAVLTreeSetMtEph-f908534e0d417d87-avltreesetmteph_for_borrow_iter/test.rs


    thread 'avltreesetmteph_for_borrow_iter' (518395) panicked at tests/Chap41/ProveAVLTreeSetMtEph.rs:105:1:
    Err(_) does not match $result
    note: run with `RUST_BACKTRACE=1` environment variable to display a backtrace

        FAIL [   0.061s] ( 10/328) rust_verify_test::ProveAVLTreeSetMtEph avltreesetmteph_loop_borrow_iter
  stdout ───

    running 1 test
    test avltreesetmteph_loop_borrow_iter ... FAILED

    failures:

    failures:
        avltreesetmteph_loop_borrow_iter

    test result: FAILED. 0 passed; 1 failed; 0 ignored; 0 measured; 1 filtered out; finished in 0.06s

  stderr ───
    error[E0433]: cannot find `Chap41` in `apas_verus`
      --> /home/milnes/projects/APAS-VERUS/rust_verify_test/target/release/build/rust_verify_test/f908534e0d417d87/test_inputs/ProveAVLTreeSetMtEph-f908534e0d417d87-avltreesetmteph_loop_borrow_iter/test.rs:17:17
       |
    17 | use apas_verus::Chap41::AVLTreeSetMtEph::AVLTreeSetMtEph::*;
       |                 ^^^^^^ could not find `Chap41` in `apas_verus`
       |
    note: found an item that was configured out
      --> src/lib.rs:493:48
       |
       = note: the item is gated here


    error[E0432]: unresolved import `apas_verus::AVLTreeSetMtEphLit`
      --> /home/milnes/projects/APAS-VERUS/rust_verify_test/target/release/build/rust_verify_test/f908534e0d417d87/test_inputs/ProveAVLTreeSetMtEph-f908534e0d417d87-avltreesetmteph_loop_borrow_iter/test.rs:18:5
       |
    18 | use apas_verus::AVLTreeSetMtEphLit;
       |     ^^^^^^^^^^^^------------------
       |                 |
       |                 no `AVLTreeSetMtEphLit` in the root


    error[E0425]: cannot find type `AVLTreeSetMtEph` in this scope
      --> /home/milnes/projects/APAS-VERUS/rust_verify_test/target/release/build/rust_verify_test/f908534e0d417d87/test_inputs/ProveAVLTreeSetMtEph-f908534e0d417d87-avltreesetmteph_loop_borrow_iter/test.rs:21:16
       |
    21 |     let mut a: AVLTreeSetMtEph<u64> = AVLTreeSetMtEphLit![1u64, 2u64, 3u64];
       |                ^^^^^^^^^^^^^^^ not found in this scope


    error: aborting due to 3 previous errors


    Some errors have detailed explanations: E0425, E0432, E0433.

    For more information about an error, try `rustc --explain E0425`.

    the input directory is /home/milnes/projects/APAS-VERUS/rust_verify_test/target/release/build/rust_verify_test/f908534e0d417d87/test_inputs/ProveAVLTreeSetMtEph-f908534e0d417d87-avltreesetmteph_loop_borrow_iter
    rerun this test with:
    verus --crate-type=lib  /home/milnes/projects/APAS-VERUS/rust_verify_test/target/release/build/rust_verify_test/f908534e0d417d87/test_inputs/ProveAVLTreeSetMtEph-f908534e0d417d87-avltreesetmteph_loop_borrow_iter/test.rs


    thread 'avltreesetmteph_loop_borrow_iter' (518415) panicked at tests/Chap41/ProveAVLTreeSetMtEph.rs:16:1:
    Err(_) does not match $result
    note: run with `RUST_BACKTRACE=1` environment variable to display a backtrace

        FAIL [   0.071s] ( 11/328) rust_verify_test::ProveAVLTreeSetMtPer avltreesetmtper_for_borrow_into
  stdout ───

    running 1 test
    test avltreesetmtper_for_borrow_into ... FAILED

    failures:

    failures:
        avltreesetmtper_for_borrow_into

    test result: FAILED. 0 passed; 1 failed; 0 ignored; 0 measured; 1 filtered out; finished in 0.07s

  stderr ───
    error[E0433]: cannot find `Chap41` in `apas_verus`
      --> /home/milnes/projects/APAS-VERUS/rust_verify_test/target/release/build/rust_verify_test/372c6588fe3feaea/test_inputs/ProveAVLTreeSetMtPer-372c6588fe3feaea-avltreesetmtper_for_borrow_into/test.rs:17:17
       |
    17 | use apas_verus::Chap41::AVLTreeSetMtPer::AVLTreeSetMtPer::*;
       |                 ^^^^^^ could not find `Chap41` in `apas_verus`
       |
    note: found an item that was configured out
      --> src/lib.rs:493:48
       |
       = note: the item is gated here


    error[E0432]: unresolved import `apas_verus::AVLTreeSetMtPerLit`
      --> /home/milnes/projects/APAS-VERUS/rust_verify_test/target/release/build/rust_verify_test/372c6588fe3feaea/test_inputs/ProveAVLTreeSetMtPer-372c6588fe3feaea-avltreesetmtper_for_borrow_into/test.rs:18:5
       |
    18 | use apas_verus::AVLTreeSetMtPerLit;
       |     ^^^^^^^^^^^^------------------
       |                 |
       |                 no `AVLTreeSetMtPerLit` in the root


    error[E0425]: cannot find type `AVLTreeSetMtPer` in this scope
      --> /home/milnes/projects/APAS-VERUS/rust_verify_test/target/release/build/rust_verify_test/372c6588fe3feaea/test_inputs/ProveAVLTreeSetMtPer-372c6588fe3feaea-avltreesetmtper_for_borrow_into/test.rs:21:12
       |
    21 |     let a: AVLTreeSetMtPer<u64> = AVLTreeSetMtPerLit![];
       |            ^^^^^^^^^^^^^^^ not found in this scope


    error: aborting due to 3 previous errors


    Some errors have detailed explanations: E0425, E0432, E0433.

    For more information about an error, try `rustc --explain E0425`.

    the input directory is /home/milnes/projects/APAS-VERUS/rust_verify_test/target/release/build/rust_verify_test/372c6588fe3feaea/test_inputs/ProveAVLTreeSetMtPer-372c6588fe3feaea-avltreesetmtper_for_borrow_into
    rerun this test with:
    verus --crate-type=lib  /home/milnes/projects/APAS-VERUS/rust_verify_test/target/release/build/rust_verify_test/372c6588fe3feaea/test_inputs/ProveAVLTreeSetMtPer-372c6588fe3feaea-avltreesetmtper_for_borrow_into/test.rs


    thread 'avltreesetmtper_for_borrow_into' (518437) panicked at tests/Chap41/ProveAVLTreeSetMtPer.rs:66:1:
    Err(_) does not match $result
    note: run with `RUST_BACKTRACE=1` environment variable to display a backtrace

        FAIL [   0.061s] ( 12/328) rust_verify_test::ProveAVLTreeSetMtPer avltreesetmtper_loop_borrow_into
  stdout ───

    running 1 test
    test avltreesetmtper_loop_borrow_into ... FAILED

    failures:

    failures:
        avltreesetmtper_loop_borrow_into

    test result: FAILED. 0 passed; 1 failed; 0 ignored; 0 measured; 1 filtered out; finished in 0.06s

  stderr ───
    error[E0433]: cannot find `Chap41` in `apas_verus`
      --> /home/milnes/projects/APAS-VERUS/rust_verify_test/target/release/build/rust_verify_test/372c6588fe3feaea/test_inputs/ProveAVLTreeSetMtPer-372c6588fe3feaea-avltreesetmtper_loop_borrow_into/test.rs:17:17
       |
    17 | use apas_verus::Chap41::AVLTreeSetMtPer::AVLTreeSetMtPer::*;
       |                 ^^^^^^ could not find `Chap41` in `apas_verus`
       |
    note: found an item that was configured out
      --> src/lib.rs:493:48
       |
       = note: the item is gated here


    error[E0432]: unresolved import `apas_verus::AVLTreeSetMtPerLit`
      --> /home/milnes/projects/APAS-VERUS/rust_verify_test/target/release/build/rust_verify_test/372c6588fe3feaea/test_inputs/ProveAVLTreeSetMtPer-372c6588fe3feaea-avltreesetmtper_loop_borrow_into/test.rs:18:5
       |
    18 | use apas_verus::AVLTreeSetMtPerLit;
       |     ^^^^^^^^^^^^------------------
       |                 |
       |                 no `AVLTreeSetMtPerLit` in the root


    error[E0425]: cannot find type `AVLTreeSetMtPer` in this scope
      --> /home/milnes/projects/APAS-VERUS/rust_verify_test/target/release/build/rust_verify_test/372c6588fe3feaea/test_inputs/ProveAVLTreeSetMtPer-372c6588fe3feaea-avltreesetmtper_loop_borrow_into/test.rs:21:12
       |
    21 |     let a: AVLTreeSetMtPer<u64> = AVLTreeSetMtPerLit![];
       |            ^^^^^^^^^^^^^^^ not found in this scope


    error: aborting due to 3 previous errors


    Some errors have detailed explanations: E0425, E0432, E0433.

    For more information about an error, try `rustc --explain E0425`.

    the input directory is /home/milnes/projects/APAS-VERUS/rust_verify_test/target/release/build/rust_verify_test/372c6588fe3feaea/test_inputs/ProveAVLTreeSetMtPer-372c6588fe3feaea-avltreesetmtper_loop_borrow_into
    rerun this test with:
    verus --crate-type=lib  /home/milnes/projects/APAS-VERUS/rust_verify_test/target/release/build/rust_verify_test/372c6588fe3feaea/test_inputs/ProveAVLTreeSetMtPer-372c6588fe3feaea-avltreesetmtper_loop_borrow_into/test.rs


    thread 'avltreesetmtper_loop_borrow_into' (518459) panicked at tests/Chap41/ProveAVLTreeSetMtPer.rs:17:1:
    Err(_) does not match $result
    note: run with `RUST_BACKTRACE=1` environment variable to display a backtrace

        FAIL [   0.056s] ( 13/328) rust_verify_test::ProveAVLTreeSetStEph avltreesetsteph_loop_borrow_iter
  stdout ───

    running 1 test
    test avltreesetsteph_loop_borrow_iter ... FAILED

    failures:

    failures:
        avltreesetsteph_loop_borrow_iter

    test result: FAILED. 0 passed; 1 failed; 0 ignored; 0 measured; 1 filtered out; finished in 0.05s

  stderr ───
    error[E0433]: cannot find `Chap41` in `apas_verus`
      --> /home/milnes/projects/APAS-VERUS/rust_verify_test/target/release/build/rust_verify_test/2439dfa5c85f07ce/test_inputs/ProveAVLTreeSetStEph-2439dfa5c85f07ce-avltreesetsteph_loop_borrow_iter/test.rs:17:17
       |
    17 | use apas_verus::Chap41::AVLTreeSetStEph::AVLTreeSetStEph::*;
       |                 ^^^^^^ could not find `Chap41` in `apas_verus`
       |
    note: found an item that was configured out
      --> src/lib.rs:493:48
       |
       = note: the item is gated here


    error[E0432]: unresolved import `apas_verus::AVLTreeSetStEphLit`
      --> /home/milnes/projects/APAS-VERUS/rust_verify_test/target/release/build/rust_verify_test/2439dfa5c85f07ce/test_inputs/ProveAVLTreeSetStEph-2439dfa5c85f07ce-avltreesetsteph_loop_borrow_iter/test.rs:18:5
       |
    18 | use apas_verus::AVLTreeSetStEphLit;
       |     ^^^^^^^^^^^^------------------
       |                 |
       |                 no `AVLTreeSetStEphLit` in the root


    error[E0425]: cannot find type `AVLTreeSetStEph` in this scope
      --> /home/milnes/projects/APAS-VERUS/rust_verify_test/target/release/build/rust_verify_test/2439dfa5c85f07ce/test_inputs/ProveAVLTreeSetStEph-2439dfa5c85f07ce-avltreesetsteph_loop_borrow_iter/test.rs:21:12
       |
    21 |     let a: AVLTreeSetStEph<u64> = AVLTreeSetStEphLit![1u64, 2u64, 3u64];
       |            ^^^^^^^^^^^^^^^ not found in this scope


    error: aborting due to 3 previous errors


    Some errors have detailed explanations: E0425, E0432, E0433.

    For more information about an error, try `rustc --explain E0425`.

    the input directory is /home/milnes/projects/APAS-VERUS/rust_verify_test/target/release/build/rust_verify_test/2439dfa5c85f07ce/test_inputs/ProveAVLTreeSetStEph-2439dfa5c85f07ce-avltreesetsteph_loop_borrow_iter
    rerun this test with:
    verus --crate-type=lib  /home/milnes/projects/APAS-VERUS/rust_verify_test/target/release/build/rust_verify_test/2439dfa5c85f07ce/test_inputs/ProveAVLTreeSetStEph-2439dfa5c85f07ce-avltreesetsteph_loop_borrow_iter/test.rs


    thread 'avltreesetsteph_loop_borrow_iter' (518503) panicked at tests/Chap41/ProveAVLTreeSetStEph.rs:17:1:
    Err(_) does not match $result
    note: run with `RUST_BACKTRACE=1` environment variable to display a backtrace

        FAIL [   0.067s] ( 14/328) rust_verify_test::ProveAVLTreeSetStEph avltreesetsteph_for_borrow_iter
  stdout ───

    running 1 test
    test avltreesetsteph_for_borrow_iter ... FAILED

    failures:

    failures:
        avltreesetsteph_for_borrow_iter

    test result: FAILED. 0 passed; 1 failed; 0 ignored; 0 measured; 1 filtered out; finished in 0.06s

  stderr ───
    error[E0433]: cannot find `Chap41` in `apas_verus`
      --> /home/milnes/projects/APAS-VERUS/rust_verify_test/target/release/build/rust_verify_test/2439dfa5c85f07ce/test_inputs/ProveAVLTreeSetStEph-2439dfa5c85f07ce-avltreesetsteph_for_borrow_iter/test.rs:17:17
       |
    17 | use apas_verus::Chap41::AVLTreeSetStEph::AVLTreeSetStEph::*;
       |                 ^^^^^^ could not find `Chap41` in `apas_verus`
       |
    note: found an item that was configured out
      --> src/lib.rs:493:48
       |
       = note: the item is gated here


    error[E0432]: unresolved import `apas_verus::AVLTreeSetStEphLit`
      --> /home/milnes/projects/APAS-VERUS/rust_verify_test/target/release/build/rust_verify_test/2439dfa5c85f07ce/test_inputs/ProveAVLTreeSetStEph-2439dfa5c85f07ce-avltreesetsteph_for_borrow_iter/test.rs:18:5
       |
    18 | use apas_verus::AVLTreeSetStEphLit;
       |     ^^^^^^^^^^^^------------------
       |                 |
       |                 no `AVLTreeSetStEphLit` in the root


    error[E0425]: cannot find type `AVLTreeSetStEph` in this scope
      --> /home/milnes/projects/APAS-VERUS/rust_verify_test/target/release/build/rust_verify_test/2439dfa5c85f07ce/test_inputs/ProveAVLTreeSetStEph-2439dfa5c85f07ce-avltreesetsteph_for_borrow_iter/test.rs:21:12
       |
    21 |     let a: AVLTreeSetStEph<u64> = AVLTreeSetStEphLit![1u64, 2u64, 3u64];
       |            ^^^^^^^^^^^^^^^ not found in this scope


    error: aborting due to 3 previous errors


    Some errors have detailed explanations: E0425, E0432, E0433.

    For more information about an error, try `rustc --explain E0425`.

    the input directory is /home/milnes/projects/APAS-VERUS/rust_verify_test/target/release/build/rust_verify_test/2439dfa5c85f07ce/test_inputs/ProveAVLTreeSetStEph-2439dfa5c85f07ce-avltreesetsteph_for_borrow_iter
    rerun this test with:
    verus --crate-type=lib  /home/milnes/projects/APAS-VERUS/rust_verify_test/target/release/build/rust_verify_test/2439dfa5c85f07ce/test_inputs/ProveAVLTreeSetStEph-2439dfa5c85f07ce-avltreesetsteph_for_borrow_iter/test.rs


    thread 'avltreesetsteph_for_borrow_iter' (518483) panicked at tests/Chap41/ProveAVLTreeSetStEph.rs:106:1:
    Err(_) does not match $result
    note: run with `RUST_BACKTRACE=1` environment variable to display a backtrace

        FAIL [   0.069s] ( 15/328) rust_verify_test::ProveArraySeq arrayseq_filter
  stdout ───

    running 1 test
    test arrayseq_filter ... FAILED

    failures:

    failures:
        arrayseq_filter

    test result: FAILED. 0 passed; 1 failed; 0 ignored; 0 measured; 9 filtered out; finished in 0.06s

  stderr ───
    error[E0433]: cannot find `Chap18` in `apas_verus`
      --> /home/milnes/projects/APAS-VERUS/rust_verify_test/target/release/build/rust_verify_test/cffce8acc091d738/test_inputs/ProveArraySeq-cffce8acc091d738-arrayseq_filter/test.rs:16:17
       |
    16 | use apas_verus::Chap18::ArraySeq::ArraySeq::*;
       |                 ^^^^^^ could not find `Chap18` in `apas_verus`
       |
    note: found an item that was configured out
      --> src/lib.rs:345:48
       |
       = note: the item is gated here


    error[E0425]: cannot find type `ArraySeqS` in this scope
      --> /home/milnes/projects/APAS-VERUS/rust_verify_test/target/release/build/rust_verify_test/cffce8acc091d738/test_inputs/ProveArraySeq-cffce8acc091d738-arrayseq_filter/test.rs:22:12
       |
    22 |     let a: ArraySeqS<u64> = ArraySeqS::singleton(7);
       |            ^^^^^^^^^ not found in this scope


    error[E0405]: cannot find trait `ArraySeqTrait` in this scope
      --> /home/milnes/projects/APAS-VERUS/rust_verify_test/target/release/build/rust_verify_test/cffce8acc091d738/test_inputs/ProveArraySeq-cffce8acc091d738-arrayseq_filter/test.rs:31:39
       |
    31 |     let filtered = <ArraySeqS<u64> as ArraySeqTrait<u64>>::filter(&a, &pred, Ghost(spec_pred));
       |                                       ^^^^^^^^^^^^^ not found in this scope


    error[E0425]: cannot find type `ArraySeqS` in this scope
      --> /home/milnes/projects/APAS-VERUS/rust_verify_test/target/release/build/rust_verify_test/cffce8acc091d738/test_inputs/ProveArraySeq-cffce8acc091d738-arrayseq_filter/test.rs:31:21
       |
    31 |     let filtered = <ArraySeqS<u64> as ArraySeqTrait<u64>>::filter(&a, &pred, Ghost(spec_pred));
       |                     ^^^^^^^^^ not found in this scope


    error[E0433]: cannot find type `ArraySeqS` in this scope
      --> /home/milnes/projects/APAS-VERUS/rust_verify_test/target/release/build/rust_verify_test/cffce8acc091d738/test_inputs/ProveArraySeq-cffce8acc091d738-arrayseq_filter/test.rs:22:29
       |
    22 |     let a: ArraySeqS<u64> = ArraySeqS::singleton(7);
       |                             ^^^^^^^^^ use of undeclared type `ArraySeqS`


    error: aborting due to 5 previous errors


    Some errors have detailed explanations: E0405, E0425, E0433.

    For more information about an error, try `rustc --explain E0405`.

    the input directory is /home/milnes/projects/APAS-VERUS/rust_verify_test/target/release/build/rust_verify_test/cffce8acc091d738/test_inputs/ProveArraySeq-cffce8acc091d738-arrayseq_filter
    rerun this test with:
    verus --crate-type=lib  /home/milnes/projects/APAS-VERUS/rust_verify_test/target/release/build/rust_verify_test/cffce8acc091d738/test_inputs/ProveArraySeq-cffce8acc091d738-arrayseq_filter/test.rs


    thread 'arrayseq_filter' (518528) panicked at tests/Chap18/ProveArraySeq.rs:256:1:
    Err(_) does not match $result
    note: run with `RUST_BACKTRACE=1` environment variable to display a backtrace

        FAIL [   0.069s] ( 16/328) rust_verify_test::ProveArraySeq arrayseq_for_iter
  stdout ───

    running 1 test
    test arrayseq_for_iter ... FAILED

    failures:

    failures:
        arrayseq_for_iter

    test result: FAILED. 0 passed; 1 failed; 0 ignored; 0 measured; 9 filtered out; finished in 0.06s

  stderr ───
    error[E0433]: cannot find `Chap18` in `apas_verus`
      --> /home/milnes/projects/APAS-VERUS/rust_verify_test/target/release/build/rust_verify_test/cffce8acc091d738/test_inputs/ProveArraySeq-cffce8acc091d738-arrayseq_for_iter/test.rs:17:17
       |
    17 | use apas_verus::Chap18::ArraySeq::ArraySeq::*;
       |                 ^^^^^^ could not find `Chap18` in `apas_verus`
       |
    note: found an item that was configured out
      --> src/lib.rs:345:48
       |
       = note: the item is gated here


    error[E0425]: cannot find type `ArraySeqS` in this scope
      --> /home/milnes/projects/APAS-VERUS/rust_verify_test/target/release/build/rust_verify_test/cffce8acc091d738/test_inputs/ProveArraySeq-cffce8acc091d738-arrayseq_for_iter/test.rs:23:12
       |
    23 |     let a: ArraySeqS<u64> = ArraySeqS::new(3, 99);
       |            ^^^^^^^^^ not found in this scope


    error[E0433]: cannot find type `ArraySeqS` in this scope
      --> /home/milnes/projects/APAS-VERUS/rust_verify_test/target/release/build/rust_verify_test/cffce8acc091d738/test_inputs/ProveArraySeq-cffce8acc091d738-arrayseq_for_iter/test.rs:23:29
       |
    23 |     let a: ArraySeqS<u64> = ArraySeqS::new(3, 99);
       |                             ^^^^^^^^^ use of undeclared type `ArraySeqS`


    error: aborting due to 3 previous errors


    Some errors have detailed explanations: E0425, E0433.

    For more information about an error, try `rustc --explain E0425`.

    the input directory is /home/milnes/projects/APAS-VERUS/rust_verify_test/target/release/build/rust_verify_test/cffce8acc091d738/test_inputs/ProveArraySeq-cffce8acc091d738-arrayseq_for_iter
    rerun this test with:
    verus --crate-type=lib  /home/milnes/projects/APAS-VERUS/rust_verify_test/target/release/build/rust_verify_test/cffce8acc091d738/test_inputs/ProveArraySeq-cffce8acc091d738-arrayseq_for_iter/test.rs


    thread 'arrayseq_for_iter' (518529) panicked at tests/Chap18/ProveArraySeq.rs:69:1:
    Err(_) does not match $result
    note: run with `RUST_BACKTRACE=1` environment variable to display a backtrace

        FAIL [   0.066s] ( 17/328) rust_verify_test::ProveArraySeq arrayseq_iterate_prefixes
  stdout ───

    running 1 test
    test arrayseq_iterate_prefixes ... FAILED

    failures:

    failures:
        arrayseq_iterate_prefixes

    test result: FAILED. 0 passed; 1 failed; 0 ignored; 0 measured; 9 filtered out; finished in 0.06s

  stderr ───
    error[E0433]: cannot find `Chap18` in `apas_verus`
      --> /home/milnes/projects/APAS-VERUS/rust_verify_test/target/release/build/rust_verify_test/cffce8acc091d738/test_inputs/ProveArraySeq-cffce8acc091d738-arrayseq_iterate_prefixes/test.rs:16:17
       |
    16 | use apas_verus::Chap18::ArraySeq::ArraySeq::*;
       |                 ^^^^^^ could not find `Chap18` in `apas_verus`
       |
    note: found an item that was configured out
      --> src/lib.rs:345:48
       |
       = note: the item is gated here


    error[E0425]: cannot find type `ArraySeqS` in this scope
      --> /home/milnes/projects/APAS-VERUS/rust_verify_test/target/release/build/rust_verify_test/cffce8acc091d738/test_inputs/ProveArraySeq-cffce8acc091d738-arrayseq_iterate_prefixes/test.rs:22:12
       |
    22 |     let a: ArraySeqS<u64> = ArraySeqS::singleton(10);
       |            ^^^^^^^^^ not found in this scope


    error[E0433]: cannot find type `ArraySeqS` in this scope
      --> /home/milnes/projects/APAS-VERUS/rust_verify_test/target/release/build/rust_verify_test/cffce8acc091d738/test_inputs/ProveArraySeq-cffce8acc091d738-arrayseq_iterate_prefixes/test.rs:22:29
       |
    22 |     let a: ArraySeqS<u64> = ArraySeqS::singleton(10);
       |                             ^^^^^^^^^ use of undeclared type `ArraySeqS`


    error[E0425]: cannot find function `iterate_prefixes` in this scope
      --> /home/milnes/projects/APAS-VERUS/rust_verify_test/target/release/build/rust_verify_test/cffce8acc091d738/test_inputs/ProveArraySeq-cffce8acc091d738-arrayseq_iterate_prefixes/test.rs:30:29
       |
    30 |     let (prefixes, total) = iterate_prefixes(&a, &f, Ghost(spec_f), 0u64);
       |                             ^^^^^^^^^^^^^^^^ not found in this scope


    error: aborting due to 4 previous errors


    Some errors have detailed explanations: E0425, E0433.

    For more information about an error, try `rustc --explain E0425`.

    the input directory is /home/milnes/projects/APAS-VERUS/rust_verify_test/target/release/build/rust_verify_test/cffce8acc091d738/test_inputs/ProveArraySeq-cffce8acc091d738-arrayseq_iterate_prefixes
    rerun this test with:
    verus --crate-type=lib  /home/milnes/projects/APAS-VERUS/rust_verify_test/target/release/build/rust_verify_test/cffce8acc091d738/test_inputs/ProveArraySeq-cffce8acc091d738-arrayseq_iterate_prefixes/test.rs


    thread 'arrayseq_iterate_prefixes' (518573) panicked at tests/Chap18/ProveArraySeq.rs:283:1:
    Err(_) does not match $result
    note: run with `RUST_BACKTRACE=1` environment variable to display a backtrace

        FAIL [   0.090s] ( 18/328) rust_verify_test::ProveArraySeq arrayseq_iterate
  stdout ───

    running 1 test
    test arrayseq_iterate ... FAILED

    failures:

    failures:
        arrayseq_iterate

    test result: FAILED. 0 passed; 1 failed; 0 ignored; 0 measured; 9 filtered out; finished in 0.09s

  stderr ───
    error[E0433]: cannot find `Chap18` in `apas_verus`
      --> /home/milnes/projects/APAS-VERUS/rust_verify_test/target/release/build/rust_verify_test/cffce8acc091d738/test_inputs/ProveArraySeq-cffce8acc091d738-arrayseq_iterate/test.rs:16:17
       |
    16 | use apas_verus::Chap18::ArraySeq::ArraySeq::*;
       |                 ^^^^^^ could not find `Chap18` in `apas_verus`
       |
    note: found an item that was configured out
      --> src/lib.rs:345:48
       |
       = note: the item is gated here


    error[E0425]: cannot find type `ArraySeqS` in this scope
      --> /home/milnes/projects/APAS-VERUS/rust_verify_test/target/release/build/rust_verify_test/cffce8acc091d738/test_inputs/ProveArraySeq-cffce8acc091d738-arrayseq_iterate/test.rs:19:12
       |
    19 |     let a: ArraySeqS<u64> = ArraySeqS::singleton(10);
       |            ^^^^^^^^^ not found in this scope


    error[E0405]: cannot find trait `ArraySeqTrait` in this scope
      --> /home/milnes/projects/APAS-VERUS/rust_verify_test/target/release/build/rust_verify_test/cffce8acc091d738/test_inputs/ProveArraySeq-cffce8acc091d738-arrayseq_iterate/test.rs:28:37
       |
    28 |     let result = <ArraySeqS<u64> as ArraySeqTrait<u64>>::iterate(&a, &f, Ghost(spec_f), 0u64);
       |                                     ^^^^^^^^^^^^^ not found in this scope


    error[E0425]: cannot find type `ArraySeqS` in this scope
      --> /home/milnes/projects/APAS-VERUS/rust_verify_test/target/release/build/rust_verify_test/cffce8acc091d738/test_inputs/ProveArraySeq-cffce8acc091d738-arrayseq_iterate/test.rs:28:19
       |
    28 |     let result = <ArraySeqS<u64> as ArraySeqTrait<u64>>::iterate(&a, &f, Ghost(spec_f), 0u64);
       |                   ^^^^^^^^^ not found in this scope


    error[E0433]: cannot find type `ArraySeqS` in this scope
      --> /home/milnes/projects/APAS-VERUS/rust_verify_test/target/release/build/rust_verify_test/cffce8acc091d738/test_inputs/ProveArraySeq-cffce8acc091d738-arrayseq_iterate/test.rs:19:29
       |
    19 |     let a: ArraySeqS<u64> = ArraySeqS::singleton(10);
       |                             ^^^^^^^^^ use of undeclared type `ArraySeqS`


    error: aborting due to 5 previous errors


    Some errors have detailed explanations: E0405, E0425, E0433.

    For more information about an error, try `rustc --explain E0405`.

    the input directory is /home/milnes/projects/APAS-VERUS/rust_verify_test/target/release/build/rust_verify_test/cffce8acc091d738/test_inputs/ProveArraySeq-cffce8acc091d738-arrayseq_iterate
    rerun this test with:
    verus --crate-type=lib  /home/milnes/projects/APAS-VERUS/rust_verify_test/target/release/build/rust_verify_test/cffce8acc091d738/test_inputs/ProveArraySeq-cffce8acc091d738-arrayseq_iterate/test.rs


    thread 'arrayseq_iterate' (518572) panicked at tests/Chap18/ProveArraySeq.rs:98:1:
    Err(_) does not match $result
    note: run with `RUST_BACKTRACE=1` environment variable to display a backtrace

        FAIL [   0.062s] ( 19/328) rust_verify_test::ProveArraySeq arrayseq_map
  stdout ───

    running 1 test
    test arrayseq_map ... FAILED

    failures:

    failures:
        arrayseq_map

    test result: FAILED. 0 passed; 1 failed; 0 ignored; 0 measured; 9 filtered out; finished in 0.06s

  stderr ───
    error[E0433]: cannot find `Chap18` in `apas_verus`
      --> /home/milnes/projects/APAS-VERUS/rust_verify_test/target/release/build/rust_verify_test/cffce8acc091d738/test_inputs/ProveArraySeq-cffce8acc091d738-arrayseq_map/test.rs:16:17
       |
    16 | use apas_verus::Chap18::ArraySeq::ArraySeq::*;
       |                 ^^^^^^ could not find `Chap18` in `apas_verus`
       |
    note: found an item that was configured out
      --> src/lib.rs:345:48
       |
       = note: the item is gated here


    error[E0425]: cannot find type `ArraySeqS` in this scope
      --> /home/milnes/projects/APAS-VERUS/rust_verify_test/target/release/build/rust_verify_test/cffce8acc091d738/test_inputs/ProveArraySeq-cffce8acc091d738-arrayseq_map/test.rs:19:12
       |
    19 |     let a: ArraySeqS<u64> = ArraySeqS::singleton(7);
       |            ^^^^^^^^^ not found in this scope


    error[E0433]: cannot find type `ArraySeqS` in this scope
      --> /home/milnes/projects/APAS-VERUS/rust_verify_test/target/release/build/rust_verify_test/cffce8acc091d738/test_inputs/ProveArraySeq-cffce8acc091d738-arrayseq_map/test.rs:19:29
       |
    19 |     let a: ArraySeqS<u64> = ArraySeqS::singleton(7);
       |                             ^^^^^^^^^ use of undeclared type `ArraySeqS`


    error[E0423]: expected function, found macro `map`
      --> /home/milnes/projects/APAS-VERUS/rust_verify_test/target/release/build/rust_verify_test/cffce8acc091d738/test_inputs/ProveArraySeq-cffce8acc091d738-arrayseq_map/test.rs:26:18
       |
    26 |     let mapped = map(&a, &f);
       |                  ^^^ not a function
       |
    help: use `!` to invoke the macro
       |
    26 |     let mapped = map!(&a, &f);
       |                     +


    error: aborting due to 4 previous errors


    Some errors have detailed explanations: E0423, E0425, E0433.

    For more information about an error, try `rustc --explain E0423`.

    the input directory is /home/milnes/projects/APAS-VERUS/rust_verify_test/target/release/build/rust_verify_test/cffce8acc091d738/test_inputs/ProveArraySeq-cffce8acc091d738-arrayseq_map
    rerun this test with:
    verus --crate-type=lib  /home/milnes/projects/APAS-VERUS/rust_verify_test/target/release/build/rust_verify_test/cffce8acc091d738/test_inputs/ProveArraySeq-cffce8acc091d738-arrayseq_map/test.rs


    thread 'arrayseq_map' (518618) panicked at tests/Chap18/ProveArraySeq.rs:310:1:
    Err(_) does not match $result
    note: run with `RUST_BACKTRACE=1` environment variable to display a backtrace

        FAIL [   0.070s] ( 20/328) rust_verify_test::ProveArraySeq arrayseq_loop_loop
  stdout ───

    running 1 test
    test arrayseq_loop_loop ... FAILED

    failures:

    failures:
        arrayseq_loop_loop

    test result: FAILED. 0 passed; 1 failed; 0 ignored; 0 measured; 9 filtered out; finished in 0.07s

  stderr ───
    error[E0433]: cannot find `Chap18` in `apas_verus`
      --> /home/milnes/projects/APAS-VERUS/rust_verify_test/target/release/build/rust_verify_test/cffce8acc091d738/test_inputs/ProveArraySeq-cffce8acc091d738-arrayseq_loop_loop/test.rs:17:17
       |
    17 | use apas_verus::Chap18::ArraySeq::ArraySeq::*;
       |                 ^^^^^^ could not find `Chap18` in `apas_verus`
       |
    note: found an item that was configured out
      --> src/lib.rs:345:48
       |
       = note: the item is gated here


    error[E0425]: cannot find type `ArraySeqS` in this scope
      --> /home/milnes/projects/APAS-VERUS/rust_verify_test/target/release/build/rust_verify_test/cffce8acc091d738/test_inputs/ProveArraySeq-cffce8acc091d738-arrayseq_loop_loop/test.rs:23:12
       |
    23 |     let a: ArraySeqS<u64> = ArraySeqS::new(3, 42);
       |            ^^^^^^^^^ not found in this scope


    error[E0433]: cannot find type `ArraySeqS` in this scope
      --> /home/milnes/projects/APAS-VERUS/rust_verify_test/target/release/build/rust_verify_test/cffce8acc091d738/test_inputs/ProveArraySeq-cffce8acc091d738-arrayseq_loop_loop/test.rs:23:29
       |
    23 |     let a: ArraySeqS<u64> = ArraySeqS::new(3, 42);
       |                             ^^^^^^^^^ use of undeclared type `ArraySeqS`


    error: aborting due to 3 previous errors


    Some errors have detailed explanations: E0425, E0433.

    For more information about an error, try `rustc --explain E0425`.

    the input directory is /home/milnes/projects/APAS-VERUS/rust_verify_test/target/release/build/rust_verify_test/cffce8acc091d738/test_inputs/ProveArraySeq-cffce8acc091d738-arrayseq_loop_loop
    rerun this test with:
    verus --crate-type=lib  /home/milnes/projects/APAS-VERUS/rust_verify_test/target/release/build/rust_verify_test/cffce8acc091d738/test_inputs/ProveArraySeq-cffce8acc091d738-arrayseq_loop_loop/test.rs


    thread 'arrayseq_loop_loop' (518616) panicked at tests/Chap18/ProveArraySeq.rs:19:1:
    Err(_) does not match $result
    note: run with `RUST_BACKTRACE=1` environment variable to display a backtrace

        FAIL [   0.087s] ( 21/328) rust_verify_test::ProveArraySeq arrayseq_reduce
  stdout ───

    running 1 test
    test arrayseq_reduce ... FAILED

    failures:

    failures:
        arrayseq_reduce

    test result: FAILED. 0 passed; 1 failed; 0 ignored; 0 measured; 9 filtered out; finished in 0.08s

  stderr ───
    error[E0433]: cannot find `Chap18` in `apas_verus`
      --> /home/milnes/projects/APAS-VERUS/rust_verify_test/target/release/build/rust_verify_test/cffce8acc091d738/test_inputs/ProveArraySeq-cffce8acc091d738-arrayseq_reduce/test.rs:16:17
       |
    16 | use apas_verus::Chap18::ArraySeq::ArraySeq::*;
       |                 ^^^^^^ could not find `Chap18` in `apas_verus`
       |
    note: found an item that was configured out
      --> src/lib.rs:345:48
       |
       = note: the item is gated here


    error[E0425]: cannot find type `ArraySeqS` in this scope
      --> /home/milnes/projects/APAS-VERUS/rust_verify_test/target/release/build/rust_verify_test/cffce8acc091d738/test_inputs/ProveArraySeq-cffce8acc091d738-arrayseq_reduce/test.rs:38:12
       |
    38 |     let a: ArraySeqS<u64> = ArraySeqS::singleton(7);
       |            ^^^^^^^^^ not found in this scope


    error[E0405]: cannot find trait `ArraySeqTrait` in this scope
      --> /home/milnes/projects/APAS-VERUS/rust_verify_test/target/release/build/rust_verify_test/cffce8acc091d738/test_inputs/ProveArraySeq-cffce8acc091d738-arrayseq_reduce/test.rs:48:37
       |
    48 |     let result = <ArraySeqS<u64> as ArraySeqTrait<u64>>::reduce(&a, &f, Ghost(spec_f), 0u64);
       |                                     ^^^^^^^^^^^^^ not found in this scope


    error[E0425]: cannot find type `ArraySeqS` in this scope
      --> /home/milnes/projects/APAS-VERUS/rust_verify_test/target/release/build/rust_verify_test/cffce8acc091d738/test_inputs/ProveArraySeq-cffce8acc091d738-arrayseq_reduce/test.rs:48:19
       |
    48 |     let result = <ArraySeqS<u64> as ArraySeqTrait<u64>>::reduce(&a, &f, Ghost(spec_f), 0u64);
       |                   ^^^^^^^^^ not found in this scope


    error[E0433]: cannot find type `ArraySeqS` in this scope
      --> /home/milnes/projects/APAS-VERUS/rust_verify_test/target/release/build/rust_verify_test/cffce8acc091d738/test_inputs/ProveArraySeq-cffce8acc091d738-arrayseq_reduce/test.rs:38:29
       |
    38 |     let a: ArraySeqS<u64> = ArraySeqS::singleton(7);
       |                             ^^^^^^^^^ use of undeclared type `ArraySeqS`


    error: aborting due to 5 previous errors


    Some errors have detailed explanations: E0405, E0425, E0433.

    For more information about an error, try `rustc --explain E0405`.

    the input directory is /home/milnes/projects/APAS-VERUS/rust_verify_test/target/release/build/rust_verify_test/cffce8acc091d738/test_inputs/ProveArraySeq-cffce8acc091d738-arrayseq_reduce
    rerun this test with:
    verus --crate-type=lib  /home/milnes/projects/APAS-VERUS/rust_verify_test/target/release/build/rust_verify_test/cffce8acc091d738/test_inputs/ProveArraySeq-cffce8acc091d738-arrayseq_reduce/test.rs


    thread 'arrayseq_reduce' (518659) panicked at tests/Chap18/ProveArraySeq.rs:123:1:
    Err(_) does not match $result
    note: run with `RUST_BACKTRACE=1` environment variable to display a backtrace

        FAIL [   0.047s] ( 22/328) rust_verify_test::ProveArraySeq arrayseq_tabulate
  stdout ───

    running 1 test
    test arrayseq_tabulate ... FAILED

    failures:

    failures:
        arrayseq_tabulate

    test result: FAILED. 0 passed; 1 failed; 0 ignored; 0 measured; 9 filtered out; finished in 0.04s

  stderr ───
    error[E0433]: cannot find `Chap18` in `apas_verus`
      --> /home/milnes/projects/APAS-VERUS/rust_verify_test/target/release/build/rust_verify_test/cffce8acc091d738/test_inputs/ProveArraySeq-cffce8acc091d738-arrayseq_tabulate/test.rs:16:17
       |
    16 | use apas_verus::Chap18::ArraySeq::ArraySeq::*;
       |                 ^^^^^^ could not find `Chap18` in `apas_verus`
       |
    note: found an item that was configured out
      --> src/lib.rs:345:48
       |
       = note: the item is gated here


    error[E0425]: cannot find function `tabulate` in this scope
      --> /home/milnes/projects/APAS-VERUS/rust_verify_test/target/release/build/rust_verify_test/cffce8acc091d738/test_inputs/ProveArraySeq-cffce8acc091d738-arrayseq_tabulate/test.rs:24:15
       |
    24 |     let tab = tabulate(&f, 3);
       |               ^^^^^^^^ not found in this scope


    error: aborting due to 2 previous errors


    Some errors have detailed explanations: E0425, E0433.

    For more information about an error, try `rustc --explain E0425`.

    the input directory is /home/milnes/projects/APAS-VERUS/rust_verify_test/target/release/build/rust_verify_test/cffce8acc091d738/test_inputs/ProveArraySeq-cffce8acc091d738-arrayseq_tabulate
    rerun this test with:
    verus --crate-type=lib  /home/milnes/projects/APAS-VERUS/rust_verify_test/target/release/build/rust_verify_test/cffce8acc091d738/test_inputs/ProveArraySeq-cffce8acc091d738-arrayseq_tabulate/test.rs


    thread 'arrayseq_tabulate' (518723) panicked at tests/Chap18/ProveArraySeq.rs:333:1:
    Err(_) does not match $result
    note: run with `RUST_BACKTRACE=1` environment variable to display a backtrace

        FAIL [   0.064s] ( 23/328) rust_verify_test::ProveArraySeq arrayseq_scan_inclusive
  stdout ───

    running 1 test
    test arrayseq_scan_inclusive ... FAILED

    failures:

    failures:
        arrayseq_scan_inclusive

    test result: FAILED. 0 passed; 1 failed; 0 ignored; 0 measured; 9 filtered out; finished in 0.06s

  stderr ───
    error[E0433]: cannot find `Chap18` in `apas_verus`
      --> /home/milnes/projects/APAS-VERUS/rust_verify_test/target/release/build/rust_verify_test/cffce8acc091d738/test_inputs/ProveArraySeq-cffce8acc091d738-arrayseq_scan_inclusive/test.rs:16:17
       |
    16 | use apas_verus::Chap18::ArraySeq::ArraySeq::*;
       |                 ^^^^^^ could not find `Chap18` in `apas_verus`
       |
    note: found an item that was configured out
      --> src/lib.rs:345:48
       |
       = note: the item is gated here


    error[E0425]: cannot find type `ArraySeqS` in this scope
      --> /home/milnes/projects/APAS-VERUS/rust_verify_test/target/release/build/rust_verify_test/cffce8acc091d738/test_inputs/ProveArraySeq-cffce8acc091d738-arrayseq_scan_inclusive/test.rs:38:12
       |
    38 |     let a: ArraySeqS<u64> = ArraySeqS::singleton(7);
       |            ^^^^^^^^^ not found in this scope


    error[E0405]: cannot find trait `ArraySeqTrait` in this scope
      --> /home/milnes/projects/APAS-VERUS/rust_verify_test/target/release/build/rust_verify_test/cffce8acc091d738/test_inputs/ProveArraySeq-cffce8acc091d738-arrayseq_scan_inclusive/test.rs:48:37
       |
    48 |     let result = <ArraySeqS<u64> as ArraySeqTrait<u64>>::scan_inclusive(&a, &f, Ghost(spec_f), 0u64);
       |                                     ^^^^^^^^^^^^^ not found in this scope


    error[E0425]: cannot find type `ArraySeqS` in this scope
      --> /home/milnes/projects/APAS-VERUS/rust_verify_test/target/release/build/rust_verify_test/cffce8acc091d738/test_inputs/ProveArraySeq-cffce8acc091d738-arrayseq_scan_inclusive/test.rs:48:19
       |
    48 |     let result = <ArraySeqS<u64> as ArraySeqTrait<u64>>::scan_inclusive(&a, &f, Ghost(spec_f), 0u64);
       |                   ^^^^^^^^^ not found in this scope


    error[E0433]: cannot find type `ArraySeqS` in this scope
      --> /home/milnes/projects/APAS-VERUS/rust_verify_test/target/release/build/rust_verify_test/cffce8acc091d738/test_inputs/ProveArraySeq-cffce8acc091d738-arrayseq_scan_inclusive/test.rs:38:29
       |
    38 |     let a: ArraySeqS<u64> = ArraySeqS::singleton(7);
       |                             ^^^^^^^^^ use of undeclared type `ArraySeqS`


    error: aborting due to 5 previous errors


    Some errors have detailed explanations: E0405, E0425, E0433.

    For more information about an error, try `rustc --explain E0405`.

    the input directory is /home/milnes/projects/APAS-VERUS/rust_verify_test/target/release/build/rust_verify_test/cffce8acc091d738/test_inputs/ProveArraySeq-cffce8acc091d738-arrayseq_scan_inclusive
    rerun this test with:
    verus --crate-type=lib  /home/milnes/projects/APAS-VERUS/rust_verify_test/target/release/build/rust_verify_test/cffce8acc091d738/test_inputs/ProveArraySeq-cffce8acc091d738-arrayseq_scan_inclusive/test.rs


    thread 'arrayseq_scan_inclusive' (518701) panicked at tests/Chap18/ProveArraySeq.rs:212:1:
    Err(_) does not match $result
    note: run with `RUST_BACKTRACE=1` environment variable to display a backtrace

        FAIL [   0.087s] ( 24/328) rust_verify_test::ProveArraySeq arrayseq_scan
  stdout ───

    running 1 test
    test arrayseq_scan ... FAILED

    failures:

    failures:
        arrayseq_scan

    test result: FAILED. 0 passed; 1 failed; 0 ignored; 0 measured; 9 filtered out; finished in 0.08s

  stderr ───
    error[E0433]: cannot find `Chap18` in `apas_verus`
      --> /home/milnes/projects/APAS-VERUS/rust_verify_test/target/release/build/rust_verify_test/cffce8acc091d738/test_inputs/ProveArraySeq-cffce8acc091d738-arrayseq_scan/test.rs:16:17
       |
    16 | use apas_verus::Chap18::ArraySeq::ArraySeq::*;
       |                 ^^^^^^ could not find `Chap18` in `apas_verus`
       |
    note: found an item that was configured out
      --> src/lib.rs:345:48
       |
       = note: the item is gated here


    error[E0425]: cannot find type `ArraySeqS` in this scope
      --> /home/milnes/projects/APAS-VERUS/rust_verify_test/target/release/build/rust_verify_test/cffce8acc091d738/test_inputs/ProveArraySeq-cffce8acc091d738-arrayseq_scan/test.rs:38:12
       |
    38 |     let a: ArraySeqS<u64> = ArraySeqS::singleton(7);
       |            ^^^^^^^^^ not found in this scope


    error[E0405]: cannot find trait `ArraySeqTrait` in this scope
      --> /home/milnes/projects/APAS-VERUS/rust_verify_test/target/release/build/rust_verify_test/cffce8acc091d738/test_inputs/ProveArraySeq-cffce8acc091d738-arrayseq_scan/test.rs:48:47
       |
    48 |     let (scanned, total) = <ArraySeqS<u64> as ArraySeqTrait<u64>>::scan(&a, &f, Ghost(spec_f), 0u64);
       |                                               ^^^^^^^^^^^^^ not found in this scope


    error[E0425]: cannot find type `ArraySeqS` in this scope
      --> /home/milnes/projects/APAS-VERUS/rust_verify_test/target/release/build/rust_verify_test/cffce8acc091d738/test_inputs/ProveArraySeq-cffce8acc091d738-arrayseq_scan/test.rs:48:29
       |
    48 |     let (scanned, total) = <ArraySeqS<u64> as ArraySeqTrait<u64>>::scan(&a, &f, Ghost(spec_f), 0u64);
       |                             ^^^^^^^^^ not found in this scope


    error[E0433]: cannot find type `ArraySeqS` in this scope
      --> /home/milnes/projects/APAS-VERUS/rust_verify_test/target/release/build/rust_verify_test/cffce8acc091d738/test_inputs/ProveArraySeq-cffce8acc091d738-arrayseq_scan/test.rs:38:29
       |
    38 |     let a: ArraySeqS<u64> = ArraySeqS::singleton(7);
       |                             ^^^^^^^^^ use of undeclared type `ArraySeqS`


    error: aborting due to 5 previous errors


    Some errors have detailed explanations: E0405, E0425, E0433.

    For more information about an error, try `rustc --explain E0405`.

    the input directory is /home/milnes/projects/APAS-VERUS/rust_verify_test/target/release/build/rust_verify_test/cffce8acc091d738/test_inputs/ProveArraySeq-cffce8acc091d738-arrayseq_scan
    rerun this test with:
    verus --crate-type=lib  /home/milnes/projects/APAS-VERUS/rust_verify_test/target/release/build/rust_verify_test/cffce8acc091d738/test_inputs/ProveArraySeq-cffce8acc091d738-arrayseq_scan/test.rs


    thread 'arrayseq_scan' (518681) panicked at tests/Chap18/ProveArraySeq.rs:167:1:
    Err(_) does not match $result
    note: run with `RUST_BACKTRACE=1` environment variable to display a backtrace

        FAIL [   0.067s] ( 25/328) rust_verify_test::ProveArraySeqMtEph arrayseqmteph_for_consume
  stdout ───

    running 1 test
    test arrayseqmteph_for_consume ... FAILED

    failures:

    failures:
        arrayseqmteph_for_consume

    test result: FAILED. 0 passed; 1 failed; 0 ignored; 0 measured; 5 filtered out; finished in 0.06s

  stderr ───
    error[E0433]: cannot find `Chap18` in `apas_verus`
      --> /home/milnes/projects/APAS-VERUS/rust_verify_test/target/release/build/rust_verify_test/4b79e0c27ca921e2/test_inputs/ProveArraySeqMtEph-4b79e0c27ca921e2-arrayseqmteph_for_consume/test.rs:17:17
       |
    17 | use apas_verus::Chap18::ArraySeqMtEph::ArraySeqMtEph::*;
       |                 ^^^^^^ could not find `Chap18` in `apas_verus`
       |
    note: found an item that was configured out
      --> src/lib.rs:345:48
       |
       = note: the item is gated here


    error[E0425]: cannot find type `ArraySeqMtEphS` in this scope
      --> /home/milnes/projects/APAS-VERUS/rust_verify_test/target/release/build/rust_verify_test/4b79e0c27ca921e2/test_inputs/ProveArraySeqMtEph-4b79e0c27ca921e2-arrayseqmteph_for_consume/test.rs:20:12
       |
    20 |     let a: ArraySeqMtEphS<u64> = ArraySeqMtEphS::new(3, 66);
       |            ^^^^^^^^^^^^^^ not found in this scope


    error[E0433]: cannot find type `ArraySeqMtEphS` in this scope
      --> /home/milnes/projects/APAS-VERUS/rust_verify_test/target/release/build/rust_verify_test/4b79e0c27ca921e2/test_inputs/ProveArraySeqMtEph-4b79e0c27ca921e2-arrayseqmteph_for_consume/test.rs:20:34
       |
    20 |     let a: ArraySeqMtEphS<u64> = ArraySeqMtEphS::new(3, 66);
       |                                  ^^^^^^^^^^^^^^ use of undeclared type `ArraySeqMtEphS`


    error: aborting due to 3 previous errors


    Some errors have detailed explanations: E0425, E0433.

    For more information about an error, try `rustc --explain E0425`.

    the input directory is /home/milnes/projects/APAS-VERUS/rust_verify_test/target/release/build/rust_verify_test/4b79e0c27ca921e2/test_inputs/ProveArraySeqMtEph-4b79e0c27ca921e2-arrayseqmteph_for_consume
    rerun this test with:
    verus --crate-type=lib  /home/milnes/projects/APAS-VERUS/rust_verify_test/target/release/build/rust_verify_test/4b79e0c27ca921e2/test_inputs/ProveArraySeqMtEph-4b79e0c27ca921e2-arrayseqmteph_for_consume/test.rs


    thread 'arrayseqmteph_for_consume' (518749) panicked at tests/Chap18/ProveArraySeqMtEph.rs:209:1:
    Err(_) does not match $result
    note: run with `RUST_BACKTRACE=1` environment variable to display a backtrace

        FAIL [   0.069s] ( 26/328) rust_verify_test::ProveArraySeqMtEph arrayseqmteph_for_borrow_into
  stdout ───

    running 1 test
    test arrayseqmteph_for_borrow_into ... FAILED

    failures:

    failures:
        arrayseqmteph_for_borrow_into

    test result: FAILED. 0 passed; 1 failed; 0 ignored; 0 measured; 5 filtered out; finished in 0.07s

  stderr ───
    error[E0433]: cannot find `Chap18` in `apas_verus`
      --> /home/milnes/projects/APAS-VERUS/rust_verify_test/target/release/build/rust_verify_test/4b79e0c27ca921e2/test_inputs/ProveArraySeqMtEph-4b79e0c27ca921e2-arrayseqmteph_for_borrow_into/test.rs:17:17
       |
    17 | use apas_verus::Chap18::ArraySeqMtEph::ArraySeqMtEph::*;
       |                 ^^^^^^ could not find `Chap18` in `apas_verus`
       |
    note: found an item that was configured out
      --> src/lib.rs:345:48
       |
       = note: the item is gated here


    error[E0425]: cannot find type `ArraySeqMtEphS` in this scope
      --> /home/milnes/projects/APAS-VERUS/rust_verify_test/target/release/build/rust_verify_test/4b79e0c27ca921e2/test_inputs/ProveArraySeqMtEph-4b79e0c27ca921e2-arrayseqmteph_for_borrow_into/test.rs:20:12
       |
    20 |     let a: ArraySeqMtEphS<u64> = ArraySeqMtEphS::new(3, 77);
       |            ^^^^^^^^^^^^^^ not found in this scope


    error[E0433]: cannot find type `ArraySeqMtEphS` in this scope
      --> /home/milnes/projects/APAS-VERUS/rust_verify_test/target/release/build/rust_verify_test/4b79e0c27ca921e2/test_inputs/ProveArraySeqMtEph-4b79e0c27ca921e2-arrayseqmteph_for_borrow_into/test.rs:20:34
       |
    20 |     let a: ArraySeqMtEphS<u64> = ArraySeqMtEphS::new(3, 77);
       |                                  ^^^^^^^^^^^^^^ use of undeclared type `ArraySeqMtEphS`


    error: aborting due to 3 previous errors


    Some errors have detailed explanations: E0425, E0433.

    For more information about an error, try `rustc --explain E0425`.

    the input directory is /home/milnes/projects/APAS-VERUS/rust_verify_test/target/release/build/rust_verify_test/4b79e0c27ca921e2/test_inputs/ProveArraySeqMtEph-4b79e0c27ca921e2-arrayseqmteph_for_borrow_into
    rerun this test with:
    verus --crate-type=lib  /home/milnes/projects/APAS-VERUS/rust_verify_test/target/release/build/rust_verify_test/4b79e0c27ca921e2/test_inputs/ProveArraySeqMtEph-4b79e0c27ca921e2-arrayseqmteph_for_borrow_into/test.rs


    thread 'arrayseqmteph_for_borrow_into' (518748) panicked at tests/Chap18/ProveArraySeqMtEph.rs:137:1:
    Err(_) does not match $result
    note: run with `RUST_BACKTRACE=1` environment variable to display a backtrace

        FAIL [   0.069s] ( 27/328) rust_verify_test::ProveArraySeqMtEph arrayseqmteph_for_iter
  stdout ───

    running 1 test
    test arrayseqmteph_for_iter ... FAILED

    failures:

    failures:
        arrayseqmteph_for_iter

    test result: FAILED. 0 passed; 1 failed; 0 ignored; 0 measured; 5 filtered out; finished in 0.07s

  stderr ───
    error[E0433]: cannot find `Chap18` in `apas_verus`
      --> /home/milnes/projects/APAS-VERUS/rust_verify_test/target/release/build/rust_verify_test/4b79e0c27ca921e2/test_inputs/ProveArraySeqMtEph-4b79e0c27ca921e2-arrayseqmteph_for_iter/test.rs:17:17
       |
    17 | use apas_verus::Chap18::ArraySeqMtEph::ArraySeqMtEph::*;
       |                 ^^^^^^ could not find `Chap18` in `apas_verus`
       |
    note: found an item that was configured out
      --> src/lib.rs:345:48
       |
       = note: the item is gated here


    error[E0425]: cannot find type `ArraySeqMtEphS` in this scope
      --> /home/milnes/projects/APAS-VERUS/rust_verify_test/target/release/build/rust_verify_test/4b79e0c27ca921e2/test_inputs/ProveArraySeqMtEph-4b79e0c27ca921e2-arrayseqmteph_for_iter/test.rs:20:12
       |
    20 |     let a: ArraySeqMtEphS<u64> = ArraySeqMtEphS::new(3, 99);
       |            ^^^^^^^^^^^^^^ not found in this scope


    error[E0433]: cannot find type `ArraySeqMtEphS` in this scope
      --> /home/milnes/projects/APAS-VERUS/rust_verify_test/target/release/build/rust_verify_test/4b79e0c27ca921e2/test_inputs/ProveArraySeqMtEph-4b79e0c27ca921e2-arrayseqmteph_for_iter/test.rs:20:34
       |
    20 |     let a: ArraySeqMtEphS<u64> = ArraySeqMtEphS::new(3, 99);
       |                                  ^^^^^^^^^^^^^^ use of undeclared type `ArraySeqMtEphS`


    error: aborting due to 3 previous errors


    Some errors have detailed explanations: E0425, E0433.

    For more information about an error, try `rustc --explain E0425`.

    the input directory is /home/milnes/projects/APAS-VERUS/rust_verify_test/target/release/build/rust_verify_test/4b79e0c27ca921e2/test_inputs/ProveArraySeqMtEph-4b79e0c27ca921e2-arrayseqmteph_for_iter
    rerun this test with:
    verus --crate-type=lib  /home/milnes/projects/APAS-VERUS/rust_verify_test/target/release/build/rust_verify_test/4b79e0c27ca921e2/test_inputs/ProveArraySeqMtEph-4b79e0c27ca921e2-arrayseqmteph_for_iter/test.rs


    thread 'arrayseqmteph_for_iter' (518785) panicked at tests/Chap18/ProveArraySeqMtEph.rs:64:1:
    Err(_) does not match $result
    note: run with `RUST_BACKTRACE=1` environment variable to display a backtrace

        FAIL [   0.067s] ( 28/328) rust_verify_test::ProveArraySeqMtEph arrayseqmteph_loop_borrow_into
  stdout ───

    running 1 test
    test arrayseqmteph_loop_borrow_into ... FAILED

    failures:

    failures:
        arrayseqmteph_loop_borrow_into

    test result: FAILED. 0 passed; 1 failed; 0 ignored; 0 measured; 5 filtered out; finished in 0.06s

  stderr ───
    error[E0433]: cannot find `Chap18` in `apas_verus`
      --> /home/milnes/projects/APAS-VERUS/rust_verify_test/target/release/build/rust_verify_test/4b79e0c27ca921e2/test_inputs/ProveArraySeqMtEph-4b79e0c27ca921e2-arrayseqmteph_loop_borrow_into/test.rs:17:17
       |
    17 | use apas_verus::Chap18::ArraySeqMtEph::ArraySeqMtEph::*;
       |                 ^^^^^^ could not find `Chap18` in `apas_verus`
       |
    note: found an item that was configured out
      --> src/lib.rs:345:48
       |
       = note: the item is gated here


    error[E0425]: cannot find type `ArraySeqMtEphS` in this scope
      --> /home/milnes/projects/APAS-VERUS/rust_verify_test/target/release/build/rust_verify_test/4b79e0c27ca921e2/test_inputs/ProveArraySeqMtEph-4b79e0c27ca921e2-arrayseqmteph_loop_borrow_into/test.rs:20:12
       |
    20 |     let a: ArraySeqMtEphS<u64> = ArraySeqMtEphS::new(3, 55);
       |            ^^^^^^^^^^^^^^ not found in this scope


    error[E0433]: cannot find type `ArraySeqMtEphS` in this scope
      --> /home/milnes/projects/APAS-VERUS/rust_verify_test/target/release/build/rust_verify_test/4b79e0c27ca921e2/test_inputs/ProveArraySeqMtEph-4b79e0c27ca921e2-arrayseqmteph_loop_borrow_into/test.rs:20:34
       |
    20 |     let a: ArraySeqMtEphS<u64> = ArraySeqMtEphS::new(3, 55);
       |                                  ^^^^^^^^^^^^^^ use of undeclared type `ArraySeqMtEphS`


    error: aborting due to 3 previous errors


    Some errors have detailed explanations: E0425, E0433.

    For more information about an error, try `rustc --explain E0425`.

    the input directory is /home/milnes/projects/APAS-VERUS/rust_verify_test/target/release/build/rust_verify_test/4b79e0c27ca921e2/test_inputs/ProveArraySeqMtEph-4b79e0c27ca921e2-arrayseqmteph_loop_borrow_into
    rerun this test with:
    verus --crate-type=lib  /home/milnes/projects/APAS-VERUS/rust_verify_test/target/release/build/rust_verify_test/4b79e0c27ca921e2/test_inputs/ProveArraySeqMtEph-4b79e0c27ca921e2-arrayseqmteph_loop_borrow_into/test.rs


    thread 'arrayseqmteph_loop_borrow_into' (518811) panicked at tests/Chap18/ProveArraySeqMtEph.rs:90:1:
    Err(_) does not match $result
    note: run with `RUST_BACKTRACE=1` environment variable to display a backtrace

        FAIL [   0.055s] ( 29/328) rust_verify_test::ProveArraySeqMtEph arrayseqmteph_loop_consume
  stdout ───

    running 1 test
    test arrayseqmteph_loop_consume ... FAILED

    failures:

    failures:
        arrayseqmteph_loop_consume

    test result: FAILED. 0 passed; 1 failed; 0 ignored; 0 measured; 5 filtered out; finished in 0.05s

  stderr ───
    error[E0433]: cannot find `Chap18` in `apas_verus`
      --> /home/milnes/projects/APAS-VERUS/rust_verify_test/target/release/build/rust_verify_test/4b79e0c27ca921e2/test_inputs/ProveArraySeqMtEph-4b79e0c27ca921e2-arrayseqmteph_loop_consume/test.rs:17:17
       |
    17 | use apas_verus::Chap18::ArraySeqMtEph::ArraySeqMtEph::*;
       |                 ^^^^^^ could not find `Chap18` in `apas_verus`
       |
    note: found an item that was configured out
      --> src/lib.rs:345:48
       |
       = note: the item is gated here


    error[E0425]: cannot find type `ArraySeqMtEphS` in this scope
      --> /home/milnes/projects/APAS-VERUS/rust_verify_test/target/release/build/rust_verify_test/4b79e0c27ca921e2/test_inputs/ProveArraySeqMtEph-4b79e0c27ca921e2-arrayseqmteph_loop_consume/test.rs:20:12
       |
    20 |     let a: ArraySeqMtEphS<u64> = ArraySeqMtEphS::new(3, 33);
       |            ^^^^^^^^^^^^^^ not found in this scope


    error[E0433]: cannot find type `ArraySeqMtEphS` in this scope
      --> /home/milnes/projects/APAS-VERUS/rust_verify_test/target/release/build/rust_verify_test/4b79e0c27ca921e2/test_inputs/ProveArraySeqMtEph-4b79e0c27ca921e2-arrayseqmteph_loop_consume/test.rs:20:34
       |
    20 |     let a: ArraySeqMtEphS<u64> = ArraySeqMtEphS::new(3, 33);
       |                                  ^^^^^^^^^^^^^^ use of undeclared type `ArraySeqMtEphS`


    error: aborting due to 3 previous errors


    Some errors have detailed explanations: E0425, E0433.

    For more information about an error, try `rustc --explain E0425`.

    the input directory is /home/milnes/projects/APAS-VERUS/rust_verify_test/target/release/build/rust_verify_test/4b79e0c27ca921e2/test_inputs/ProveArraySeqMtEph-4b79e0c27ca921e2-arrayseqmteph_loop_consume
    rerun this test with:
    verus --crate-type=lib  /home/milnes/projects/APAS-VERUS/rust_verify_test/target/release/build/rust_verify_test/4b79e0c27ca921e2/test_inputs/ProveArraySeqMtEph-4b79e0c27ca921e2-arrayseqmteph_loop_consume/test.rs


    thread 'arrayseqmteph_loop_consume' (518837) panicked at tests/Chap18/ProveArraySeqMtEph.rs:163:1:
    Err(_) does not match $result
    note: run with `RUST_BACKTRACE=1` environment variable to display a backtrace

        FAIL [   0.055s] ( 30/328) rust_verify_test::ProveArraySeqMtEph arrayseqmteph_loop_loop
  stdout ───

    running 1 test
    test arrayseqmteph_loop_loop ... FAILED

    failures:

    failures:
        arrayseqmteph_loop_loop

    test result: FAILED. 0 passed; 1 failed; 0 ignored; 0 measured; 5 filtered out; finished in 0.05s

  stderr ───
    error[E0433]: cannot find `Chap18` in `apas_verus`
      --> /home/milnes/projects/APAS-VERUS/rust_verify_test/target/release/build/rust_verify_test/4b79e0c27ca921e2/test_inputs/ProveArraySeqMtEph-4b79e0c27ca921e2-arrayseqmteph_loop_loop/test.rs:17:17
       |
    17 | use apas_verus::Chap18::ArraySeqMtEph::ArraySeqMtEph::*;
       |                 ^^^^^^ could not find `Chap18` in `apas_verus`
       |
    note: found an item that was configured out
      --> src/lib.rs:345:48
       |
       = note: the item is gated here


    error[E0425]: cannot find type `ArraySeqMtEphS` in this scope
      --> /home/milnes/projects/APAS-VERUS/rust_verify_test/target/release/build/rust_verify_test/4b79e0c27ca921e2/test_inputs/ProveArraySeqMtEph-4b79e0c27ca921e2-arrayseqmteph_loop_loop/test.rs:20:12
       |
    20 |     let a: ArraySeqMtEphS<u64> = ArraySeqMtEphS::new(3, 42);
       |            ^^^^^^^^^^^^^^ not found in this scope


    error[E0433]: cannot find type `ArraySeqMtEphS` in this scope
      --> /home/milnes/projects/APAS-VERUS/rust_verify_test/target/release/build/rust_verify_test/4b79e0c27ca921e2/test_inputs/ProveArraySeqMtEph-4b79e0c27ca921e2-arrayseqmteph_loop_loop/test.rs:20:34
       |
    20 |     let a: ArraySeqMtEphS<u64> = ArraySeqMtEphS::new(3, 42);
       |                                  ^^^^^^^^^^^^^^ use of undeclared type `ArraySeqMtEphS`


    error: aborting due to 3 previous errors


    Some errors have detailed explanations: E0425, E0433.

    For more information about an error, try `rustc --explain E0425`.

    the input directory is /home/milnes/projects/APAS-VERUS/rust_verify_test/target/release/build/rust_verify_test/4b79e0c27ca921e2/test_inputs/ProveArraySeqMtEph-4b79e0c27ca921e2-arrayseqmteph_loop_loop
    rerun this test with:
    verus --crate-type=lib  /home/milnes/projects/APAS-VERUS/rust_verify_test/target/release/build/rust_verify_test/4b79e0c27ca921e2/test_inputs/ProveArraySeqMtEph-4b79e0c27ca921e2-arrayseqmteph_loop_loop/test.rs


    thread 'arrayseqmteph_loop_loop' (518836) panicked at tests/Chap18/ProveArraySeqMtEph.rs:17:1:
    Err(_) does not match $result
    note: run with `RUST_BACKTRACE=1` environment variable to display a backtrace

        FAIL [   0.076s] ( 31/328) rust_verify_test::ProveArraySeqMtPer arrayseqmtper_for_borrow_into
  stdout ───

    running 1 test
    test arrayseqmtper_for_borrow_into ... FAILED

    failures:

    failures:
        arrayseqmtper_for_borrow_into

    test result: FAILED. 0 passed; 1 failed; 0 ignored; 0 measured; 5 filtered out; finished in 0.07s

  stderr ───
    error[E0433]: cannot find `Chap18` in `apas_verus`
      --> /home/milnes/projects/APAS-VERUS/rust_verify_test/target/release/build/rust_verify_test/0ef5bd69f608a476/test_inputs/ProveArraySeqMtPer-0ef5bd69f608a476-arrayseqmtper_for_borrow_into/test.rs:17:17
       |
    17 | use apas_verus::Chap18::ArraySeqMtPer::ArraySeqMtPer::*;
       |                 ^^^^^^ could not find `Chap18` in `apas_verus`
       |
    note: found an item that was configured out
      --> src/lib.rs:345:48
       |
       = note: the item is gated here


    error[E0425]: cannot find type `ArraySeqMtPerS` in this scope
      --> /home/milnes/projects/APAS-VERUS/rust_verify_test/target/release/build/rust_verify_test/0ef5bd69f608a476/test_inputs/ProveArraySeqMtPer-0ef5bd69f608a476-arrayseqmtper_for_borrow_into/test.rs:20:12
       |
    20 |     let a: ArraySeqMtPerS<u64> = ArraySeqMtPerS::new(3, 77);
       |            ^^^^^^^^^^^^^^ not found in this scope


    error[E0433]: cannot find type `ArraySeqMtPerS` in this scope
      --> /home/milnes/projects/APAS-VERUS/rust_verify_test/target/release/build/rust_verify_test/0ef5bd69f608a476/test_inputs/ProveArraySeqMtPer-0ef5bd69f608a476-arrayseqmtper_for_borrow_into/test.rs:20:34
       |
    20 |     let a: ArraySeqMtPerS<u64> = ArraySeqMtPerS::new(3, 77);
       |                                  ^^^^^^^^^^^^^^ use of undeclared type `ArraySeqMtPerS`


    error: aborting due to 3 previous errors


    Some errors have detailed explanations: E0425, E0433.

    For more information about an error, try `rustc --explain E0425`.

    the input directory is /home/milnes/projects/APAS-VERUS/rust_verify_test/target/release/build/rust_verify_test/0ef5bd69f608a476/test_inputs/ProveArraySeqMtPer-0ef5bd69f608a476-arrayseqmtper_for_borrow_into
    rerun this test with:
    verus --crate-type=lib  /home/milnes/projects/APAS-VERUS/rust_verify_test/target/release/build/rust_verify_test/0ef5bd69f608a476/test_inputs/ProveArraySeqMtPer-0ef5bd69f608a476-arrayseqmtper_for_borrow_into/test.rs


    thread 'arrayseqmtper_for_borrow_into' (518875) panicked at tests/Chap18/ProveArraySeqMtPer.rs:137:1:
    Err(_) does not match $result
    note: run with `RUST_BACKTRACE=1` environment variable to display a backtrace

        FAIL [   0.066s] ( 32/328) rust_verify_test::ProveArraySeqMtPer arrayseqmtper_for_consume
  stdout ───

    running 1 test
    test arrayseqmtper_for_consume ... FAILED

    failures:

    failures:
        arrayseqmtper_for_consume

    test result: FAILED. 0 passed; 1 failed; 0 ignored; 0 measured; 5 filtered out; finished in 0.06s

  stderr ───
    error[E0433]: cannot find `Chap18` in `apas_verus`
      --> /home/milnes/projects/APAS-VERUS/rust_verify_test/target/release/build/rust_verify_test/0ef5bd69f608a476/test_inputs/ProveArraySeqMtPer-0ef5bd69f608a476-arrayseqmtper_for_consume/test.rs:17:17
       |
    17 | use apas_verus::Chap18::ArraySeqMtPer::ArraySeqMtPer::*;
       |                 ^^^^^^ could not find `Chap18` in `apas_verus`
       |
    note: found an item that was configured out
      --> src/lib.rs:345:48
       |
       = note: the item is gated here


    error[E0425]: cannot find type `ArraySeqMtPerS` in this scope
      --> /home/milnes/projects/APAS-VERUS/rust_verify_test/target/release/build/rust_verify_test/0ef5bd69f608a476/test_inputs/ProveArraySeqMtPer-0ef5bd69f608a476-arrayseqmtper_for_consume/test.rs:20:12
       |
    20 |     let a: ArraySeqMtPerS<u64> = ArraySeqMtPerS::new(3, 66);
       |            ^^^^^^^^^^^^^^ not found in this scope


    error[E0433]: cannot find type `ArraySeqMtPerS` in this scope
      --> /home/milnes/projects/APAS-VERUS/rust_verify_test/target/release/build/rust_verify_test/0ef5bd69f608a476/test_inputs/ProveArraySeqMtPer-0ef5bd69f608a476-arrayseqmtper_for_consume/test.rs:20:34
       |
    20 |     let a: ArraySeqMtPerS<u64> = ArraySeqMtPerS::new(3, 66);
       |                                  ^^^^^^^^^^^^^^ use of undeclared type `ArraySeqMtPerS`


    error: aborting due to 3 previous errors


    Some errors have detailed explanations: E0425, E0433.

    For more information about an error, try `rustc --explain E0425`.

    the input directory is /home/milnes/projects/APAS-VERUS/rust_verify_test/target/release/build/rust_verify_test/0ef5bd69f608a476/test_inputs/ProveArraySeqMtPer-0ef5bd69f608a476-arrayseqmtper_for_consume
    rerun this test with:
    verus --crate-type=lib  /home/milnes/projects/APAS-VERUS/rust_verify_test/target/release/build/rust_verify_test/0ef5bd69f608a476/test_inputs/ProveArraySeqMtPer-0ef5bd69f608a476-arrayseqmtper_for_consume/test.rs


    thread 'arrayseqmtper_for_consume' (518899) panicked at tests/Chap18/ProveArraySeqMtPer.rs:209:1:
    Err(_) does not match $result
    note: run with `RUST_BACKTRACE=1` environment variable to display a backtrace

        FAIL [   0.057s] ( 33/328) rust_verify_test::ProveArraySeqMtPer arrayseqmtper_for_iter
  stdout ───

    running 1 test
    test arrayseqmtper_for_iter ... FAILED

    failures:

    failures:
        arrayseqmtper_for_iter

    test result: FAILED. 0 passed; 1 failed; 0 ignored; 0 measured; 5 filtered out; finished in 0.05s

  stderr ───
    error[E0433]: cannot find `Chap18` in `apas_verus`
      --> /home/milnes/projects/APAS-VERUS/rust_verify_test/target/release/build/rust_verify_test/0ef5bd69f608a476/test_inputs/ProveArraySeqMtPer-0ef5bd69f608a476-arrayseqmtper_for_iter/test.rs:17:17
       |
    17 | use apas_verus::Chap18::ArraySeqMtPer::ArraySeqMtPer::*;
       |                 ^^^^^^ could not find `Chap18` in `apas_verus`
       |
    note: found an item that was configured out
      --> src/lib.rs:345:48
       |
       = note: the item is gated here


    error[E0425]: cannot find type `ArraySeqMtPerS` in this scope
      --> /home/milnes/projects/APAS-VERUS/rust_verify_test/target/release/build/rust_verify_test/0ef5bd69f608a476/test_inputs/ProveArraySeqMtPer-0ef5bd69f608a476-arrayseqmtper_for_iter/test.rs:20:12
       |
    20 |     let a: ArraySeqMtPerS<u64> = ArraySeqMtPerS::new(3, 99);
       |            ^^^^^^^^^^^^^^ not found in this scope


    error[E0433]: cannot find type `ArraySeqMtPerS` in this scope
      --> /home/milnes/projects/APAS-VERUS/rust_verify_test/target/release/build/rust_verify_test/0ef5bd69f608a476/test_inputs/ProveArraySeqMtPer-0ef5bd69f608a476-arrayseqmtper_for_iter/test.rs:20:34
       |
    20 |     let a: ArraySeqMtPerS<u64> = ArraySeqMtPerS::new(3, 99);
       |                                  ^^^^^^^^^^^^^^ use of undeclared type `ArraySeqMtPerS`


    error: aborting due to 3 previous errors


    Some errors have detailed explanations: E0425, E0433.

    For more information about an error, try `rustc --explain E0425`.

    the input directory is /home/milnes/projects/APAS-VERUS/rust_verify_test/target/release/build/rust_verify_test/0ef5bd69f608a476/test_inputs/ProveArraySeqMtPer-0ef5bd69f608a476-arrayseqmtper_for_iter
    rerun this test with:
    verus --crate-type=lib  /home/milnes/projects/APAS-VERUS/rust_verify_test/target/release/build/rust_verify_test/0ef5bd69f608a476/test_inputs/ProveArraySeqMtPer-0ef5bd69f608a476-arrayseqmtper_for_iter/test.rs


    thread 'arrayseqmtper_for_iter' (518924) panicked at tests/Chap18/ProveArraySeqMtPer.rs:64:1:
    Err(_) does not match $result
    note: run with `RUST_BACKTRACE=1` environment variable to display a backtrace

        FAIL [   0.060s] ( 34/328) rust_verify_test::ProveArraySeqMtPer arrayseqmtper_loop_borrow_into
  stdout ───

    running 1 test
    test arrayseqmtper_loop_borrow_into ... FAILED

    failures:

    failures:
        arrayseqmtper_loop_borrow_into

    test result: FAILED. 0 passed; 1 failed; 0 ignored; 0 measured; 5 filtered out; finished in 0.06s

  stderr ───
    error[E0433]: cannot find `Chap18` in `apas_verus`
      --> /home/milnes/projects/APAS-VERUS/rust_verify_test/target/release/build/rust_verify_test/0ef5bd69f608a476/test_inputs/ProveArraySeqMtPer-0ef5bd69f608a476-arrayseqmtper_loop_borrow_into/test.rs:17:17
       |
    17 | use apas_verus::Chap18::ArraySeqMtPer::ArraySeqMtPer::*;
       |                 ^^^^^^ could not find `Chap18` in `apas_verus`
       |
    note: found an item that was configured out
      --> src/lib.rs:345:48
       |
       = note: the item is gated here


    error[E0425]: cannot find type `ArraySeqMtPerS` in this scope
      --> /home/milnes/projects/APAS-VERUS/rust_verify_test/target/release/build/rust_verify_test/0ef5bd69f608a476/test_inputs/ProveArraySeqMtPer-0ef5bd69f608a476-arrayseqmtper_loop_borrow_into/test.rs:20:12
       |
    20 |     let a: ArraySeqMtPerS<u64> = ArraySeqMtPerS::new(3, 55);
       |            ^^^^^^^^^^^^^^ not found in this scope


    error[E0433]: cannot find type `ArraySeqMtPerS` in this scope
      --> /home/milnes/projects/APAS-VERUS/rust_verify_test/target/release/build/rust_verify_test/0ef5bd69f608a476/test_inputs/ProveArraySeqMtPer-0ef5bd69f608a476-arrayseqmtper_loop_borrow_into/test.rs:20:34
       |
    20 |     let a: ArraySeqMtPerS<u64> = ArraySeqMtPerS::new(3, 55);
       |                                  ^^^^^^^^^^^^^^ use of undeclared type `ArraySeqMtPerS`


    error: aborting due to 3 previous errors


    Some errors have detailed explanations: E0425, E0433.

    For more information about an error, try `rustc --explain E0425`.

    the input directory is /home/milnes/projects/APAS-VERUS/rust_verify_test/target/release/build/rust_verify_test/0ef5bd69f608a476/test_inputs/ProveArraySeqMtPer-0ef5bd69f608a476-arrayseqmtper_loop_borrow_into
    rerun this test with:
    verus --crate-type=lib  /home/milnes/projects/APAS-VERUS/rust_verify_test/target/release/build/rust_verify_test/0ef5bd69f608a476/test_inputs/ProveArraySeqMtPer-0ef5bd69f608a476-arrayseqmtper_loop_borrow_into/test.rs


    thread 'arrayseqmtper_loop_borrow_into' (518925) panicked at tests/Chap18/ProveArraySeqMtPer.rs:90:1:
    Err(_) does not match $result
    note: run with `RUST_BACKTRACE=1` environment variable to display a backtrace

        FAIL [   0.058s] ( 35/328) rust_verify_test::ProveArraySeqMtPer arrayseqmtper_loop_consume
  stdout ───

    running 1 test
    test arrayseqmtper_loop_consume ... FAILED

    failures:

    failures:
        arrayseqmtper_loop_consume

    test result: FAILED. 0 passed; 1 failed; 0 ignored; 0 measured; 5 filtered out; finished in 0.05s

  stderr ───
    error[E0433]: cannot find `Chap18` in `apas_verus`
      --> /home/milnes/projects/APAS-VERUS/rust_verify_test/target/release/build/rust_verify_test/0ef5bd69f608a476/test_inputs/ProveArraySeqMtPer-0ef5bd69f608a476-arrayseqmtper_loop_consume/test.rs:17:17
       |
    17 | use apas_verus::Chap18::ArraySeqMtPer::ArraySeqMtPer::*;
       |                 ^^^^^^ could not find `Chap18` in `apas_verus`
       |
    note: found an item that was configured out
      --> src/lib.rs:345:48
       |
       = note: the item is gated here


    error[E0425]: cannot find type `ArraySeqMtPerS` in this scope
      --> /home/milnes/projects/APAS-VERUS/rust_verify_test/target/release/build/rust_verify_test/0ef5bd69f608a476/test_inputs/ProveArraySeqMtPer-0ef5bd69f608a476-arrayseqmtper_loop_consume/test.rs:20:12
       |
    20 |     let a: ArraySeqMtPerS<u64> = ArraySeqMtPerS::new(3, 33);
       |            ^^^^^^^^^^^^^^ not found in this scope


    error[E0433]: cannot find type `ArraySeqMtPerS` in this scope
      --> /home/milnes/projects/APAS-VERUS/rust_verify_test/target/release/build/rust_verify_test/0ef5bd69f608a476/test_inputs/ProveArraySeqMtPer-0ef5bd69f608a476-arrayseqmtper_loop_consume/test.rs:20:34
       |
    20 |     let a: ArraySeqMtPerS<u64> = ArraySeqMtPerS::new(3, 33);
       |                                  ^^^^^^^^^^^^^^ use of undeclared type `ArraySeqMtPerS`


    error: aborting due to 3 previous errors


    Some errors have detailed explanations: E0425, E0433.

    For more information about an error, try `rustc --explain E0425`.

    the input directory is /home/milnes/projects/APAS-VERUS/rust_verify_test/target/release/build/rust_verify_test/0ef5bd69f608a476/test_inputs/ProveArraySeqMtPer-0ef5bd69f608a476-arrayseqmtper_loop_consume
    rerun this test with:
    verus --crate-type=lib  /home/milnes/projects/APAS-VERUS/rust_verify_test/target/release/build/rust_verify_test/0ef5bd69f608a476/test_inputs/ProveArraySeqMtPer-0ef5bd69f608a476-arrayseqmtper_loop_consume/test.rs


    thread 'arrayseqmtper_loop_consume' (518968) panicked at tests/Chap18/ProveArraySeqMtPer.rs:163:1:
    Err(_) does not match $result
    note: run with `RUST_BACKTRACE=1` environment variable to display a backtrace

        FAIL [   0.058s] ( 36/328) rust_verify_test::ProveArraySeqMtPer arrayseqmtper_loop_loop
  stdout ───

    running 1 test
    test arrayseqmtper_loop_loop ... FAILED

    failures:

    failures:
        arrayseqmtper_loop_loop

    test result: FAILED. 0 passed; 1 failed; 0 ignored; 0 measured; 5 filtered out; finished in 0.05s

  stderr ───
    error[E0433]: cannot find `Chap18` in `apas_verus`
      --> /home/milnes/projects/APAS-VERUS/rust_verify_test/target/release/build/rust_verify_test/0ef5bd69f608a476/test_inputs/ProveArraySeqMtPer-0ef5bd69f608a476-arrayseqmtper_loop_loop/test.rs:17:17
       |
    17 | use apas_verus::Chap18::ArraySeqMtPer::ArraySeqMtPer::*;
       |                 ^^^^^^ could not find `Chap18` in `apas_verus`
       |
    note: found an item that was configured out
      --> src/lib.rs:345:48
       |
       = note: the item is gated here


    error[E0425]: cannot find type `ArraySeqMtPerS` in this scope
      --> /home/milnes/projects/APAS-VERUS/rust_verify_test/target/release/build/rust_verify_test/0ef5bd69f608a476/test_inputs/ProveArraySeqMtPer-0ef5bd69f608a476-arrayseqmtper_loop_loop/test.rs:20:12
       |
    20 |     let a: ArraySeqMtPerS<u64> = ArraySeqMtPerS::new(3, 42);
       |            ^^^^^^^^^^^^^^ not found in this scope


    error[E0433]: cannot find type `ArraySeqMtPerS` in this scope
      --> /home/milnes/projects/APAS-VERUS/rust_verify_test/target/release/build/rust_verify_test/0ef5bd69f608a476/test_inputs/ProveArraySeqMtPer-0ef5bd69f608a476-arrayseqmtper_loop_loop/test.rs:20:34
       |
    20 |     let a: ArraySeqMtPerS<u64> = ArraySeqMtPerS::new(3, 42);
       |                                  ^^^^^^^^^^^^^^ use of undeclared type `ArraySeqMtPerS`


    error: aborting due to 3 previous errors


    Some errors have detailed explanations: E0425, E0433.

    For more information about an error, try `rustc --explain E0425`.

    the input directory is /home/milnes/projects/APAS-VERUS/rust_verify_test/target/release/build/rust_verify_test/0ef5bd69f608a476/test_inputs/ProveArraySeqMtPer-0ef5bd69f608a476-arrayseqmtper_loop_loop
    rerun this test with:
    verus --crate-type=lib  /home/milnes/projects/APAS-VERUS/rust_verify_test/target/release/build/rust_verify_test/0ef5bd69f608a476/test_inputs/ProveArraySeqMtPer-0ef5bd69f608a476-arrayseqmtper_loop_loop/test.rs


    thread 'arrayseqmtper_loop_loop' (518969) panicked at tests/Chap18/ProveArraySeqMtPer.rs:17:1:
    Err(_) does not match $result
    note: run with `RUST_BACKTRACE=1` environment variable to display a backtrace

        FAIL [   0.062s] ( 37/328) rust_verify_test::ProveArraySeqStEph arrayseqsteph_for_borrow_into
  stdout ───

    running 1 test
    test arrayseqsteph_for_borrow_into ... FAILED

    failures:

    failures:
        arrayseqsteph_for_borrow_into

    test result: FAILED. 0 passed; 1 failed; 0 ignored; 0 measured; 5 filtered out; finished in 0.06s

  stderr ───
    error[E0433]: cannot find `Chap18` in `apas_verus`
      --> /home/milnes/projects/APAS-VERUS/rust_verify_test/target/release/build/rust_verify_test/fd398372d108f8d1/test_inputs/ProveArraySeqStEph-fd398372d108f8d1-arrayseqsteph_for_borrow_into/test.rs:17:17
       |
    17 | use apas_verus::Chap18::ArraySeqStEph::ArraySeqStEph::*;
       |                 ^^^^^^ could not find `Chap18` in `apas_verus`
       |
    note: found an item that was configured out
      --> src/lib.rs:345:48
       |
       = note: the item is gated here


    error[E0425]: cannot find type `ArraySeqStEphS` in this scope
      --> /home/milnes/projects/APAS-VERUS/rust_verify_test/target/release/build/rust_verify_test/fd398372d108f8d1/test_inputs/ProveArraySeqStEph-fd398372d108f8d1-arrayseqsteph_for_borrow_into/test.rs:20:12
       |
    20 |     let a: ArraySeqStEphS<u64> = ArraySeqStEphS::new(3, 77);
       |            ^^^^^^^^^^^^^^ not found in this scope


    error[E0433]: cannot find type `ArraySeqStEphS` in this scope
      --> /home/milnes/projects/APAS-VERUS/rust_verify_test/target/release/build/rust_verify_test/fd398372d108f8d1/test_inputs/ProveArraySeqStEph-fd398372d108f8d1-arrayseqsteph_for_borrow_into/test.rs:20:34
       |
    20 |     let a: ArraySeqStEphS<u64> = ArraySeqStEphS::new(3, 77);
       |                                  ^^^^^^^^^^^^^^ use of undeclared type `ArraySeqStEphS`


    error: aborting due to 3 previous errors


    Some errors have detailed explanations: E0425, E0433.

    For more information about an error, try `rustc --explain E0425`.

    the input directory is /home/milnes/projects/APAS-VERUS/rust_verify_test/target/release/build/rust_verify_test/fd398372d108f8d1/test_inputs/ProveArraySeqStEph-fd398372d108f8d1-arrayseqsteph_for_borrow_into
    rerun this test with:
    verus --crate-type=lib  /home/milnes/projects/APAS-VERUS/rust_verify_test/target/release/build/rust_verify_test/fd398372d108f8d1/test_inputs/ProveArraySeqStEph-fd398372d108f8d1-arrayseqsteph_for_borrow_into/test.rs


    thread 'arrayseqsteph_for_borrow_into' (519014) panicked at tests/Chap18/ProveArraySeqStEph.rs:183:1:
    Err(_) does not match $result
    note: run with `RUST_BACKTRACE=1` environment variable to display a backtrace

        FAIL [   0.069s] ( 38/328) rust_verify_test::ProveArraySeqStEph arrayseqsteph_for_borrow_iter
  stdout ───

    running 1 test
    test arrayseqsteph_for_borrow_iter ... FAILED

    failures:

    failures:
        arrayseqsteph_for_borrow_iter

    test result: FAILED. 0 passed; 1 failed; 0 ignored; 0 measured; 5 filtered out; finished in 0.07s

  stderr ───
    error[E0433]: cannot find `Chap18` in `apas_verus`
      --> /home/milnes/projects/APAS-VERUS/rust_verify_test/target/release/build/rust_verify_test/fd398372d108f8d1/test_inputs/ProveArraySeqStEph-fd398372d108f8d1-arrayseqsteph_for_borrow_iter/test.rs:17:17
       |
    17 | use apas_verus::Chap18::ArraySeqStEph::ArraySeqStEph::*;
       |                 ^^^^^^ could not find `Chap18` in `apas_verus`
       |
    note: found an item that was configured out
      --> src/lib.rs:345:48
       |
       = note: the item is gated here


    error[E0425]: cannot find type `ArraySeqStEphS` in this scope
      --> /home/milnes/projects/APAS-VERUS/rust_verify_test/target/release/build/rust_verify_test/fd398372d108f8d1/test_inputs/ProveArraySeqStEph-fd398372d108f8d1-arrayseqsteph_for_borrow_iter/test.rs:20:12
       |
    20 |     let a: ArraySeqStEphS<u64> = ArraySeqStEphS::new(3, 99);
       |            ^^^^^^^^^^^^^^ not found in this scope


    error[E0433]: cannot find type `ArraySeqStEphS` in this scope
      --> /home/milnes/projects/APAS-VERUS/rust_verify_test/target/release/build/rust_verify_test/fd398372d108f8d1/test_inputs/ProveArraySeqStEph-fd398372d108f8d1-arrayseqsteph_for_borrow_iter/test.rs:20:34
       |
    20 |     let a: ArraySeqStEphS<u64> = ArraySeqStEphS::new(3, 99);
       |                                  ^^^^^^^^^^^^^^ use of undeclared type `ArraySeqStEphS`


    error: aborting due to 3 previous errors


    Some errors have detailed explanations: E0425, E0433.

    For more information about an error, try `rustc --explain E0425`.

    the input directory is /home/milnes/projects/APAS-VERUS/rust_verify_test/target/release/build/rust_verify_test/fd398372d108f8d1/test_inputs/ProveArraySeqStEph-fd398372d108f8d1-arrayseqsteph_for_borrow_iter
    rerun this test with:
    verus --crate-type=lib  /home/milnes/projects/APAS-VERUS/rust_verify_test/target/release/build/rust_verify_test/fd398372d108f8d1/test_inputs/ProveArraySeqStEph-fd398372d108f8d1-arrayseqsteph_for_borrow_iter/test.rs


    thread 'arrayseqsteph_for_borrow_iter' (519026) panicked at tests/Chap18/ProveArraySeqStEph.rs:157:1:
    Err(_) does not match $result
    note: run with `RUST_BACKTRACE=1` environment variable to display a backtrace

        FAIL [   0.072s] ( 39/328) rust_verify_test::ProveArraySeqStEph arrayseqsteph_loop_borrow_into
  stdout ───

    running 1 test
    test arrayseqsteph_loop_borrow_into ... FAILED

    failures:

    failures:
        arrayseqsteph_loop_borrow_into

    test result: FAILED. 0 passed; 1 failed; 0 ignored; 0 measured; 5 filtered out; finished in 0.07s

  stderr ───
    error[E0433]: cannot find `Chap18` in `apas_verus`
      --> /home/milnes/projects/APAS-VERUS/rust_verify_test/target/release/build/rust_verify_test/fd398372d108f8d1/test_inputs/ProveArraySeqStEph-fd398372d108f8d1-arrayseqsteph_loop_borrow_into/test.rs:17:17
       |
    17 | use apas_verus::Chap18::ArraySeqStEph::ArraySeqStEph::*;
       |                 ^^^^^^ could not find `Chap18` in `apas_verus`
       |
    note: found an item that was configured out
      --> src/lib.rs:345:48
       |
       = note: the item is gated here


    error[E0425]: cannot find type `ArraySeqStEphS` in this scope
      --> /home/milnes/projects/APAS-VERUS/rust_verify_test/target/release/build/rust_verify_test/fd398372d108f8d1/test_inputs/ProveArraySeqStEph-fd398372d108f8d1-arrayseqsteph_loop_borrow_into/test.rs:20:12
       |
    20 |     let a: ArraySeqStEphS<u64> = ArraySeqStEphS::new(3, 55);
       |            ^^^^^^^^^^^^^^ not found in this scope


    error[E0433]: cannot find type `ArraySeqStEphS` in this scope
      --> /home/milnes/projects/APAS-VERUS/rust_verify_test/target/release/build/rust_verify_test/fd398372d108f8d1/test_inputs/ProveArraySeqStEph-fd398372d108f8d1-arrayseqsteph_loop_borrow_into/test.rs:20:34
       |
    20 |     let a: ArraySeqStEphS<u64> = ArraySeqStEphS::new(3, 55);
       |                                  ^^^^^^^^^^^^^^ use of undeclared type `ArraySeqStEphS`


    error: aborting due to 3 previous errors


    Some errors have detailed explanations: E0425, E0433.

    For more information about an error, try `rustc --explain E0425`.

    the input directory is /home/milnes/projects/APAS-VERUS/rust_verify_test/target/release/build/rust_verify_test/fd398372d108f8d1/test_inputs/ProveArraySeqStEph-fd398372d108f8d1-arrayseqsteph_loop_borrow_into
    rerun this test with:
    verus --crate-type=lib  /home/milnes/projects/APAS-VERUS/rust_verify_test/target/release/build/rust_verify_test/fd398372d108f8d1/test_inputs/ProveArraySeqStEph-fd398372d108f8d1-arrayseqsteph_loop_borrow_into/test.rs


    thread 'arrayseqsteph_loop_borrow_into' (519063) panicked at tests/Chap18/ProveArraySeqStEph.rs:64:1:
    Err(_) does not match $result
    note: run with `RUST_BACKTRACE=1` environment variable to display a backtrace

        FAIL [   0.072s] ( 40/328) rust_verify_test::ProveArraySeqStEph arrayseqsteph_for_consume
  stdout ───

    running 1 test
    test arrayseqsteph_for_consume ... FAILED

    failures:

    failures:
        arrayseqsteph_for_consume

    test result: FAILED. 0 passed; 1 failed; 0 ignored; 0 measured; 5 filtered out; finished in 0.07s

  stderr ───
    error[E0433]: cannot find `Chap18` in `apas_verus`
      --> /home/milnes/projects/APAS-VERUS/rust_verify_test/target/release/build/rust_verify_test/fd398372d108f8d1/test_inputs/ProveArraySeqStEph-fd398372d108f8d1-arrayseqsteph_for_consume/test.rs:17:17
       |
    17 | use apas_verus::Chap18::ArraySeqStEph::ArraySeqStEph::*;
       |                 ^^^^^^ could not find `Chap18` in `apas_verus`
       |
    note: found an item that was configured out
      --> src/lib.rs:345:48
       |
       = note: the item is gated here


    error[E0425]: cannot find type `ArraySeqStEphS` in this scope
      --> /home/milnes/projects/APAS-VERUS/rust_verify_test/target/release/build/rust_verify_test/fd398372d108f8d1/test_inputs/ProveArraySeqStEph-fd398372d108f8d1-arrayseqsteph_for_consume/test.rs:20:12
       |
    20 |     let a: ArraySeqStEphS<u64> = ArraySeqStEphS::new(3, 66);
       |            ^^^^^^^^^^^^^^ not found in this scope


    error[E0433]: cannot find type `ArraySeqStEphS` in this scope
      --> /home/milnes/projects/APAS-VERUS/rust_verify_test/target/release/build/rust_verify_test/fd398372d108f8d1/test_inputs/ProveArraySeqStEph-fd398372d108f8d1-arrayseqsteph_for_consume/test.rs:20:34
       |
    20 |     let a: ArraySeqStEphS<u64> = ArraySeqStEphS::new(3, 66);
       |                                  ^^^^^^^^^^^^^^ use of undeclared type `ArraySeqStEphS`


    error: aborting due to 3 previous errors


    Some errors have detailed explanations: E0425, E0433.

    For more information about an error, try `rustc --explain E0425`.

    the input directory is /home/milnes/projects/APAS-VERUS/rust_verify_test/target/release/build/rust_verify_test/fd398372d108f8d1/test_inputs/ProveArraySeqStEph-fd398372d108f8d1-arrayseqsteph_for_consume
    rerun this test with:
    verus --crate-type=lib  /home/milnes/projects/APAS-VERUS/rust_verify_test/target/release/build/rust_verify_test/fd398372d108f8d1/test_inputs/ProveArraySeqStEph-fd398372d108f8d1-arrayseqsteph_for_consume/test.rs


    thread 'arrayseqsteph_for_consume' (519062) panicked at tests/Chap18/ProveArraySeqStEph.rs:209:1:
    Err(_) does not match $result
    note: run with `RUST_BACKTRACE=1` environment variable to display a backtrace

        FAIL [   0.055s] ( 41/328) rust_verify_test::ProveArraySeqStEph arrayseqsteph_loop_consume
  stdout ───

    running 1 test
    test arrayseqsteph_loop_consume ... FAILED

    failures:

    failures:
        arrayseqsteph_loop_consume

    test result: FAILED. 0 passed; 1 failed; 0 ignored; 0 measured; 5 filtered out; finished in 0.05s

  stderr ───
    error[E0433]: cannot find `Chap18` in `apas_verus`
      --> /home/milnes/projects/APAS-VERUS/rust_verify_test/target/release/build/rust_verify_test/fd398372d108f8d1/test_inputs/ProveArraySeqStEph-fd398372d108f8d1-arrayseqsteph_loop_consume/test.rs:17:17
       |
    17 | use apas_verus::Chap18::ArraySeqStEph::ArraySeqStEph::*;
       |                 ^^^^^^ could not find `Chap18` in `apas_verus`
       |
    note: found an item that was configured out
      --> src/lib.rs:345:48
       |
       = note: the item is gated here


    error[E0425]: cannot find type `ArraySeqStEphS` in this scope
      --> /home/milnes/projects/APAS-VERUS/rust_verify_test/target/release/build/rust_verify_test/fd398372d108f8d1/test_inputs/ProveArraySeqStEph-fd398372d108f8d1-arrayseqsteph_loop_consume/test.rs:20:12
       |
    20 |     let a: ArraySeqStEphS<u64> = ArraySeqStEphS::new(3, 33);
       |            ^^^^^^^^^^^^^^ not found in this scope


    error[E0433]: cannot find type `ArraySeqStEphS` in this scope
      --> /home/milnes/projects/APAS-VERUS/rust_verify_test/target/release/build/rust_verify_test/fd398372d108f8d1/test_inputs/ProveArraySeqStEph-fd398372d108f8d1-arrayseqsteph_loop_consume/test.rs:20:34
       |
    20 |     let a: ArraySeqStEphS<u64> = ArraySeqStEphS::new(3, 33);
       |                                  ^^^^^^^^^^^^^^ use of undeclared type `ArraySeqStEphS`


    error: aborting due to 3 previous errors


    Some errors have detailed explanations: E0425, E0433.

    For more information about an error, try `rustc --explain E0425`.

    the input directory is /home/milnes/projects/APAS-VERUS/rust_verify_test/target/release/build/rust_verify_test/fd398372d108f8d1/test_inputs/ProveArraySeqStEph-fd398372d108f8d1-arrayseqsteph_loop_consume
    rerun this test with:
    verus --crate-type=lib  /home/milnes/projects/APAS-VERUS/rust_verify_test/target/release/build/rust_verify_test/fd398372d108f8d1/test_inputs/ProveArraySeqStEph-fd398372d108f8d1-arrayseqsteph_loop_consume/test.rs


    thread 'arrayseqsteph_loop_consume' (519126) panicked at tests/Chap18/ProveArraySeqStEph.rs:111:1:
    Err(_) does not match $result
    note: run with `RUST_BACKTRACE=1` environment variable to display a backtrace

        FAIL [   0.070s] ( 42/328) rust_verify_test::ProveArraySeqStEph arrayseqsteph_loop_borrow_iter
  stdout ───

    running 1 test
    test arrayseqsteph_loop_borrow_iter ... FAILED

    failures:

    failures:
        arrayseqsteph_loop_borrow_iter

    test result: FAILED. 0 passed; 1 failed; 0 ignored; 0 measured; 5 filtered out; finished in 0.07s

  stderr ───
    error[E0433]: cannot find `Chap18` in `apas_verus`
      --> /home/milnes/projects/APAS-VERUS/rust_verify_test/target/release/build/rust_verify_test/fd398372d108f8d1/test_inputs/ProveArraySeqStEph-fd398372d108f8d1-arrayseqsteph_loop_borrow_iter/test.rs:17:17
       |
    17 | use apas_verus::Chap18::ArraySeqStEph::ArraySeqStEph::*;
       |                 ^^^^^^ could not find `Chap18` in `apas_verus`
       |
    note: found an item that was configured out
      --> src/lib.rs:345:48
       |
       = note: the item is gated here


    error[E0425]: cannot find type `ArraySeqStEphS` in this scope
      --> /home/milnes/projects/APAS-VERUS/rust_verify_test/target/release/build/rust_verify_test/fd398372d108f8d1/test_inputs/ProveArraySeqStEph-fd398372d108f8d1-arrayseqsteph_loop_borrow_iter/test.rs:20:12
       |
    20 |     let a: ArraySeqStEphS<u64> = ArraySeqStEphS::new(3, 42);
       |            ^^^^^^^^^^^^^^ not found in this scope


    error[E0433]: cannot find type `ArraySeqStEphS` in this scope
      --> /home/milnes/projects/APAS-VERUS/rust_verify_test/target/release/build/rust_verify_test/fd398372d108f8d1/test_inputs/ProveArraySeqStEph-fd398372d108f8d1-arrayseqsteph_loop_borrow_iter/test.rs:20:34
       |
    20 |     let a: ArraySeqStEphS<u64> = ArraySeqStEphS::new(3, 42);
       |                                  ^^^^^^^^^^^^^^ use of undeclared type `ArraySeqStEphS`


    error: aborting due to 3 previous errors


    Some errors have detailed explanations: E0425, E0433.

    For more information about an error, try `rustc --explain E0425`.

    the input directory is /home/milnes/projects/APAS-VERUS/rust_verify_test/target/release/build/rust_verify_test/fd398372d108f8d1/test_inputs/ProveArraySeqStEph-fd398372d108f8d1-arrayseqsteph_loop_borrow_iter
    rerun this test with:
    verus --crate-type=lib  /home/milnes/projects/APAS-VERUS/rust_verify_test/target/release/build/rust_verify_test/fd398372d108f8d1/test_inputs/ProveArraySeqStEph-fd398372d108f8d1-arrayseqsteph_loop_borrow_iter/test.rs


    thread 'arrayseqsteph_loop_borrow_iter' (519106) panicked at tests/Chap18/ProveArraySeqStEph.rs:17:1:
    Err(_) does not match $result
    note: run with `RUST_BACKTRACE=1` environment variable to display a backtrace

        FAIL [   0.062s] ( 43/328) rust_verify_test::ProveArraySeqStPer arrayseqstper_loop_loop
  stdout ───

    running 1 test
    test arrayseqstper_loop_loop ... FAILED

    failures:

    failures:
        arrayseqstper_loop_loop

    test result: FAILED. 0 passed; 1 failed; 0 ignored; 0 measured; 1 filtered out; finished in 0.06s

  stderr ───
    error[E0433]: cannot find `Chap18` in `apas_verus`
      --> /home/milnes/projects/APAS-VERUS/rust_verify_test/target/release/build/rust_verify_test/f5d9c36818b3ad0f/test_inputs/ProveArraySeqStPer-f5d9c36818b3ad0f-arrayseqstper_loop_loop/test.rs:17:17
       |
    17 | use apas_verus::Chap18::ArraySeqStPer::ArraySeqStPer::*;
       |                 ^^^^^^ could not find `Chap18` in `apas_verus`
       |
    note: found an item that was configured out
      --> src/lib.rs:345:48
       |
       = note: the item is gated here


    error[E0425]: cannot find type `ArraySeqStPerS` in this scope
      --> /home/milnes/projects/APAS-VERUS/rust_verify_test/target/release/build/rust_verify_test/f5d9c36818b3ad0f/test_inputs/ProveArraySeqStPer-f5d9c36818b3ad0f-arrayseqstper_loop_loop/test.rs:20:12
       |
    20 |     let a: ArraySeqStPerS<u64> = ArraySeqStPerS::new(3, 42);
       |            ^^^^^^^^^^^^^^ not found in this scope


    error[E0433]: cannot find type `ArraySeqStPerS` in this scope
      --> /home/milnes/projects/APAS-VERUS/rust_verify_test/target/release/build/rust_verify_test/f5d9c36818b3ad0f/test_inputs/ProveArraySeqStPer-f5d9c36818b3ad0f-arrayseqstper_loop_loop/test.rs:20:34
       |
    20 |     let a: ArraySeqStPerS<u64> = ArraySeqStPerS::new(3, 42);
       |                                  ^^^^^^^^^^^^^^ use of undeclared type `ArraySeqStPerS`


    error: aborting due to 3 previous errors


    Some errors have detailed explanations: E0425, E0433.

    For more information about an error, try `rustc --explain E0425`.

    the input directory is /home/milnes/projects/APAS-VERUS/rust_verify_test/target/release/build/rust_verify_test/f5d9c36818b3ad0f/test_inputs/ProveArraySeqStPer-f5d9c36818b3ad0f-arrayseqstper_loop_loop
    rerun this test with:
    verus --crate-type=lib  /home/milnes/projects/APAS-VERUS/rust_verify_test/target/release/build/rust_verify_test/f5d9c36818b3ad0f/test_inputs/ProveArraySeqStPer-f5d9c36818b3ad0f-arrayseqstper_loop_loop/test.rs


    thread 'arrayseqstper_loop_loop' (519152) panicked at tests/Chap18/ProveArraySeqStPer.rs:16:1:
    Err(_) does not match $result
    note: run with `RUST_BACKTRACE=1` environment variable to display a backtrace

        FAIL [   0.062s] ( 44/328) rust_verify_test::ProveArraySeqStPer arrayseqstper_for_iter
  stdout ───

    running 1 test
    test arrayseqstper_for_iter ... FAILED

    failures:

    failures:
        arrayseqstper_for_iter

    test result: FAILED. 0 passed; 1 failed; 0 ignored; 0 measured; 1 filtered out; finished in 0.06s

  stderr ───
    error[E0433]: cannot find `Chap18` in `apas_verus`
      --> /home/milnes/projects/APAS-VERUS/rust_verify_test/target/release/build/rust_verify_test/f5d9c36818b3ad0f/test_inputs/ProveArraySeqStPer-f5d9c36818b3ad0f-arrayseqstper_for_iter/test.rs:17:17
       |
    17 | use apas_verus::Chap18::ArraySeqStPer::ArraySeqStPer::*;
       |                 ^^^^^^ could not find `Chap18` in `apas_verus`
       |
    note: found an item that was configured out
      --> src/lib.rs:345:48
       |
       = note: the item is gated here


    error[E0425]: cannot find type `ArraySeqStPerS` in this scope
      --> /home/milnes/projects/APAS-VERUS/rust_verify_test/target/release/build/rust_verify_test/f5d9c36818b3ad0f/test_inputs/ProveArraySeqStPer-f5d9c36818b3ad0f-arrayseqstper_for_iter/test.rs:20:12
       |
    20 |     let a: ArraySeqStPerS<u64> = ArraySeqStPerS::new(3, 99);
       |            ^^^^^^^^^^^^^^ not found in this scope


    error[E0433]: cannot find type `ArraySeqStPerS` in this scope
      --> /home/milnes/projects/APAS-VERUS/rust_verify_test/target/release/build/rust_verify_test/f5d9c36818b3ad0f/test_inputs/ProveArraySeqStPer-f5d9c36818b3ad0f-arrayseqstper_for_iter/test.rs:20:34
       |
    20 |     let a: ArraySeqStPerS<u64> = ArraySeqStPerS::new(3, 99);
       |                                  ^^^^^^^^^^^^^^ use of undeclared type `ArraySeqStPerS`


    error: aborting due to 3 previous errors


    Some errors have detailed explanations: E0425, E0433.

    For more information about an error, try `rustc --explain E0425`.

    the input directory is /home/milnes/projects/APAS-VERUS/rust_verify_test/target/release/build/rust_verify_test/f5d9c36818b3ad0f/test_inputs/ProveArraySeqStPer-f5d9c36818b3ad0f-arrayseqstper_for_iter
    rerun this test with:
    verus --crate-type=lib  /home/milnes/projects/APAS-VERUS/rust_verify_test/target/release/build/rust_verify_test/f5d9c36818b3ad0f/test_inputs/ProveArraySeqStPer-f5d9c36818b3ad0f-arrayseqstper_for_iter/test.rs


    thread 'arrayseqstper_for_iter' (519151) panicked at tests/Chap18/ProveArraySeqStPer.rs:63:1:
    Err(_) does not match $result
    note: run with `RUST_BACKTRACE=1` environment variable to display a backtrace

        FAIL [   0.056s] ( 45/328) rust_verify_test::ProveArraySetStEph arraysetseph_loop_borrow_iter
  stdout ───

    running 1 test
    test arraysetseph_loop_borrow_iter ... FAILED

    failures:

    failures:
        arraysetseph_loop_borrow_iter

    test result: FAILED. 0 passed; 1 failed; 0 ignored; 0 measured; 1 filtered out; finished in 0.05s

  stderr ───
    error[E0433]: cannot find `Chap41` in `apas_verus`
      --> /home/milnes/projects/APAS-VERUS/rust_verify_test/target/release/build/rust_verify_test/addd2240c9cb2cbd/test_inputs/ProveArraySetStEph-addd2240c9cb2cbd-arraysetseph_loop_borrow_iter/test.rs:17:17
       |
    17 | use apas_verus::Chap41::ArraySetStEph::ArraySetStEph::*;
       |                 ^^^^^^ could not find `Chap41` in `apas_verus`
       |
    note: found an item that was configured out
      --> src/lib.rs:493:48
       |
       = note: the item is gated here


    error[E0432]: unresolved import `apas_verus::ArraySetStEphLit`
      --> /home/milnes/projects/APAS-VERUS/rust_verify_test/target/release/build/rust_verify_test/addd2240c9cb2cbd/test_inputs/ProveArraySetStEph-addd2240c9cb2cbd-arraysetseph_loop_borrow_iter/test.rs:18:5
       |
    18 | use apas_verus::ArraySetStEphLit;
       |     ^^^^^^^^^^^^----------------
       |                 |
       |                 no `ArraySetStEphLit` in the root


    error[E0425]: cannot find type `ArraySetStEph` in this scope
      --> /home/milnes/projects/APAS-VERUS/rust_verify_test/target/release/build/rust_verify_test/addd2240c9cb2cbd/test_inputs/ProveArraySetStEph-addd2240c9cb2cbd-arraysetseph_loop_borrow_iter/test.rs:21:12
       |
    21 |     let a: ArraySetStEph<u64> = ArraySetStEphLit![];
       |            ^^^^^^^^^^^^^ not found in this scope


    error: aborting due to 3 previous errors


    Some errors have detailed explanations: E0425, E0432, E0433.

    For more information about an error, try `rustc --explain E0425`.

    the input directory is /home/milnes/projects/APAS-VERUS/rust_verify_test/target/release/build/rust_verify_test/addd2240c9cb2cbd/test_inputs/ProveArraySetStEph-addd2240c9cb2cbd-arraysetseph_loop_borrow_iter
    rerun this test with:
    verus --crate-type=lib  /home/milnes/projects/APAS-VERUS/rust_verify_test/target/release/build/rust_verify_test/addd2240c9cb2cbd/test_inputs/ProveArraySetStEph-addd2240c9cb2cbd-arraysetseph_loop_borrow_iter/test.rs


    thread 'arraysetseph_loop_borrow_iter' (519210) panicked at tests/Chap41/ProveArraySetStEph.rs:18:1:
    Err(_) does not match $result
    note: run with `RUST_BACKTRACE=1` environment variable to display a backtrace

        FAIL [   0.062s] ( 46/328) rust_verify_test::ProveArraySetStEph arraysetseph_for_borrow_iter
  stdout ───

    running 1 test
    test arraysetseph_for_borrow_iter ... FAILED

    failures:

    failures:
        arraysetseph_for_borrow_iter

    test result: FAILED. 0 passed; 1 failed; 0 ignored; 0 measured; 1 filtered out; finished in 0.06s

  stderr ───
    error[E0433]: cannot find `Chap41` in `apas_verus`
      --> /home/milnes/projects/APAS-VERUS/rust_verify_test/target/release/build/rust_verify_test/addd2240c9cb2cbd/test_inputs/ProveArraySetStEph-addd2240c9cb2cbd-arraysetseph_for_borrow_iter/test.rs:17:17
       |
    17 | use apas_verus::Chap41::ArraySetStEph::ArraySetStEph::*;
       |                 ^^^^^^ could not find `Chap41` in `apas_verus`
       |
    note: found an item that was configured out
      --> src/lib.rs:493:48
       |
       = note: the item is gated here


    error[E0432]: unresolved import `apas_verus::ArraySetStEphLit`
      --> /home/milnes/projects/APAS-VERUS/rust_verify_test/target/release/build/rust_verify_test/addd2240c9cb2cbd/test_inputs/ProveArraySetStEph-addd2240c9cb2cbd-arraysetseph_for_borrow_iter/test.rs:18:5
       |
    18 | use apas_verus::ArraySetStEphLit;
       |     ^^^^^^^^^^^^----------------
       |                 |
       |                 no `ArraySetStEphLit` in the root


    error[E0425]: cannot find type `ArraySetStEph` in this scope
      --> /home/milnes/projects/APAS-VERUS/rust_verify_test/target/release/build/rust_verify_test/addd2240c9cb2cbd/test_inputs/ProveArraySetStEph-addd2240c9cb2cbd-arraysetseph_for_borrow_iter/test.rs:21:12
       |
    21 |     let a: ArraySetStEph<u64> = ArraySetStEphLit![];
       |            ^^^^^^^^^^^^^ not found in this scope


    error: aborting due to 3 previous errors


    Some errors have detailed explanations: E0425, E0432, E0433.

    For more information about an error, try `rustc --explain E0425`.

    the input directory is /home/milnes/projects/APAS-VERUS/rust_verify_test/target/release/build/rust_verify_test/addd2240c9cb2cbd/test_inputs/ProveArraySetStEph-addd2240c9cb2cbd-arraysetseph_for_borrow_iter
    rerun this test with:
    verus --crate-type=lib  /home/milnes/projects/APAS-VERUS/rust_verify_test/target/release/build/rust_verify_test/addd2240c9cb2cbd/test_inputs/ProveArraySetStEph-addd2240c9cb2cbd-arraysetseph_for_borrow_iter/test.rs


    thread 'arraysetseph_for_borrow_iter' (519198) panicked at tests/Chap41/ProveArraySetStEph.rs:118:1:
    Err(_) does not match $result
    note: run with `RUST_BACKTRACE=1` environment variable to display a backtrace

        FAIL [   0.062s] ( 47/328) rust_verify_test::ProveBFSMtEph chap54_bfsmteph_bottom_up_for
  stdout ───

    running 1 test
    test chap54_bfsmteph_bottom_up_for ... FAILED

    failures:

    failures:
        chap54_bfsmteph_bottom_up_for

    test result: FAILED. 0 passed; 1 failed; 0 ignored; 0 measured; 3 filtered out; finished in 0.06s

  stderr ───
    error[E0433]: cannot find `Chap19` in `apas_verus`
      --> /home/milnes/projects/APAS-VERUS/rust_verify_test/target/release/build/rust_verify_test/b0a6bdac686c8dad/test_inputs/ProveBFSMtEph-b0a6bdac686c8dad-chap54_bfsmteph_bottom_up_for/test.rs:17:17
       |
    17 | use apas_verus::Chap19::ArraySeqMtEph::ArraySeqMtEph::*;
       |                 ^^^^^^ could not find `Chap19` in `apas_verus`
       |
    note: found an item that was configured out
      --> src/lib.rs:358:48
       |
       = note: the item is gated here


    error[E0433]: cannot find `Chap54` in `apas_verus`
      --> /home/milnes/projects/APAS-VERUS/rust_verify_test/target/release/build/rust_verify_test/b0a6bdac686c8dad/test_inputs/ProveBFSMtEph-b0a6bdac686c8dad-chap54_bfsmteph_bottom_up_for/test.rs:18:17
       |
    18 | use apas_verus::Chap54::BFSMtEph::BFSMtEph::*;
       |                 ^^^^^^ could not find `Chap54` in `apas_verus`
       |
    note: found an item that was configured out
      --> src/lib.rs:628:48
       |
       = note: the item is gated here


    error[E0425]: cannot find type `ArraySeqMtEphS` in this scope
      --> /home/milnes/projects/APAS-VERUS/rust_verify_test/target/release/build/rust_verify_test/b0a6bdac686c8dad/test_inputs/ProveBFSMtEph-b0a6bdac686c8dad-chap54_bfsmteph_bottom_up_for/test.rs:20:31
       |
    20 | fn test_bottom_up_for(graph: &ArraySeqMtEphS<ArraySeqMtEphS<usize>>, source: usize)
       |                               ^^^^^^^^^^^^^^ not found in this scope


    error[E0425]: cannot find type `ArraySeqMtEphS` in this scope
      --> /home/milnes/projects/APAS-VERUS/rust_verify_test/target/release/build/rust_verify_test/b0a6bdac686c8dad/test_inputs/ProveBFSMtEph-b0a6bdac686c8dad-chap54_bfsmteph_bottom_up_for/test.rs:20:46
       |
    20 | fn test_bottom_up_for(graph: &ArraySeqMtEphS<ArraySeqMtEphS<usize>>, source: usize)
       |                                              ^^^^^^^^^^^^^^ not found in this scope


    error[E0433]: cannot find type `BFSMtEph` in this scope
      --> /home/milnes/projects/APAS-VERUS/rust_verify_test/target/release/build/rust_verify_test/b0a6bdac686c8dad/test_inputs/ProveBFSMtEph-b0a6bdac686c8dad-chap54_bfsmteph_bottom_up_for/test.rs:27:16
       |
    27 |     let tree = BFSMtEph::bfs_tree(graph, source);
       |                ^^^^^^^^ use of undeclared type `BFSMtEph`


    error[E0425]: cannot find function `spec_bfsmteph_wf` in this scope
      --> /home/milnes/projects/APAS-VERUS/rust_verify_test/target/release/build/rust_verify_test/b0a6bdac686c8dad/test_inputs/ProveBFSMtEph-b0a6bdac686c8dad-chap54_bfsmteph_bottom_up_for/test.rs:25:9
       |
    25 |         spec_bfsmteph_wf(graph),
       |         ^^^^^^^^^^^^^^^^ not found in this scope


    error: aborting due to 6 previous errors


    Some errors have detailed explanations: E0425, E0433.

    For more information about an error, try `rustc --explain E0425`.

    the input directory is /home/milnes/projects/APAS-VERUS/rust_verify_test/target/release/build/rust_verify_test/b0a6bdac686c8dad/test_inputs/ProveBFSMtEph-b0a6bdac686c8dad-chap54_bfsmteph_bottom_up_for
    rerun this test with:
    verus --crate-type=lib  /home/milnes/projects/APAS-VERUS/rust_verify_test/target/release/build/rust_verify_test/b0a6bdac686c8dad/test_inputs/ProveBFSMtEph-b0a6bdac686c8dad-chap54_bfsmteph_bottom_up_for/test.rs


    thread 'chap54_bfsmteph_bottom_up_for' (519244) panicked at tests/Chap54/ProveBFSMtEph.rs:145:1:
    Err(_) does not match $result
    note: run with `RUST_BACKTRACE=1` environment variable to display a backtrace

        FAIL [   0.066s] ( 48/328) rust_verify_test::ProveBFSMtEph chap54_bfsmteph_bottom_up_loop
  stdout ───

    running 1 test
    test chap54_bfsmteph_bottom_up_loop ... FAILED

    failures:

    failures:
        chap54_bfsmteph_bottom_up_loop

    test result: FAILED. 0 passed; 1 failed; 0 ignored; 0 measured; 3 filtered out; finished in 0.06s

  stderr ───
    error[E0433]: cannot find `Chap19` in `apas_verus`
      --> /home/milnes/projects/APAS-VERUS/rust_verify_test/target/release/build/rust_verify_test/b0a6bdac686c8dad/test_inputs/ProveBFSMtEph-b0a6bdac686c8dad-chap54_bfsmteph_bottom_up_loop/test.rs:17:17
       |
    17 | use apas_verus::Chap19::ArraySeqMtEph::ArraySeqMtEph::*;
       |                 ^^^^^^ could not find `Chap19` in `apas_verus`
       |
    note: found an item that was configured out
      --> src/lib.rs:358:48
       |
       = note: the item is gated here


    error[E0433]: cannot find `Chap54` in `apas_verus`
      --> /home/milnes/projects/APAS-VERUS/rust_verify_test/target/release/build/rust_verify_test/b0a6bdac686c8dad/test_inputs/ProveBFSMtEph-b0a6bdac686c8dad-chap54_bfsmteph_bottom_up_loop/test.rs:18:17
       |
    18 | use apas_verus::Chap54::BFSMtEph::BFSMtEph::*;
       |                 ^^^^^^ could not find `Chap54` in `apas_verus`
       |
    note: found an item that was configured out
      --> src/lib.rs:628:48
       |
       = note: the item is gated here


    error[E0425]: cannot find type `ArraySeqMtEphS` in this scope
      --> /home/milnes/projects/APAS-VERUS/rust_verify_test/target/release/build/rust_verify_test/b0a6bdac686c8dad/test_inputs/ProveBFSMtEph-b0a6bdac686c8dad-chap54_bfsmteph_bottom_up_loop/test.rs:20:32
       |
    20 | fn test_bottom_up_loop(graph: &ArraySeqMtEphS<ArraySeqMtEphS<usize>>, source: usize)
       |                                ^^^^^^^^^^^^^^ not found in this scope


    error[E0425]: cannot find type `ArraySeqMtEphS` in this scope
      --> /home/milnes/projects/APAS-VERUS/rust_verify_test/target/release/build/rust_verify_test/b0a6bdac686c8dad/test_inputs/ProveBFSMtEph-b0a6bdac686c8dad-chap54_bfsmteph_bottom_up_loop/test.rs:20:47
       |
    20 | fn test_bottom_up_loop(graph: &ArraySeqMtEphS<ArraySeqMtEphS<usize>>, source: usize)
       |                                               ^^^^^^^^^^^^^^ not found in this scope


    error[E0433]: cannot find type `BFSMtEph` in this scope
      --> /home/milnes/projects/APAS-VERUS/rust_verify_test/target/release/build/rust_verify_test/b0a6bdac686c8dad/test_inputs/ProveBFSMtEph-b0a6bdac686c8dad-chap54_bfsmteph_bottom_up_loop/test.rs:27:16
       |
    27 |     let tree = BFSMtEph::bfs_tree(graph, source);
       |                ^^^^^^^^ use of undeclared type `BFSMtEph`


    error[E0425]: cannot find function `spec_bfsmteph_wf` in this scope
      --> /home/milnes/projects/APAS-VERUS/rust_verify_test/target/release/build/rust_verify_test/b0a6bdac686c8dad/test_inputs/ProveBFSMtEph-b0a6bdac686c8dad-chap54_bfsmteph_bottom_up_loop/test.rs:25:9
       |
    25 |         spec_bfsmteph_wf(graph),
       |         ^^^^^^^^^^^^^^^^ not found in this scope


    error: aborting due to 6 previous errors


    Some errors have detailed explanations: E0425, E0433.

    For more information about an error, try `rustc --explain E0425`.

    the input directory is /home/milnes/projects/APAS-VERUS/rust_verify_test/target/release/build/rust_verify_test/b0a6bdac686c8dad/test_inputs/ProveBFSMtEph-b0a6bdac686c8dad-chap54_bfsmteph_bottom_up_loop
    rerun this test with:
    verus --crate-type=lib  /home/milnes/projects/APAS-VERUS/rust_verify_test/target/release/build/rust_verify_test/b0a6bdac686c8dad/test_inputs/ProveBFSMtEph-b0a6bdac686c8dad-chap54_bfsmteph_bottom_up_loop/test.rs


    thread 'chap54_bfsmteph_bottom_up_loop' (519243) panicked at tests/Chap54/ProveBFSMtEph.rs:62:1:
    Err(_) does not match $result
    note: run with `RUST_BACKTRACE=1` environment variable to display a backtrace

        FAIL [   0.074s] ( 49/328) rust_verify_test::ProveBFSMtEph chap54_bfsmteph_top_down_for
  stdout ───

    running 1 test
    test chap54_bfsmteph_top_down_for ... FAILED

    failures:

    failures:
        chap54_bfsmteph_top_down_for

    test result: FAILED. 0 passed; 1 failed; 0 ignored; 0 measured; 3 filtered out; finished in 0.07s

  stderr ───
    error[E0433]: cannot find `Chap19` in `apas_verus`
      --> /home/milnes/projects/APAS-VERUS/rust_verify_test/target/release/build/rust_verify_test/b0a6bdac686c8dad/test_inputs/ProveBFSMtEph-b0a6bdac686c8dad-chap54_bfsmteph_top_down_for/test.rs:17:17
       |
    17 | use apas_verus::Chap19::ArraySeqMtEph::ArraySeqMtEph::*;
       |                 ^^^^^^ could not find `Chap19` in `apas_verus`
       |
    note: found an item that was configured out
      --> src/lib.rs:358:48
       |
       = note: the item is gated here


    error[E0433]: cannot find `Chap54` in `apas_verus`
      --> /home/milnes/projects/APAS-VERUS/rust_verify_test/target/release/build/rust_verify_test/b0a6bdac686c8dad/test_inputs/ProveBFSMtEph-b0a6bdac686c8dad-chap54_bfsmteph_top_down_for/test.rs:18:17
       |
    18 | use apas_verus::Chap54::BFSMtEph::BFSMtEph::*;
       |                 ^^^^^^ could not find `Chap54` in `apas_verus`
       |
    note: found an item that was configured out
      --> src/lib.rs:628:48
       |
       = note: the item is gated here


    error[E0425]: cannot find type `ArraySeqMtEphS` in this scope
      --> /home/milnes/projects/APAS-VERUS/rust_verify_test/target/release/build/rust_verify_test/b0a6bdac686c8dad/test_inputs/ProveBFSMtEph-b0a6bdac686c8dad-chap54_bfsmteph_top_down_for/test.rs:20:30
       |
    20 | fn test_top_down_for(graph: &ArraySeqMtEphS<ArraySeqMtEphS<usize>>, source: usize)
       |                              ^^^^^^^^^^^^^^ not found in this scope


    error[E0425]: cannot find type `ArraySeqMtEphS` in this scope
      --> /home/milnes/projects/APAS-VERUS/rust_verify_test/target/release/build/rust_verify_test/b0a6bdac686c8dad/test_inputs/ProveBFSMtEph-b0a6bdac686c8dad-chap54_bfsmteph_top_down_for/test.rs:20:45
       |
    20 | fn test_top_down_for(graph: &ArraySeqMtEphS<ArraySeqMtEphS<usize>>, source: usize)
       |                                             ^^^^^^^^^^^^^^ not found in this scope


    error[E0433]: cannot find type `BFSMtEph` in this scope
      --> /home/milnes/projects/APAS-VERUS/rust_verify_test/target/release/build/rust_verify_test/b0a6bdac686c8dad/test_inputs/ProveBFSMtEph-b0a6bdac686c8dad-chap54_bfsmteph_top_down_for/test.rs:27:16
       |
    27 |     let tree = BFSMtEph::bfs_tree(graph, source);
       |                ^^^^^^^^ use of undeclared type `BFSMtEph`


    error[E0425]: cannot find function `spec_bfsmteph_wf` in this scope
      --> /home/milnes/projects/APAS-VERUS/rust_verify_test/target/release/build/rust_verify_test/b0a6bdac686c8dad/test_inputs/ProveBFSMtEph-b0a6bdac686c8dad-chap54_bfsmteph_top_down_for/test.rs:25:9
       |
    25 |         spec_bfsmteph_wf(graph),
       |         ^^^^^^^^^^^^^^^^ not found in this scope


    error: aborting due to 6 previous errors


    Some errors have detailed explanations: E0425, E0433.

    For more information about an error, try `rustc --explain E0425`.

    the input directory is /home/milnes/projects/APAS-VERUS/rust_verify_test/target/release/build/rust_verify_test/b0a6bdac686c8dad/test_inputs/ProveBFSMtEph-b0a6bdac686c8dad-chap54_bfsmteph_top_down_for
    rerun this test with:
    verus --crate-type=lib  /home/milnes/projects/APAS-VERUS/rust_verify_test/target/release/build/rust_verify_test/b0a6bdac686c8dad/test_inputs/ProveBFSMtEph-b0a6bdac686c8dad-chap54_bfsmteph_top_down_for/test.rs


    thread 'chap54_bfsmteph_top_down_for' (519289) panicked at tests/Chap54/ProveBFSMtEph.rs:109:1:
    Err(_) does not match $result
    note: run with `RUST_BACKTRACE=1` environment variable to display a backtrace

        FAIL [   0.075s] ( 50/328) rust_verify_test::ProveBFSMtEph chap54_bfsmteph_top_down_loop
  stdout ───

    running 1 test
    test chap54_bfsmteph_top_down_loop ... FAILED

    failures:

    failures:
        chap54_bfsmteph_top_down_loop

    test result: FAILED. 0 passed; 1 failed; 0 ignored; 0 measured; 3 filtered out; finished in 0.07s

  stderr ───
    error[E0433]: cannot find `Chap19` in `apas_verus`
      --> /home/milnes/projects/APAS-VERUS/rust_verify_test/target/release/build/rust_verify_test/b0a6bdac686c8dad/test_inputs/ProveBFSMtEph-b0a6bdac686c8dad-chap54_bfsmteph_top_down_loop/test.rs:17:17
       |
    17 | use apas_verus::Chap19::ArraySeqMtEph::ArraySeqMtEph::*;
       |                 ^^^^^^ could not find `Chap19` in `apas_verus`
       |
    note: found an item that was configured out
      --> src/lib.rs:358:48
       |
       = note: the item is gated here


    error[E0433]: cannot find `Chap54` in `apas_verus`
      --> /home/milnes/projects/APAS-VERUS/rust_verify_test/target/release/build/rust_verify_test/b0a6bdac686c8dad/test_inputs/ProveBFSMtEph-b0a6bdac686c8dad-chap54_bfsmteph_top_down_loop/test.rs:18:17
       |
    18 | use apas_verus::Chap54::BFSMtEph::BFSMtEph::*;
       |                 ^^^^^^ could not find `Chap54` in `apas_verus`
       |
    note: found an item that was configured out
      --> src/lib.rs:628:48
       |
       = note: the item is gated here


    error[E0425]: cannot find type `ArraySeqMtEphS` in this scope
      --> /home/milnes/projects/APAS-VERUS/rust_verify_test/target/release/build/rust_verify_test/b0a6bdac686c8dad/test_inputs/ProveBFSMtEph-b0a6bdac686c8dad-chap54_bfsmteph_top_down_loop/test.rs:20:31
       |
    20 | fn test_top_down_loop(graph: &ArraySeqMtEphS<ArraySeqMtEphS<usize>>, source: usize)
       |                               ^^^^^^^^^^^^^^ not found in this scope


    error[E0425]: cannot find type `ArraySeqMtEphS` in this scope
      --> /home/milnes/projects/APAS-VERUS/rust_verify_test/target/release/build/rust_verify_test/b0a6bdac686c8dad/test_inputs/ProveBFSMtEph-b0a6bdac686c8dad-chap54_bfsmteph_top_down_loop/test.rs:20:46
       |
    20 | fn test_top_down_loop(graph: &ArraySeqMtEphS<ArraySeqMtEphS<usize>>, source: usize)
       |                                              ^^^^^^^^^^^^^^ not found in this scope


    error[E0433]: cannot find type `BFSMtEph` in this scope
      --> /home/milnes/projects/APAS-VERUS/rust_verify_test/target/release/build/rust_verify_test/b0a6bdac686c8dad/test_inputs/ProveBFSMtEph-b0a6bdac686c8dad-chap54_bfsmteph_top_down_loop/test.rs:27:16
       |
    27 |     let tree = BFSMtEph::bfs_tree(graph, source);
       |                ^^^^^^^^ use of undeclared type `BFSMtEph`


    error[E0425]: cannot find function `spec_bfsmteph_wf` in this scope
      --> /home/milnes/projects/APAS-VERUS/rust_verify_test/target/release/build/rust_verify_test/b0a6bdac686c8dad/test_inputs/ProveBFSMtEph-b0a6bdac686c8dad-chap54_bfsmteph_top_down_loop/test.rs:25:9
       |
    25 |         spec_bfsmteph_wf(graph),
       |         ^^^^^^^^^^^^^^^^ not found in this scope


    error: aborting due to 6 previous errors


    Some errors have detailed explanations: E0425, E0433.

    For more information about an error, try `rustc --explain E0425`.

    the input directory is /home/milnes/projects/APAS-VERUS/rust_verify_test/target/release/build/rust_verify_test/b0a6bdac686c8dad/test_inputs/ProveBFSMtEph-b0a6bdac686c8dad-chap54_bfsmteph_top_down_loop
    rerun this test with:
    verus --crate-type=lib  /home/milnes/projects/APAS-VERUS/rust_verify_test/target/release/build/rust_verify_test/b0a6bdac686c8dad/test_inputs/ProveBFSMtEph-b0a6bdac686c8dad-chap54_bfsmteph_top_down_loop/test.rs


    thread 'chap54_bfsmteph_top_down_loop' (519290) panicked at tests/Chap54/ProveBFSMtEph.rs:16:1:
    Err(_) does not match $result
    note: run with `RUST_BACKTRACE=1` environment variable to display a backtrace

        FAIL [   0.072s] ( 51/328) rust_verify_test::ProveBFSStEph chap54_bfssteph_bottom_up_loop
  stdout ───

    running 1 test
    test chap54_bfssteph_bottom_up_loop ... FAILED

    failures:

    failures:
        chap54_bfssteph_bottom_up_loop

    test result: FAILED. 0 passed; 1 failed; 0 ignored; 0 measured; 3 filtered out; finished in 0.07s

  stderr ───
    error[E0433]: cannot find `Chap19` in `apas_verus`
      --> /home/milnes/projects/APAS-VERUS/rust_verify_test/target/release/build/rust_verify_test/aeea6974fb12a865/test_inputs/ProveBFSStEph-aeea6974fb12a865-chap54_bfssteph_bottom_up_loop/test.rs:17:17
       |
    17 | use apas_verus::Chap19::ArraySeqStEph::ArraySeqStEph::*;
       |                 ^^^^^^ could not find `Chap19` in `apas_verus`
       |
    note: found an item that was configured out
      --> src/lib.rs:358:48
       |
       = note: the item is gated here


    error[E0433]: cannot find `Chap54` in `apas_verus`
      --> /home/milnes/projects/APAS-VERUS/rust_verify_test/target/release/build/rust_verify_test/aeea6974fb12a865/test_inputs/ProveBFSStEph-aeea6974fb12a865-chap54_bfssteph_bottom_up_loop/test.rs:18:17
       |
    18 | use apas_verus::Chap54::BFSStEph::BFSStEph::*;
       |                 ^^^^^^ could not find `Chap54` in `apas_verus`
       |
    note: found an item that was configured out
      --> src/lib.rs:628:48
       |
       = note: the item is gated here


    error[E0425]: cannot find type `ArraySeqStEphS` in this scope
      --> /home/milnes/projects/APAS-VERUS/rust_verify_test/target/release/build/rust_verify_test/aeea6974fb12a865/test_inputs/ProveBFSStEph-aeea6974fb12a865-chap54_bfssteph_bottom_up_loop/test.rs:20:32
       |
    20 | fn test_bottom_up_loop(graph: &ArraySeqStEphS<ArraySeqStEphS<usize>>, source: usize)
       |                                ^^^^^^^^^^^^^^ not found in this scope


    error[E0425]: cannot find type `ArraySeqStEphS` in this scope
      --> /home/milnes/projects/APAS-VERUS/rust_verify_test/target/release/build/rust_verify_test/aeea6974fb12a865/test_inputs/ProveBFSStEph-aeea6974fb12a865-chap54_bfssteph_bottom_up_loop/test.rs:20:47
       |
    20 | fn test_bottom_up_loop(graph: &ArraySeqStEphS<ArraySeqStEphS<usize>>, source: usize)
       |                                               ^^^^^^^^^^^^^^ not found in this scope


    error[E0433]: cannot find type `BFSStEph` in this scope
      --> /home/milnes/projects/APAS-VERUS/rust_verify_test/target/release/build/rust_verify_test/aeea6974fb12a865/test_inputs/ProveBFSStEph-aeea6974fb12a865-chap54_bfssteph_bottom_up_loop/test.rs:27:16
       |
    27 |     let tree = BFSStEph::bfs_tree(graph, source);
       |                ^^^^^^^^ use of undeclared type `BFSStEph`


    error[E0425]: cannot find function `spec_bfssteph_wf` in this scope
      --> /home/milnes/projects/APAS-VERUS/rust_verify_test/target/release/build/rust_verify_test/aeea6974fb12a865/test_inputs/ProveBFSStEph-aeea6974fb12a865-chap54_bfssteph_bottom_up_loop/test.rs:25:9
       |
    25 |         spec_bfssteph_wf(graph),
       |         ^^^^^^^^^^^^^^^^ not found in this scope


    error: aborting due to 6 previous errors


    Some errors have detailed explanations: E0425, E0433.

    For more information about an error, try `rustc --explain E0425`.

    the input directory is /home/milnes/projects/APAS-VERUS/rust_verify_test/target/release/build/rust_verify_test/aeea6974fb12a865/test_inputs/ProveBFSStEph-aeea6974fb12a865-chap54_bfssteph_bottom_up_loop
    rerun this test with:
    verus --crate-type=lib  /home/milnes/projects/APAS-VERUS/rust_verify_test/target/release/build/rust_verify_test/aeea6974fb12a865/test_inputs/ProveBFSStEph-aeea6974fb12a865-chap54_bfssteph_bottom_up_loop/test.rs


    thread 'chap54_bfssteph_bottom_up_loop' (519339) panicked at tests/Chap54/ProveBFSStEph.rs:62:1:
    Err(_) does not match $result
    note: run with `RUST_BACKTRACE=1` environment variable to display a backtrace

        FAIL [   0.076s] ( 52/328) rust_verify_test::ProveBFSStEph chap54_bfssteph_bottom_up_for
  stdout ───

    running 1 test
    test chap54_bfssteph_bottom_up_for ... FAILED

    failures:

    failures:
        chap54_bfssteph_bottom_up_for

    test result: FAILED. 0 passed; 1 failed; 0 ignored; 0 measured; 3 filtered out; finished in 0.07s

  stderr ───
    error[E0433]: cannot find `Chap19` in `apas_verus`
      --> /home/milnes/projects/APAS-VERUS/rust_verify_test/target/release/build/rust_verify_test/aeea6974fb12a865/test_inputs/ProveBFSStEph-aeea6974fb12a865-chap54_bfssteph_bottom_up_for/test.rs:17:17
       |
    17 | use apas_verus::Chap19::ArraySeqStEph::ArraySeqStEph::*;
       |                 ^^^^^^ could not find `Chap19` in `apas_verus`
       |
    note: found an item that was configured out
      --> src/lib.rs:358:48
       |
       = note: the item is gated here


    error[E0433]: cannot find `Chap54` in `apas_verus`
      --> /home/milnes/projects/APAS-VERUS/rust_verify_test/target/release/build/rust_verify_test/aeea6974fb12a865/test_inputs/ProveBFSStEph-aeea6974fb12a865-chap54_bfssteph_bottom_up_for/test.rs:18:17
       |
    18 | use apas_verus::Chap54::BFSStEph::BFSStEph::*;
       |                 ^^^^^^ could not find `Chap54` in `apas_verus`
       |
    note: found an item that was configured out
      --> src/lib.rs:628:48
       |
       = note: the item is gated here


    error[E0425]: cannot find type `ArraySeqStEphS` in this scope
      --> /home/milnes/projects/APAS-VERUS/rust_verify_test/target/release/build/rust_verify_test/aeea6974fb12a865/test_inputs/ProveBFSStEph-aeea6974fb12a865-chap54_bfssteph_bottom_up_for/test.rs:20:31
       |
    20 | fn test_bottom_up_for(graph: &ArraySeqStEphS<ArraySeqStEphS<usize>>, source: usize)
       |                               ^^^^^^^^^^^^^^ not found in this scope


    error[E0425]: cannot find type `ArraySeqStEphS` in this scope
      --> /home/milnes/projects/APAS-VERUS/rust_verify_test/target/release/build/rust_verify_test/aeea6974fb12a865/test_inputs/ProveBFSStEph-aeea6974fb12a865-chap54_bfssteph_bottom_up_for/test.rs:20:46
       |
    20 | fn test_bottom_up_for(graph: &ArraySeqStEphS<ArraySeqStEphS<usize>>, source: usize)
       |                                              ^^^^^^^^^^^^^^ not found in this scope


    error[E0433]: cannot find type `BFSStEph` in this scope
      --> /home/milnes/projects/APAS-VERUS/rust_verify_test/target/release/build/rust_verify_test/aeea6974fb12a865/test_inputs/ProveBFSStEph-aeea6974fb12a865-chap54_bfssteph_bottom_up_for/test.rs:27:16
       |
    27 |     let tree = BFSStEph::bfs_tree(graph, source);
       |                ^^^^^^^^ use of undeclared type `BFSStEph`


    error[E0425]: cannot find function `spec_bfssteph_wf` in this scope
      --> /home/milnes/projects/APAS-VERUS/rust_verify_test/target/release/build/rust_verify_test/aeea6974fb12a865/test_inputs/ProveBFSStEph-aeea6974fb12a865-chap54_bfssteph_bottom_up_for/test.rs:25:9
       |
    25 |         spec_bfssteph_wf(graph),
       |         ^^^^^^^^^^^^^^^^ not found in this scope


    error: aborting due to 6 previous errors


    Some errors have detailed explanations: E0425, E0433.

    For more information about an error, try `rustc --explain E0425`.

    the input directory is /home/milnes/projects/APAS-VERUS/rust_verify_test/target/release/build/rust_verify_test/aeea6974fb12a865/test_inputs/ProveBFSStEph-aeea6974fb12a865-chap54_bfssteph_bottom_up_for
    rerun this test with:
    verus --crate-type=lib  /home/milnes/projects/APAS-VERUS/rust_verify_test/target/release/build/rust_verify_test/aeea6974fb12a865/test_inputs/ProveBFSStEph-aeea6974fb12a865-chap54_bfssteph_bottom_up_for/test.rs


    thread 'chap54_bfssteph_bottom_up_for' (519335) panicked at tests/Chap54/ProveBFSStEph.rs:145:1:
    Err(_) does not match $result
    note: run with `RUST_BACKTRACE=1` environment variable to display a backtrace

        FAIL [   0.064s] ( 53/328) rust_verify_test::ProveBFSStEph chap54_bfssteph_top_down_for
  stdout ───

    running 1 test
    test chap54_bfssteph_top_down_for ... FAILED

    failures:

    failures:
        chap54_bfssteph_top_down_for

    test result: FAILED. 0 passed; 1 failed; 0 ignored; 0 measured; 3 filtered out; finished in 0.06s

  stderr ───
    error[E0433]: cannot find `Chap19` in `apas_verus`
      --> /home/milnes/projects/APAS-VERUS/rust_verify_test/target/release/build/rust_verify_test/aeea6974fb12a865/test_inputs/ProveBFSStEph-aeea6974fb12a865-chap54_bfssteph_top_down_for/test.rs:17:17
       |
    17 | use apas_verus::Chap19::ArraySeqStEph::ArraySeqStEph::*;
       |                 ^^^^^^ could not find `Chap19` in `apas_verus`
       |
    note: found an item that was configured out
      --> src/lib.rs:358:48
       |
       = note: the item is gated here


    error[E0433]: cannot find `Chap54` in `apas_verus`
      --> /home/milnes/projects/APAS-VERUS/rust_verify_test/target/release/build/rust_verify_test/aeea6974fb12a865/test_inputs/ProveBFSStEph-aeea6974fb12a865-chap54_bfssteph_top_down_for/test.rs:18:17
       |
    18 | use apas_verus::Chap54::BFSStEph::BFSStEph::*;
       |                 ^^^^^^ could not find `Chap54` in `apas_verus`
       |
    note: found an item that was configured out
      --> src/lib.rs:628:48
       |
       = note: the item is gated here


    error[E0425]: cannot find type `ArraySeqStEphS` in this scope
      --> /home/milnes/projects/APAS-VERUS/rust_verify_test/target/release/build/rust_verify_test/aeea6974fb12a865/test_inputs/ProveBFSStEph-aeea6974fb12a865-chap54_bfssteph_top_down_for/test.rs:20:30
       |
    20 | fn test_top_down_for(graph: &ArraySeqStEphS<ArraySeqStEphS<usize>>, source: usize)
       |                              ^^^^^^^^^^^^^^ not found in this scope


    error[E0425]: cannot find type `ArraySeqStEphS` in this scope
      --> /home/milnes/projects/APAS-VERUS/rust_verify_test/target/release/build/rust_verify_test/aeea6974fb12a865/test_inputs/ProveBFSStEph-aeea6974fb12a865-chap54_bfssteph_top_down_for/test.rs:20:45
       |
    20 | fn test_top_down_for(graph: &ArraySeqStEphS<ArraySeqStEphS<usize>>, source: usize)
       |                                             ^^^^^^^^^^^^^^ not found in this scope


    error[E0433]: cannot find type `BFSStEph` in this scope
      --> /home/milnes/projects/APAS-VERUS/rust_verify_test/target/release/build/rust_verify_test/aeea6974fb12a865/test_inputs/ProveBFSStEph-aeea6974fb12a865-chap54_bfssteph_top_down_for/test.rs:27:16
       |
    27 |     let tree = BFSStEph::bfs_tree(graph, source);
       |                ^^^^^^^^ use of undeclared type `BFSStEph`


    error[E0425]: cannot find function `spec_bfssteph_wf` in this scope
      --> /home/milnes/projects/APAS-VERUS/rust_verify_test/target/release/build/rust_verify_test/aeea6974fb12a865/test_inputs/ProveBFSStEph-aeea6974fb12a865-chap54_bfssteph_top_down_for/test.rs:25:9
       |
    25 |         spec_bfssteph_wf(graph),
       |         ^^^^^^^^^^^^^^^^ not found in this scope


    error: aborting due to 6 previous errors


    Some errors have detailed explanations: E0425, E0433.

    For more information about an error, try `rustc --explain E0425`.

    the input directory is /home/milnes/projects/APAS-VERUS/rust_verify_test/target/release/build/rust_verify_test/aeea6974fb12a865/test_inputs/ProveBFSStEph-aeea6974fb12a865-chap54_bfssteph_top_down_for
    rerun this test with:
    verus --crate-type=lib  /home/milnes/projects/APAS-VERUS/rust_verify_test/target/release/build/rust_verify_test/aeea6974fb12a865/test_inputs/ProveBFSStEph-aeea6974fb12a865-chap54_bfssteph_top_down_for/test.rs


    thread 'chap54_bfssteph_top_down_for' (519380) panicked at tests/Chap54/ProveBFSStEph.rs:109:1:
    Err(_) does not match $result
    note: run with `RUST_BACKTRACE=1` environment variable to display a backtrace

        FAIL [   0.075s] ( 54/328) rust_verify_test::ProveBFSStEph chap54_bfssteph_top_down_loop
  stdout ───

    running 1 test
    test chap54_bfssteph_top_down_loop ... FAILED

    failures:

    failures:
        chap54_bfssteph_top_down_loop

    test result: FAILED. 0 passed; 1 failed; 0 ignored; 0 measured; 3 filtered out; finished in 0.07s

  stderr ───
    error[E0433]: cannot find `Chap19` in `apas_verus`
      --> /home/milnes/projects/APAS-VERUS/rust_verify_test/target/release/build/rust_verify_test/aeea6974fb12a865/test_inputs/ProveBFSStEph-aeea6974fb12a865-chap54_bfssteph_top_down_loop/test.rs:17:17
       |
    17 | use apas_verus::Chap19::ArraySeqStEph::ArraySeqStEph::*;
       |                 ^^^^^^ could not find `Chap19` in `apas_verus`
       |
    note: found an item that was configured out
      --> src/lib.rs:358:48
       |
       = note: the item is gated here


    error[E0433]: cannot find `Chap54` in `apas_verus`
      --> /home/milnes/projects/APAS-VERUS/rust_verify_test/target/release/build/rust_verify_test/aeea6974fb12a865/test_inputs/ProveBFSStEph-aeea6974fb12a865-chap54_bfssteph_top_down_loop/test.rs:18:17
       |
    18 | use apas_verus::Chap54::BFSStEph::BFSStEph::*;
       |                 ^^^^^^ could not find `Chap54` in `apas_verus`
       |
    note: found an item that was configured out
      --> src/lib.rs:628:48
       |
       = note: the item is gated here


    error[E0425]: cannot find type `ArraySeqStEphS` in this scope
      --> /home/milnes/projects/APAS-VERUS/rust_verify_test/target/release/build/rust_verify_test/aeea6974fb12a865/test_inputs/ProveBFSStEph-aeea6974fb12a865-chap54_bfssteph_top_down_loop/test.rs:20:31
       |
    20 | fn test_top_down_loop(graph: &ArraySeqStEphS<ArraySeqStEphS<usize>>, source: usize)
       |                               ^^^^^^^^^^^^^^ not found in this scope


    error[E0425]: cannot find type `ArraySeqStEphS` in this scope
      --> /home/milnes/projects/APAS-VERUS/rust_verify_test/target/release/build/rust_verify_test/aeea6974fb12a865/test_inputs/ProveBFSStEph-aeea6974fb12a865-chap54_bfssteph_top_down_loop/test.rs:20:46
       |
    20 | fn test_top_down_loop(graph: &ArraySeqStEphS<ArraySeqStEphS<usize>>, source: usize)
       |                                              ^^^^^^^^^^^^^^ not found in this scope


    error[E0433]: cannot find type `BFSStEph` in this scope
      --> /home/milnes/projects/APAS-VERUS/rust_verify_test/target/release/build/rust_verify_test/aeea6974fb12a865/test_inputs/ProveBFSStEph-aeea6974fb12a865-chap54_bfssteph_top_down_loop/test.rs:27:16
       |
    27 |     let tree = BFSStEph::bfs_tree(graph, source);
       |                ^^^^^^^^ use of undeclared type `BFSStEph`


    error[E0425]: cannot find function `spec_bfssteph_wf` in this scope
      --> /home/milnes/projects/APAS-VERUS/rust_verify_test/target/release/build/rust_verify_test/aeea6974fb12a865/test_inputs/ProveBFSStEph-aeea6974fb12a865-chap54_bfssteph_top_down_loop/test.rs:25:9
       |
    25 |         spec_bfssteph_wf(graph),
       |         ^^^^^^^^^^^^^^^^ not found in this scope


    error: aborting due to 6 previous errors


    Some errors have detailed explanations: E0425, E0433.

    For more information about an error, try `rustc --explain E0425`.

    the input directory is /home/milnes/projects/APAS-VERUS/rust_verify_test/target/release/build/rust_verify_test/aeea6974fb12a865/test_inputs/ProveBFSStEph-aeea6974fb12a865-chap54_bfssteph_top_down_loop
    rerun this test with:
    verus --crate-type=lib  /home/milnes/projects/APAS-VERUS/rust_verify_test/target/release/build/rust_verify_test/aeea6974fb12a865/test_inputs/ProveBFSStEph-aeea6974fb12a865-chap54_bfssteph_top_down_loop/test.rs


    thread 'chap54_bfssteph_top_down_loop' (519383) panicked at tests/Chap54/ProveBFSStEph.rs:16:1:
    Err(_) does not match $result
    note: run with `RUST_BACKTRACE=1` environment variable to display a backtrace

        FAIL [   0.069s] ( 55/328) rust_verify_test::ProveBSTKeyValueStEph bstkeyvaluesteph_loop_borrow_iter
  stdout ───

    running 1 test
    test bstkeyvaluesteph_loop_borrow_iter ... FAILED

    failures:

    failures:
        bstkeyvaluesteph_loop_borrow_iter

    test result: FAILED. 0 passed; 1 failed; 0 ignored; 0 measured; 1 filtered out; finished in 0.07s

  stderr ───
    error[E0433]: cannot find `Chap40` in `apas_verus`
      --> /home/milnes/projects/APAS-VERUS/rust_verify_test/target/release/build/rust_verify_test/abfd7f6ab8a37b3f/test_inputs/ProveBSTKeyValueStEph-abfd7f6ab8a37b3f-bstkeyvaluesteph_loop_borrow_iter/test.rs:17:17
       |
    17 | use apas_verus::Chap40::BSTKeyValueStEph::BSTKeyValueStEph::*;
       |                 ^^^^^^ could not find `Chap40` in `apas_verus`
       |
    note: found an item that was configured out
      --> src/lib.rs:486:48
       |
       = note: the item is gated here


    error[E0425]: cannot find type `BSTKeyValueStEph` in this scope
      --> /home/milnes/projects/APAS-VERUS/rust_verify_test/target/release/build/rust_verify_test/abfd7f6ab8a37b3f/test_inputs/ProveBSTKeyValueStEph-abfd7f6ab8a37b3f-bstkeyvaluesteph_loop_borrow_iter/test.rs:20:12
       |
    20 |     let a: BSTKeyValueStEph<u64, u64> = BSTKeyValueStEph::new();
       |            ^^^^^^^^^^^^^^^^ not found in this scope


    error[E0433]: cannot find type `BSTKeyValueStEph` in this scope
      --> /home/milnes/projects/APAS-VERUS/rust_verify_test/target/release/build/rust_verify_test/abfd7f6ab8a37b3f/test_inputs/ProveBSTKeyValueStEph-abfd7f6ab8a37b3f-bstkeyvaluesteph_loop_borrow_iter/test.rs:20:41
       |
    20 |     let a: BSTKeyValueStEph<u64, u64> = BSTKeyValueStEph::new();
       |                                         ^^^^^^^^^^^^^^^^ use of undeclared type `BSTKeyValueStEph`


    error: aborting due to 3 previous errors


    Some errors have detailed explanations: E0425, E0433.

    For more information about an error, try `rustc --explain E0425`.

    the input directory is /home/milnes/projects/APAS-VERUS/rust_verify_test/target/release/build/rust_verify_test/abfd7f6ab8a37b3f/test_inputs/ProveBSTKeyValueStEph-abfd7f6ab8a37b3f-bstkeyvaluesteph_loop_borrow_iter
    rerun this test with:
    verus --crate-type=lib  /home/milnes/projects/APAS-VERUS/rust_verify_test/target/release/build/rust_verify_test/abfd7f6ab8a37b3f/test_inputs/ProveBSTKeyValueStEph-abfd7f6ab8a37b3f-bstkeyvaluesteph_loop_borrow_iter/test.rs


    thread 'bstkeyvaluesteph_loop_borrow_iter' (519425) panicked at tests/Chap40/ProveBSTKeyValueStEph.rs:18:1:
    Err(_) does not match $result
    note: run with `RUST_BACKTRACE=1` environment variable to display a backtrace

        FAIL [   0.069s] ( 56/328) rust_verify_test::ProveBSTKeyValueStEph bstkeyvaluesteph_for_borrow_iter
  stdout ───

    running 1 test
    test bstkeyvaluesteph_for_borrow_iter ... FAILED

    failures:

    failures:
        bstkeyvaluesteph_for_borrow_iter

    test result: FAILED. 0 passed; 1 failed; 0 ignored; 0 measured; 1 filtered out; finished in 0.07s

  stderr ───
    error[E0433]: cannot find `Chap40` in `apas_verus`
      --> /home/milnes/projects/APAS-VERUS/rust_verify_test/target/release/build/rust_verify_test/abfd7f6ab8a37b3f/test_inputs/ProveBSTKeyValueStEph-abfd7f6ab8a37b3f-bstkeyvaluesteph_for_borrow_iter/test.rs:17:17
       |
    17 | use apas_verus::Chap40::BSTKeyValueStEph::BSTKeyValueStEph::*;
       |                 ^^^^^^ could not find `Chap40` in `apas_verus`
       |
    note: found an item that was configured out
      --> src/lib.rs:486:48
       |
       = note: the item is gated here


    error[E0425]: cannot find type `BSTKeyValueStEph` in this scope
      --> /home/milnes/projects/APAS-VERUS/rust_verify_test/target/release/build/rust_verify_test/abfd7f6ab8a37b3f/test_inputs/ProveBSTKeyValueStEph-abfd7f6ab8a37b3f-bstkeyvaluesteph_for_borrow_iter/test.rs:20:12
       |
    20 |     let a: BSTKeyValueStEph<u64, u64> = BSTKeyValueStEph::new();
       |            ^^^^^^^^^^^^^^^^ not found in this scope


    error[E0433]: cannot find type `BSTKeyValueStEph` in this scope
      --> /home/milnes/projects/APAS-VERUS/rust_verify_test/target/release/build/rust_verify_test/abfd7f6ab8a37b3f/test_inputs/ProveBSTKeyValueStEph-abfd7f6ab8a37b3f-bstkeyvaluesteph_for_borrow_iter/test.rs:20:41
       |
    20 |     let a: BSTKeyValueStEph<u64, u64> = BSTKeyValueStEph::new();
       |                                         ^^^^^^^^^^^^^^^^ use of undeclared type `BSTKeyValueStEph`


    error: aborting due to 3 previous errors


    Some errors have detailed explanations: E0425, E0433.

    For more information about an error, try `rustc --explain E0425`.

    the input directory is /home/milnes/projects/APAS-VERUS/rust_verify_test/target/release/build/rust_verify_test/abfd7f6ab8a37b3f/test_inputs/ProveBSTKeyValueStEph-abfd7f6ab8a37b3f-bstkeyvaluesteph_for_borrow_iter
    rerun this test with:
    verus --crate-type=lib  /home/milnes/projects/APAS-VERUS/rust_verify_test/target/release/build/rust_verify_test/abfd7f6ab8a37b3f/test_inputs/ProveBSTKeyValueStEph-abfd7f6ab8a37b3f-bstkeyvaluesteph_for_borrow_iter/test.rs


    thread 'bstkeyvaluesteph_for_borrow_iter' (519424) panicked at tests/Chap40/ProveBSTKeyValueStEph.rs:66:1:
    Err(_) does not match $result
    note: run with `RUST_BACKTRACE=1` environment variable to display a backtrace

        FAIL [   0.077s] ( 57/328) rust_verify_test::ProveBSTParaTreapMtEph bstparatreapmteph_for_borrow_iter
  stdout ───

    running 1 test
    test bstparatreapmteph_for_borrow_iter ... FAILED

    failures:

    failures:
        bstparatreapmteph_for_borrow_iter

    test result: FAILED. 0 passed; 1 failed; 0 ignored; 0 measured; 1 filtered out; finished in 0.07s

  stderr ───
    error[E0433]: cannot find `Chap39` in `apas_verus`
      --> /home/milnes/projects/APAS-VERUS/rust_verify_test/target/release/build/rust_verify_test/f0a1ce8a53c4a2b8/test_inputs/ProveBSTParaTreapMtEph-f0a1ce8a53c4a2b8-bstparatreapmteph_for_borrow_iter/test.rs:17:17
       |
    17 | use apas_verus::Chap39::BSTParaTreapMtEph::BSTParaTreapMtEph::*;
       |                 ^^^^^^ could not find `Chap39` in `apas_verus`
       |
    note: found an item that was configured out
      --> src/lib.rs:477:48
       |
       = note: the item is gated here


    error[E0425]: cannot find type `ParamTreap` in this scope
      --> /home/milnes/projects/APAS-VERUS/rust_verify_test/target/release/build/rust_verify_test/f0a1ce8a53c4a2b8/test_inputs/ProveBSTParaTreapMtEph-f0a1ce8a53c4a2b8-bstparatreapmteph_for_borrow_iter/test.rs:24:12
       |
    24 |     let a: ParamTreap<u64> = ParamTreap::new();
       |            ^^^^^^^^^^ not found in this scope


    error[E0433]: cannot find type `ParamTreap` in this scope
      --> /home/milnes/projects/APAS-VERUS/rust_verify_test/target/release/build/rust_verify_test/f0a1ce8a53c4a2b8/test_inputs/ProveBSTParaTreapMtEph-f0a1ce8a53c4a2b8-bstparatreapmteph_for_borrow_iter/test.rs:24:30
       |
    24 |     let a: ParamTreap<u64> = ParamTreap::new();
       |                              ^^^^^^^^^^ use of undeclared type `ParamTreap`


    error[E0425]: cannot find function `view_ord_consistent` in this scope
      --> /home/milnes/projects/APAS-VERUS/rust_verify_test/target/release/build/rust_verify_test/f0a1ce8a53c4a2b8/test_inputs/ProveBSTParaTreapMtEph-f0a1ce8a53c4a2b8-bstparatreapmteph_for_borrow_iter/test.rs:22:9
       |
    22 |         view_ord_consistent::<u64>(),
       |         ^^^^^^^^^^^^^^^^^^^ not found in this scope


    error: aborting due to 4 previous errors


    Some errors have detailed explanations: E0425, E0433.

    For more information about an error, try `rustc --explain E0425`.

    the input directory is /home/milnes/projects/APAS-VERUS/rust_verify_test/target/release/build/rust_verify_test/f0a1ce8a53c4a2b8/test_inputs/ProveBSTParaTreapMtEph-f0a1ce8a53c4a2b8-bstparatreapmteph_for_borrow_iter
    rerun this test with:
    verus --crate-type=lib  /home/milnes/projects/APAS-VERUS/rust_verify_test/target/release/build/rust_verify_test/f0a1ce8a53c4a2b8/test_inputs/ProveBSTParaTreapMtEph-f0a1ce8a53c4a2b8-bstparatreapmteph_for_borrow_iter/test.rs


    thread 'bstparatreapmteph_for_borrow_iter' (519469) panicked at tests/Chap39/ProveBSTParaTreapMtEph.rs:70:1:
    Err(_) does not match $result
    note: run with `RUST_BACKTRACE=1` environment variable to display a backtrace

        FAIL [   0.065s] ( 58/328) rust_verify_test::ProveBSTParaTreapMtEph bstparatreapmteph_loop_borrow_iter
  stdout ───

    running 1 test
    test bstparatreapmteph_loop_borrow_iter ... FAILED

    failures:

    failures:
        bstparatreapmteph_loop_borrow_iter

    test result: FAILED. 0 passed; 1 failed; 0 ignored; 0 measured; 1 filtered out; finished in 0.06s

  stderr ───
    error[E0433]: cannot find `Chap39` in `apas_verus`
      --> /home/milnes/projects/APAS-VERUS/rust_verify_test/target/release/build/rust_verify_test/f0a1ce8a53c4a2b8/test_inputs/ProveBSTParaTreapMtEph-f0a1ce8a53c4a2b8-bstparatreapmteph_loop_borrow_iter/test.rs:17:17
       |
    17 | use apas_verus::Chap39::BSTParaTreapMtEph::BSTParaTreapMtEph::*;
       |                 ^^^^^^ could not find `Chap39` in `apas_verus`
       |
    note: found an item that was configured out
      --> src/lib.rs:477:48
       |
       = note: the item is gated here


    error[E0425]: cannot find type `ParamTreap` in this scope
      --> /home/milnes/projects/APAS-VERUS/rust_verify_test/target/release/build/rust_verify_test/f0a1ce8a53c4a2b8/test_inputs/ProveBSTParaTreapMtEph-f0a1ce8a53c4a2b8-bstparatreapmteph_loop_borrow_iter/test.rs:24:12
       |
    24 |     let a: ParamTreap<u64> = ParamTreap::new();
       |            ^^^^^^^^^^ not found in this scope


    error[E0433]: cannot find type `ParamTreap` in this scope
      --> /home/milnes/projects/APAS-VERUS/rust_verify_test/target/release/build/rust_verify_test/f0a1ce8a53c4a2b8/test_inputs/ProveBSTParaTreapMtEph-f0a1ce8a53c4a2b8-bstparatreapmteph_loop_borrow_iter/test.rs:24:30
       |
    24 |     let a: ParamTreap<u64> = ParamTreap::new();
       |                              ^^^^^^^^^^ use of undeclared type `ParamTreap`


    error[E0425]: cannot find function `view_ord_consistent` in this scope
      --> /home/milnes/projects/APAS-VERUS/rust_verify_test/target/release/build/rust_verify_test/f0a1ce8a53c4a2b8/test_inputs/ProveBSTParaTreapMtEph-f0a1ce8a53c4a2b8-bstparatreapmteph_loop_borrow_iter/test.rs:22:9
       |
    22 |         view_ord_consistent::<u64>(),
       |         ^^^^^^^^^^^^^^^^^^^ not found in this scope


    error: aborting due to 4 previous errors


    Some errors have detailed explanations: E0425, E0433.

    For more information about an error, try `rustc --explain E0425`.

    the input directory is /home/milnes/projects/APAS-VERUS/rust_verify_test/target/release/build/rust_verify_test/f0a1ce8a53c4a2b8/test_inputs/ProveBSTParaTreapMtEph-f0a1ce8a53c4a2b8-bstparatreapmteph_loop_borrow_iter
    rerun this test with:
    verus --crate-type=lib  /home/milnes/projects/APAS-VERUS/rust_verify_test/target/release/build/rust_verify_test/f0a1ce8a53c4a2b8/test_inputs/ProveBSTParaTreapMtEph-f0a1ce8a53c4a2b8-bstparatreapmteph_loop_borrow_iter/test.rs


    thread 'bstparatreapmteph_loop_borrow_iter' (519489) panicked at tests/Chap39/ProveBSTParaTreapMtEph.rs:18:1:
    Err(_) does not match $result
    note: run with `RUST_BACKTRACE=1` environment variable to display a backtrace

        FAIL [   0.062s] ( 59/328) rust_verify_test::ProveBSTPlainMtEph bstplainmteph_loop_borrow_iter
  stdout ───

    running 1 test
    test bstplainmteph_loop_borrow_iter ... FAILED

    failures:

    failures:
        bstplainmteph_loop_borrow_iter

    test result: FAILED. 0 passed; 1 failed; 0 ignored; 0 measured; 1 filtered out; finished in 0.06s

  stderr ───
    error[E0433]: cannot find `Chap37` in `apas_verus`
      --> /home/milnes/projects/APAS-VERUS/rust_verify_test/target/release/build/rust_verify_test/6267d7ad93c0e116/test_inputs/ProveBSTPlainMtEph-6267d7ad93c0e116-bstplainmteph_loop_borrow_iter/test.rs:17:17
       |
    17 | use apas_verus::Chap37::BSTPlainMtEph::BSTPlainMtEph::*;
       |                 ^^^^^^ could not find `Chap37` in `apas_verus`
       |
    note: found an item that was configured out
      --> src/lib.rs:445:48
       |
       = note: the item is gated here


    error[E0432]: unresolved import `apas_verus::BSTPlainMtEphLit`
      --> /home/milnes/projects/APAS-VERUS/rust_verify_test/target/release/build/rust_verify_test/6267d7ad93c0e116/test_inputs/ProveBSTPlainMtEph-6267d7ad93c0e116-bstplainmteph_loop_borrow_iter/test.rs:18:5
       |
    18 | use apas_verus::BSTPlainMtEphLit;
       |     ^^^^^^^^^^^^----------------
       |                 |
       |                 no `BSTPlainMtEphLit` in the root


    error[E0425]: cannot find type `BSTPlainMtEph` in this scope
      --> /home/milnes/projects/APAS-VERUS/rust_verify_test/target/release/build/rust_verify_test/6267d7ad93c0e116/test_inputs/ProveBSTPlainMtEph-6267d7ad93c0e116-bstplainmteph_loop_borrow_iter/test.rs:24:12
       |
    24 |     let a: BSTPlainMtEph<u64> = BSTPlainMtEphLit![1u64, 2u64, 3u64];
       |            ^^^^^^^^^^^^^ not found in this scope


    error: aborting due to 3 previous errors


    Some errors have detailed explanations: E0425, E0432, E0433.

    For more information about an error, try `rustc --explain E0425`.

    the input directory is /home/milnes/projects/APAS-VERUS/rust_verify_test/target/release/build/rust_verify_test/6267d7ad93c0e116/test_inputs/ProveBSTPlainMtEph-6267d7ad93c0e116-bstplainmteph_loop_borrow_iter
    rerun this test with:
    verus --crate-type=lib  /home/milnes/projects/APAS-VERUS/rust_verify_test/target/release/build/rust_verify_test/6267d7ad93c0e116/test_inputs/ProveBSTPlainMtEph-6267d7ad93c0e116-bstplainmteph_loop_borrow_iter/test.rs


    thread 'bstplainmteph_loop_borrow_iter' (519515) panicked at tests/Chap37/ProveBSTPlainMtEph.rs:15:1:
    Err(_) does not match $result
    note: run with `RUST_BACKTRACE=1` environment variable to display a backtrace

        FAIL [   0.065s] ( 60/328) rust_verify_test::ProveBSTPlainMtEph bstplainmteph_for_borrow_iter
  stdout ───

    running 1 test
    test bstplainmteph_for_borrow_iter ... FAILED

    failures:

    failures:
        bstplainmteph_for_borrow_iter

    test result: FAILED. 0 passed; 1 failed; 0 ignored; 0 measured; 1 filtered out; finished in 0.06s

  stderr ───
    error[E0433]: cannot find `Chap37` in `apas_verus`
      --> /home/milnes/projects/APAS-VERUS/rust_verify_test/target/release/build/rust_verify_test/6267d7ad93c0e116/test_inputs/ProveBSTPlainMtEph-6267d7ad93c0e116-bstplainmteph_for_borrow_iter/test.rs:17:17
       |
    17 | use apas_verus::Chap37::BSTPlainMtEph::BSTPlainMtEph::*;
       |                 ^^^^^^ could not find `Chap37` in `apas_verus`
       |
    note: found an item that was configured out
      --> src/lib.rs:445:48
       |
       = note: the item is gated here


    error[E0432]: unresolved import `apas_verus::BSTPlainMtEphLit`
      --> /home/milnes/projects/APAS-VERUS/rust_verify_test/target/release/build/rust_verify_test/6267d7ad93c0e116/test_inputs/ProveBSTPlainMtEph-6267d7ad93c0e116-bstplainmteph_for_borrow_iter/test.rs:18:5
       |
    18 | use apas_verus::BSTPlainMtEphLit;
       |     ^^^^^^^^^^^^----------------
       |                 |
       |                 no `BSTPlainMtEphLit` in the root


    error[E0425]: cannot find type `BSTPlainMtEph` in this scope
      --> /home/milnes/projects/APAS-VERUS/rust_verify_test/target/release/build/rust_verify_test/6267d7ad93c0e116/test_inputs/ProveBSTPlainMtEph-6267d7ad93c0e116-bstplainmteph_for_borrow_iter/test.rs:24:12
       |
    24 |     let a: BSTPlainMtEph<u64> = BSTPlainMtEphLit![1u64, 2u64, 3u64];
       |            ^^^^^^^^^^^^^ not found in this scope


    error: aborting due to 3 previous errors


    Some errors have detailed explanations: E0425, E0432, E0433.

    For more information about an error, try `rustc --explain E0425`.

    the input directory is /home/milnes/projects/APAS-VERUS/rust_verify_test/target/release/build/rust_verify_test/6267d7ad93c0e116/test_inputs/ProveBSTPlainMtEph-6267d7ad93c0e116-bstplainmteph_for_borrow_iter
    rerun this test with:
    verus --crate-type=lib  /home/milnes/projects/APAS-VERUS/rust_verify_test/target/release/build/rust_verify_test/6267d7ad93c0e116/test_inputs/ProveBSTPlainMtEph-6267d7ad93c0e116-bstplainmteph_for_borrow_iter/test.rs


    thread 'bstplainmteph_for_borrow_iter' (519514) panicked at tests/Chap37/ProveBSTPlainMtEph.rs:110:1:
    Err(_) does not match $result
    note: run with `RUST_BACKTRACE=1` environment variable to display a backtrace

        PASS [   1.071s] ( 61/328) rust_verify_test::MappingStEph mapping_st_eph_loop_loop
        FAIL [   0.065s] ( 62/328) rust_verify_test::ProveBSTRBMtEph bstrbmteph_for_borrow_iter
  stdout ───

    running 1 test
    test bstrbmteph_for_borrow_iter ... FAILED

    failures:

    failures:
        bstrbmteph_for_borrow_iter

    test result: FAILED. 0 passed; 1 failed; 0 ignored; 0 measured; 1 filtered out; finished in 0.06s

  stderr ───
    error[E0433]: cannot find `Chap37` in `apas_verus`
      --> /home/milnes/projects/APAS-VERUS/rust_verify_test/target/release/build/rust_verify_test/79f90a67ad655a0d/test_inputs/ProveBSTRBMtEph-79f90a67ad655a0d-bstrbmteph_for_borrow_iter/test.rs:17:17
       |
    17 | use apas_verus::Chap37::BSTRBMtEph::BSTRBMtEph::*;
       |                 ^^^^^^ could not find `Chap37` in `apas_verus`
       |
    note: found an item that was configured out
      --> src/lib.rs:445:48
       |
       = note: the item is gated here


    error[E0432]: unresolved import `apas_verus::BSTRBMtEphLit`
      --> /home/milnes/projects/APAS-VERUS/rust_verify_test/target/release/build/rust_verify_test/79f90a67ad655a0d/test_inputs/ProveBSTRBMtEph-79f90a67ad655a0d-bstrbmteph_for_borrow_iter/test.rs:18:5
       |
    18 | use apas_verus::BSTRBMtEphLit;
       |     ^^^^^^^^^^^^-------------
       |                 |
       |                 no `BSTRBMtEphLit` in the root


    error[E0425]: cannot find type `BSTRBMtEph` in this scope
      --> /home/milnes/projects/APAS-VERUS/rust_verify_test/target/release/build/rust_verify_test/79f90a67ad655a0d/test_inputs/ProveBSTRBMtEph-79f90a67ad655a0d-bstrbmteph_for_borrow_iter/test.rs:21:12
       |
    21 |     let a: BSTRBMtEph<u64> = BSTRBMtEphLit![1u64, 2u64, 3u64];
       |            ^^^^^^^^^^ not found in this scope


    error: aborting due to 3 previous errors


    Some errors have detailed explanations: E0425, E0432, E0433.

    For more information about an error, try `rustc --explain E0425`.

    the input directory is /home/milnes/projects/APAS-VERUS/rust_verify_test/target/release/build/rust_verify_test/79f90a67ad655a0d/test_inputs/ProveBSTRBMtEph-79f90a67ad655a0d-bstrbmteph_for_borrow_iter
    rerun this test with:
    verus --crate-type=lib  /home/milnes/projects/APAS-VERUS/rust_verify_test/target/release/build/rust_verify_test/79f90a67ad655a0d/test_inputs/ProveBSTRBMtEph-79f90a67ad655a0d-bstrbmteph_for_borrow_iter/test.rs


    thread 'bstrbmteph_for_borrow_iter' (519559) panicked at tests/Chap37/ProveBSTRBMtEph.rs:104:1:
    Err(_) does not match $result
    note: run with `RUST_BACKTRACE=1` environment variable to display a backtrace

        FAIL [   0.065s] ( 63/328) rust_verify_test::ProveBSTRBMtEph bstrbmteph_loop_borrow_iter
  stdout ───

    running 1 test
    test bstrbmteph_loop_borrow_iter ... FAILED

    failures:

    failures:
        bstrbmteph_loop_borrow_iter

    test result: FAILED. 0 passed; 1 failed; 0 ignored; 0 measured; 1 filtered out; finished in 0.06s

  stderr ───
    error[E0433]: cannot find `Chap37` in `apas_verus`
      --> /home/milnes/projects/APAS-VERUS/rust_verify_test/target/release/build/rust_verify_test/79f90a67ad655a0d/test_inputs/ProveBSTRBMtEph-79f90a67ad655a0d-bstrbmteph_loop_borrow_iter/test.rs:17:17
       |
    17 | use apas_verus::Chap37::BSTRBMtEph::BSTRBMtEph::*;
       |                 ^^^^^^ could not find `Chap37` in `apas_verus`
       |
    note: found an item that was configured out
      --> src/lib.rs:445:48
       |
       = note: the item is gated here


    error[E0432]: unresolved import `apas_verus::BSTRBMtEphLit`
      --> /home/milnes/projects/APAS-VERUS/rust_verify_test/target/release/build/rust_verify_test/79f90a67ad655a0d/test_inputs/ProveBSTRBMtEph-79f90a67ad655a0d-bstrbmteph_loop_borrow_iter/test.rs:18:5
       |
    18 | use apas_verus::BSTRBMtEphLit;
       |     ^^^^^^^^^^^^-------------
       |                 |
       |                 no `BSTRBMtEphLit` in the root


    error[E0425]: cannot find type `BSTRBMtEph` in this scope
      --> /home/milnes/projects/APAS-VERUS/rust_verify_test/target/release/build/rust_verify_test/79f90a67ad655a0d/test_inputs/ProveBSTRBMtEph-79f90a67ad655a0d-bstrbmteph_loop_borrow_iter/test.rs:21:12
       |
    21 |     let a: BSTRBMtEph<u64> = BSTRBMtEphLit![1u64, 2u64, 3u64];
       |            ^^^^^^^^^^ not found in this scope


    error: aborting due to 3 previous errors


    Some errors have detailed explanations: E0425, E0432, E0433.

    For more information about an error, try `rustc --explain E0425`.

    the input directory is /home/milnes/projects/APAS-VERUS/rust_verify_test/target/release/build/rust_verify_test/79f90a67ad655a0d/test_inputs/ProveBSTRBMtEph-79f90a67ad655a0d-bstrbmteph_loop_borrow_iter
    rerun this test with:
    verus --crate-type=lib  /home/milnes/projects/APAS-VERUS/rust_verify_test/target/release/build/rust_verify_test/79f90a67ad655a0d/test_inputs/ProveBSTRBMtEph-79f90a67ad655a0d-bstrbmteph_loop_borrow_iter/test.rs


    thread 'bstrbmteph_loop_borrow_iter' (519558) panicked at tests/Chap37/ProveBSTRBMtEph.rs:15:1:
    Err(_) does not match $result
    note: run with `RUST_BACKTRACE=1` environment variable to display a backtrace

        FAIL [   0.063s] ( 64/328) rust_verify_test::ProveBSTReducedStEph bstreducedsteph_for_borrow_iter
  stdout ───

    running 1 test
    test bstreducedsteph_for_borrow_iter ... FAILED

    failures:

    failures:
        bstreducedsteph_for_borrow_iter

    test result: FAILED. 0 passed; 1 failed; 0 ignored; 0 measured; 1 filtered out; finished in 0.06s

  stderr ───
    error[E0433]: cannot find `Chap40` in `apas_verus`
      --> /home/milnes/projects/APAS-VERUS/rust_verify_test/target/release/build/rust_verify_test/e9e8712927cad66f/test_inputs/ProveBSTReducedStEph-e9e8712927cad66f-bstreducedsteph_for_borrow_iter/test.rs:17:17
       |
    17 | use apas_verus::Chap40::BSTReducedStEph::BSTReducedStEph::*;
       |                 ^^^^^^ could not find `Chap40` in `apas_verus`
       |
    note: found an item that was configured out
      --> src/lib.rs:486:48
       |
       = note: the item is gated here


    error[E0425]: cannot find type `BSTCountStEph` in this scope
      --> /home/milnes/projects/APAS-VERUS/rust_verify_test/target/release/build/rust_verify_test/e9e8712927cad66f/test_inputs/ProveBSTReducedStEph-e9e8712927cad66f-bstreducedsteph_for_borrow_iter/test.rs:20:12
       |
    20 |     let a: BSTCountStEph<u64, u64> = BSTCountStEph::new();
       |            ^^^^^^^^^^^^^ not found in this scope


    error[E0433]: cannot find type `BSTCountStEph` in this scope
      --> /home/milnes/projects/APAS-VERUS/rust_verify_test/target/release/build/rust_verify_test/e9e8712927cad66f/test_inputs/ProveBSTReducedStEph-e9e8712927cad66f-bstreducedsteph_for_borrow_iter/test.rs:20:38
       |
    20 |     let a: BSTCountStEph<u64, u64> = BSTCountStEph::new();
       |                                      ^^^^^^^^^^^^^ use of undeclared type `BSTCountStEph`


    error: aborting due to 3 previous errors


    Some errors have detailed explanations: E0425, E0433.

    For more information about an error, try `rustc --explain E0425`.

    the input directory is /home/milnes/projects/APAS-VERUS/rust_verify_test/target/release/build/rust_verify_test/e9e8712927cad66f/test_inputs/ProveBSTReducedStEph-e9e8712927cad66f-bstreducedsteph_for_borrow_iter
    rerun this test with:
    verus --crate-type=lib  /home/milnes/projects/APAS-VERUS/rust_verify_test/target/release/build/rust_verify_test/e9e8712927cad66f/test_inputs/ProveBSTReducedStEph-e9e8712927cad66f-bstreducedsteph_for_borrow_iter/test.rs


    thread 'bstreducedsteph_for_borrow_iter' (519602) panicked at tests/Chap40/ProveBSTReducedStEph.rs:67:1:
    Err(_) does not match $result
    note: run with `RUST_BACKTRACE=1` environment variable to display a backtrace

        FAIL [   0.060s] ( 65/328) rust_verify_test::ProveBSTReducedStEph bstreducedsteph_loop_borrow_iter
  stdout ───

    running 1 test
    test bstreducedsteph_loop_borrow_iter ... FAILED

    failures:

    failures:
        bstreducedsteph_loop_borrow_iter

    test result: FAILED. 0 passed; 1 failed; 0 ignored; 0 measured; 1 filtered out; finished in 0.06s

  stderr ───
    error[E0433]: cannot find `Chap40` in `apas_verus`
      --> /home/milnes/projects/APAS-VERUS/rust_verify_test/target/release/build/rust_verify_test/e9e8712927cad66f/test_inputs/ProveBSTReducedStEph-e9e8712927cad66f-bstreducedsteph_loop_borrow_iter/test.rs:17:17
       |
    17 | use apas_verus::Chap40::BSTReducedStEph::BSTReducedStEph::*;
       |                 ^^^^^^ could not find `Chap40` in `apas_verus`
       |
    note: found an item that was configured out
      --> src/lib.rs:486:48
       |
       = note: the item is gated here


    error[E0425]: cannot find type `BSTCountStEph` in this scope
      --> /home/milnes/projects/APAS-VERUS/rust_verify_test/target/release/build/rust_verify_test/e9e8712927cad66f/test_inputs/ProveBSTReducedStEph-e9e8712927cad66f-bstreducedsteph_loop_borrow_iter/test.rs:20:12
       |
    20 |     let a: BSTCountStEph<u64, u64> = BSTCountStEph::new();
       |            ^^^^^^^^^^^^^ not found in this scope


    error[E0433]: cannot find type `BSTCountStEph` in this scope
      --> /home/milnes/projects/APAS-VERUS/rust_verify_test/target/release/build/rust_verify_test/e9e8712927cad66f/test_inputs/ProveBSTReducedStEph-e9e8712927cad66f-bstreducedsteph_loop_borrow_iter/test.rs:20:38
       |
    20 |     let a: BSTCountStEph<u64, u64> = BSTCountStEph::new();
       |                                      ^^^^^^^^^^^^^ use of undeclared type `BSTCountStEph`


    error: aborting due to 3 previous errors


    Some errors have detailed explanations: E0425, E0433.

    For more information about an error, try `rustc --explain E0425`.

    the input directory is /home/milnes/projects/APAS-VERUS/rust_verify_test/target/release/build/rust_verify_test/e9e8712927cad66f/test_inputs/ProveBSTReducedStEph-e9e8712927cad66f-bstreducedsteph_loop_borrow_iter
    rerun this test with:
    verus --crate-type=lib  /home/milnes/projects/APAS-VERUS/rust_verify_test/target/release/build/rust_verify_test/e9e8712927cad66f/test_inputs/ProveBSTReducedStEph-e9e8712927cad66f-bstreducedsteph_loop_borrow_iter/test.rs


    thread 'bstreducedsteph_loop_borrow_iter' (519605) panicked at tests/Chap40/ProveBSTReducedStEph.rs:19:1:
    Err(_) does not match $result
    note: run with `RUST_BACKTRACE=1` environment variable to display a backtrace

        FAIL [   0.061s] ( 66/328) rust_verify_test::ProveBSTSetAVLMtEph bstsetavlmteph_for_borrow_iter
  stdout ───

    running 1 test
    test bstsetavlmteph_for_borrow_iter ... FAILED

    failures:

    failures:
        bstsetavlmteph_for_borrow_iter

    test result: FAILED. 0 passed; 1 failed; 0 ignored; 0 measured; 1 filtered out; finished in 0.06s

  stderr ───
    error[E0433]: cannot find `Chap37` in `apas_verus`
      --> /home/milnes/projects/APAS-VERUS/rust_verify_test/target/release/build/rust_verify_test/99a88c02c8fc630f/test_inputs/ProveBSTSetAVLMtEph-99a88c02c8fc630f-bstsetavlmteph_for_borrow_iter/test.rs:17:17
       |
    17 | use apas_verus::Chap37::BSTSetAVLMtEph::BSTSetAVLMtEph::*;
       |                 ^^^^^^ could not find `Chap37` in `apas_verus`
       |
    note: found an item that was configured out
      --> src/lib.rs:445:48
       |
       = note: the item is gated here


    error[E0432]: unresolved import `apas_verus::BSTSetAVLMtEphLit`
      --> /home/milnes/projects/APAS-VERUS/rust_verify_test/target/release/build/rust_verify_test/99a88c02c8fc630f/test_inputs/ProveBSTSetAVLMtEph-99a88c02c8fc630f-bstsetavlmteph_for_borrow_iter/test.rs:18:5
       |
    18 | use apas_verus::BSTSetAVLMtEphLit;
       |     ^^^^^^^^^^^^-----------------
       |                 |
       |                 no `BSTSetAVLMtEphLit` in the root


    error[E0425]: cannot find type `BSTSetAVLMtEph` in this scope
      --> /home/milnes/projects/APAS-VERUS/rust_verify_test/target/release/build/rust_verify_test/99a88c02c8fc630f/test_inputs/ProveBSTSetAVLMtEph-99a88c02c8fc630f-bstsetavlmteph_for_borrow_iter/test.rs:24:16
       |
    24 |     let mut a: BSTSetAVLMtEph<u64> = BSTSetAVLMtEphLit![1u64, 2u64, 3u64];
       |                ^^^^^^^^^^^^^^ not found in this scope


    error: aborting due to 3 previous errors


    Some errors have detailed explanations: E0425, E0432, E0433.

    For more information about an error, try `rustc --explain E0425`.

    the input directory is /home/milnes/projects/APAS-VERUS/rust_verify_test/target/release/build/rust_verify_test/99a88c02c8fc630f/test_inputs/ProveBSTSetAVLMtEph-99a88c02c8fc630f-bstsetavlmteph_for_borrow_iter
    rerun this test with:
    verus --crate-type=lib  /home/milnes/projects/APAS-VERUS/rust_verify_test/target/release/build/rust_verify_test/99a88c02c8fc630f/test_inputs/ProveBSTSetAVLMtEph-99a88c02c8fc630f-bstsetavlmteph_for_borrow_iter/test.rs


    thread 'bstsetavlmteph_for_borrow_iter' (519647) panicked at tests/Chap37/ProveBSTSetAVLMtEph.rs:112:1:
    Err(_) does not match $result
    note: run with `RUST_BACKTRACE=1` environment variable to display a backtrace

        FAIL [   0.063s] ( 67/328) rust_verify_test::ProveBSTSetAVLMtEph bstsetavlmteph_loop_borrow_iter
  stdout ───

    running 1 test
    test bstsetavlmteph_loop_borrow_iter ... FAILED

    failures:

    failures:
        bstsetavlmteph_loop_borrow_iter

    test result: FAILED. 0 passed; 1 failed; 0 ignored; 0 measured; 1 filtered out; finished in 0.06s

  stderr ───
    error[E0433]: cannot find `Chap37` in `apas_verus`
      --> /home/milnes/projects/APAS-VERUS/rust_verify_test/target/release/build/rust_verify_test/99a88c02c8fc630f/test_inputs/ProveBSTSetAVLMtEph-99a88c02c8fc630f-bstsetavlmteph_loop_borrow_iter/test.rs:17:17
       |
    17 | use apas_verus::Chap37::BSTSetAVLMtEph::BSTSetAVLMtEph::*;
       |                 ^^^^^^ could not find `Chap37` in `apas_verus`
       |
    note: found an item that was configured out
      --> src/lib.rs:445:48
       |
       = note: the item is gated here


    error[E0432]: unresolved import `apas_verus::BSTSetAVLMtEphLit`
      --> /home/milnes/projects/APAS-VERUS/rust_verify_test/target/release/build/rust_verify_test/99a88c02c8fc630f/test_inputs/ProveBSTSetAVLMtEph-99a88c02c8fc630f-bstsetavlmteph_loop_borrow_iter/test.rs:18:5
       |
    18 | use apas_verus::BSTSetAVLMtEphLit;
       |     ^^^^^^^^^^^^-----------------
       |                 |
       |                 no `BSTSetAVLMtEphLit` in the root


    error[E0425]: cannot find type `BSTSetAVLMtEph` in this scope
      --> /home/milnes/projects/APAS-VERUS/rust_verify_test/target/release/build/rust_verify_test/99a88c02c8fc630f/test_inputs/ProveBSTSetAVLMtEph-99a88c02c8fc630f-bstsetavlmteph_loop_borrow_iter/test.rs:24:16
       |
    24 |     let mut a: BSTSetAVLMtEph<u64> = BSTSetAVLMtEphLit![1u64, 2u64, 3u64];
       |                ^^^^^^^^^^^^^^ not found in this scope


    error: aborting due to 3 previous errors


    Some errors have detailed explanations: E0425, E0432, E0433.

    For more information about an error, try `rustc --explain E0425`.

    the input directory is /home/milnes/projects/APAS-VERUS/rust_verify_test/target/release/build/rust_verify_test/99a88c02c8fc630f/test_inputs/ProveBSTSetAVLMtEph-99a88c02c8fc630f-bstsetavlmteph_loop_borrow_iter
    rerun this test with:
    verus --crate-type=lib  /home/milnes/projects/APAS-VERUS/rust_verify_test/target/release/build/rust_verify_test/99a88c02c8fc630f/test_inputs/ProveBSTSetAVLMtEph-99a88c02c8fc630f-bstsetavlmteph_loop_borrow_iter/test.rs


    thread 'bstsetavlmteph_loop_borrow_iter' (519649) panicked at tests/Chap37/ProveBSTSetAVLMtEph.rs:17:1:
    Err(_) does not match $result
    note: run with `RUST_BACKTRACE=1` environment variable to display a backtrace

        FAIL [   0.072s] ( 68/328) rust_verify_test::ProveBSTSetBBAlphaMtEph bstsetbbalphamteph_for_borrow_iter
  stdout ───

    running 1 test
    test bstsetbbalphamteph_for_borrow_iter ... FAILED

    failures:

    failures:
        bstsetbbalphamteph_for_borrow_iter

    test result: FAILED. 0 passed; 1 failed; 0 ignored; 0 measured; 1 filtered out; finished in 0.07s

  stderr ───
    error[E0433]: cannot find `Chap37` in `apas_verus`
      --> /home/milnes/projects/APAS-VERUS/rust_verify_test/target/release/build/rust_verify_test/88bc5594850b3a0d/test_inputs/ProveBSTSetBBAlphaMtEph-88bc5594850b3a0d-bstsetbbalphamteph_for_borrow_iter/test.rs:17:17
       |
    17 | use apas_verus::Chap37::BSTSetBBAlphaMtEph::BSTSetBBAlphaMtEph::*;
       |                 ^^^^^^ could not find `Chap37` in `apas_verus`
       |
    note: found an item that was configured out
      --> src/lib.rs:445:48
       |
       = note: the item is gated here


    error[E0432]: unresolved import `apas_verus::BSTSetBBAlphaMtEphLit`
      --> /home/milnes/projects/APAS-VERUS/rust_verify_test/target/release/build/rust_verify_test/88bc5594850b3a0d/test_inputs/ProveBSTSetBBAlphaMtEph-88bc5594850b3a0d-bstsetbbalphamteph_for_borrow_iter/test.rs:18:5
       |
    18 | use apas_verus::BSTSetBBAlphaMtEphLit;
       |     ^^^^^^^^^^^^---------------------
       |                 |
       |                 no `BSTSetBBAlphaMtEphLit` in the root


    error[E0425]: cannot find type `BSTSetBBAlphaMtEph` in this scope
      --> /home/milnes/projects/APAS-VERUS/rust_verify_test/target/release/build/rust_verify_test/88bc5594850b3a0d/test_inputs/ProveBSTSetBBAlphaMtEph-88bc5594850b3a0d-bstsetbbalphamteph_for_borrow_iter/test.rs:24:16
       |
    24 |     let mut a: BSTSetBBAlphaMtEph<u64> = BSTSetBBAlphaMtEphLit![1u64, 2u64, 3u64];
       |                ^^^^^^^^^^^^^^^^^^ not found in this scope


    error: aborting due to 3 previous errors


    Some errors have detailed explanations: E0425, E0432, E0433.

    For more information about an error, try `rustc --explain E0425`.

    the input directory is /home/milnes/projects/APAS-VERUS/rust_verify_test/target/release/build/rust_verify_test/88bc5594850b3a0d/test_inputs/ProveBSTSetBBAlphaMtEph-88bc5594850b3a0d-bstsetbbalphamteph_for_borrow_iter
    rerun this test with:
    verus --crate-type=lib  /home/milnes/projects/APAS-VERUS/rust_verify_test/target/release/build/rust_verify_test/88bc5594850b3a0d/test_inputs/ProveBSTSetBBAlphaMtEph-88bc5594850b3a0d-bstsetbbalphamteph_for_borrow_iter/test.rs


    thread 'bstsetbbalphamteph_for_borrow_iter' (519650) panicked at tests/Chap37/ProveBSTSetBBAlphaMtEph.rs:112:1:
    Err(_) does not match $result
    note: run with `RUST_BACKTRACE=1` environment variable to display a backtrace

        FAIL [   0.069s] ( 69/328) rust_verify_test::ProveBSTSetBBAlphaMtEph bstsetbbalphamteph_loop_borrow_iter
  stdout ───

    running 1 test
    test bstsetbbalphamteph_loop_borrow_iter ... FAILED

    failures:

    failures:
        bstsetbbalphamteph_loop_borrow_iter

    test result: FAILED. 0 passed; 1 failed; 0 ignored; 0 measured; 1 filtered out; finished in 0.07s

  stderr ───
    error[E0433]: cannot find `Chap37` in `apas_verus`
      --> /home/milnes/projects/APAS-VERUS/rust_verify_test/target/release/build/rust_verify_test/88bc5594850b3a0d/test_inputs/ProveBSTSetBBAlphaMtEph-88bc5594850b3a0d-bstsetbbalphamteph_loop_borrow_iter/test.rs:17:17
       |
    17 | use apas_verus::Chap37::BSTSetBBAlphaMtEph::BSTSetBBAlphaMtEph::*;
       |                 ^^^^^^ could not find `Chap37` in `apas_verus`
       |
    note: found an item that was configured out
      --> src/lib.rs:445:48
       |
       = note: the item is gated here


    error[E0432]: unresolved import `apas_verus::BSTSetBBAlphaMtEphLit`
      --> /home/milnes/projects/APAS-VERUS/rust_verify_test/target/release/build/rust_verify_test/88bc5594850b3a0d/test_inputs/ProveBSTSetBBAlphaMtEph-88bc5594850b3a0d-bstsetbbalphamteph_loop_borrow_iter/test.rs:18:5
       |
    18 | use apas_verus::BSTSetBBAlphaMtEphLit;
       |     ^^^^^^^^^^^^---------------------
       |                 |
       |                 no `BSTSetBBAlphaMtEphLit` in the root


    error[E0425]: cannot find type `BSTSetBBAlphaMtEph` in this scope
      --> /home/milnes/projects/APAS-VERUS/rust_verify_test/target/release/build/rust_verify_test/88bc5594850b3a0d/test_inputs/ProveBSTSetBBAlphaMtEph-88bc5594850b3a0d-bstsetbbalphamteph_loop_borrow_iter/test.rs:24:16
       |
    24 |     let mut a: BSTSetBBAlphaMtEph<u64> = BSTSetBBAlphaMtEphLit![1u64, 2u64, 3u64];
       |                ^^^^^^^^^^^^^^^^^^ not found in this scope


    error: aborting due to 3 previous errors


    Some errors have detailed explanations: E0425, E0432, E0433.

    For more information about an error, try `rustc --explain E0425`.

    the input directory is /home/milnes/projects/APAS-VERUS/rust_verify_test/target/release/build/rust_verify_test/88bc5594850b3a0d/test_inputs/ProveBSTSetBBAlphaMtEph-88bc5594850b3a0d-bstsetbbalphamteph_loop_borrow_iter
    rerun this test with:
    verus --crate-type=lib  /home/milnes/projects/APAS-VERUS/rust_verify_test/target/release/build/rust_verify_test/88bc5594850b3a0d/test_inputs/ProveBSTSetBBAlphaMtEph-88bc5594850b3a0d-bstsetbbalphamteph_loop_borrow_iter/test.rs


    thread 'bstsetbbalphamteph_loop_borrow_iter' (519713) panicked at tests/Chap37/ProveBSTSetBBAlphaMtEph.rs:17:1:
    Err(_) does not match $result
    note: run with `RUST_BACKTRACE=1` environment variable to display a backtrace

        FAIL [   0.074s] ( 70/328) rust_verify_test::ProveBSTSetPlainMtEph bstsetplainmteph_for_borrow_iter
  stdout ───

    running 1 test
    test bstsetplainmteph_for_borrow_iter ... FAILED

    failures:

    failures:
        bstsetplainmteph_for_borrow_iter

    test result: FAILED. 0 passed; 1 failed; 0 ignored; 0 measured; 1 filtered out; finished in 0.07s

  stderr ───
    error[E0433]: cannot find `Chap37` in `apas_verus`
      --> /home/milnes/projects/APAS-VERUS/rust_verify_test/target/release/build/rust_verify_test/eefbe38162feb7ed/test_inputs/ProveBSTSetPlainMtEph-eefbe38162feb7ed-bstsetplainmteph_for_borrow_iter/test.rs:17:17
       |
    17 | use apas_verus::Chap37::BSTSetPlainMtEph::BSTSetPlainMtEph::*;
       |                 ^^^^^^ could not find `Chap37` in `apas_verus`
       |
    note: found an item that was configured out
      --> src/lib.rs:445:48
       |
       = note: the item is gated here


    error[E0432]: unresolved import `apas_verus::BSTSetPlainMtEphLit`
      --> /home/milnes/projects/APAS-VERUS/rust_verify_test/target/release/build/rust_verify_test/eefbe38162feb7ed/test_inputs/ProveBSTSetPlainMtEph-eefbe38162feb7ed-bstsetplainmteph_for_borrow_iter/test.rs:18:5
       |
    18 | use apas_verus::BSTSetPlainMtEphLit;
       |     ^^^^^^^^^^^^-------------------
       |                 |
       |                 no `BSTSetPlainMtEphLit` in the root


    error[E0425]: cannot find type `BSTSetPlainMtEph` in this scope
      --> /home/milnes/projects/APAS-VERUS/rust_verify_test/target/release/build/rust_verify_test/eefbe38162feb7ed/test_inputs/ProveBSTSetPlainMtEph-eefbe38162feb7ed-bstsetplainmteph_for_borrow_iter/test.rs:24:16
       |
    24 |     let mut a: BSTSetPlainMtEph<u64> = BSTSetPlainMtEphLit![1u64, 2u64, 3u64];
       |                ^^^^^^^^^^^^^^^^ not found in this scope


    error: aborting due to 3 previous errors


    Some errors have detailed explanations: E0425, E0432, E0433.

    For more information about an error, try `rustc --explain E0425`.

    the input directory is /home/milnes/projects/APAS-VERUS/rust_verify_test/target/release/build/rust_verify_test/eefbe38162feb7ed/test_inputs/ProveBSTSetPlainMtEph-eefbe38162feb7ed-bstsetplainmteph_for_borrow_iter
    rerun this test with:
    verus --crate-type=lib  /home/milnes/projects/APAS-VERUS/rust_verify_test/target/release/build/rust_verify_test/eefbe38162feb7ed/test_inputs/ProveBSTSetPlainMtEph-eefbe38162feb7ed-bstsetplainmteph_for_borrow_iter/test.rs


    thread 'bstsetplainmteph_for_borrow_iter' (519712) panicked at tests/Chap37/ProveBSTSetPlainMtEph.rs:112:1:
    Err(_) does not match $result
    note: run with `RUST_BACKTRACE=1` environment variable to display a backtrace

        FAIL [   0.061s] ( 71/328) rust_verify_test::ProveBSTSetPlainMtEph bstsetplainmteph_loop_borrow_iter
  stdout ───

    running 1 test
    test bstsetplainmteph_loop_borrow_iter ... FAILED

    failures:

    failures:
        bstsetplainmteph_loop_borrow_iter

    test result: FAILED. 0 passed; 1 failed; 0 ignored; 0 measured; 1 filtered out; finished in 0.06s

  stderr ───
    error[E0433]: cannot find `Chap37` in `apas_verus`
      --> /home/milnes/projects/APAS-VERUS/rust_verify_test/target/release/build/rust_verify_test/eefbe38162feb7ed/test_inputs/ProveBSTSetPlainMtEph-eefbe38162feb7ed-bstsetplainmteph_loop_borrow_iter/test.rs:17:17
       |
    17 | use apas_verus::Chap37::BSTSetPlainMtEph::BSTSetPlainMtEph::*;
       |                 ^^^^^^ could not find `Chap37` in `apas_verus`
       |
    note: found an item that was configured out
      --> src/lib.rs:445:48
       |
       = note: the item is gated here


    error[E0432]: unresolved import `apas_verus::BSTSetPlainMtEphLit`
      --> /home/milnes/projects/APAS-VERUS/rust_verify_test/target/release/build/rust_verify_test/eefbe38162feb7ed/test_inputs/ProveBSTSetPlainMtEph-eefbe38162feb7ed-bstsetplainmteph_loop_borrow_iter/test.rs:18:5
       |
    18 | use apas_verus::BSTSetPlainMtEphLit;
       |     ^^^^^^^^^^^^-------------------
       |                 |
       |                 no `BSTSetPlainMtEphLit` in the root


    error[E0425]: cannot find type `BSTSetPlainMtEph` in this scope
      --> /home/milnes/projects/APAS-VERUS/rust_verify_test/target/release/build/rust_verify_test/eefbe38162feb7ed/test_inputs/ProveBSTSetPlainMtEph-eefbe38162feb7ed-bstsetplainmteph_loop_borrow_iter/test.rs:24:16
       |
    24 |     let mut a: BSTSetPlainMtEph<u64> = BSTSetPlainMtEphLit![1u64, 2u64, 3u64];
       |                ^^^^^^^^^^^^^^^^ not found in this scope


    error: aborting due to 3 previous errors


    Some errors have detailed explanations: E0425, E0432, E0433.

    For more information about an error, try `rustc --explain E0425`.

    the input directory is /home/milnes/projects/APAS-VERUS/rust_verify_test/target/release/build/rust_verify_test/eefbe38162feb7ed/test_inputs/ProveBSTSetPlainMtEph-eefbe38162feb7ed-bstsetplainmteph_loop_borrow_iter
    rerun this test with:
    verus --crate-type=lib  /home/milnes/projects/APAS-VERUS/rust_verify_test/target/release/build/rust_verify_test/eefbe38162feb7ed/test_inputs/ProveBSTSetPlainMtEph-eefbe38162feb7ed-bstsetplainmteph_loop_borrow_iter/test.rs


    thread 'bstsetplainmteph_loop_borrow_iter' (519755) panicked at tests/Chap37/ProveBSTSetPlainMtEph.rs:17:1:
    Err(_) does not match $result
    note: run with `RUST_BACKTRACE=1` environment variable to display a backtrace

        PASS [   1.204s] ( 72/328) rust_verify_test::MappingStEph mapping_st_eph_for_iter
        FAIL [   0.069s] ( 73/328) rust_verify_test::ProveBSTSetRBMtEph bstsetrbmteph_for_borrow_iter
  stdout ───

    running 1 test
    test bstsetrbmteph_for_borrow_iter ... FAILED

    failures:

    failures:
        bstsetrbmteph_for_borrow_iter

    test result: FAILED. 0 passed; 1 failed; 0 ignored; 0 measured; 1 filtered out; finished in 0.07s

  stderr ───
    error[E0433]: cannot find `Chap37` in `apas_verus`
      --> /home/milnes/projects/APAS-VERUS/rust_verify_test/target/release/build/rust_verify_test/bed158ae74cedae7/test_inputs/ProveBSTSetRBMtEph-bed158ae74cedae7-bstsetrbmteph_for_borrow_iter/test.rs:17:17
       |
    17 | use apas_verus::Chap37::BSTSetRBMtEph::BSTSetRBMtEph::*;
       |                 ^^^^^^ could not find `Chap37` in `apas_verus`
       |
    note: found an item that was configured out
      --> src/lib.rs:445:48
       |
       = note: the item is gated here


    error[E0432]: unresolved import `apas_verus::BSTSetRBMtEphLit`
      --> /home/milnes/projects/APAS-VERUS/rust_verify_test/target/release/build/rust_verify_test/bed158ae74cedae7/test_inputs/ProveBSTSetRBMtEph-bed158ae74cedae7-bstsetrbmteph_for_borrow_iter/test.rs:18:5
       |
    18 | use apas_verus::BSTSetRBMtEphLit;
       |     ^^^^^^^^^^^^----------------
       |                 |
       |                 no `BSTSetRBMtEphLit` in the root


    error[E0425]: cannot find type `BSTSetRBMtEph` in this scope
      --> /home/milnes/projects/APAS-VERUS/rust_verify_test/target/release/build/rust_verify_test/bed158ae74cedae7/test_inputs/ProveBSTSetRBMtEph-bed158ae74cedae7-bstsetrbmteph_for_borrow_iter/test.rs:24:16
       |
    24 |     let mut a: BSTSetRBMtEph<u64> = BSTSetRBMtEphLit![1u64, 2u64, 3u64];
       |                ^^^^^^^^^^^^^ not found in this scope


    error: aborting due to 3 previous errors


    Some errors have detailed explanations: E0425, E0432, E0433.

    For more information about an error, try `rustc --explain E0425`.

    the input directory is /home/milnes/projects/APAS-VERUS/rust_verify_test/target/release/build/rust_verify_test/bed158ae74cedae7/test_inputs/ProveBSTSetRBMtEph-bed158ae74cedae7-bstsetrbmteph_for_borrow_iter
    rerun this test with:
    verus --crate-type=lib  /home/milnes/projects/APAS-VERUS/rust_verify_test/target/release/build/rust_verify_test/bed158ae74cedae7/test_inputs/ProveBSTSetRBMtEph-bed158ae74cedae7-bstsetrbmteph_for_borrow_iter/test.rs


    thread 'bstsetrbmteph_for_borrow_iter' (519767) panicked at tests/Chap37/ProveBSTSetRBMtEph.rs:112:1:
    Err(_) does not match $result
    note: run with `RUST_BACKTRACE=1` environment variable to display a backtrace

        FAIL [   0.061s] ( 74/328) rust_verify_test::ProveBSTSetRBMtEph bstsetrbmteph_loop_borrow_iter
  stdout ───

    running 1 test
    test bstsetrbmteph_loop_borrow_iter ... FAILED

    failures:

    failures:
        bstsetrbmteph_loop_borrow_iter

    test result: FAILED. 0 passed; 1 failed; 0 ignored; 0 measured; 1 filtered out; finished in 0.06s

  stderr ───
    error[E0433]: cannot find `Chap37` in `apas_verus`
      --> /home/milnes/projects/APAS-VERUS/rust_verify_test/target/release/build/rust_verify_test/bed158ae74cedae7/test_inputs/ProveBSTSetRBMtEph-bed158ae74cedae7-bstsetrbmteph_loop_borrow_iter/test.rs:17:17
       |
    17 | use apas_verus::Chap37::BSTSetRBMtEph::BSTSetRBMtEph::*;
       |                 ^^^^^^ could not find `Chap37` in `apas_verus`
       |
    note: found an item that was configured out
      --> src/lib.rs:445:48
       |
       = note: the item is gated here


    error[E0432]: unresolved import `apas_verus::BSTSetRBMtEphLit`
      --> /home/milnes/projects/APAS-VERUS/rust_verify_test/target/release/build/rust_verify_test/bed158ae74cedae7/test_inputs/ProveBSTSetRBMtEph-bed158ae74cedae7-bstsetrbmteph_loop_borrow_iter/test.rs:18:5
       |
    18 | use apas_verus::BSTSetRBMtEphLit;
       |     ^^^^^^^^^^^^----------------
       |                 |
       |                 no `BSTSetRBMtEphLit` in the root


    error[E0425]: cannot find type `BSTSetRBMtEph` in this scope
      --> /home/milnes/projects/APAS-VERUS/rust_verify_test/target/release/build/rust_verify_test/bed158ae74cedae7/test_inputs/ProveBSTSetRBMtEph-bed158ae74cedae7-bstsetrbmteph_loop_borrow_iter/test.rs:24:16
       |
    24 |     let mut a: BSTSetRBMtEph<u64> = BSTSetRBMtEphLit![1u64, 2u64, 3u64];
       |                ^^^^^^^^^^^^^ not found in this scope


    error: aborting due to 3 previous errors


    Some errors have detailed explanations: E0425, E0432, E0433.

    For more information about an error, try `rustc --explain E0425`.

    the input directory is /home/milnes/projects/APAS-VERUS/rust_verify_test/target/release/build/rust_verify_test/bed158ae74cedae7/test_inputs/ProveBSTSetRBMtEph-bed158ae74cedae7-bstsetrbmteph_loop_borrow_iter
    rerun this test with:
    verus --crate-type=lib  /home/milnes/projects/APAS-VERUS/rust_verify_test/target/release/build/rust_verify_test/bed158ae74cedae7/test_inputs/ProveBSTSetRBMtEph-bed158ae74cedae7-bstsetrbmteph_loop_borrow_iter/test.rs


    thread 'bstsetrbmteph_loop_borrow_iter' (519795) panicked at tests/Chap37/ProveBSTSetRBMtEph.rs:17:1:
    Err(_) does not match $result
    note: run with `RUST_BACKTRACE=1` environment variable to display a backtrace

        FAIL [   0.061s] ( 75/328) rust_verify_test::ProveBSTSetSplayMtEph bstsetsplaymteph_loop_borrow_iter
  stdout ───

    running 1 test
    test bstsetsplaymteph_loop_borrow_iter ... FAILED

    failures:

    failures:
        bstsetsplaymteph_loop_borrow_iter

    test result: FAILED. 0 passed; 1 failed; 0 ignored; 0 measured; 1 filtered out; finished in 0.06s

  stderr ───
    error[E0433]: cannot find `Chap37` in `apas_verus`
      --> /home/milnes/projects/APAS-VERUS/rust_verify_test/target/release/build/rust_verify_test/4d82334e00ec4f81/test_inputs/ProveBSTSetSplayMtEph-4d82334e00ec4f81-bstsetsplaymteph_loop_borrow_iter/test.rs:17:17
       |
    17 | use apas_verus::Chap37::BSTSetSplayMtEph::BSTSetSplayMtEph::*;
       |                 ^^^^^^ could not find `Chap37` in `apas_verus`
       |
    note: found an item that was configured out
      --> src/lib.rs:445:48
       |
       = note: the item is gated here


    error[E0432]: unresolved import `apas_verus::BSTSetSplayMtEphLit`
      --> /home/milnes/projects/APAS-VERUS/rust_verify_test/target/release/build/rust_verify_test/4d82334e00ec4f81/test_inputs/ProveBSTSetSplayMtEph-4d82334e00ec4f81-bstsetsplaymteph_loop_borrow_iter/test.rs:18:5
       |
    18 | use apas_verus::BSTSetSplayMtEphLit;
       |     ^^^^^^^^^^^^-------------------
       |                 |
       |                 no `BSTSetSplayMtEphLit` in the root


    error[E0425]: cannot find type `BSTSetSplayMtEph` in this scope
      --> /home/milnes/projects/APAS-VERUS/rust_verify_test/target/release/build/rust_verify_test/4d82334e00ec4f81/test_inputs/ProveBSTSetSplayMtEph-4d82334e00ec4f81-bstsetsplaymteph_loop_borrow_iter/test.rs:24:16
       |
    24 |     let mut a: BSTSetSplayMtEph<u64> = BSTSetSplayMtEphLit![1u64, 2u64, 3u64];
       |                ^^^^^^^^^^^^^^^^ not found in this scope


    error: aborting due to 3 previous errors


    Some errors have detailed explanations: E0425, E0432, E0433.

    For more information about an error, try `rustc --explain E0425`.

    the input directory is /home/milnes/projects/APAS-VERUS/rust_verify_test/target/release/build/rust_verify_test/4d82334e00ec4f81/test_inputs/ProveBSTSetSplayMtEph-4d82334e00ec4f81-bstsetsplaymteph_loop_borrow_iter
    rerun this test with:
    verus --crate-type=lib  /home/milnes/projects/APAS-VERUS/rust_verify_test/target/release/build/rust_verify_test/4d82334e00ec4f81/test_inputs/ProveBSTSetSplayMtEph-4d82334e00ec4f81-bstsetsplaymteph_loop_borrow_iter/test.rs


    thread 'bstsetsplaymteph_loop_borrow_iter' (519833) panicked at tests/Chap37/ProveBSTSetSplayMtEph.rs:17:1:
    Err(_) does not match $result
    note: run with `RUST_BACKTRACE=1` environment variable to display a backtrace

        FAIL [   0.066s] ( 76/328) rust_verify_test::ProveBSTSetSplayMtEph bstsetsplaymteph_for_borrow_iter
  stdout ───

    running 1 test
    test bstsetsplaymteph_for_borrow_iter ... FAILED

    failures:

    failures:
        bstsetsplaymteph_for_borrow_iter

    test result: FAILED. 0 passed; 1 failed; 0 ignored; 0 measured; 1 filtered out; finished in 0.06s

  stderr ───
    error[E0433]: cannot find `Chap37` in `apas_verus`
      --> /home/milnes/projects/APAS-VERUS/rust_verify_test/target/release/build/rust_verify_test/4d82334e00ec4f81/test_inputs/ProveBSTSetSplayMtEph-4d82334e00ec4f81-bstsetsplaymteph_for_borrow_iter/test.rs:17:17
       |
    17 | use apas_verus::Chap37::BSTSetSplayMtEph::BSTSetSplayMtEph::*;
       |                 ^^^^^^ could not find `Chap37` in `apas_verus`
       |
    note: found an item that was configured out
      --> src/lib.rs:445:48
       |
       = note: the item is gated here


    error[E0432]: unresolved import `apas_verus::BSTSetSplayMtEphLit`
      --> /home/milnes/projects/APAS-VERUS/rust_verify_test/target/release/build/rust_verify_test/4d82334e00ec4f81/test_inputs/ProveBSTSetSplayMtEph-4d82334e00ec4f81-bstsetsplaymteph_for_borrow_iter/test.rs:18:5
       |
    18 | use apas_verus::BSTSetSplayMtEphLit;
       |     ^^^^^^^^^^^^-------------------
       |                 |
       |                 no `BSTSetSplayMtEphLit` in the root


    error[E0425]: cannot find type `BSTSetSplayMtEph` in this scope
      --> /home/milnes/projects/APAS-VERUS/rust_verify_test/target/release/build/rust_verify_test/4d82334e00ec4f81/test_inputs/ProveBSTSetSplayMtEph-4d82334e00ec4f81-bstsetsplaymteph_for_borrow_iter/test.rs:24:16
       |
    24 |     let mut a: BSTSetSplayMtEph<u64> = BSTSetSplayMtEphLit![1u64, 2u64, 3u64];
       |                ^^^^^^^^^^^^^^^^ not found in this scope


    error: aborting due to 3 previous errors


    Some errors have detailed explanations: E0425, E0432, E0433.

    For more information about an error, try `rustc --explain E0425`.

    the input directory is /home/milnes/projects/APAS-VERUS/rust_verify_test/target/release/build/rust_verify_test/4d82334e00ec4f81/test_inputs/ProveBSTSetSplayMtEph-4d82334e00ec4f81-bstsetsplaymteph_for_borrow_iter
    rerun this test with:
    verus --crate-type=lib  /home/milnes/projects/APAS-VERUS/rust_verify_test/target/release/build/rust_verify_test/4d82334e00ec4f81/test_inputs/ProveBSTSetSplayMtEph-4d82334e00ec4f81-bstsetsplaymteph_for_borrow_iter/test.rs


    thread 'bstsetsplaymteph_for_borrow_iter' (519821) panicked at tests/Chap37/ProveBSTSetSplayMtEph.rs:112:1:
    Err(_) does not match $result
    note: run with `RUST_BACKTRACE=1` environment variable to display a backtrace

        FAIL [   0.077s] ( 77/328) rust_verify_test::ProveBSTSetTreapMtEph bstsettreapmteph_for_borrow_iter
  stdout ───

    running 1 test
    test bstsettreapmteph_for_borrow_iter ... FAILED

    failures:

    failures:
        bstsettreapmteph_for_borrow_iter

    test result: FAILED. 0 passed; 1 failed; 0 ignored; 0 measured; 1 filtered out; finished in 0.07s

  stderr ───
    error[E0433]: cannot find `Chap39` in `apas_verus`
      --> /home/milnes/projects/APAS-VERUS/rust_verify_test/target/release/build/rust_verify_test/bec6e0ae02541b68/test_inputs/ProveBSTSetTreapMtEph-bec6e0ae02541b68-bstsettreapmteph_for_borrow_iter/test.rs:17:17
       |
    17 | use apas_verus::Chap39::BSTSetTreapMtEph::BSTSetTreapMtEph::*;
       |                 ^^^^^^ could not find `Chap39` in `apas_verus`
       |
    note: found an item that was configured out
      --> src/lib.rs:477:48
       |
       = note: the item is gated here


    error[E0433]: cannot find `Chap39` in `apas_verus`
      --> /home/milnes/projects/APAS-VERUS/rust_verify_test/target/release/build/rust_verify_test/bec6e0ae02541b68/test_inputs/ProveBSTSetTreapMtEph-bec6e0ae02541b68-bstsettreapmteph_for_borrow_iter/test.rs:18:17
       |
    18 | use apas_verus::Chap39::BSTParaTreapMtEph::BSTParaTreapMtEph::view_ord_consistent;
       |                 ^^^^^^ could not find `Chap39` in `apas_verus`
       |
    note: found an item that was configured out
      --> src/lib.rs:477:48
       |
       = note: the item is gated here


    error[E0425]: cannot find type `BSTSetTreapMtEph` in this scope
      --> /home/milnes/projects/APAS-VERUS/rust_verify_test/target/release/build/rust_verify_test/bec6e0ae02541b68/test_inputs/ProveBSTSetTreapMtEph-bec6e0ae02541b68-bstsettreapmteph_for_borrow_iter/test.rs:25:12
       |
    25 |     let a: BSTSetTreapMtEph<u64> = BSTSetTreapMtEph::empty();
       |            ^^^^^^^^^^^^^^^^ not found in this scope


    error[E0433]: cannot find type `BSTSetTreapMtEph` in this scope
      --> /home/milnes/projects/APAS-VERUS/rust_verify_test/target/release/build/rust_verify_test/bec6e0ae02541b68/test_inputs/ProveBSTSetTreapMtEph-bec6e0ae02541b68-bstsettreapmteph_for_borrow_iter/test.rs:25:36
       |
    25 |     let a: BSTSetTreapMtEph<u64> = BSTSetTreapMtEph::empty();
       |                                    ^^^^^^^^^^^^^^^^ use of undeclared type `BSTSetTreapMtEph`


    error: aborting due to 4 previous errors


    Some errors have detailed explanations: E0425, E0433.

    For more information about an error, try `rustc --explain E0425`.

    the input directory is /home/milnes/projects/APAS-VERUS/rust_verify_test/target/release/build/rust_verify_test/bec6e0ae02541b68/test_inputs/ProveBSTSetTreapMtEph-bec6e0ae02541b68-bstsettreapmteph_for_borrow_iter
    rerun this test with:
    verus --crate-type=lib  /home/milnes/projects/APAS-VERUS/rust_verify_test/target/release/build/rust_verify_test/bec6e0ae02541b68/test_inputs/ProveBSTSetTreapMtEph-bec6e0ae02541b68-bstsettreapmteph_for_borrow_iter/test.rs


    thread 'bstsettreapmteph_for_borrow_iter' (519865) panicked at tests/Chap39/ProveBSTSetTreapMtEph.rs:70:1:
    Err(_) does not match $result
    note: run with `RUST_BACKTRACE=1` environment variable to display a backtrace

        FAIL [   0.066s] ( 78/328) rust_verify_test::ProveBSTSetTreapMtEph bstsettreapmteph_loop_borrow_iter
  stdout ───

    running 1 test
    test bstsettreapmteph_loop_borrow_iter ... FAILED

    failures:

    failures:
        bstsettreapmteph_loop_borrow_iter

    test result: FAILED. 0 passed; 1 failed; 0 ignored; 0 measured; 1 filtered out; finished in 0.06s

  stderr ───
    error[E0433]: cannot find `Chap39` in `apas_verus`
      --> /home/milnes/projects/APAS-VERUS/rust_verify_test/target/release/build/rust_verify_test/bec6e0ae02541b68/test_inputs/ProveBSTSetTreapMtEph-bec6e0ae02541b68-bstsettreapmteph_loop_borrow_iter/test.rs:17:17
       |
    17 | use apas_verus::Chap39::BSTSetTreapMtEph::BSTSetTreapMtEph::*;
       |                 ^^^^^^ could not find `Chap39` in `apas_verus`
       |
    note: found an item that was configured out
      --> src/lib.rs:477:48
       |
       = note: the item is gated here


    error[E0433]: cannot find `Chap39` in `apas_verus`
      --> /home/milnes/projects/APAS-VERUS/rust_verify_test/target/release/build/rust_verify_test/bec6e0ae02541b68/test_inputs/ProveBSTSetTreapMtEph-bec6e0ae02541b68-bstsettreapmteph_loop_borrow_iter/test.rs:18:17
       |
    18 | use apas_verus::Chap39::BSTParaTreapMtEph::BSTParaTreapMtEph::view_ord_consistent;
       |                 ^^^^^^ could not find `Chap39` in `apas_verus`
       |
    note: found an item that was configured out
      --> src/lib.rs:477:48
       |
       = note: the item is gated here


    error[E0425]: cannot find type `BSTSetTreapMtEph` in this scope
      --> /home/milnes/projects/APAS-VERUS/rust_verify_test/target/release/build/rust_verify_test/bec6e0ae02541b68/test_inputs/ProveBSTSetTreapMtEph-bec6e0ae02541b68-bstsettreapmteph_loop_borrow_iter/test.rs:25:12
       |
    25 |     let a: BSTSetTreapMtEph<u64> = BSTSetTreapMtEph::empty();
       |            ^^^^^^^^^^^^^^^^ not found in this scope


    error[E0433]: cannot find type `BSTSetTreapMtEph` in this scope
      --> /home/milnes/projects/APAS-VERUS/rust_verify_test/target/release/build/rust_verify_test/bec6e0ae02541b68/test_inputs/ProveBSTSetTreapMtEph-bec6e0ae02541b68-bstsettreapmteph_loop_borrow_iter/test.rs:25:36
       |
    25 |     let a: BSTSetTreapMtEph<u64> = BSTSetTreapMtEph::empty();
       |                                    ^^^^^^^^^^^^^^^^ use of undeclared type `BSTSetTreapMtEph`


    error: aborting due to 4 previous errors


    Some errors have detailed explanations: E0425, E0433.

    For more information about an error, try `rustc --explain E0425`.

    the input directory is /home/milnes/projects/APAS-VERUS/rust_verify_test/target/release/build/rust_verify_test/bec6e0ae02541b68/test_inputs/ProveBSTSetTreapMtEph-bec6e0ae02541b68-bstsettreapmteph_loop_borrow_iter
    rerun this test with:
    verus --crate-type=lib  /home/milnes/projects/APAS-VERUS/rust_verify_test/target/release/build/rust_verify_test/bec6e0ae02541b68/test_inputs/ProveBSTSetTreapMtEph-bec6e0ae02541b68-bstsettreapmteph_loop_borrow_iter/test.rs


    thread 'bstsettreapmteph_loop_borrow_iter' (519887) panicked at tests/Chap39/ProveBSTSetTreapMtEph.rs:17:1:
    Err(_) does not match $result
    note: run with `RUST_BACKTRACE=1` environment variable to display a backtrace

        FAIL [   0.075s] ( 79/328) rust_verify_test::ProveBSTSizeStEph bstsizesteph_for_borrow_iter
  stdout ───

    running 1 test
    test bstsizesteph_for_borrow_iter ... FAILED

    failures:

    failures:
        bstsizesteph_for_borrow_iter

    test result: FAILED. 0 passed; 1 failed; 0 ignored; 0 measured; 1 filtered out; finished in 0.07s

  stderr ───
    error[E0433]: cannot find `Chap40` in `apas_verus`
      --> /home/milnes/projects/APAS-VERUS/rust_verify_test/target/release/build/rust_verify_test/92451e2c9f1cfcda/test_inputs/ProveBSTSizeStEph-92451e2c9f1cfcda-bstsizesteph_for_borrow_iter/test.rs:17:17
       |
    17 | use apas_verus::Chap40::BSTSizeStEph::BSTSizeStEph::*;
       |                 ^^^^^^ could not find `Chap40` in `apas_verus`
       |
    note: found an item that was configured out
      --> src/lib.rs:486:48
       |
       = note: the item is gated here


    error[E0425]: cannot find type `BSTSizeStEph` in this scope
      --> /home/milnes/projects/APAS-VERUS/rust_verify_test/target/release/build/rust_verify_test/92451e2c9f1cfcda/test_inputs/ProveBSTSizeStEph-92451e2c9f1cfcda-bstsizesteph_for_borrow_iter/test.rs:20:12
       |
    20 |     let a: BSTSizeStEph<u64> = BSTSizeStEph::new();
       |            ^^^^^^^^^^^^ not found in this scope


    error[E0433]: cannot find type `BSTSizeStEph` in this scope
      --> /home/milnes/projects/APAS-VERUS/rust_verify_test/target/release/build/rust_verify_test/92451e2c9f1cfcda/test_inputs/ProveBSTSizeStEph-92451e2c9f1cfcda-bstsizesteph_for_borrow_iter/test.rs:20:32
       |
    20 |     let a: BSTSizeStEph<u64> = BSTSizeStEph::new();
       |                                ^^^^^^^^^^^^ use of undeclared type `BSTSizeStEph`


    error: aborting due to 3 previous errors


    Some errors have detailed explanations: E0425, E0433.

    For more information about an error, try `rustc --explain E0425`.

    the input directory is /home/milnes/projects/APAS-VERUS/rust_verify_test/target/release/build/rust_verify_test/92451e2c9f1cfcda/test_inputs/ProveBSTSizeStEph-92451e2c9f1cfcda-bstsizesteph_for_borrow_iter
    rerun this test with:
    verus --crate-type=lib  /home/milnes/projects/APAS-VERUS/rust_verify_test/target/release/build/rust_verify_test/92451e2c9f1cfcda/test_inputs/ProveBSTSizeStEph-92451e2c9f1cfcda-bstsizesteph_for_borrow_iter/test.rs


    thread 'bstsizesteph_for_borrow_iter' (519888) panicked at tests/Chap40/ProveBSTSizeStEph.rs:66:1:
    Err(_) does not match $result
    note: run with `RUST_BACKTRACE=1` environment variable to display a backtrace

        FAIL [   0.075s] ( 80/328) rust_verify_test::ProveBSTSizeStEph bstsizesteph_loop_borrow_iter
  stdout ───

    running 1 test
    test bstsizesteph_loop_borrow_iter ... FAILED

    failures:

    failures:
        bstsizesteph_loop_borrow_iter

    test result: FAILED. 0 passed; 1 failed; 0 ignored; 0 measured; 1 filtered out; finished in 0.07s

  stderr ───
    error[E0433]: cannot find `Chap40` in `apas_verus`
      --> /home/milnes/projects/APAS-VERUS/rust_verify_test/target/release/build/rust_verify_test/92451e2c9f1cfcda/test_inputs/ProveBSTSizeStEph-92451e2c9f1cfcda-bstsizesteph_loop_borrow_iter/test.rs:17:17
       |
    17 | use apas_verus::Chap40::BSTSizeStEph::BSTSizeStEph::*;
       |                 ^^^^^^ could not find `Chap40` in `apas_verus`
       |
    note: found an item that was configured out
      --> src/lib.rs:486:48
       |
       = note: the item is gated here


    error[E0425]: cannot find type `BSTSizeStEph` in this scope
      --> /home/milnes/projects/APAS-VERUS/rust_verify_test/target/release/build/rust_verify_test/92451e2c9f1cfcda/test_inputs/ProveBSTSizeStEph-92451e2c9f1cfcda-bstsizesteph_loop_borrow_iter/test.rs:20:12
       |
    20 |     let a: BSTSizeStEph<u64> = BSTSizeStEph::new();
       |            ^^^^^^^^^^^^ not found in this scope


    error[E0433]: cannot find type `BSTSizeStEph` in this scope
      --> /home/milnes/projects/APAS-VERUS/rust_verify_test/target/release/build/rust_verify_test/92451e2c9f1cfcda/test_inputs/ProveBSTSizeStEph-92451e2c9f1cfcda-bstsizesteph_loop_borrow_iter/test.rs:20:32
       |
    20 |     let a: BSTSizeStEph<u64> = BSTSizeStEph::new();
       |                                ^^^^^^^^^^^^ use of undeclared type `BSTSizeStEph`


    error: aborting due to 3 previous errors


    Some errors have detailed explanations: E0425, E0433.

    For more information about an error, try `rustc --explain E0425`.

    the input directory is /home/milnes/projects/APAS-VERUS/rust_verify_test/target/release/build/rust_verify_test/92451e2c9f1cfcda/test_inputs/ProveBSTSizeStEph-92451e2c9f1cfcda-bstsizesteph_loop_borrow_iter
    rerun this test with:
    verus --crate-type=lib  /home/milnes/projects/APAS-VERUS/rust_verify_test/target/release/build/rust_verify_test/92451e2c9f1cfcda/test_inputs/ProveBSTSizeStEph-92451e2c9f1cfcda-bstsizesteph_loop_borrow_iter/test.rs


    thread 'bstsizesteph_loop_borrow_iter' (519889) panicked at tests/Chap40/ProveBSTSizeStEph.rs:18:1:
    Err(_) does not match $result
    note: run with `RUST_BACKTRACE=1` environment variable to display a backtrace

        FAIL [   0.073s] ( 81/328) rust_verify_test::ProveBSTSplayStEph bstsplaysteph_loop_borrow_iter
  stdout ───

    running 1 test
    test bstsplaysteph_loop_borrow_iter ... FAILED

    failures:

    failures:
        bstsplaysteph_loop_borrow_iter

    test result: FAILED. 0 passed; 1 failed; 0 ignored; 0 measured; 1 filtered out; finished in 0.07s

  stderr ───
    error[E0433]: cannot find `Chap37` in `apas_verus`
      --> /home/milnes/projects/APAS-VERUS/rust_verify_test/target/release/build/rust_verify_test/4810151a465ba847/test_inputs/ProveBSTSplayStEph-4810151a465ba847-bstsplaysteph_loop_borrow_iter/test.rs:17:17
       |
    17 | use apas_verus::Chap37::BSTSplayStEph::BSTSplayStEph::*;
       |                 ^^^^^^ could not find `Chap37` in `apas_verus`
       |
    note: found an item that was configured out
      --> src/lib.rs:445:48
       |
       = note: the item is gated here


    error[E0432]: unresolved import `apas_verus::BSTSplayStEphLit`
      --> /home/milnes/projects/APAS-VERUS/rust_verify_test/target/release/build/rust_verify_test/4810151a465ba847/test_inputs/ProveBSTSplayStEph-4810151a465ba847-bstsplaysteph_loop_borrow_iter/test.rs:18:5
       |
    18 | use apas_verus::BSTSplayStEphLit;
       |     ^^^^^^^^^^^^----------------
       |                 |
       |                 no `BSTSplayStEphLit` in the root


    error[E0425]: cannot find type `BSTSplayStEph` in this scope
      --> /home/milnes/projects/APAS-VERUS/rust_verify_test/target/release/build/rust_verify_test/4810151a465ba847/test_inputs/ProveBSTSplayStEph-4810151a465ba847-bstsplaysteph_loop_borrow_iter/test.rs:21:12
       |
    21 |     let a: BSTSplayStEph<u64> = BSTSplayStEphLit![1u64, 2u64, 3u64];
       |            ^^^^^^^^^^^^^ not found in this scope


    error: aborting due to 3 previous errors


    Some errors have detailed explanations: E0425, E0432, E0433.

    For more information about an error, try `rustc --explain E0425`.

    the input directory is /home/milnes/projects/APAS-VERUS/rust_verify_test/target/release/build/rust_verify_test/4810151a465ba847/test_inputs/ProveBSTSplayStEph-4810151a465ba847-bstsplaysteph_loop_borrow_iter
    rerun this test with:
    verus --crate-type=lib  /home/milnes/projects/APAS-VERUS/rust_verify_test/target/release/build/rust_verify_test/4810151a465ba847/test_inputs/ProveBSTSplayStEph-4810151a465ba847-bstsplaysteph_loop_borrow_iter/test.rs


    thread 'bstsplaysteph_loop_borrow_iter' (519954) panicked at tests/Chap37/ProveBSTSplayStEph.rs:17:1:
    Err(_) does not match $result
    note: run with `RUST_BACKTRACE=1` environment variable to display a backtrace

        FAIL [   0.073s] ( 82/328) rust_verify_test::ProveBSTSplayStEph bstsplaysteph_for_borrow_iter
  stdout ───

    running 1 test
    test bstsplaysteph_for_borrow_iter ... FAILED

    failures:

    failures:
        bstsplaysteph_for_borrow_iter

    test result: FAILED. 0 passed; 1 failed; 0 ignored; 0 measured; 1 filtered out; finished in 0.07s

  stderr ───
    error[E0433]: cannot find `Chap37` in `apas_verus`
      --> /home/milnes/projects/APAS-VERUS/rust_verify_test/target/release/build/rust_verify_test/4810151a465ba847/test_inputs/ProveBSTSplayStEph-4810151a465ba847-bstsplaysteph_for_borrow_iter/test.rs:17:17
       |
    17 | use apas_verus::Chap37::BSTSplayStEph::BSTSplayStEph::*;
       |                 ^^^^^^ could not find `Chap37` in `apas_verus`
       |
    note: found an item that was configured out
      --> src/lib.rs:445:48
       |
       = note: the item is gated here


    error[E0432]: unresolved import `apas_verus::BSTSplayStEphLit`
      --> /home/milnes/projects/APAS-VERUS/rust_verify_test/target/release/build/rust_verify_test/4810151a465ba847/test_inputs/ProveBSTSplayStEph-4810151a465ba847-bstsplaysteph_for_borrow_iter/test.rs:18:5
       |
    18 | use apas_verus::BSTSplayStEphLit;
       |     ^^^^^^^^^^^^----------------
       |                 |
       |                 no `BSTSplayStEphLit` in the root


    error[E0425]: cannot find type `BSTSplayStEph` in this scope
      --> /home/milnes/projects/APAS-VERUS/rust_verify_test/target/release/build/rust_verify_test/4810151a465ba847/test_inputs/ProveBSTSplayStEph-4810151a465ba847-bstsplaysteph_for_borrow_iter/test.rs:21:12
       |
    21 |     let a: BSTSplayStEph<u64> = BSTSplayStEphLit![1u64, 2u64, 3u64];
       |            ^^^^^^^^^^^^^ not found in this scope


    error: aborting due to 3 previous errors


    Some errors have detailed explanations: E0425, E0432, E0433.

    For more information about an error, try `rustc --explain E0425`.

    the input directory is /home/milnes/projects/APAS-VERUS/rust_verify_test/target/release/build/rust_verify_test/4810151a465ba847/test_inputs/ProveBSTSplayStEph-4810151a465ba847-bstsplaysteph_for_borrow_iter
    rerun this test with:
    verus --crate-type=lib  /home/milnes/projects/APAS-VERUS/rust_verify_test/target/release/build/rust_verify_test/4810151a465ba847/test_inputs/ProveBSTSplayStEph-4810151a465ba847-bstsplaysteph_for_borrow_iter/test.rs


    thread 'bstsplaysteph_for_borrow_iter' (519956) panicked at tests/Chap37/ProveBSTSplayStEph.rs:66:1:
    Err(_) does not match $result
    note: run with `RUST_BACKTRACE=1` environment variable to display a backtrace

        FAIL [   0.062s] ( 83/328) rust_verify_test::ProveBSTTreapStEph bsttreapsteph_for_borrow_iter
  stdout ───

    running 1 test
    test bsttreapsteph_for_borrow_iter ... FAILED

    failures:

    failures:
        bsttreapsteph_for_borrow_iter

    test result: FAILED. 0 passed; 1 failed; 0 ignored; 0 measured; 1 filtered out; finished in 0.06s

  stderr ───
    error[E0433]: cannot find `Chap39` in `apas_verus`
      --> /home/milnes/projects/APAS-VERUS/rust_verify_test/target/release/build/rust_verify_test/22853ea3b3a3f7e2/test_inputs/ProveBSTTreapStEph-22853ea3b3a3f7e2-bsttreapsteph_for_borrow_iter/test.rs:17:17
       |
    17 | use apas_verus::Chap39::BSTTreapStEph::BSTTreapStEph::*;
       |                 ^^^^^^ could not find `Chap39` in `apas_verus`
       |
    note: found an item that was configured out
      --> src/lib.rs:477:48
       |
       = note: the item is gated here


    error[E0425]: cannot find type `BSTTreapStEph` in this scope
      --> /home/milnes/projects/APAS-VERUS/rust_verify_test/target/release/build/rust_verify_test/22853ea3b3a3f7e2/test_inputs/ProveBSTTreapStEph-22853ea3b3a3f7e2-bsttreapsteph_for_borrow_iter/test.rs:20:12
       |
    20 |     let a: BSTTreapStEph<i32> = BSTTreapStEph::new();
       |            ^^^^^^^^^^^^^ not found in this scope


    error[E0433]: cannot find type `BSTTreapStEph` in this scope
      --> /home/milnes/projects/APAS-VERUS/rust_verify_test/target/release/build/rust_verify_test/22853ea3b3a3f7e2/test_inputs/ProveBSTTreapStEph-22853ea3b3a3f7e2-bsttreapsteph_for_borrow_iter/test.rs:20:33
       |
    20 |     let a: BSTTreapStEph<i32> = BSTTreapStEph::new();
       |                                 ^^^^^^^^^^^^^ use of undeclared type `BSTTreapStEph`


    error: aborting due to 3 previous errors


    Some errors have detailed explanations: E0425, E0433.

    For more information about an error, try `rustc --explain E0425`.

    the input directory is /home/milnes/projects/APAS-VERUS/rust_verify_test/target/release/build/rust_verify_test/22853ea3b3a3f7e2/test_inputs/ProveBSTTreapStEph-22853ea3b3a3f7e2-bsttreapsteph_for_borrow_iter
    rerun this test with:
    verus --crate-type=lib  /home/milnes/projects/APAS-VERUS/rust_verify_test/target/release/build/rust_verify_test/22853ea3b3a3f7e2/test_inputs/ProveBSTTreapStEph-22853ea3b3a3f7e2-bsttreapsteph_for_borrow_iter/test.rs


    thread 'bsttreapsteph_for_borrow_iter' (520038) panicked at tests/Chap39/ProveBSTTreapStEph.rs:66:1:
    Err(_) does not match $result
    note: run with `RUST_BACKTRACE=1` environment variable to display a backtrace

        FAIL [   0.067s] ( 84/328) rust_verify_test::ProveBSTTreapStEph bsttreapsteph_loop_borrow_iter
  stdout ───

    running 1 test
    test bsttreapsteph_loop_borrow_iter ... FAILED

    failures:

    failures:
        bsttreapsteph_loop_borrow_iter

    test result: FAILED. 0 passed; 1 failed; 0 ignored; 0 measured; 1 filtered out; finished in 0.06s

  stderr ───
    error[E0433]: cannot find `Chap39` in `apas_verus`
      --> /home/milnes/projects/APAS-VERUS/rust_verify_test/target/release/build/rust_verify_test/22853ea3b3a3f7e2/test_inputs/ProveBSTTreapStEph-22853ea3b3a3f7e2-bsttreapsteph_loop_borrow_iter/test.rs:17:17
       |
    17 | use apas_verus::Chap39::BSTTreapStEph::BSTTreapStEph::*;
       |                 ^^^^^^ could not find `Chap39` in `apas_verus`
       |
    note: found an item that was configured out
      --> src/lib.rs:477:48
       |
       = note: the item is gated here


    error[E0425]: cannot find type `BSTTreapStEph` in this scope
      --> /home/milnes/projects/APAS-VERUS/rust_verify_test/target/release/build/rust_verify_test/22853ea3b3a3f7e2/test_inputs/ProveBSTTreapStEph-22853ea3b3a3f7e2-bsttreapsteph_loop_borrow_iter/test.rs:20:12
       |
    20 |     let a: BSTTreapStEph<i32> = BSTTreapStEph::new();
       |            ^^^^^^^^^^^^^ not found in this scope


    error[E0433]: cannot find type `BSTTreapStEph` in this scope
      --> /home/milnes/projects/APAS-VERUS/rust_verify_test/target/release/build/rust_verify_test/22853ea3b3a3f7e2/test_inputs/ProveBSTTreapStEph-22853ea3b3a3f7e2-bsttreapsteph_loop_borrow_iter/test.rs:20:33
       |
    20 |     let a: BSTTreapStEph<i32> = BSTTreapStEph::new();
       |                                 ^^^^^^^^^^^^^ use of undeclared type `BSTTreapStEph`


    error: aborting due to 3 previous errors


    Some errors have detailed explanations: E0425, E0433.

    For more information about an error, try `rustc --explain E0425`.

    the input directory is /home/milnes/projects/APAS-VERUS/rust_verify_test/target/release/build/rust_verify_test/22853ea3b3a3f7e2/test_inputs/ProveBSTTreapStEph-22853ea3b3a3f7e2-bsttreapsteph_loop_borrow_iter
    rerun this test with:
    verus --crate-type=lib  /home/milnes/projects/APAS-VERUS/rust_verify_test/target/release/build/rust_verify_test/22853ea3b3a3f7e2/test_inputs/ProveBSTTreapStEph-22853ea3b3a3f7e2-bsttreapsteph_loop_borrow_iter/test.rs


    thread 'bsttreapsteph_loop_borrow_iter' (520039) panicked at tests/Chap39/ProveBSTTreapStEph.rs:18:1:
    Err(_) does not match $result
    note: run with `RUST_BACKTRACE=1` environment variable to display a backtrace

        FAIL [   0.078s] ( 85/328) rust_verify_test::ProveBSTTreapMtEph bsttreapmteph_for_borrow_into
  stdout ───

    running 1 test
    test bsttreapmteph_for_borrow_into ... FAILED

    failures:

    failures:
        bsttreapmteph_for_borrow_into

    test result: FAILED. 0 passed; 1 failed; 0 ignored; 0 measured; 1 filtered out; finished in 0.07s

  stderr ───
    error[E0433]: cannot find `Chap39` in `apas_verus`
      --> /home/milnes/projects/APAS-VERUS/rust_verify_test/target/release/build/rust_verify_test/321eb767cbda5587/test_inputs/ProveBSTTreapMtEph-321eb767cbda5587-bsttreapmteph_for_borrow_into/test.rs:17:17
       |
    17 | use apas_verus::Chap39::BSTTreapMtEph::BSTTreapMtEph::*;
       |                 ^^^^^^ could not find `Chap39` in `apas_verus`
       |
    note: found an item that was configured out
      --> src/lib.rs:477:48
       |
       = note: the item is gated here


    error[E0425]: cannot find type `BSTTreapMtEph` in this scope
      --> /home/milnes/projects/APAS-VERUS/rust_verify_test/target/release/build/rust_verify_test/321eb767cbda5587/test_inputs/ProveBSTTreapMtEph-321eb767cbda5587-bsttreapmteph_for_borrow_into/test.rs:20:16
       |
    20 |     let mut a: BSTTreapMtEph<u64> = BSTTreapMtEph::new();
       |                ^^^^^^^^^^^^^ not found in this scope


    error[E0433]: cannot find type `BSTTreapMtEph` in this scope
      --> /home/milnes/projects/APAS-VERUS/rust_verify_test/target/release/build/rust_verify_test/321eb767cbda5587/test_inputs/ProveBSTTreapMtEph-321eb767cbda5587-bsttreapmteph_for_borrow_into/test.rs:20:37
       |
    20 |     let mut a: BSTTreapMtEph<u64> = BSTTreapMtEph::new();
       |                                     ^^^^^^^^^^^^^ use of undeclared type `BSTTreapMtEph`


    error: aborting due to 3 previous errors


    Some errors have detailed explanations: E0425, E0433.

    For more information about an error, try `rustc --explain E0425`.

    the input directory is /home/milnes/projects/APAS-VERUS/rust_verify_test/target/release/build/rust_verify_test/321eb767cbda5587/test_inputs/ProveBSTTreapMtEph-321eb767cbda5587-bsttreapmteph_for_borrow_into
    rerun this test with:
    verus --crate-type=lib  /home/milnes/projects/APAS-VERUS/rust_verify_test/target/release/build/rust_verify_test/321eb767cbda5587/test_inputs/ProveBSTTreapMtEph-321eb767cbda5587-bsttreapmteph_for_borrow_into/test.rs


    thread 'bsttreapmteph_for_borrow_into' (519999) panicked at tests/Chap39/ProveBSTTreapMtEph.rs:69:1:
    Err(_) does not match $result
    note: run with `RUST_BACKTRACE=1` environment variable to display a backtrace

        FAIL [   0.078s] ( 86/328) rust_verify_test::ProveBSTTreapMtEph bsttreapmteph_loop_borrow_into
  stdout ───

    running 1 test
    test bsttreapmteph_loop_borrow_into ... FAILED

    failures:

    failures:
        bsttreapmteph_loop_borrow_into

    test result: FAILED. 0 passed; 1 failed; 0 ignored; 0 measured; 1 filtered out; finished in 0.07s

  stderr ───
    error[E0433]: cannot find `Chap39` in `apas_verus`
      --> /home/milnes/projects/APAS-VERUS/rust_verify_test/target/release/build/rust_verify_test/321eb767cbda5587/test_inputs/ProveBSTTreapMtEph-321eb767cbda5587-bsttreapmteph_loop_borrow_into/test.rs:17:17
       |
    17 | use apas_verus::Chap39::BSTTreapMtEph::BSTTreapMtEph::*;
       |                 ^^^^^^ could not find `Chap39` in `apas_verus`
       |
    note: found an item that was configured out
      --> src/lib.rs:477:48
       |
       = note: the item is gated here


    error[E0425]: cannot find type `BSTTreapMtEph` in this scope
      --> /home/milnes/projects/APAS-VERUS/rust_verify_test/target/release/build/rust_verify_test/321eb767cbda5587/test_inputs/ProveBSTTreapMtEph-321eb767cbda5587-bsttreapmteph_loop_borrow_into/test.rs:20:16
       |
    20 |     let mut a: BSTTreapMtEph<u64> = BSTTreapMtEph::new();
       |                ^^^^^^^^^^^^^ not found in this scope


    error[E0433]: cannot find type `BSTTreapMtEph` in this scope
      --> /home/milnes/projects/APAS-VERUS/rust_verify_test/target/release/build/rust_verify_test/321eb767cbda5587/test_inputs/ProveBSTTreapMtEph-321eb767cbda5587-bsttreapmteph_loop_borrow_into/test.rs:20:37
       |
    20 |     let mut a: BSTTreapMtEph<u64> = BSTTreapMtEph::new();
       |                                     ^^^^^^^^^^^^^ use of undeclared type `BSTTreapMtEph`


    error: aborting due to 3 previous errors


    Some errors have detailed explanations: E0425, E0433.

    For more information about an error, try `rustc --explain E0425`.

    the input directory is /home/milnes/projects/APAS-VERUS/rust_verify_test/target/release/build/rust_verify_test/321eb767cbda5587/test_inputs/ProveBSTTreapMtEph-321eb767cbda5587-bsttreapmteph_loop_borrow_into
    rerun this test with:
    verus --crate-type=lib  /home/milnes/projects/APAS-VERUS/rust_verify_test/target/release/build/rust_verify_test/321eb767cbda5587/test_inputs/ProveBSTTreapMtEph-321eb767cbda5587-bsttreapmteph_loop_borrow_into/test.rs


    thread 'bsttreapmteph_loop_borrow_into' (519998) panicked at tests/Chap39/ProveBSTTreapMtEph.rs:18:1:
    Err(_) does not match $result
    note: run with `RUST_BACKTRACE=1` environment variable to display a backtrace

        FAIL [   0.089s] ( 87/328) rust_verify_test::ProveBalBinTreeStEph balbintree_for_postorder
  stdout ───

    running 1 test
    test balbintree_for_postorder ... FAILED

    failures:

    failures:
        balbintree_for_postorder

    test result: FAILED. 0 passed; 1 failed; 0 ignored; 0 measured; 10 filtered out; finished in 0.09s

  stderr ───
    error[E0433]: cannot find `Chap23` in `apas_verus`
      --> /home/milnes/projects/APAS-VERUS/rust_verify_test/target/release/build/rust_verify_test/24da81a0d26b6e25/test_inputs/ProveBalBinTreeStEph-24da81a0d26b6e25-balbintree_for_postorder/test.rs:17:17
       |
    17 | use apas_verus::Chap23::BalBinTreeStEph::BalBinTreeStEph::*;
       |                 ^^^^^^ could not find `Chap23` in `apas_verus`
       |
    note: found an item that was configured out
      --> src/lib.rs:383:48
       |
       = note: the item is gated here


    error[E0425]: cannot find type `BalBinTree` in this scope
      --> /home/milnes/projects/APAS-VERUS/rust_verify_test/target/release/build/rust_verify_test/24da81a0d26b6e25/test_inputs/ProveBalBinTreeStEph-24da81a0d26b6e25-balbintree_for_postorder/test.rs:23:15
       |
    23 |     let tree: BalBinTree<u64> = BalBinTree::node(
       |               ^^^^^^^^^^ not found in this scope


    error[E0433]: cannot find type `BalBinTree` in this scope
      --> /home/milnes/projects/APAS-VERUS/rust_verify_test/target/release/build/rust_verify_test/24da81a0d26b6e25/test_inputs/ProveBalBinTreeStEph-24da81a0d26b6e25-balbintree_for_postorder/test.rs:23:33
       |
    23 |     let tree: BalBinTree<u64> = BalBinTree::node(
       |                                 ^^^^^^^^^^ use of undeclared type `BalBinTree`


    error[E0433]: cannot find type `BalBinTree` in this scope
      --> /home/milnes/projects/APAS-VERUS/rust_verify_test/target/release/build/rust_verify_test/24da81a0d26b6e25/test_inputs/ProveBalBinTreeStEph-24da81a0d26b6e25-balbintree_for_postorder/test.rs:24:9
       |
    24 |         BalBinTree::node(BalBinTree::leaf(), 1, BalBinTree::leaf()),
       |         ^^^^^^^^^^ use of undeclared type `BalBinTree`


    error[E0433]: cannot find type `BalBinTree` in this scope
      --> /home/milnes/projects/APAS-VERUS/rust_verify_test/target/release/build/rust_verify_test/24da81a0d26b6e25/test_inputs/ProveBalBinTreeStEph-24da81a0d26b6e25-balbintree_for_postorder/test.rs:24:26
       |
    24 |         BalBinTree::node(BalBinTree::leaf(), 1, BalBinTree::leaf()),
       |                          ^^^^^^^^^^ use of undeclared type `BalBinTree`


    error[E0433]: cannot find type `BalBinTree` in this scope
      --> /home/milnes/projects/APAS-VERUS/rust_verify_test/target/release/build/rust_verify_test/24da81a0d26b6e25/test_inputs/ProveBalBinTreeStEph-24da81a0d26b6e25-balbintree_for_postorder/test.rs:24:49
       |
    24 |         BalBinTree::node(BalBinTree::leaf(), 1, BalBinTree::leaf()),
       |                                                 ^^^^^^^^^^ use of undeclared type `BalBinTree`


    error[E0433]: cannot find type `BalBinTree` in this scope
      --> /home/milnes/projects/APAS-VERUS/rust_verify_test/target/release/build/rust_verify_test/24da81a0d26b6e25/test_inputs/ProveBalBinTreeStEph-24da81a0d26b6e25-balbintree_for_postorder/test.rs:26:9
       |
    26 |         BalBinTree::node(BalBinTree::leaf(), 3, BalBinTree::leaf()),
       |         ^^^^^^^^^^ use of undeclared type `BalBinTree`


    error[E0433]: cannot find type `BalBinTree` in this scope
      --> /home/milnes/projects/APAS-VERUS/rust_verify_test/target/release/build/rust_verify_test/24da81a0d26b6e25/test_inputs/ProveBalBinTreeStEph-24da81a0d26b6e25-balbintree_for_postorder/test.rs:26:26
       |
    26 |         BalBinTree::node(BalBinTree::leaf(), 3, BalBinTree::leaf()),
       |                          ^^^^^^^^^^ use of undeclared type `BalBinTree`


    error[E0433]: cannot find type `BalBinTree` in this scope
      --> /home/milnes/projects/APAS-VERUS/rust_verify_test/target/release/build/rust_verify_test/24da81a0d26b6e25/test_inputs/ProveBalBinTreeStEph-24da81a0d26b6e25-balbintree_for_postorder/test.rs:26:49
       |
    26 |         BalBinTree::node(BalBinTree::leaf(), 3, BalBinTree::leaf()),
       |                                                 ^^^^^^^^^^ use of undeclared type `BalBinTree`


    error: aborting due to 9 previous errors


    Some errors have detailed explanations: E0425, E0433.

    For more information about an error, try `rustc --explain E0425`.

    the input directory is /home/milnes/projects/APAS-VERUS/rust_verify_test/target/release/build/rust_verify_test/24da81a0d26b6e25/test_inputs/ProveBalBinTreeStEph-24da81a0d26b6e25-balbintree_for_postorder
    rerun this test with:
    verus --crate-type=lib  /home/milnes/projects/APAS-VERUS/rust_verify_test/target/release/build/rust_verify_test/24da81a0d26b6e25/test_inputs/ProveBalBinTreeStEph-24da81a0d26b6e25-balbintree_for_postorder/test.rs


    thread 'balbintree_for_postorder' (520086) panicked at tests/Chap23/ProveBalBinTreeStEph.rs:245:1:
    Err(_) does not match $result
    note: run with `RUST_BACKTRACE=1` environment variable to display a backtrace

        FAIL [   0.089s] ( 88/328) rust_verify_test::ProveBalBinTreeStEph balbintree_for_inorder
  stdout ───

    running 1 test
    test balbintree_for_inorder ... FAILED

    failures:

    failures:
        balbintree_for_inorder

    test result: FAILED. 0 passed; 1 failed; 0 ignored; 0 measured; 10 filtered out; finished in 0.09s

  stderr ───
    error[E0433]: cannot find `Chap23` in `apas_verus`
      --> /home/milnes/projects/APAS-VERUS/rust_verify_test/target/release/build/rust_verify_test/24da81a0d26b6e25/test_inputs/ProveBalBinTreeStEph-24da81a0d26b6e25-balbintree_for_inorder/test.rs:17:17
       |
    17 | use apas_verus::Chap23::BalBinTreeStEph::BalBinTreeStEph::*;
       |                 ^^^^^^ could not find `Chap23` in `apas_verus`
       |
    note: found an item that was configured out
      --> src/lib.rs:383:48
       |
       = note: the item is gated here


    error[E0425]: cannot find type `BalBinTree` in this scope
      --> /home/milnes/projects/APAS-VERUS/rust_verify_test/target/release/build/rust_verify_test/24da81a0d26b6e25/test_inputs/ProveBalBinTreeStEph-24da81a0d26b6e25-balbintree_for_inorder/test.rs:23:15
       |
    23 |     let tree: BalBinTree<u64> = BalBinTree::node(
       |               ^^^^^^^^^^ not found in this scope


    error[E0433]: cannot find type `BalBinTree` in this scope
      --> /home/milnes/projects/APAS-VERUS/rust_verify_test/target/release/build/rust_verify_test/24da81a0d26b6e25/test_inputs/ProveBalBinTreeStEph-24da81a0d26b6e25-balbintree_for_inorder/test.rs:23:33
       |
    23 |     let tree: BalBinTree<u64> = BalBinTree::node(
       |                                 ^^^^^^^^^^ use of undeclared type `BalBinTree`


    error[E0433]: cannot find type `BalBinTree` in this scope
      --> /home/milnes/projects/APAS-VERUS/rust_verify_test/target/release/build/rust_verify_test/24da81a0d26b6e25/test_inputs/ProveBalBinTreeStEph-24da81a0d26b6e25-balbintree_for_inorder/test.rs:24:9
       |
    24 |         BalBinTree::node(BalBinTree::leaf(), 1, BalBinTree::leaf()),
       |         ^^^^^^^^^^ use of undeclared type `BalBinTree`


    error[E0433]: cannot find type `BalBinTree` in this scope
      --> /home/milnes/projects/APAS-VERUS/rust_verify_test/target/release/build/rust_verify_test/24da81a0d26b6e25/test_inputs/ProveBalBinTreeStEph-24da81a0d26b6e25-balbintree_for_inorder/test.rs:24:26
       |
    24 |         BalBinTree::node(BalBinTree::leaf(), 1, BalBinTree::leaf()),
       |                          ^^^^^^^^^^ use of undeclared type `BalBinTree`


    error[E0433]: cannot find type `BalBinTree` in this scope
      --> /home/milnes/projects/APAS-VERUS/rust_verify_test/target/release/build/rust_verify_test/24da81a0d26b6e25/test_inputs/ProveBalBinTreeStEph-24da81a0d26b6e25-balbintree_for_inorder/test.rs:24:49
       |
    24 |         BalBinTree::node(BalBinTree::leaf(), 1, BalBinTree::leaf()),
       |                                                 ^^^^^^^^^^ use of undeclared type `BalBinTree`


    error[E0433]: cannot find type `BalBinTree` in this scope
      --> /home/milnes/projects/APAS-VERUS/rust_verify_test/target/release/build/rust_verify_test/24da81a0d26b6e25/test_inputs/ProveBalBinTreeStEph-24da81a0d26b6e25-balbintree_for_inorder/test.rs:26:9
       |
    26 |         BalBinTree::node(BalBinTree::leaf(), 3, BalBinTree::leaf()),
       |         ^^^^^^^^^^ use of undeclared type `BalBinTree`


    error[E0433]: cannot find type `BalBinTree` in this scope
      --> /home/milnes/projects/APAS-VERUS/rust_verify_test/target/release/build/rust_verify_test/24da81a0d26b6e25/test_inputs/ProveBalBinTreeStEph-24da81a0d26b6e25-balbintree_for_inorder/test.rs:26:26
       |
    26 |         BalBinTree::node(BalBinTree::leaf(), 3, BalBinTree::leaf()),
       |                          ^^^^^^^^^^ use of undeclared type `BalBinTree`


    error[E0433]: cannot find type `BalBinTree` in this scope
      --> /home/milnes/projects/APAS-VERUS/rust_verify_test/target/release/build/rust_verify_test/24da81a0d26b6e25/test_inputs/ProveBalBinTreeStEph-24da81a0d26b6e25-balbintree_for_inorder/test.rs:26:49
       |
    26 |         BalBinTree::node(BalBinTree::leaf(), 3, BalBinTree::leaf()),
       |                                                 ^^^^^^^^^^ use of undeclared type `BalBinTree`


    error: aborting due to 9 previous errors


    Some errors have detailed explanations: E0425, E0433.

    For more information about an error, try `rustc --explain E0425`.

    the input directory is /home/milnes/projects/APAS-VERUS/rust_verify_test/target/release/build/rust_verify_test/24da81a0d26b6e25/test_inputs/ProveBalBinTreeStEph-24da81a0d26b6e25-balbintree_for_inorder
    rerun this test with:
    verus --crate-type=lib  /home/milnes/projects/APAS-VERUS/rust_verify_test/target/release/build/rust_verify_test/24da81a0d26b6e25/test_inputs/ProveBalBinTreeStEph-24da81a0d26b6e25-balbintree_for_inorder/test.rs


    thread 'balbintree_for_inorder' (520087) panicked at tests/Chap23/ProveBalBinTreeStEph.rs:125:1:
    Err(_) does not match $result
    note: run with `RUST_BACKTRACE=1` environment variable to display a backtrace

        FAIL [   0.061s] ( 89/328) rust_verify_test::ProveBalBinTreeStEph balbintree_leaf_traversals_empty
  stdout ───

    running 1 test
    test balbintree_leaf_traversals_empty ... FAILED

    failures:

    failures:
        balbintree_leaf_traversals_empty

    test result: FAILED. 0 passed; 1 failed; 0 ignored; 0 measured; 10 filtered out; finished in 0.06s

  stderr ───
    error[E0433]: cannot find `Chap23` in `apas_verus`
      --> /home/milnes/projects/APAS-VERUS/rust_verify_test/target/release/build/rust_verify_test/24da81a0d26b6e25/test_inputs/ProveBalBinTreeStEph-24da81a0d26b6e25-balbintree_leaf_traversals_empty/test.rs:16:17
       |
    16 | use apas_verus::Chap23::BalBinTreeStEph::BalBinTreeStEph::*;
       |                 ^^^^^^ could not find `Chap23` in `apas_verus`
       |
    note: found an item that was configured out
      --> src/lib.rs:383:48
       |
       = note: the item is gated here


    error[E0433]: cannot find type `BalBinTree` in this scope
      --> /home/milnes/projects/APAS-VERUS/rust_verify_test/target/release/build/rust_verify_test/24da81a0d26b6e25/test_inputs/ProveBalBinTreeStEph-24da81a0d26b6e25-balbintree_leaf_traversals_empty/test.rs:22:16
       |
    22 |     let leaf = BalBinTree::<u64>::leaf();
       |                ^^^^^^^^^^ use of undeclared type `BalBinTree`


    error: aborting due to 2 previous errors


    For more information about this error, try `rustc --explain E0433`.

    the input directory is /home/milnes/projects/APAS-VERUS/rust_verify_test/target/release/build/rust_verify_test/24da81a0d26b6e25/test_inputs/ProveBalBinTreeStEph-24da81a0d26b6e25-balbintree_leaf_traversals_empty
    rerun this test with:
    verus --crate-type=lib  /home/milnes/projects/APAS-VERUS/rust_verify_test/target/release/build/rust_verify_test/24da81a0d26b6e25/test_inputs/ProveBalBinTreeStEph-24da81a0d26b6e25-balbintree_leaf_traversals_empty/test.rs


    thread 'balbintree_leaf_traversals_empty' (520146) panicked at tests/Chap23/ProveBalBinTreeStEph.rs:344:1:
    Err(_) does not match $result
    note: run with `RUST_BACKTRACE=1` environment variable to display a backtrace

        FAIL [   0.062s] ( 90/328) rust_verify_test::ProveBalBinTreeStEph balbintree_leaf_iter_exhausted
  stdout ───

    running 1 test
    test balbintree_leaf_iter_exhausted ... FAILED

    failures:

    failures:
        balbintree_leaf_iter_exhausted

    test result: FAILED. 0 passed; 1 failed; 0 ignored; 0 measured; 10 filtered out; finished in 0.06s

  stderr ───
    error[E0433]: cannot find `Chap23` in `apas_verus`
      --> /home/milnes/projects/APAS-VERUS/rust_verify_test/target/release/build/rust_verify_test/24da81a0d26b6e25/test_inputs/ProveBalBinTreeStEph-24da81a0d26b6e25-balbintree_leaf_iter_exhausted/test.rs:16:17
       |
    16 | use apas_verus::Chap23::BalBinTreeStEph::BalBinTreeStEph::*;
       |                 ^^^^^^ could not find `Chap23` in `apas_verus`
       |
    note: found an item that was configured out
      --> src/lib.rs:383:48
       |
       = note: the item is gated here


    error[E0433]: cannot find type `BalBinTree` in this scope
      --> /home/milnes/projects/APAS-VERUS/rust_verify_test/target/release/build/rust_verify_test/24da81a0d26b6e25/test_inputs/ProveBalBinTreeStEph-24da81a0d26b6e25-balbintree_leaf_iter_exhausted/test.rs:22:16
       |
    22 |     let leaf = BalBinTree::<u64>::leaf();
       |                ^^^^^^^^^^ use of undeclared type `BalBinTree`


    error: aborting due to 2 previous errors


    For more information about this error, try `rustc --explain E0433`.

    the input directory is /home/milnes/projects/APAS-VERUS/rust_verify_test/target/release/build/rust_verify_test/24da81a0d26b6e25/test_inputs/ProveBalBinTreeStEph-24da81a0d26b6e25-balbintree_leaf_iter_exhausted
    rerun this test with:
    verus --crate-type=lib  /home/milnes/projects/APAS-VERUS/rust_verify_test/target/release/build/rust_verify_test/24da81a0d26b6e25/test_inputs/ProveBalBinTreeStEph-24da81a0d26b6e25-balbintree_leaf_iter_exhausted/test.rs


    thread 'balbintree_leaf_iter_exhausted' (520145) panicked at tests/Chap23/ProveBalBinTreeStEph.rs:363:1:
    Err(_) does not match $result
    note: run with `RUST_BACKTRACE=1` environment variable to display a backtrace

        FAIL [   0.070s] ( 91/328) rust_verify_test::ProveBalBinTreeStEph balbintree_inorder_spec_match
  stdout ───

    running 1 test
    test balbintree_inorder_spec_match ... FAILED

    failures:

    failures:
        balbintree_inorder_spec_match

    test result: FAILED. 0 passed; 1 failed; 0 ignored; 0 measured; 10 filtered out; finished in 0.07s

  stderr ───
    error[E0433]: cannot find `Chap23` in `apas_verus`
      --> /home/milnes/projects/APAS-VERUS/rust_verify_test/target/release/build/rust_verify_test/24da81a0d26b6e25/test_inputs/ProveBalBinTreeStEph-24da81a0d26b6e25-balbintree_inorder_spec_match/test.rs:16:17
       |
    16 | use apas_verus::Chap23::BalBinTreeStEph::BalBinTreeStEph::*;
       |                 ^^^^^^ could not find `Chap23` in `apas_verus`
       |
    note: found an item that was configured out
      --> src/lib.rs:383:48
       |
       = note: the item is gated here


    error[E0425]: cannot find type `BalBinTree` in this scope
      --> /home/milnes/projects/APAS-VERUS/rust_verify_test/target/release/build/rust_verify_test/24da81a0d26b6e25/test_inputs/ProveBalBinTreeStEph-24da81a0d26b6e25-balbintree_inorder_spec_match/test.rs:22:15
       |
    22 |     let tree: BalBinTree<u64> = BalBinTree::node(
       |               ^^^^^^^^^^ not found in this scope


    error[E0433]: cannot find type `BalBinTree` in this scope
      --> /home/milnes/projects/APAS-VERUS/rust_verify_test/target/release/build/rust_verify_test/24da81a0d26b6e25/test_inputs/ProveBalBinTreeStEph-24da81a0d26b6e25-balbintree_inorder_spec_match/test.rs:22:33
       |
    22 |     let tree: BalBinTree<u64> = BalBinTree::node(
       |                                 ^^^^^^^^^^ use of undeclared type `BalBinTree`


    error[E0433]: cannot find type `BalBinTree` in this scope
      --> /home/milnes/projects/APAS-VERUS/rust_verify_test/target/release/build/rust_verify_test/24da81a0d26b6e25/test_inputs/ProveBalBinTreeStEph-24da81a0d26b6e25-balbintree_inorder_spec_match/test.rs:23:9
       |
    23 |         BalBinTree::leaf(),
       |         ^^^^^^^^^^ use of undeclared type `BalBinTree`


    error[E0433]: cannot find type `BalBinTree` in this scope
      --> /home/milnes/projects/APAS-VERUS/rust_verify_test/target/release/build/rust_verify_test/24da81a0d26b6e25/test_inputs/ProveBalBinTreeStEph-24da81a0d26b6e25-balbintree_inorder_spec_match/test.rs:25:9
       |
    25 |         BalBinTree::leaf(),
       |         ^^^^^^^^^^ use of undeclared type `BalBinTree`


    error: aborting due to 5 previous errors


    Some errors have detailed explanations: E0425, E0433.

    For more information about an error, try `rustc --explain E0425`.

    the input directory is /home/milnes/projects/APAS-VERUS/rust_verify_test/target/release/build/rust_verify_test/24da81a0d26b6e25/test_inputs/ProveBalBinTreeStEph-24da81a0d26b6e25-balbintree_inorder_spec_match
    rerun this test with:
    verus --crate-type=lib  /home/milnes/projects/APAS-VERUS/rust_verify_test/target/release/build/rust_verify_test/24da81a0d26b6e25/test_inputs/ProveBalBinTreeStEph-24da81a0d26b6e25-balbintree_inorder_spec_match/test.rs


    thread 'balbintree_inorder_spec_match' (520143) panicked at tests/Chap23/ProveBalBinTreeStEph.rs:300:1:
    Err(_) does not match $result
    note: run with `RUST_BACKTRACE=1` environment variable to display a backtrace

        FAIL [   0.111s] ( 92/328) rust_verify_test::ProveBalBinTreeStEph balbintree_for_preorder
  stdout ───

    running 1 test
    test balbintree_for_preorder ... FAILED

    failures:

    failures:
        balbintree_for_preorder

    test result: FAILED. 0 passed; 1 failed; 0 ignored; 0 measured; 10 filtered out; finished in 0.11s

  stderr ───
    error[E0433]: cannot find `Chap23` in `apas_verus`
      --> /home/milnes/projects/APAS-VERUS/rust_verify_test/target/release/build/rust_verify_test/24da81a0d26b6e25/test_inputs/ProveBalBinTreeStEph-24da81a0d26b6e25-balbintree_for_preorder/test.rs:17:17
       |
    17 | use apas_verus::Chap23::BalBinTreeStEph::BalBinTreeStEph::*;
       |                 ^^^^^^ could not find `Chap23` in `apas_verus`
       |
    note: found an item that was configured out
      --> src/lib.rs:383:48
       |
       = note: the item is gated here


    error[E0425]: cannot find type `BalBinTree` in this scope
      --> /home/milnes/projects/APAS-VERUS/rust_verify_test/target/release/build/rust_verify_test/24da81a0d26b6e25/test_inputs/ProveBalBinTreeStEph-24da81a0d26b6e25-balbintree_for_preorder/test.rs:23:15
       |
    23 |     let tree: BalBinTree<u64> = BalBinTree::node(
       |               ^^^^^^^^^^ not found in this scope


    error[E0433]: cannot find type `BalBinTree` in this scope
      --> /home/milnes/projects/APAS-VERUS/rust_verify_test/target/release/build/rust_verify_test/24da81a0d26b6e25/test_inputs/ProveBalBinTreeStEph-24da81a0d26b6e25-balbintree_for_preorder/test.rs:23:33
       |
    23 |     let tree: BalBinTree<u64> = BalBinTree::node(
       |                                 ^^^^^^^^^^ use of undeclared type `BalBinTree`


    error[E0433]: cannot find type `BalBinTree` in this scope
      --> /home/milnes/projects/APAS-VERUS/rust_verify_test/target/release/build/rust_verify_test/24da81a0d26b6e25/test_inputs/ProveBalBinTreeStEph-24da81a0d26b6e25-balbintree_for_preorder/test.rs:24:9
       |
    24 |         BalBinTree::node(BalBinTree::leaf(), 1, BalBinTree::leaf()),
       |         ^^^^^^^^^^ use of undeclared type `BalBinTree`


    error[E0433]: cannot find type `BalBinTree` in this scope
      --> /home/milnes/projects/APAS-VERUS/rust_verify_test/target/release/build/rust_verify_test/24da81a0d26b6e25/test_inputs/ProveBalBinTreeStEph-24da81a0d26b6e25-balbintree_for_preorder/test.rs:24:26
       |
    24 |         BalBinTree::node(BalBinTree::leaf(), 1, BalBinTree::leaf()),
       |                          ^^^^^^^^^^ use of undeclared type `BalBinTree`


    error[E0433]: cannot find type `BalBinTree` in this scope
      --> /home/milnes/projects/APAS-VERUS/rust_verify_test/target/release/build/rust_verify_test/24da81a0d26b6e25/test_inputs/ProveBalBinTreeStEph-24da81a0d26b6e25-balbintree_for_preorder/test.rs:24:49
       |
    24 |         BalBinTree::node(BalBinTree::leaf(), 1, BalBinTree::leaf()),
       |                                                 ^^^^^^^^^^ use of undeclared type `BalBinTree`


    error[E0433]: cannot find type `BalBinTree` in this scope
      --> /home/milnes/projects/APAS-VERUS/rust_verify_test/target/release/build/rust_verify_test/24da81a0d26b6e25/test_inputs/ProveBalBinTreeStEph-24da81a0d26b6e25-balbintree_for_preorder/test.rs:26:9
       |
    26 |         BalBinTree::node(BalBinTree::leaf(), 3, BalBinTree::leaf()),
       |         ^^^^^^^^^^ use of undeclared type `BalBinTree`


    error[E0433]: cannot find type `BalBinTree` in this scope
      --> /home/milnes/projects/APAS-VERUS/rust_verify_test/target/release/build/rust_verify_test/24da81a0d26b6e25/test_inputs/ProveBalBinTreeStEph-24da81a0d26b6e25-balbintree_for_preorder/test.rs:26:26
       |
    26 |         BalBinTree::node(BalBinTree::leaf(), 3, BalBinTree::leaf()),
       |                          ^^^^^^^^^^ use of undeclared type `BalBinTree`


    error[E0433]: cannot find type `BalBinTree` in this scope
      --> /home/milnes/projects/APAS-VERUS/rust_verify_test/target/release/build/rust_verify_test/24da81a0d26b6e25/test_inputs/ProveBalBinTreeStEph-24da81a0d26b6e25-balbintree_for_preorder/test.rs:26:49
       |
    26 |         BalBinTree::node(BalBinTree::leaf(), 3, BalBinTree::leaf()),
       |                                                 ^^^^^^^^^^ use of undeclared type `BalBinTree`


    error: aborting due to 9 previous errors


    Some errors have detailed explanations: E0425, E0433.

    For more information about an error, try `rustc --explain E0425`.

    the input directory is /home/milnes/projects/APAS-VERUS/rust_verify_test/target/release/build/rust_verify_test/24da81a0d26b6e25/test_inputs/ProveBalBinTreeStEph-24da81a0d26b6e25-balbintree_for_preorder
    rerun this test with:
    verus --crate-type=lib  /home/milnes/projects/APAS-VERUS/rust_verify_test/target/release/build/rust_verify_test/24da81a0d26b6e25/test_inputs/ProveBalBinTreeStEph-24da81a0d26b6e25-balbintree_for_preorder/test.rs


    thread 'balbintree_for_preorder' (520129) panicked at tests/Chap23/ProveBalBinTreeStEph.rs:158:1:
    Err(_) does not match $result
    note: run with `RUST_BACKTRACE=1` environment variable to display a backtrace

        FAIL [   0.075s] ( 93/328) rust_verify_test::ProveBalBinTreeStEph balbintree_postorder_spec_match
  stdout ───

    running 1 test
    test balbintree_postorder_spec_match ... FAILED

    failures:

    failures:
        balbintree_postorder_spec_match

    test result: FAILED. 0 passed; 1 failed; 0 ignored; 0 measured; 10 filtered out; finished in 0.07s

  stderr ───
    error[E0433]: cannot find `Chap23` in `apas_verus`
      --> /home/milnes/projects/APAS-VERUS/rust_verify_test/target/release/build/rust_verify_test/24da81a0d26b6e25/test_inputs/ProveBalBinTreeStEph-24da81a0d26b6e25-balbintree_postorder_spec_match/test.rs:16:17
       |
    16 | use apas_verus::Chap23::BalBinTreeStEph::BalBinTreeStEph::*;
       |                 ^^^^^^ could not find `Chap23` in `apas_verus`
       |
    note: found an item that was configured out
      --> src/lib.rs:383:48
       |
       = note: the item is gated here


    error[E0425]: cannot find type `BalBinTree` in this scope
      --> /home/milnes/projects/APAS-VERUS/rust_verify_test/target/release/build/rust_verify_test/24da81a0d26b6e25/test_inputs/ProveBalBinTreeStEph-24da81a0d26b6e25-balbintree_postorder_spec_match/test.rs:22:15
       |
    22 |     let tree: BalBinTree<u64> = BalBinTree::node(
       |               ^^^^^^^^^^ not found in this scope


    error[E0433]: cannot find type `BalBinTree` in this scope
      --> /home/milnes/projects/APAS-VERUS/rust_verify_test/target/release/build/rust_verify_test/24da81a0d26b6e25/test_inputs/ProveBalBinTreeStEph-24da81a0d26b6e25-balbintree_postorder_spec_match/test.rs:22:33
       |
    22 |     let tree: BalBinTree<u64> = BalBinTree::node(
       |                                 ^^^^^^^^^^ use of undeclared type `BalBinTree`


    error[E0433]: cannot find type `BalBinTree` in this scope
      --> /home/milnes/projects/APAS-VERUS/rust_verify_test/target/release/build/rust_verify_test/24da81a0d26b6e25/test_inputs/ProveBalBinTreeStEph-24da81a0d26b6e25-balbintree_postorder_spec_match/test.rs:23:9
       |
    23 |         BalBinTree::leaf(),
       |         ^^^^^^^^^^ use of undeclared type `BalBinTree`


    error[E0433]: cannot find type `BalBinTree` in this scope
      --> /home/milnes/projects/APAS-VERUS/rust_verify_test/target/release/build/rust_verify_test/24da81a0d26b6e25/test_inputs/ProveBalBinTreeStEph-24da81a0d26b6e25-balbintree_postorder_spec_match/test.rs:25:9
       |
    25 |         BalBinTree::leaf(),
       |         ^^^^^^^^^^ use of undeclared type `BalBinTree`


    error: aborting due to 5 previous errors


    Some errors have detailed explanations: E0425, E0433.

    For more information about an error, try `rustc --explain E0425`.

    the input directory is /home/milnes/projects/APAS-VERUS/rust_verify_test/target/release/build/rust_verify_test/24da81a0d26b6e25/test_inputs/ProveBalBinTreeStEph-24da81a0d26b6e25-balbintree_postorder_spec_match
    rerun this test with:
    verus --crate-type=lib  /home/milnes/projects/APAS-VERUS/rust_verify_test/target/release/build/rust_verify_test/24da81a0d26b6e25/test_inputs/ProveBalBinTreeStEph-24da81a0d26b6e25-balbintree_postorder_spec_match/test.rs


    thread 'balbintree_postorder_spec_match' (520261) panicked at tests/Chap23/ProveBalBinTreeStEph.rs:278:1:
    Err(_) does not match $result
    note: run with `RUST_BACKTRACE=1` environment variable to display a backtrace

        FAIL [   0.089s] ( 94/328) rust_verify_test::ProveBalBinTreeStEph balbintree_loop_postorder
  stdout ───

    running 1 test
    test balbintree_loop_postorder ... FAILED

    failures:

    failures:
        balbintree_loop_postorder

    test result: FAILED. 0 passed; 1 failed; 0 ignored; 0 measured; 10 filtered out; finished in 0.08s

  stderr ───
    error[E0433]: cannot find `Chap23` in `apas_verus`
      --> /home/milnes/projects/APAS-VERUS/rust_verify_test/target/release/build/rust_verify_test/24da81a0d26b6e25/test_inputs/ProveBalBinTreeStEph-24da81a0d26b6e25-balbintree_loop_postorder/test.rs:17:17
       |
    17 | use apas_verus::Chap23::BalBinTreeStEph::BalBinTreeStEph::*;
       |                 ^^^^^^ could not find `Chap23` in `apas_verus`
       |
    note: found an item that was configured out
      --> src/lib.rs:383:48
       |
       = note: the item is gated here


    error[E0425]: cannot find type `BalBinTree` in this scope
      --> /home/milnes/projects/APAS-VERUS/rust_verify_test/target/release/build/rust_verify_test/24da81a0d26b6e25/test_inputs/ProveBalBinTreeStEph-24da81a0d26b6e25-balbintree_loop_postorder/test.rs:23:15
       |
    23 |     let tree: BalBinTree<u64> = BalBinTree::node(
       |               ^^^^^^^^^^ not found in this scope


    error[E0433]: cannot find type `BalBinTree` in this scope
      --> /home/milnes/projects/APAS-VERUS/rust_verify_test/target/release/build/rust_verify_test/24da81a0d26b6e25/test_inputs/ProveBalBinTreeStEph-24da81a0d26b6e25-balbintree_loop_postorder/test.rs:23:33
       |
    23 |     let tree: BalBinTree<u64> = BalBinTree::node(
       |                                 ^^^^^^^^^^ use of undeclared type `BalBinTree`


    error[E0433]: cannot find type `BalBinTree` in this scope
      --> /home/milnes/projects/APAS-VERUS/rust_verify_test/target/release/build/rust_verify_test/24da81a0d26b6e25/test_inputs/ProveBalBinTreeStEph-24da81a0d26b6e25-balbintree_loop_postorder/test.rs:24:9
       |
    24 |         BalBinTree::node(BalBinTree::leaf(), 1, BalBinTree::leaf()),
       |         ^^^^^^^^^^ use of undeclared type `BalBinTree`


    error[E0433]: cannot find type `BalBinTree` in this scope
      --> /home/milnes/projects/APAS-VERUS/rust_verify_test/target/release/build/rust_verify_test/24da81a0d26b6e25/test_inputs/ProveBalBinTreeStEph-24da81a0d26b6e25-balbintree_loop_postorder/test.rs:24:26
       |
    24 |         BalBinTree::node(BalBinTree::leaf(), 1, BalBinTree::leaf()),
       |                          ^^^^^^^^^^ use of undeclared type `BalBinTree`


    error[E0433]: cannot find type `BalBinTree` in this scope
      --> /home/milnes/projects/APAS-VERUS/rust_verify_test/target/release/build/rust_verify_test/24da81a0d26b6e25/test_inputs/ProveBalBinTreeStEph-24da81a0d26b6e25-balbintree_loop_postorder/test.rs:24:49
       |
    24 |         BalBinTree::node(BalBinTree::leaf(), 1, BalBinTree::leaf()),
       |                                                 ^^^^^^^^^^ use of undeclared type `BalBinTree`


    error[E0433]: cannot find type `BalBinTree` in this scope
      --> /home/milnes/projects/APAS-VERUS/rust_verify_test/target/release/build/rust_verify_test/24da81a0d26b6e25/test_inputs/ProveBalBinTreeStEph-24da81a0d26b6e25-balbintree_loop_postorder/test.rs:26:9
       |
    26 |         BalBinTree::node(BalBinTree::leaf(), 3, BalBinTree::leaf()),
       |         ^^^^^^^^^^ use of undeclared type `BalBinTree`


    error[E0433]: cannot find type `BalBinTree` in this scope
      --> /home/milnes/projects/APAS-VERUS/rust_verify_test/target/release/build/rust_verify_test/24da81a0d26b6e25/test_inputs/ProveBalBinTreeStEph-24da81a0d26b6e25-balbintree_loop_postorder/test.rs:26:26
       |
    26 |         BalBinTree::node(BalBinTree::leaf(), 3, BalBinTree::leaf()),
       |                          ^^^^^^^^^^ use of undeclared type `BalBinTree`


    error[E0433]: cannot find type `BalBinTree` in this scope
      --> /home/milnes/projects/APAS-VERUS/rust_verify_test/target/release/build/rust_verify_test/24da81a0d26b6e25/test_inputs/ProveBalBinTreeStEph-24da81a0d26b6e25-balbintree_loop_postorder/test.rs:26:49
       |
    26 |         BalBinTree::node(BalBinTree::leaf(), 3, BalBinTree::leaf()),
       |                                                 ^^^^^^^^^^ use of undeclared type `BalBinTree`


    error: aborting due to 9 previous errors


    Some errors have detailed explanations: E0425, E0433.

    For more information about an error, try `rustc --explain E0425`.

    the input directory is /home/milnes/projects/APAS-VERUS/rust_verify_test/target/release/build/rust_verify_test/24da81a0d26b6e25/test_inputs/ProveBalBinTreeStEph-24da81a0d26b6e25-balbintree_loop_postorder
    rerun this test with:
    verus --crate-type=lib  /home/milnes/projects/APAS-VERUS/rust_verify_test/target/release/build/rust_verify_test/24da81a0d26b6e25/test_inputs/ProveBalBinTreeStEph-24da81a0d26b6e25-balbintree_loop_postorder/test.rs


    thread 'balbintree_loop_postorder' (520219) panicked at tests/Chap23/ProveBalBinTreeStEph.rs:191:1:
    Err(_) does not match $result
    note: run with `RUST_BACKTRACE=1` environment variable to display a backtrace

        FAIL [   0.078s] ( 95/328) rust_verify_test::ProveBalBinTreeStEph balbintree_preorder_spec_match
  stdout ───

    running 1 test
    test balbintree_preorder_spec_match ... FAILED

    failures:

    failures:
        balbintree_preorder_spec_match

    test result: FAILED. 0 passed; 1 failed; 0 ignored; 0 measured; 10 filtered out; finished in 0.07s

  stderr ───
    error[E0433]: cannot find `Chap23` in `apas_verus`
      --> /home/milnes/projects/APAS-VERUS/rust_verify_test/target/release/build/rust_verify_test/24da81a0d26b6e25/test_inputs/ProveBalBinTreeStEph-24da81a0d26b6e25-balbintree_preorder_spec_match/test.rs:16:17
       |
    16 | use apas_verus::Chap23::BalBinTreeStEph::BalBinTreeStEph::*;
       |                 ^^^^^^ could not find `Chap23` in `apas_verus`
       |
    note: found an item that was configured out
      --> src/lib.rs:383:48
       |
       = note: the item is gated here


    error[E0425]: cannot find type `BalBinTree` in this scope
      --> /home/milnes/projects/APAS-VERUS/rust_verify_test/target/release/build/rust_verify_test/24da81a0d26b6e25/test_inputs/ProveBalBinTreeStEph-24da81a0d26b6e25-balbintree_preorder_spec_match/test.rs:22:15
       |
    22 |     let tree: BalBinTree<u64> = BalBinTree::node(
       |               ^^^^^^^^^^ not found in this scope


    error[E0433]: cannot find type `BalBinTree` in this scope
      --> /home/milnes/projects/APAS-VERUS/rust_verify_test/target/release/build/rust_verify_test/24da81a0d26b6e25/test_inputs/ProveBalBinTreeStEph-24da81a0d26b6e25-balbintree_preorder_spec_match/test.rs:22:33
       |
    22 |     let tree: BalBinTree<u64> = BalBinTree::node(
       |                                 ^^^^^^^^^^ use of undeclared type `BalBinTree`


    error[E0433]: cannot find type `BalBinTree` in this scope
      --> /home/milnes/projects/APAS-VERUS/rust_verify_test/target/release/build/rust_verify_test/24da81a0d26b6e25/test_inputs/ProveBalBinTreeStEph-24da81a0d26b6e25-balbintree_preorder_spec_match/test.rs:23:9
       |
    23 |         BalBinTree::leaf(),
       |         ^^^^^^^^^^ use of undeclared type `BalBinTree`


    error[E0433]: cannot find type `BalBinTree` in this scope
      --> /home/milnes/projects/APAS-VERUS/rust_verify_test/target/release/build/rust_verify_test/24da81a0d26b6e25/test_inputs/ProveBalBinTreeStEph-24da81a0d26b6e25-balbintree_preorder_spec_match/test.rs:25:9
       |
    25 |         BalBinTree::leaf(),
       |         ^^^^^^^^^^ use of undeclared type `BalBinTree`


    error: aborting due to 5 previous errors


    Some errors have detailed explanations: E0425, E0433.

    For more information about an error, try `rustc --explain E0425`.

    the input directory is /home/milnes/projects/APAS-VERUS/rust_verify_test/target/release/build/rust_verify_test/24da81a0d26b6e25/test_inputs/ProveBalBinTreeStEph-24da81a0d26b6e25-balbintree_preorder_spec_match
    rerun this test with:
    verus --crate-type=lib  /home/milnes/projects/APAS-VERUS/rust_verify_test/target/release/build/rust_verify_test/24da81a0d26b6e25/test_inputs/ProveBalBinTreeStEph-24da81a0d26b6e25-balbintree_preorder_spec_match/test.rs


    thread 'balbintree_preorder_spec_match' (520302) panicked at tests/Chap23/ProveBalBinTreeStEph.rs:322:1:
    Err(_) does not match $result
    note: run with `RUST_BACKTRACE=1` environment variable to display a backtrace

        FAIL [   0.089s] ( 96/328) rust_verify_test::ProveBalBinTreeStEph balbintree_loop_preorder
  stdout ───

    running 1 test
    test balbintree_loop_preorder ... FAILED

    failures:

    failures:
        balbintree_loop_preorder

    test result: FAILED. 0 passed; 1 failed; 0 ignored; 0 measured; 10 filtered out; finished in 0.09s

  stderr ───
    error[E0433]: cannot find `Chap23` in `apas_verus`
      --> /home/milnes/projects/APAS-VERUS/rust_verify_test/target/release/build/rust_verify_test/24da81a0d26b6e25/test_inputs/ProveBalBinTreeStEph-24da81a0d26b6e25-balbintree_loop_preorder/test.rs:17:17
       |
    17 | use apas_verus::Chap23::BalBinTreeStEph::BalBinTreeStEph::*;
       |                 ^^^^^^ could not find `Chap23` in `apas_verus`
       |
    note: found an item that was configured out
      --> src/lib.rs:383:48
       |
       = note: the item is gated here


    error[E0425]: cannot find type `BalBinTree` in this scope
      --> /home/milnes/projects/APAS-VERUS/rust_verify_test/target/release/build/rust_verify_test/24da81a0d26b6e25/test_inputs/ProveBalBinTreeStEph-24da81a0d26b6e25-balbintree_loop_preorder/test.rs:23:15
       |
    23 |     let tree: BalBinTree<u64> = BalBinTree::node(
       |               ^^^^^^^^^^ not found in this scope


    error[E0433]: cannot find type `BalBinTree` in this scope
      --> /home/milnes/projects/APAS-VERUS/rust_verify_test/target/release/build/rust_verify_test/24da81a0d26b6e25/test_inputs/ProveBalBinTreeStEph-24da81a0d26b6e25-balbintree_loop_preorder/test.rs:23:33
       |
    23 |     let tree: BalBinTree<u64> = BalBinTree::node(
       |                                 ^^^^^^^^^^ use of undeclared type `BalBinTree`


    error[E0433]: cannot find type `BalBinTree` in this scope
      --> /home/milnes/projects/APAS-VERUS/rust_verify_test/target/release/build/rust_verify_test/24da81a0d26b6e25/test_inputs/ProveBalBinTreeStEph-24da81a0d26b6e25-balbintree_loop_preorder/test.rs:24:9
       |
    24 |         BalBinTree::node(BalBinTree::leaf(), 1, BalBinTree::leaf()),
       |         ^^^^^^^^^^ use of undeclared type `BalBinTree`


    error[E0433]: cannot find type `BalBinTree` in this scope
      --> /home/milnes/projects/APAS-VERUS/rust_verify_test/target/release/build/rust_verify_test/24da81a0d26b6e25/test_inputs/ProveBalBinTreeStEph-24da81a0d26b6e25-balbintree_loop_preorder/test.rs:24:26
       |
    24 |         BalBinTree::node(BalBinTree::leaf(), 1, BalBinTree::leaf()),
       |                          ^^^^^^^^^^ use of undeclared type `BalBinTree`


    error[E0433]: cannot find type `BalBinTree` in this scope
      --> /home/milnes/projects/APAS-VERUS/rust_verify_test/target/release/build/rust_verify_test/24da81a0d26b6e25/test_inputs/ProveBalBinTreeStEph-24da81a0d26b6e25-balbintree_loop_preorder/test.rs:24:49
       |
    24 |         BalBinTree::node(BalBinTree::leaf(), 1, BalBinTree::leaf()),
       |                                                 ^^^^^^^^^^ use of undeclared type `BalBinTree`


    error[E0433]: cannot find type `BalBinTree` in this scope
      --> /home/milnes/projects/APAS-VERUS/rust_verify_test/target/release/build/rust_verify_test/24da81a0d26b6e25/test_inputs/ProveBalBinTreeStEph-24da81a0d26b6e25-balbintree_loop_preorder/test.rs:26:9
       |
    26 |         BalBinTree::node(BalBinTree::leaf(), 3, BalBinTree::leaf()),
       |         ^^^^^^^^^^ use of undeclared type `BalBinTree`


    error[E0433]: cannot find type `BalBinTree` in this scope
      --> /home/milnes/projects/APAS-VERUS/rust_verify_test/target/release/build/rust_verify_test/24da81a0d26b6e25/test_inputs/ProveBalBinTreeStEph-24da81a0d26b6e25-balbintree_loop_preorder/test.rs:26:26
       |
    26 |         BalBinTree::node(BalBinTree::leaf(), 3, BalBinTree::leaf()),
       |                          ^^^^^^^^^^ use of undeclared type `BalBinTree`


    error[E0433]: cannot find type `BalBinTree` in this scope
      --> /home/milnes/projects/APAS-VERUS/rust_verify_test/target/release/build/rust_verify_test/24da81a0d26b6e25/test_inputs/ProveBalBinTreeStEph-24da81a0d26b6e25-balbintree_loop_preorder/test.rs:26:49
       |
    26 |         BalBinTree::node(BalBinTree::leaf(), 3, BalBinTree::leaf()),
       |                                                 ^^^^^^^^^^ use of undeclared type `BalBinTree`


    error: aborting due to 9 previous errors


    Some errors have detailed explanations: E0425, E0433.

    For more information about an error, try `rustc --explain E0425`.

    the input directory is /home/milnes/projects/APAS-VERUS/rust_verify_test/target/release/build/rust_verify_test/24da81a0d26b6e25/test_inputs/ProveBalBinTreeStEph-24da81a0d26b6e25-balbintree_loop_preorder
    rerun this test with:
    verus --crate-type=lib  /home/milnes/projects/APAS-VERUS/rust_verify_test/target/release/build/rust_verify_test/24da81a0d26b6e25/test_inputs/ProveBalBinTreeStEph-24da81a0d26b6e25-balbintree_loop_preorder/test.rs


    thread 'balbintree_loop_preorder' (520259) panicked at tests/Chap23/ProveBalBinTreeStEph.rs:71:1:
    Err(_) does not match $result
    note: run with `RUST_BACKTRACE=1` environment variable to display a backtrace

        FAIL [   0.120s] ( 97/328) rust_verify_test::ProveBalBinTreeStEph balbintree_loop_inorder
  stdout ───

    running 1 test
    test balbintree_loop_inorder ... FAILED

    failures:

    failures:
        balbintree_loop_inorder

    test result: FAILED. 0 passed; 1 failed; 0 ignored; 0 measured; 10 filtered out; finished in 0.12s

  stderr ───
    error[E0433]: cannot find `Chap23` in `apas_verus`
      --> /home/milnes/projects/APAS-VERUS/rust_verify_test/target/release/build/rust_verify_test/24da81a0d26b6e25/test_inputs/ProveBalBinTreeStEph-24da81a0d26b6e25-balbintree_loop_inorder/test.rs:17:17
       |
    17 | use apas_verus::Chap23::BalBinTreeStEph::BalBinTreeStEph::*;
       |                 ^^^^^^ could not find `Chap23` in `apas_verus`
       |
    note: found an item that was configured out
      --> src/lib.rs:383:48
       |
       = note: the item is gated here


    error[E0425]: cannot find type `BalBinTree` in this scope
      --> /home/milnes/projects/APAS-VERUS/rust_verify_test/target/release/build/rust_verify_test/24da81a0d26b6e25/test_inputs/ProveBalBinTreeStEph-24da81a0d26b6e25-balbintree_loop_inorder/test.rs:23:15
       |
    23 |     let tree: BalBinTree<u64> = BalBinTree::node(
       |               ^^^^^^^^^^ not found in this scope


    error[E0433]: cannot find type `BalBinTree` in this scope
      --> /home/milnes/projects/APAS-VERUS/rust_verify_test/target/release/build/rust_verify_test/24da81a0d26b6e25/test_inputs/ProveBalBinTreeStEph-24da81a0d26b6e25-balbintree_loop_inorder/test.rs:23:33
       |
    23 |     let tree: BalBinTree<u64> = BalBinTree::node(
       |                                 ^^^^^^^^^^ use of undeclared type `BalBinTree`


    error[E0433]: cannot find type `BalBinTree` in this scope
      --> /home/milnes/projects/APAS-VERUS/rust_verify_test/target/release/build/rust_verify_test/24da81a0d26b6e25/test_inputs/ProveBalBinTreeStEph-24da81a0d26b6e25-balbintree_loop_inorder/test.rs:24:9
       |
    24 |         BalBinTree::node(BalBinTree::leaf(), 1, BalBinTree::leaf()),
       |         ^^^^^^^^^^ use of undeclared type `BalBinTree`


    error[E0433]: cannot find type `BalBinTree` in this scope
      --> /home/milnes/projects/APAS-VERUS/rust_verify_test/target/release/build/rust_verify_test/24da81a0d26b6e25/test_inputs/ProveBalBinTreeStEph-24da81a0d26b6e25-balbintree_loop_inorder/test.rs:24:26
       |
    24 |         BalBinTree::node(BalBinTree::leaf(), 1, BalBinTree::leaf()),
       |                          ^^^^^^^^^^ use of undeclared type `BalBinTree`


    error[E0433]: cannot find type `BalBinTree` in this scope
      --> /home/milnes/projects/APAS-VERUS/rust_verify_test/target/release/build/rust_verify_test/24da81a0d26b6e25/test_inputs/ProveBalBinTreeStEph-24da81a0d26b6e25-balbintree_loop_inorder/test.rs:24:49
       |
    24 |         BalBinTree::node(BalBinTree::leaf(), 1, BalBinTree::leaf()),
       |                                                 ^^^^^^^^^^ use of undeclared type `BalBinTree`


    error[E0433]: cannot find type `BalBinTree` in this scope
      --> /home/milnes/projects/APAS-VERUS/rust_verify_test/target/release/build/rust_verify_test/24da81a0d26b6e25/test_inputs/ProveBalBinTreeStEph-24da81a0d26b6e25-balbintree_loop_inorder/test.rs:26:9
       |
    26 |         BalBinTree::node(BalBinTree::leaf(), 3, BalBinTree::leaf()),
       |         ^^^^^^^^^^ use of undeclared type `BalBinTree`


    error[E0433]: cannot find type `BalBinTree` in this scope
      --> /home/milnes/projects/APAS-VERUS/rust_verify_test/target/release/build/rust_verify_test/24da81a0d26b6e25/test_inputs/ProveBalBinTreeStEph-24da81a0d26b6e25-balbintree_loop_inorder/test.rs:26:26
       |
    26 |         BalBinTree::node(BalBinTree::leaf(), 3, BalBinTree::leaf()),
       |                          ^^^^^^^^^^ use of undeclared type `BalBinTree`


    error[E0433]: cannot find type `BalBinTree` in this scope
      --> /home/milnes/projects/APAS-VERUS/rust_verify_test/target/release/build/rust_verify_test/24da81a0d26b6e25/test_inputs/ProveBalBinTreeStEph-24da81a0d26b6e25-balbintree_loop_inorder/test.rs:26:49
       |
    26 |         BalBinTree::node(BalBinTree::leaf(), 3, BalBinTree::leaf()),
       |                                                 ^^^^^^^^^^ use of undeclared type `BalBinTree`


    error: aborting due to 9 previous errors


    Some errors have detailed explanations: E0425, E0433.

    For more information about an error, try `rustc --explain E0425`.

    the input directory is /home/milnes/projects/APAS-VERUS/rust_verify_test/target/release/build/rust_verify_test/24da81a0d26b6e25/test_inputs/ProveBalBinTreeStEph-24da81a0d26b6e25-balbintree_loop_inorder
    rerun this test with:
    verus --crate-type=lib  /home/milnes/projects/APAS-VERUS/rust_verify_test/target/release/build/rust_verify_test/24da81a0d26b6e25/test_inputs/ProveBalBinTreeStEph-24da81a0d26b6e25-balbintree_loop_inorder/test.rs


    thread 'balbintree_loop_inorder' (520220) panicked at tests/Chap23/ProveBalBinTreeStEph.rs:17:1:
    Err(_) does not match $result
    note: run with `RUST_BACKTRACE=1` environment variable to display a backtrace

        FAIL [   0.084s] ( 98/328) rust_verify_test::ProveChap18ArraySeqMtEphSlice chap18_arrayseqmtephslice_for_borrow_into
  stdout ───

    running 1 test
    test chap18_arrayseqmtephslice_for_borrow_into ... FAILED

    failures:

    failures:
        chap18_arrayseqmtephslice_for_borrow_into

    test result: FAILED. 0 passed; 1 failed; 0 ignored; 0 measured; 3 filtered out; finished in 0.08s

  stderr ───
    error[E0433]: cannot find `Chap18` in `apas_verus`
      --> /home/milnes/projects/APAS-VERUS/rust_verify_test/target/release/build/rust_verify_test/9c4ecac2fd4b7987/test_inputs/ProveChap18ArraySeqMtEphSlice-9c4ecac2fd4b7987-chap18_arrayseqmtephslice_for_borrow_into/test.rs:17:17
       |
    17 | use apas_verus::Chap18::ArraySeqMtEphSlice::ArraySeqMtEphSlice::*;
       |                 ^^^^^^ could not find `Chap18` in `apas_verus`
       |
    note: found an item that was configured out
      --> src/lib.rs:345:48
       |
       = note: the item is gated here


    error[E0425]: cannot find type `ArraySeqMtEphSliceS` in this scope
      --> /home/milnes/projects/APAS-VERUS/rust_verify_test/target/release/build/rust_verify_test/9c4ecac2fd4b7987/test_inputs/ProveChap18ArraySeqMtEphSlice-9c4ecac2fd4b7987-chap18_arrayseqmtephslice_for_borrow_into/test.rs:20:12
       |
    20 |     let a: ArraySeqMtEphSliceS<u64> = ArraySeqMtEphSliceS::new(3, 77);
       |            ^^^^^^^^^^^^^^^^^^^ not found in this scope


    error[E0433]: cannot find type `ArraySeqMtEphSliceS` in this scope
      --> /home/milnes/projects/APAS-VERUS/rust_verify_test/target/release/build/rust_verify_test/9c4ecac2fd4b7987/test_inputs/ProveChap18ArraySeqMtEphSlice-9c4ecac2fd4b7987-chap18_arrayseqmtephslice_for_borrow_into/test.rs:20:39
       |
    20 |     let a: ArraySeqMtEphSliceS<u64> = ArraySeqMtEphSliceS::new(3, 77);
       |                                       ^^^^^^^^^^^^^^^^^^^ use of undeclared type `ArraySeqMtEphSliceS`


    error: aborting due to 3 previous errors


    Some errors have detailed explanations: E0425, E0433.

    For more information about an error, try `rustc --explain E0425`.

    the input directory is /home/milnes/projects/APAS-VERUS/rust_verify_test/target/release/build/rust_verify_test/9c4ecac2fd4b7987/test_inputs/ProveChap18ArraySeqMtEphSlice-9c4ecac2fd4b7987-chap18_arrayseqmtephslice_for_borrow_into
    rerun this test with:
    verus --crate-type=lib  /home/milnes/projects/APAS-VERUS/rust_verify_test/target/release/build/rust_verify_test/9c4ecac2fd4b7987/test_inputs/ProveChap18ArraySeqMtEphSlice-9c4ecac2fd4b7987-chap18_arrayseqmtephslice_for_borrow_into/test.rs


    thread 'chap18_arrayseqmtephslice_for_borrow_into' (520328) panicked at tests/Chap18/ProveArraySeqMtEphSlice.rs:139:1:
    Err(_) does not match $result
    note: run with `RUST_BACKTRACE=1` environment variable to display a backtrace

        FAIL [   0.066s] ( 99/328) rust_verify_test::ProveChap18ArraySeqMtEphSlice chap18_arrayseqmtephslice_for_borrow_iter
  stdout ───

    running 1 test
    test chap18_arrayseqmtephslice_for_borrow_iter ... FAILED

    failures:

    failures:
        chap18_arrayseqmtephslice_for_borrow_iter

    test result: FAILED. 0 passed; 1 failed; 0 ignored; 0 measured; 3 filtered out; finished in 0.06s

  stderr ───
    error[E0433]: cannot find `Chap18` in `apas_verus`
      --> /home/milnes/projects/APAS-VERUS/rust_verify_test/target/release/build/rust_verify_test/9c4ecac2fd4b7987/test_inputs/ProveChap18ArraySeqMtEphSlice-9c4ecac2fd4b7987-chap18_arrayseqmtephslice_for_borrow_iter/test.rs:17:17
       |
    17 | use apas_verus::Chap18::ArraySeqMtEphSlice::ArraySeqMtEphSlice::*;
       |                 ^^^^^^ could not find `Chap18` in `apas_verus`
       |
    note: found an item that was configured out
      --> src/lib.rs:345:48
       |
       = note: the item is gated here


    error[E0425]: cannot find type `ArraySeqMtEphSliceS` in this scope
      --> /home/milnes/projects/APAS-VERUS/rust_verify_test/target/release/build/rust_verify_test/9c4ecac2fd4b7987/test_inputs/ProveChap18ArraySeqMtEphSlice-9c4ecac2fd4b7987-chap18_arrayseqmtephslice_for_borrow_iter/test.rs:20:12
       |
    20 |     let a: ArraySeqMtEphSliceS<u64> = ArraySeqMtEphSliceS::new(3, 99);
       |            ^^^^^^^^^^^^^^^^^^^ not found in this scope


    error[E0433]: cannot find type `ArraySeqMtEphSliceS` in this scope
      --> /home/milnes/projects/APAS-VERUS/rust_verify_test/target/release/build/rust_verify_test/9c4ecac2fd4b7987/test_inputs/ProveChap18ArraySeqMtEphSlice-9c4ecac2fd4b7987-chap18_arrayseqmtephslice_for_borrow_iter/test.rs:20:39
       |
    20 |     let a: ArraySeqMtEphSliceS<u64> = ArraySeqMtEphSliceS::new(3, 99);
       |                                       ^^^^^^^^^^^^^^^^^^^ use of undeclared type `ArraySeqMtEphSliceS`


    error: aborting due to 3 previous errors


    Some errors have detailed explanations: E0425, E0433.

    For more information about an error, try `rustc --explain E0425`.

    the input directory is /home/milnes/projects/APAS-VERUS/rust_verify_test/target/release/build/rust_verify_test/9c4ecac2fd4b7987/test_inputs/ProveChap18ArraySeqMtEphSlice-9c4ecac2fd4b7987-chap18_arrayseqmtephslice_for_borrow_iter
    rerun this test with:
    verus --crate-type=lib  /home/milnes/projects/APAS-VERUS/rust_verify_test/target/release/build/rust_verify_test/9c4ecac2fd4b7987/test_inputs/ProveChap18ArraySeqMtEphSlice-9c4ecac2fd4b7987-chap18_arrayseqmtephslice_for_borrow_iter/test.rs


    thread 'chap18_arrayseqmtephslice_for_borrow_iter' (520351) panicked at tests/Chap18/ProveArraySeqMtEphSlice.rs:113:1:
    Err(_) does not match $result
    note: run with `RUST_BACKTRACE=1` environment variable to display a backtrace

        FAIL [   0.060s] (100/328) rust_verify_test::ProveChap19ArraySeqMtEph chap19_arrayseqmteph_for_borrow_into
  stdout ───

    running 1 test
    test chap19_arrayseqmteph_for_borrow_into ... FAILED

    failures:

    failures:
        chap19_arrayseqmteph_for_borrow_into

    test result: FAILED. 0 passed; 1 failed; 0 ignored; 0 measured; 5 filtered out; finished in 0.06s

  stderr ───
    error[E0433]: cannot find `Chap19` in `apas_verus`
      --> /home/milnes/projects/APAS-VERUS/rust_verify_test/target/release/build/rust_verify_test/599ed89d60d8b4e0/test_inputs/ProveChap19ArraySeqMtEph-599ed89d60d8b4e0-chap19_arrayseqmteph_for_borrow_into/test.rs:17:17
       |
    17 | use apas_verus::Chap19::ArraySeqMtEph::ArraySeqMtEph::*;
       |                 ^^^^^^ could not find `Chap19` in `apas_verus`
       |
    note: found an item that was configured out
      --> src/lib.rs:358:48
       |
       = note: the item is gated here


    error[E0425]: cannot find type `ArraySeqMtEphS` in this scope
      --> /home/milnes/projects/APAS-VERUS/rust_verify_test/target/release/build/rust_verify_test/599ed89d60d8b4e0/test_inputs/ProveChap19ArraySeqMtEph-599ed89d60d8b4e0-chap19_arrayseqmteph_for_borrow_into/test.rs:20:12
       |
    20 |     let a: ArraySeqMtEphS<u64> = ArraySeqMtEphS::new(3, 77);
       |            ^^^^^^^^^^^^^^ not found in this scope


    error[E0433]: cannot find type `ArraySeqMtEphS` in this scope
      --> /home/milnes/projects/APAS-VERUS/rust_verify_test/target/release/build/rust_verify_test/599ed89d60d8b4e0/test_inputs/ProveChap19ArraySeqMtEph-599ed89d60d8b4e0-chap19_arrayseqmteph_for_borrow_into/test.rs:20:34
       |
    20 |     let a: ArraySeqMtEphS<u64> = ArraySeqMtEphS::new(3, 77);
       |                                  ^^^^^^^^^^^^^^ use of undeclared type `ArraySeqMtEphS`


    error: aborting due to 3 previous errors


    Some errors have detailed explanations: E0425, E0433.

    For more information about an error, try `rustc --explain E0425`.

    the input directory is /home/milnes/projects/APAS-VERUS/rust_verify_test/target/release/build/rust_verify_test/599ed89d60d8b4e0/test_inputs/ProveChap19ArraySeqMtEph-599ed89d60d8b4e0-chap19_arrayseqmteph_for_borrow_into
    rerun this test with:
    verus --crate-type=lib  /home/milnes/projects/APAS-VERUS/rust_verify_test/target/release/build/rust_verify_test/599ed89d60d8b4e0/test_inputs/ProveChap19ArraySeqMtEph-599ed89d60d8b4e0-chap19_arrayseqmteph_for_borrow_into/test.rs


    thread 'chap19_arrayseqmteph_for_borrow_into' (520402) panicked at tests/Chap19/ProveArraySeqMtEph.rs:187:1:
    Err(_) does not match $result
    note: run with `RUST_BACKTRACE=1` environment variable to display a backtrace

        FAIL [   0.069s] (101/328) rust_verify_test::ProveChap18ArraySeqMtEphSlice chap18_arrayseqmtephslice_loop_borrow_iter
  stdout ───

    running 1 test
    test chap18_arrayseqmtephslice_loop_borrow_iter ... FAILED

    failures:

    failures:
        chap18_arrayseqmtephslice_loop_borrow_iter

    test result: FAILED. 0 passed; 1 failed; 0 ignored; 0 measured; 3 filtered out; finished in 0.07s

  stderr ───
    error[E0433]: cannot find `Chap18` in `apas_verus`
      --> /home/milnes/projects/APAS-VERUS/rust_verify_test/target/release/build/rust_verify_test/9c4ecac2fd4b7987/test_inputs/ProveChap18ArraySeqMtEphSlice-9c4ecac2fd4b7987-chap18_arrayseqmtephslice_loop_borrow_iter/test.rs:17:17
       |
    17 | use apas_verus::Chap18::ArraySeqMtEphSlice::ArraySeqMtEphSlice::*;
       |                 ^^^^^^ could not find `Chap18` in `apas_verus`
       |
    note: found an item that was configured out
      --> src/lib.rs:345:48
       |
       = note: the item is gated here


    error[E0425]: cannot find type `ArraySeqMtEphSliceS` in this scope
      --> /home/milnes/projects/APAS-VERUS/rust_verify_test/target/release/build/rust_verify_test/9c4ecac2fd4b7987/test_inputs/ProveChap18ArraySeqMtEphSlice-9c4ecac2fd4b7987-chap18_arrayseqmtephslice_loop_borrow_iter/test.rs:20:12
       |
    20 |     let a: ArraySeqMtEphSliceS<u64> = ArraySeqMtEphSliceS::new(3, 42);
       |            ^^^^^^^^^^^^^^^^^^^ not found in this scope


    error[E0433]: cannot find type `ArraySeqMtEphSliceS` in this scope
      --> /home/milnes/projects/APAS-VERUS/rust_verify_test/target/release/build/rust_verify_test/9c4ecac2fd4b7987/test_inputs/ProveChap18ArraySeqMtEphSlice-9c4ecac2fd4b7987-chap18_arrayseqmtephslice_loop_borrow_iter/test.rs:20:39
       |
    20 |     let a: ArraySeqMtEphSliceS<u64> = ArraySeqMtEphSliceS::new(3, 42);
       |                                       ^^^^^^^^^^^^^^^^^^^ use of undeclared type `ArraySeqMtEphSliceS`


    error: aborting due to 3 previous errors


    Some errors have detailed explanations: E0425, E0433.

    For more information about an error, try `rustc --explain E0425`.

    the input directory is /home/milnes/projects/APAS-VERUS/rust_verify_test/target/release/build/rust_verify_test/9c4ecac2fd4b7987/test_inputs/ProveChap18ArraySeqMtEphSlice-9c4ecac2fd4b7987-chap18_arrayseqmtephslice_loop_borrow_iter
    rerun this test with:
    verus --crate-type=lib  /home/milnes/projects/APAS-VERUS/rust_verify_test/target/release/build/rust_verify_test/9c4ecac2fd4b7987/test_inputs/ProveChap18ArraySeqMtEphSlice-9c4ecac2fd4b7987-chap18_arrayseqmtephslice_loop_borrow_iter/test.rs


    thread 'chap18_arrayseqmtephslice_loop_borrow_iter' (520383) panicked at tests/Chap18/ProveArraySeqMtEphSlice.rs:19:1:
    Err(_) does not match $result
    note: run with `RUST_BACKTRACE=1` environment variable to display a backtrace

        FAIL [   0.076s] (102/328) rust_verify_test::ProveChap18ArraySeqMtEphSlice chap18_arrayseqmtephslice_loop_borrow_into
  stdout ───

    running 1 test
    test chap18_arrayseqmtephslice_loop_borrow_into ... FAILED

    failures:

    failures:
        chap18_arrayseqmtephslice_loop_borrow_into

    test result: FAILED. 0 passed; 1 failed; 0 ignored; 0 measured; 3 filtered out; finished in 0.07s

  stderr ───
    error[E0433]: cannot find `Chap18` in `apas_verus`
      --> /home/milnes/projects/APAS-VERUS/rust_verify_test/target/release/build/rust_verify_test/9c4ecac2fd4b7987/test_inputs/ProveChap18ArraySeqMtEphSlice-9c4ecac2fd4b7987-chap18_arrayseqmtephslice_loop_borrow_into/test.rs:17:17
       |
    17 | use apas_verus::Chap18::ArraySeqMtEphSlice::ArraySeqMtEphSlice::*;
       |                 ^^^^^^ could not find `Chap18` in `apas_verus`
       |
    note: found an item that was configured out
      --> src/lib.rs:345:48
       |
       = note: the item is gated here


    error[E0425]: cannot find type `ArraySeqMtEphSliceS` in this scope
      --> /home/milnes/projects/APAS-VERUS/rust_verify_test/target/release/build/rust_verify_test/9c4ecac2fd4b7987/test_inputs/ProveChap18ArraySeqMtEphSlice-9c4ecac2fd4b7987-chap18_arrayseqmtephslice_loop_borrow_into/test.rs:20:12
       |
    20 |     let a: ArraySeqMtEphSliceS<u64> = ArraySeqMtEphSliceS::new(3, 55);
       |            ^^^^^^^^^^^^^^^^^^^ not found in this scope


    error[E0433]: cannot find type `ArraySeqMtEphSliceS` in this scope
      --> /home/milnes/projects/APAS-VERUS/rust_verify_test/target/release/build/rust_verify_test/9c4ecac2fd4b7987/test_inputs/ProveChap18ArraySeqMtEphSlice-9c4ecac2fd4b7987-chap18_arrayseqmtephslice_loop_borrow_into/test.rs:20:39
       |
    20 |     let a: ArraySeqMtEphSliceS<u64> = ArraySeqMtEphSliceS::new(3, 55);
       |                                       ^^^^^^^^^^^^^^^^^^^ use of undeclared type `ArraySeqMtEphSliceS`


    error: aborting due to 3 previous errors


    Some errors have detailed explanations: E0425, E0433.

    For more information about an error, try `rustc --explain E0425`.

    the input directory is /home/milnes/projects/APAS-VERUS/rust_verify_test/target/release/build/rust_verify_test/9c4ecac2fd4b7987/test_inputs/ProveChap18ArraySeqMtEphSlice-9c4ecac2fd4b7987-chap18_arrayseqmtephslice_loop_borrow_into
    rerun this test with:
    verus --crate-type=lib  /home/milnes/projects/APAS-VERUS/rust_verify_test/target/release/build/rust_verify_test/9c4ecac2fd4b7987/test_inputs/ProveChap18ArraySeqMtEphSlice-9c4ecac2fd4b7987-chap18_arrayseqmtephslice_loop_borrow_into/test.rs


    thread 'chap18_arrayseqmtephslice_loop_borrow_into' (520354) panicked at tests/Chap18/ProveArraySeqMtEphSlice.rs:66:1:
    Err(_) does not match $result
    note: run with `RUST_BACKTRACE=1` environment variable to display a backtrace

        FAIL [   0.076s] (103/328) rust_verify_test::ProveChap19ArraySeqMtEph chap19_arrayseqmteph_for_borrow_iter
  stdout ───

    running 1 test
    test chap19_arrayseqmteph_for_borrow_iter ... FAILED

    failures:

    failures:
        chap19_arrayseqmteph_for_borrow_iter

    test result: FAILED. 0 passed; 1 failed; 0 ignored; 0 measured; 5 filtered out; finished in 0.07s

  stderr ───
    error[E0433]: cannot find `Chap19` in `apas_verus`
      --> /home/milnes/projects/APAS-VERUS/rust_verify_test/target/release/build/rust_verify_test/599ed89d60d8b4e0/test_inputs/ProveChap19ArraySeqMtEph-599ed89d60d8b4e0-chap19_arrayseqmteph_for_borrow_iter/test.rs:17:17
       |
    17 | use apas_verus::Chap19::ArraySeqMtEph::ArraySeqMtEph::*;
       |                 ^^^^^^ could not find `Chap19` in `apas_verus`
       |
    note: found an item that was configured out
      --> src/lib.rs:358:48
       |
       = note: the item is gated here


    error[E0425]: cannot find type `ArraySeqMtEphS` in this scope
      --> /home/milnes/projects/APAS-VERUS/rust_verify_test/target/release/build/rust_verify_test/599ed89d60d8b4e0/test_inputs/ProveChap19ArraySeqMtEph-599ed89d60d8b4e0-chap19_arrayseqmteph_for_borrow_iter/test.rs:20:12
       |
    20 |     let a: ArraySeqMtEphS<u64> = ArraySeqMtEphS::new(3, 99);
       |            ^^^^^^^^^^^^^^ not found in this scope


    error[E0433]: cannot find type `ArraySeqMtEphS` in this scope
      --> /home/milnes/projects/APAS-VERUS/rust_verify_test/target/release/build/rust_verify_test/599ed89d60d8b4e0/test_inputs/ProveChap19ArraySeqMtEph-599ed89d60d8b4e0-chap19_arrayseqmteph_for_borrow_iter/test.rs:20:34
       |
    20 |     let a: ArraySeqMtEphS<u64> = ArraySeqMtEphS::new(3, 99);
       |                                  ^^^^^^^^^^^^^^ use of undeclared type `ArraySeqMtEphS`


    error: aborting due to 3 previous errors


    Some errors have detailed explanations: E0425, E0433.

    For more information about an error, try `rustc --explain E0425`.

    the input directory is /home/milnes/projects/APAS-VERUS/rust_verify_test/target/release/build/rust_verify_test/599ed89d60d8b4e0/test_inputs/ProveChap19ArraySeqMtEph-599ed89d60d8b4e0-chap19_arrayseqmteph_for_borrow_iter
    rerun this test with:
    verus --crate-type=lib  /home/milnes/projects/APAS-VERUS/rust_verify_test/target/release/build/rust_verify_test/599ed89d60d8b4e0/test_inputs/ProveChap19ArraySeqMtEph-599ed89d60d8b4e0-chap19_arrayseqmteph_for_borrow_iter/test.rs


    thread 'chap19_arrayseqmteph_for_borrow_iter' (520438) panicked at tests/Chap19/ProveArraySeqMtEph.rs:161:1:
    Err(_) does not match $result
    note: run with `RUST_BACKTRACE=1` environment variable to display a backtrace

        FAIL [   0.077s] (104/328) rust_verify_test::ProveChap19ArraySeqMtEph chap19_arrayseqmteph_for_consume
  stdout ───

    running 1 test
    test chap19_arrayseqmteph_for_consume ... FAILED

    failures:

    failures:
        chap19_arrayseqmteph_for_consume

    test result: FAILED. 0 passed; 1 failed; 0 ignored; 0 measured; 5 filtered out; finished in 0.07s

  stderr ───
    error[E0433]: cannot find `Chap19` in `apas_verus`
      --> /home/milnes/projects/APAS-VERUS/rust_verify_test/target/release/build/rust_verify_test/599ed89d60d8b4e0/test_inputs/ProveChap19ArraySeqMtEph-599ed89d60d8b4e0-chap19_arrayseqmteph_for_consume/test.rs:17:17
       |
    17 | use apas_verus::Chap19::ArraySeqMtEph::ArraySeqMtEph::*;
       |                 ^^^^^^ could not find `Chap19` in `apas_verus`
       |
    note: found an item that was configured out
      --> src/lib.rs:358:48
       |
       = note: the item is gated here


    error[E0425]: cannot find type `ArraySeqMtEphS` in this scope
      --> /home/milnes/projects/APAS-VERUS/rust_verify_test/target/release/build/rust_verify_test/599ed89d60d8b4e0/test_inputs/ProveChap19ArraySeqMtEph-599ed89d60d8b4e0-chap19_arrayseqmteph_for_consume/test.rs:20:12
       |
    20 |     let a: ArraySeqMtEphS<u64> = ArraySeqMtEphS::new(3, 66);
       |            ^^^^^^^^^^^^^^ not found in this scope


    error[E0433]: cannot find type `ArraySeqMtEphS` in this scope
      --> /home/milnes/projects/APAS-VERUS/rust_verify_test/target/release/build/rust_verify_test/599ed89d60d8b4e0/test_inputs/ProveChap19ArraySeqMtEph-599ed89d60d8b4e0-chap19_arrayseqmteph_for_consume/test.rs:20:34
       |
    20 |     let a: ArraySeqMtEphS<u64> = ArraySeqMtEphS::new(3, 66);
       |                                  ^^^^^^^^^^^^^^ use of undeclared type `ArraySeqMtEphS`


    error: aborting due to 3 previous errors


    Some errors have detailed explanations: E0425, E0433.

    For more information about an error, try `rustc --explain E0425`.

    the input directory is /home/milnes/projects/APAS-VERUS/rust_verify_test/target/release/build/rust_verify_test/599ed89d60d8b4e0/test_inputs/ProveChap19ArraySeqMtEph-599ed89d60d8b4e0-chap19_arrayseqmteph_for_consume
    rerun this test with:
    verus --crate-type=lib  /home/milnes/projects/APAS-VERUS/rust_verify_test/target/release/build/rust_verify_test/599ed89d60d8b4e0/test_inputs/ProveChap19ArraySeqMtEph-599ed89d60d8b4e0-chap19_arrayseqmteph_for_consume/test.rs


    thread 'chap19_arrayseqmteph_for_consume' (520460) panicked at tests/Chap19/ProveArraySeqMtEph.rs:213:1:
    Err(_) does not match $result
    note: run with `RUST_BACKTRACE=1` environment variable to display a backtrace

        FAIL [   0.075s] (105/328) rust_verify_test::ProveChap19ArraySeqMtEph chap19_arrayseqmteph_loop_borrow_into
  stdout ───

    running 1 test
    test chap19_arrayseqmteph_loop_borrow_into ... FAILED

    failures:

    failures:
        chap19_arrayseqmteph_loop_borrow_into

    test result: FAILED. 0 passed; 1 failed; 0 ignored; 0 measured; 5 filtered out; finished in 0.07s

  stderr ───
    error[E0433]: cannot find `Chap19` in `apas_verus`
      --> /home/milnes/projects/APAS-VERUS/rust_verify_test/target/release/build/rust_verify_test/599ed89d60d8b4e0/test_inputs/ProveChap19ArraySeqMtEph-599ed89d60d8b4e0-chap19_arrayseqmteph_loop_borrow_into/test.rs:17:17
       |
    17 | use apas_verus::Chap19::ArraySeqMtEph::ArraySeqMtEph::*;
       |                 ^^^^^^ could not find `Chap19` in `apas_verus`
       |
    note: found an item that was configured out
      --> src/lib.rs:358:48
       |
       = note: the item is gated here


    error[E0425]: cannot find type `ArraySeqMtEphS` in this scope
      --> /home/milnes/projects/APAS-VERUS/rust_verify_test/target/release/build/rust_verify_test/599ed89d60d8b4e0/test_inputs/ProveChap19ArraySeqMtEph-599ed89d60d8b4e0-chap19_arrayseqmteph_loop_borrow_into/test.rs:20:12
       |
    20 |     let a: ArraySeqMtEphS<u64> = ArraySeqMtEphS::new(3, 55);
       |            ^^^^^^^^^^^^^^ not found in this scope


    error[E0433]: cannot find type `ArraySeqMtEphS` in this scope
      --> /home/milnes/projects/APAS-VERUS/rust_verify_test/target/release/build/rust_verify_test/599ed89d60d8b4e0/test_inputs/ProveChap19ArraySeqMtEph-599ed89d60d8b4e0-chap19_arrayseqmteph_loop_borrow_into/test.rs:20:34
       |
    20 |     let a: ArraySeqMtEphS<u64> = ArraySeqMtEphS::new(3, 55);
       |                                  ^^^^^^^^^^^^^^ use of undeclared type `ArraySeqMtEphS`


    error: aborting due to 3 previous errors


    Some errors have detailed explanations: E0425, E0433.

    For more information about an error, try `rustc --explain E0425`.

    the input directory is /home/milnes/projects/APAS-VERUS/rust_verify_test/target/release/build/rust_verify_test/599ed89d60d8b4e0/test_inputs/ProveChap19ArraySeqMtEph-599ed89d60d8b4e0-chap19_arrayseqmteph_loop_borrow_into
    rerun this test with:
    verus --crate-type=lib  /home/milnes/projects/APAS-VERUS/rust_verify_test/target/release/build/rust_verify_test/599ed89d60d8b4e0/test_inputs/ProveChap19ArraySeqMtEph-599ed89d60d8b4e0-chap19_arrayseqmteph_loop_borrow_into/test.rs


    thread 'chap19_arrayseqmteph_loop_borrow_into' (520480) panicked at tests/Chap19/ProveArraySeqMtEph.rs:68:1:
    Err(_) does not match $result
    note: run with `RUST_BACKTRACE=1` environment variable to display a backtrace

        FAIL [   0.061s] (106/328) rust_verify_test::ProveChap19ArraySeqMtEph chap19_arrayseqmteph_loop_consume
  stdout ───

    running 1 test
    test chap19_arrayseqmteph_loop_consume ... FAILED

    failures:

    failures:
        chap19_arrayseqmteph_loop_consume

    test result: FAILED. 0 passed; 1 failed; 0 ignored; 0 measured; 5 filtered out; finished in 0.06s

  stderr ───
    error[E0433]: cannot find `Chap19` in `apas_verus`
      --> /home/milnes/projects/APAS-VERUS/rust_verify_test/target/release/build/rust_verify_test/599ed89d60d8b4e0/test_inputs/ProveChap19ArraySeqMtEph-599ed89d60d8b4e0-chap19_arrayseqmteph_loop_consume/test.rs:17:17
       |
    17 | use apas_verus::Chap19::ArraySeqMtEph::ArraySeqMtEph::*;
       |                 ^^^^^^ could not find `Chap19` in `apas_verus`
       |
    note: found an item that was configured out
      --> src/lib.rs:358:48
       |
       = note: the item is gated here


    error[E0425]: cannot find type `ArraySeqMtEphS` in this scope
      --> /home/milnes/projects/APAS-VERUS/rust_verify_test/target/release/build/rust_verify_test/599ed89d60d8b4e0/test_inputs/ProveChap19ArraySeqMtEph-599ed89d60d8b4e0-chap19_arrayseqmteph_loop_consume/test.rs:20:12
       |
    20 |     let a: ArraySeqMtEphS<u64> = ArraySeqMtEphS::new(3, 33);
       |            ^^^^^^^^^^^^^^ not found in this scope


    error[E0433]: cannot find type `ArraySeqMtEphS` in this scope
      --> /home/milnes/projects/APAS-VERUS/rust_verify_test/target/release/build/rust_verify_test/599ed89d60d8b4e0/test_inputs/ProveChap19ArraySeqMtEph-599ed89d60d8b4e0-chap19_arrayseqmteph_loop_consume/test.rs:20:34
       |
    20 |     let a: ArraySeqMtEphS<u64> = ArraySeqMtEphS::new(3, 33);
       |                                  ^^^^^^^^^^^^^^ use of undeclared type `ArraySeqMtEphS`


    error: aborting due to 3 previous errors


    Some errors have detailed explanations: E0425, E0433.

    For more information about an error, try `rustc --explain E0425`.

    the input directory is /home/milnes/projects/APAS-VERUS/rust_verify_test/target/release/build/rust_verify_test/599ed89d60d8b4e0/test_inputs/ProveChap19ArraySeqMtEph-599ed89d60d8b4e0-chap19_arrayseqmteph_loop_consume
    rerun this test with:
    verus --crate-type=lib  /home/milnes/projects/APAS-VERUS/rust_verify_test/target/release/build/rust_verify_test/599ed89d60d8b4e0/test_inputs/ProveChap19ArraySeqMtEph-599ed89d60d8b4e0-chap19_arrayseqmteph_loop_consume/test.rs


    thread 'chap19_arrayseqmteph_loop_consume' (520515) panicked at tests/Chap19/ProveArraySeqMtEph.rs:115:1:
    Err(_) does not match $result
    note: run with `RUST_BACKTRACE=1` environment variable to display a backtrace

        FAIL [   0.065s] (107/328) rust_verify_test::ProveChap19ArraySeqMtEphSlice slice_for_borrow_into
  stdout ───

    running 1 test
    test slice_for_borrow_into ... FAILED

    failures:

    failures:
        slice_for_borrow_into

    test result: FAILED. 0 passed; 1 failed; 0 ignored; 0 measured; 4 filtered out; finished in 0.06s

  stderr ───
    error[E0433]: cannot find `Chap19` in `apas_verus`
      --> /home/milnes/projects/APAS-VERUS/rust_verify_test/target/release/build/rust_verify_test/303d47c750eef9ec/test_inputs/ProveChap19ArraySeqMtEphSlice-303d47c750eef9ec-slice_for_borrow_into/test.rs:17:17
       |
    17 | use apas_verus::Chap19::ArraySeqMtEphSlice::ArraySeqMtEphSlice::*;
       |                 ^^^^^^ could not find `Chap19` in `apas_verus`
       |
    note: found an item that was configured out
      --> src/lib.rs:358:48
       |
       = note: the item is gated here


    error[E0425]: cannot find type `ArraySeqMtEphSliceS` in this scope
      --> /home/milnes/projects/APAS-VERUS/rust_verify_test/target/release/build/rust_verify_test/303d47c750eef9ec/test_inputs/ProveChap19ArraySeqMtEphSlice-303d47c750eef9ec-slice_for_borrow_into/test.rs:20:12
       |
    20 |     let a: ArraySeqMtEphSliceS<u64> = ArraySeqMtEphSliceS::new(3, 77);
       |            ^^^^^^^^^^^^^^^^^^^ not found in this scope


    error[E0433]: cannot find type `ArraySeqMtEphSliceS` in this scope
      --> /home/milnes/projects/APAS-VERUS/rust_verify_test/target/release/build/rust_verify_test/303d47c750eef9ec/test_inputs/ProveChap19ArraySeqMtEphSlice-303d47c750eef9ec-slice_for_borrow_into/test.rs:20:39
       |
    20 |     let a: ArraySeqMtEphSliceS<u64> = ArraySeqMtEphSliceS::new(3, 77);
       |                                       ^^^^^^^^^^^^^^^^^^^ use of undeclared type `ArraySeqMtEphSliceS`


    error: aborting due to 3 previous errors


    Some errors have detailed explanations: E0425, E0433.

    For more information about an error, try `rustc --explain E0425`.

    the input directory is /home/milnes/projects/APAS-VERUS/rust_verify_test/target/release/build/rust_verify_test/303d47c750eef9ec/test_inputs/ProveChap19ArraySeqMtEphSlice-303d47c750eef9ec-slice_for_borrow_into
    rerun this test with:
    verus --crate-type=lib  /home/milnes/projects/APAS-VERUS/rust_verify_test/target/release/build/rust_verify_test/303d47c750eef9ec/test_inputs/ProveChap19ArraySeqMtEphSlice-303d47c750eef9ec-slice_for_borrow_into/test.rs


    thread 'slice_for_borrow_into' (520516) panicked at tests/Chap19/ProveArraySeqMtEphSlice.rs:175:1:
    Err(_) does not match $result
    note: run with `RUST_BACKTRACE=1` environment variable to display a backtrace

        FAIL [   0.075s] (108/328) rust_verify_test::ProveChap19ArraySeqMtEph chap19_arrayseqmteph_loop_borrow_iter
  stdout ───

    running 1 test
    test chap19_arrayseqmteph_loop_borrow_iter ... FAILED

    failures:

    failures:
        chap19_arrayseqmteph_loop_borrow_iter

    test result: FAILED. 0 passed; 1 failed; 0 ignored; 0 measured; 5 filtered out; finished in 0.07s

  stderr ───
    error[E0433]: cannot find `Chap19` in `apas_verus`
      --> /home/milnes/projects/APAS-VERUS/rust_verify_test/target/release/build/rust_verify_test/599ed89d60d8b4e0/test_inputs/ProveChap19ArraySeqMtEph-599ed89d60d8b4e0-chap19_arrayseqmteph_loop_borrow_iter/test.rs:17:17
       |
    17 | use apas_verus::Chap19::ArraySeqMtEph::ArraySeqMtEph::*;
       |                 ^^^^^^ could not find `Chap19` in `apas_verus`
       |
    note: found an item that was configured out
      --> src/lib.rs:358:48
       |
       = note: the item is gated here


    error[E0425]: cannot find type `ArraySeqMtEphS` in this scope
      --> /home/milnes/projects/APAS-VERUS/rust_verify_test/target/release/build/rust_verify_test/599ed89d60d8b4e0/test_inputs/ProveChap19ArraySeqMtEph-599ed89d60d8b4e0-chap19_arrayseqmteph_loop_borrow_iter/test.rs:20:12
       |
    20 |     let a: ArraySeqMtEphS<u64> = ArraySeqMtEphS::new(3, 42);
       |            ^^^^^^^^^^^^^^ not found in this scope


    error[E0433]: cannot find type `ArraySeqMtEphS` in this scope
      --> /home/milnes/projects/APAS-VERUS/rust_verify_test/target/release/build/rust_verify_test/599ed89d60d8b4e0/test_inputs/ProveChap19ArraySeqMtEph-599ed89d60d8b4e0-chap19_arrayseqmteph_loop_borrow_iter/test.rs:20:34
       |
    20 |     let a: ArraySeqMtEphS<u64> = ArraySeqMtEphS::new(3, 42);
       |                                  ^^^^^^^^^^^^^^ use of undeclared type `ArraySeqMtEphS`


    error: aborting due to 3 previous errors


    Some errors have detailed explanations: E0425, E0433.

    For more information about an error, try `rustc --explain E0425`.

    the input directory is /home/milnes/projects/APAS-VERUS/rust_verify_test/target/release/build/rust_verify_test/599ed89d60d8b4e0/test_inputs/ProveChap19ArraySeqMtEph-599ed89d60d8b4e0-chap19_arrayseqmteph_loop_borrow_iter
    rerun this test with:
    verus --crate-type=lib  /home/milnes/projects/APAS-VERUS/rust_verify_test/target/release/build/rust_verify_test/599ed89d60d8b4e0/test_inputs/ProveChap19ArraySeqMtEph-599ed89d60d8b4e0-chap19_arrayseqmteph_loop_borrow_iter/test.rs


    thread 'chap19_arrayseqmteph_loop_borrow_iter' (520494) panicked at tests/Chap19/ProveArraySeqMtEph.rs:21:1:
    Err(_) does not match $result
    note: run with `RUST_BACKTRACE=1` environment variable to display a backtrace

        FAIL [   0.059s] (109/328) rust_verify_test::ProveChap19ArraySeqMtEphSlice slice_for_borrow_iter
  stdout ───

    running 1 test
    test slice_for_borrow_iter ... FAILED

    failures:

    failures:
        slice_for_borrow_iter

    test result: FAILED. 0 passed; 1 failed; 0 ignored; 0 measured; 4 filtered out; finished in 0.05s

  stderr ───
    error[E0433]: cannot find `Chap19` in `apas_verus`
      --> /home/milnes/projects/APAS-VERUS/rust_verify_test/target/release/build/rust_verify_test/303d47c750eef9ec/test_inputs/ProveChap19ArraySeqMtEphSlice-303d47c750eef9ec-slice_for_borrow_iter/test.rs:17:17
       |
    17 | use apas_verus::Chap19::ArraySeqMtEphSlice::ArraySeqMtEphSlice::*;
       |                 ^^^^^^ could not find `Chap19` in `apas_verus`
       |
    note: found an item that was configured out
      --> src/lib.rs:358:48
       |
       = note: the item is gated here


    error[E0425]: cannot find type `ArraySeqMtEphSliceS` in this scope
      --> /home/milnes/projects/APAS-VERUS/rust_verify_test/target/release/build/rust_verify_test/303d47c750eef9ec/test_inputs/ProveChap19ArraySeqMtEphSlice-303d47c750eef9ec-slice_for_borrow_iter/test.rs:20:12
       |
    20 |     let a: ArraySeqMtEphSliceS<u64> = ArraySeqMtEphSliceS::new(3, 42);
       |            ^^^^^^^^^^^^^^^^^^^ not found in this scope


    error[E0433]: cannot find type `ArraySeqMtEphSliceS` in this scope
      --> /home/milnes/projects/APAS-VERUS/rust_verify_test/target/release/build/rust_verify_test/303d47c750eef9ec/test_inputs/ProveChap19ArraySeqMtEphSlice-303d47c750eef9ec-slice_for_borrow_iter/test.rs:20:39
       |
    20 |     let a: ArraySeqMtEphSliceS<u64> = ArraySeqMtEphSliceS::new(3, 42);
       |                                       ^^^^^^^^^^^^^^^^^^^ use of undeclared type `ArraySeqMtEphSliceS`


    error: aborting due to 3 previous errors


    Some errors have detailed explanations: E0425, E0433.

    For more information about an error, try `rustc --explain E0425`.

    the input directory is /home/milnes/projects/APAS-VERUS/rust_verify_test/target/release/build/rust_verify_test/303d47c750eef9ec/test_inputs/ProveChap19ArraySeqMtEphSlice-303d47c750eef9ec-slice_for_borrow_iter
    rerun this test with:
    verus --crate-type=lib  /home/milnes/projects/APAS-VERUS/rust_verify_test/target/release/build/rust_verify_test/303d47c750eef9ec/test_inputs/ProveChap19ArraySeqMtEphSlice-303d47c750eef9ec-slice_for_borrow_iter/test.rs


    thread 'slice_for_borrow_iter' (520570) panicked at tests/Chap19/ProveArraySeqMtEphSlice.rs:149:1:
    Err(_) does not match $result
    note: run with `RUST_BACKTRACE=1` environment variable to display a backtrace

        FAIL [   0.073s] (110/328) rust_verify_test::ProveChap19ArraySeqMtEphSlice slice_iter_over_subslice
  stdout ───

    running 1 test
    test slice_iter_over_subslice ... FAILED

    failures:

    failures:
        slice_iter_over_subslice

    test result: FAILED. 0 passed; 1 failed; 0 ignored; 0 measured; 4 filtered out; finished in 0.07s

  stderr ───
    error[E0433]: cannot find `Chap19` in `apas_verus`
      --> /home/milnes/projects/APAS-VERUS/rust_verify_test/target/release/build/rust_verify_test/303d47c750eef9ec/test_inputs/ProveChap19ArraySeqMtEphSlice-303d47c750eef9ec-slice_iter_over_subslice/test.rs:17:17
       |
    17 | use apas_verus::Chap19::ArraySeqMtEphSlice::ArraySeqMtEphSlice::*;
       |                 ^^^^^^ could not find `Chap19` in `apas_verus`
       |
    note: found an item that was configured out
      --> src/lib.rs:358:48
       |
       = note: the item is gated here


    error[E0425]: cannot find type `ArraySeqMtEphSliceS` in this scope
      --> /home/milnes/projects/APAS-VERUS/rust_verify_test/target/release/build/rust_verify_test/303d47c750eef9ec/test_inputs/ProveChap19ArraySeqMtEphSlice-303d47c750eef9ec-slice_iter_over_subslice/test.rs:20:12
       |
    20 |     let a: ArraySeqMtEphSliceS<u64> = ArraySeqMtEphSliceS::new(10, 55);
       |            ^^^^^^^^^^^^^^^^^^^ not found in this scope


    error[E0433]: cannot find type `ArraySeqMtEphSliceS` in this scope
      --> /home/milnes/projects/APAS-VERUS/rust_verify_test/target/release/build/rust_verify_test/303d47c750eef9ec/test_inputs/ProveChap19ArraySeqMtEphSlice-303d47c750eef9ec-slice_iter_over_subslice/test.rs:20:39
       |
    20 |     let a: ArraySeqMtEphSliceS<u64> = ArraySeqMtEphSliceS::new(10, 55);
       |                                       ^^^^^^^^^^^^^^^^^^^ use of undeclared type `ArraySeqMtEphSliceS`


    error: aborting due to 3 previous errors


    Some errors have detailed explanations: E0425, E0433.

    For more information about an error, try `rustc --explain E0425`.

    the input directory is /home/milnes/projects/APAS-VERUS/rust_verify_test/target/release/build/rust_verify_test/303d47c750eef9ec/test_inputs/ProveChap19ArraySeqMtEphSlice-303d47c750eef9ec-slice_iter_over_subslice
    rerun this test with:
    verus --crate-type=lib  /home/milnes/projects/APAS-VERUS/rust_verify_test/target/release/build/rust_verify_test/303d47c750eef9ec/test_inputs/ProveChap19ArraySeqMtEphSlice-303d47c750eef9ec-slice_iter_over_subslice/test.rs


    thread 'slice_iter_over_subslice' (520592) panicked at tests/Chap19/ProveArraySeqMtEphSlice.rs:201:1:
    Err(_) does not match $result
    note: run with `RUST_BACKTRACE=1` environment variable to display a backtrace

        FAIL [   0.061s] (111/328) rust_verify_test::ProveChap19ArraySeqStEph chap19_arrayseqsteph_for_borrow_iter
  stdout ───

    running 1 test
    test chap19_arrayseqsteph_for_borrow_iter ... FAILED

    failures:

    failures:
        chap19_arrayseqsteph_for_borrow_iter

    test result: FAILED. 0 passed; 1 failed; 0 ignored; 0 measured; 5 filtered out; finished in 0.06s

  stderr ───
    error[E0433]: cannot find `Chap19` in `apas_verus`
      --> /home/milnes/projects/APAS-VERUS/rust_verify_test/target/release/build/rust_verify_test/8c0b2638527c0a3d/test_inputs/ProveChap19ArraySeqStEph-8c0b2638527c0a3d-chap19_arrayseqsteph_for_borrow_iter/test.rs:17:17
       |
    17 | use apas_verus::Chap19::ArraySeqStEph::ArraySeqStEph::*;
       |                 ^^^^^^ could not find `Chap19` in `apas_verus`
       |
    note: found an item that was configured out
      --> src/lib.rs:358:48
       |
       = note: the item is gated here


    error[E0425]: cannot find type `ArraySeqStEphS` in this scope
      --> /home/milnes/projects/APAS-VERUS/rust_verify_test/target/release/build/rust_verify_test/8c0b2638527c0a3d/test_inputs/ProveChap19ArraySeqStEph-8c0b2638527c0a3d-chap19_arrayseqsteph_for_borrow_iter/test.rs:20:12
       |
    20 |     let a: ArraySeqStEphS<u64> = ArraySeqStEphS::new(3, 99);
       |            ^^^^^^^^^^^^^^ not found in this scope


    error[E0433]: cannot find type `ArraySeqStEphS` in this scope
      --> /home/milnes/projects/APAS-VERUS/rust_verify_test/target/release/build/rust_verify_test/8c0b2638527c0a3d/test_inputs/ProveChap19ArraySeqStEph-8c0b2638527c0a3d-chap19_arrayseqsteph_for_borrow_iter/test.rs:20:34
       |
    20 |     let a: ArraySeqStEphS<u64> = ArraySeqStEphS::new(3, 99);
       |                                  ^^^^^^^^^^^^^^ use of undeclared type `ArraySeqStEphS`


    error: aborting due to 3 previous errors


    Some errors have detailed explanations: E0425, E0433.

    For more information about an error, try `rustc --explain E0425`.

    the input directory is /home/milnes/projects/APAS-VERUS/rust_verify_test/target/release/build/rust_verify_test/8c0b2638527c0a3d/test_inputs/ProveChap19ArraySeqStEph-8c0b2638527c0a3d-chap19_arrayseqsteph_for_borrow_iter
    rerun this test with:
    verus --crate-type=lib  /home/milnes/projects/APAS-VERUS/rust_verify_test/target/release/build/rust_verify_test/8c0b2638527c0a3d/test_inputs/ProveChap19ArraySeqStEph-8c0b2638527c0a3d-chap19_arrayseqsteph_for_borrow_iter/test.rs


    thread 'chap19_arrayseqsteph_for_borrow_iter' (520666) panicked at tests/Chap19/ProveArraySeqStEph.rs:161:1:
    Err(_) does not match $result
    note: run with `RUST_BACKTRACE=1` environment variable to display a backtrace

        FAIL [   0.065s] (112/328) rust_verify_test::ProveChap19ArraySeqStEph chap19_arrayseqsteph_for_borrow_into
  stdout ───

    running 1 test
    test chap19_arrayseqsteph_for_borrow_into ... FAILED

    failures:

    failures:
        chap19_arrayseqsteph_for_borrow_into

    test result: FAILED. 0 passed; 1 failed; 0 ignored; 0 measured; 5 filtered out; finished in 0.06s

  stderr ───
    error[E0433]: cannot find `Chap19` in `apas_verus`
      --> /home/milnes/projects/APAS-VERUS/rust_verify_test/target/release/build/rust_verify_test/8c0b2638527c0a3d/test_inputs/ProveChap19ArraySeqStEph-8c0b2638527c0a3d-chap19_arrayseqsteph_for_borrow_into/test.rs:17:17
       |
    17 | use apas_verus::Chap19::ArraySeqStEph::ArraySeqStEph::*;
       |                 ^^^^^^ could not find `Chap19` in `apas_verus`
       |
    note: found an item that was configured out
      --> src/lib.rs:358:48
       |
       = note: the item is gated here


    error[E0425]: cannot find type `ArraySeqStEphS` in this scope
      --> /home/milnes/projects/APAS-VERUS/rust_verify_test/target/release/build/rust_verify_test/8c0b2638527c0a3d/test_inputs/ProveChap19ArraySeqStEph-8c0b2638527c0a3d-chap19_arrayseqsteph_for_borrow_into/test.rs:20:12
       |
    20 |     let a: ArraySeqStEphS<u64> = ArraySeqStEphS::new(3, 77);
       |            ^^^^^^^^^^^^^^ not found in this scope


    error[E0433]: cannot find type `ArraySeqStEphS` in this scope
      --> /home/milnes/projects/APAS-VERUS/rust_verify_test/target/release/build/rust_verify_test/8c0b2638527c0a3d/test_inputs/ProveChap19ArraySeqStEph-8c0b2638527c0a3d-chap19_arrayseqsteph_for_borrow_into/test.rs:20:34
       |
    20 |     let a: ArraySeqStEphS<u64> = ArraySeqStEphS::new(3, 77);
       |                                  ^^^^^^^^^^^^^^ use of undeclared type `ArraySeqStEphS`


    error: aborting due to 3 previous errors


    Some errors have detailed explanations: E0425, E0433.

    For more information about an error, try `rustc --explain E0425`.

    the input directory is /home/milnes/projects/APAS-VERUS/rust_verify_test/target/release/build/rust_verify_test/8c0b2638527c0a3d/test_inputs/ProveChap19ArraySeqStEph-8c0b2638527c0a3d-chap19_arrayseqsteph_for_borrow_into
    rerun this test with:
    verus --crate-type=lib  /home/milnes/projects/APAS-VERUS/rust_verify_test/target/release/build/rust_verify_test/8c0b2638527c0a3d/test_inputs/ProveChap19ArraySeqStEph-8c0b2638527c0a3d-chap19_arrayseqsteph_for_borrow_into/test.rs


    thread 'chap19_arrayseqsteph_for_borrow_into' (520636) panicked at tests/Chap19/ProveArraySeqStEph.rs:187:1:
    Err(_) does not match $result
    note: run with `RUST_BACKTRACE=1` environment variable to display a backtrace

        FAIL [   0.075s] (113/328) rust_verify_test::ProveChap19ArraySeqMtEphSlice slice_loop_borrow_iter
  stdout ───

    running 1 test
    test slice_loop_borrow_iter ... FAILED

    failures:

    failures:
        slice_loop_borrow_iter

    test result: FAILED. 0 passed; 1 failed; 0 ignored; 0 measured; 4 filtered out; finished in 0.07s

  stderr ───
    error[E0433]: cannot find `Chap19` in `apas_verus`
      --> /home/milnes/projects/APAS-VERUS/rust_verify_test/target/release/build/rust_verify_test/303d47c750eef9ec/test_inputs/ProveChap19ArraySeqMtEphSlice-303d47c750eef9ec-slice_loop_borrow_iter/test.rs:17:17
       |
    17 | use apas_verus::Chap19::ArraySeqMtEphSlice::ArraySeqMtEphSlice::*;
       |                 ^^^^^^ could not find `Chap19` in `apas_verus`
       |
    note: found an item that was configured out
      --> src/lib.rs:358:48
       |
       = note: the item is gated here


    error[E0425]: cannot find type `ArraySeqMtEphSliceS` in this scope
      --> /home/milnes/projects/APAS-VERUS/rust_verify_test/target/release/build/rust_verify_test/303d47c750eef9ec/test_inputs/ProveChap19ArraySeqMtEphSlice-303d47c750eef9ec-slice_loop_borrow_iter/test.rs:20:12
       |
    20 |     let a: ArraySeqMtEphSliceS<u64> = ArraySeqMtEphSliceS::new(3, 42);
       |            ^^^^^^^^^^^^^^^^^^^ not found in this scope


    error[E0433]: cannot find type `ArraySeqMtEphSliceS` in this scope
      --> /home/milnes/projects/APAS-VERUS/rust_verify_test/target/release/build/rust_verify_test/303d47c750eef9ec/test_inputs/ProveChap19ArraySeqMtEphSlice-303d47c750eef9ec-slice_loop_borrow_iter/test.rs:20:39
       |
    20 |     let a: ArraySeqMtEphSliceS<u64> = ArraySeqMtEphSliceS::new(3, 42);
       |                                       ^^^^^^^^^^^^^^^^^^^ use of undeclared type `ArraySeqMtEphSliceS`


    error: aborting due to 3 previous errors


    Some errors have detailed explanations: E0425, E0433.

    For more information about an error, try `rustc --explain E0425`.

    the input directory is /home/milnes/projects/APAS-VERUS/rust_verify_test/target/release/build/rust_verify_test/303d47c750eef9ec/test_inputs/ProveChap19ArraySeqMtEphSlice-303d47c750eef9ec-slice_loop_borrow_iter
    rerun this test with:
    verus --crate-type=lib  /home/milnes/projects/APAS-VERUS/rust_verify_test/target/release/build/rust_verify_test/303d47c750eef9ec/test_inputs/ProveChap19ArraySeqMtEphSlice-303d47c750eef9ec-slice_loop_borrow_iter/test.rs


    thread 'slice_loop_borrow_iter' (520615) panicked at tests/Chap19/ProveArraySeqMtEphSlice.rs:102:1:
    Err(_) does not match $result
    note: run with `RUST_BACKTRACE=1` environment variable to display a backtrace

        FAIL [   0.067s] (114/328) rust_verify_test::ProveChap19ArraySeqStEph chap19_arrayseqsteph_for_consume
  stdout ───

    running 1 test
    test chap19_arrayseqsteph_for_consume ... FAILED

    failures:

    failures:
        chap19_arrayseqsteph_for_consume

    test result: FAILED. 0 passed; 1 failed; 0 ignored; 0 measured; 5 filtered out; finished in 0.06s

  stderr ───
    error[E0433]: cannot find `Chap19` in `apas_verus`
      --> /home/milnes/projects/APAS-VERUS/rust_verify_test/target/release/build/rust_verify_test/8c0b2638527c0a3d/test_inputs/ProveChap19ArraySeqStEph-8c0b2638527c0a3d-chap19_arrayseqsteph_for_consume/test.rs:17:17
       |
    17 | use apas_verus::Chap19::ArraySeqStEph::ArraySeqStEph::*;
       |                 ^^^^^^ could not find `Chap19` in `apas_verus`
       |
    note: found an item that was configured out
      --> src/lib.rs:358:48
       |
       = note: the item is gated here


    error[E0425]: cannot find type `ArraySeqStEphS` in this scope
      --> /home/milnes/projects/APAS-VERUS/rust_verify_test/target/release/build/rust_verify_test/8c0b2638527c0a3d/test_inputs/ProveChap19ArraySeqStEph-8c0b2638527c0a3d-chap19_arrayseqsteph_for_consume/test.rs:20:12
       |
    20 |     let a: ArraySeqStEphS<u64> = ArraySeqStEphS::new(3, 66);
       |            ^^^^^^^^^^^^^^ not found in this scope


    error[E0433]: cannot find type `ArraySeqStEphS` in this scope
      --> /home/milnes/projects/APAS-VERUS/rust_verify_test/target/release/build/rust_verify_test/8c0b2638527c0a3d/test_inputs/ProveChap19ArraySeqStEph-8c0b2638527c0a3d-chap19_arrayseqsteph_for_consume/test.rs:20:34
       |
    20 |     let a: ArraySeqStEphS<u64> = ArraySeqStEphS::new(3, 66);
       |                                  ^^^^^^^^^^^^^^ use of undeclared type `ArraySeqStEphS`


    error: aborting due to 3 previous errors


    Some errors have detailed explanations: E0425, E0433.

    For more information about an error, try `rustc --explain E0425`.

    the input directory is /home/milnes/projects/APAS-VERUS/rust_verify_test/target/release/build/rust_verify_test/8c0b2638527c0a3d/test_inputs/ProveChap19ArraySeqStEph-8c0b2638527c0a3d-chap19_arrayseqsteph_for_consume
    rerun this test with:
    verus --crate-type=lib  /home/milnes/projects/APAS-VERUS/rust_verify_test/target/release/build/rust_verify_test/8c0b2638527c0a3d/test_inputs/ProveChap19ArraySeqStEph-8c0b2638527c0a3d-chap19_arrayseqsteph_for_consume/test.rs


    thread 'chap19_arrayseqsteph_for_consume' (520702) panicked at tests/Chap19/ProveArraySeqStEph.rs:213:1:
    Err(_) does not match $result
    note: run with `RUST_BACKTRACE=1` environment variable to display a backtrace

        FAIL [   0.059s] (115/328) rust_verify_test::ProveChap19ArraySeqStEph chap19_arrayseqsteph_loop_borrow_iter
  stdout ───

    running 1 test
    test chap19_arrayseqsteph_loop_borrow_iter ... FAILED

    failures:

    failures:
        chap19_arrayseqsteph_loop_borrow_iter

    test result: FAILED. 0 passed; 1 failed; 0 ignored; 0 measured; 5 filtered out; finished in 0.06s

  stderr ───
    error[E0433]: cannot find `Chap19` in `apas_verus`
      --> /home/milnes/projects/APAS-VERUS/rust_verify_test/target/release/build/rust_verify_test/8c0b2638527c0a3d/test_inputs/ProveChap19ArraySeqStEph-8c0b2638527c0a3d-chap19_arrayseqsteph_loop_borrow_iter/test.rs:17:17
       |
    17 | use apas_verus::Chap19::ArraySeqStEph::ArraySeqStEph::*;
       |                 ^^^^^^ could not find `Chap19` in `apas_verus`
       |
    note: found an item that was configured out
      --> src/lib.rs:358:48
       |
       = note: the item is gated here


    error[E0425]: cannot find type `ArraySeqStEphS` in this scope
      --> /home/milnes/projects/APAS-VERUS/rust_verify_test/target/release/build/rust_verify_test/8c0b2638527c0a3d/test_inputs/ProveChap19ArraySeqStEph-8c0b2638527c0a3d-chap19_arrayseqsteph_loop_borrow_iter/test.rs:20:12
       |
    20 |     let a: ArraySeqStEphS<u64> = ArraySeqStEphS::new(3, 42);
       |            ^^^^^^^^^^^^^^ not found in this scope


    error[E0433]: cannot find type `ArraySeqStEphS` in this scope
      --> /home/milnes/projects/APAS-VERUS/rust_verify_test/target/release/build/rust_verify_test/8c0b2638527c0a3d/test_inputs/ProveChap19ArraySeqStEph-8c0b2638527c0a3d-chap19_arrayseqsteph_loop_borrow_iter/test.rs:20:34
       |
    20 |     let a: ArraySeqStEphS<u64> = ArraySeqStEphS::new(3, 42);
       |                                  ^^^^^^^^^^^^^^ use of undeclared type `ArraySeqStEphS`


    error: aborting due to 3 previous errors


    Some errors have detailed explanations: E0425, E0433.

    For more information about an error, try `rustc --explain E0425`.

    the input directory is /home/milnes/projects/APAS-VERUS/rust_verify_test/target/release/build/rust_verify_test/8c0b2638527c0a3d/test_inputs/ProveChap19ArraySeqStEph-8c0b2638527c0a3d-chap19_arrayseqsteph_loop_borrow_iter
    rerun this test with:
    verus --crate-type=lib  /home/milnes/projects/APAS-VERUS/rust_verify_test/target/release/build/rust_verify_test/8c0b2638527c0a3d/test_inputs/ProveChap19ArraySeqStEph-8c0b2638527c0a3d-chap19_arrayseqsteph_loop_borrow_iter/test.rs


    thread 'chap19_arrayseqsteph_loop_borrow_iter' (520737) panicked at tests/Chap19/ProveArraySeqStEph.rs:21:1:
    Err(_) does not match $result
    note: run with `RUST_BACKTRACE=1` environment variable to display a backtrace

        FAIL [   0.074s] (116/328) rust_verify_test::ProveChap19ArraySeqStEph chap19_arrayseqsteph_loop_borrow_into
  stdout ───

    running 1 test
    test chap19_arrayseqsteph_loop_borrow_into ... FAILED

    failures:

    failures:
        chap19_arrayseqsteph_loop_borrow_into

    test result: FAILED. 0 passed; 1 failed; 0 ignored; 0 measured; 5 filtered out; finished in 0.07s

  stderr ───
    error[E0433]: cannot find `Chap19` in `apas_verus`
      --> /home/milnes/projects/APAS-VERUS/rust_verify_test/target/release/build/rust_verify_test/8c0b2638527c0a3d/test_inputs/ProveChap19ArraySeqStEph-8c0b2638527c0a3d-chap19_arrayseqsteph_loop_borrow_into/test.rs:17:17
       |
    17 | use apas_verus::Chap19::ArraySeqStEph::ArraySeqStEph::*;
       |                 ^^^^^^ could not find `Chap19` in `apas_verus`
       |
    note: found an item that was configured out
      --> src/lib.rs:358:48
       |
       = note: the item is gated here


    error[E0425]: cannot find type `ArraySeqStEphS` in this scope
      --> /home/milnes/projects/APAS-VERUS/rust_verify_test/target/release/build/rust_verify_test/8c0b2638527c0a3d/test_inputs/ProveChap19ArraySeqStEph-8c0b2638527c0a3d-chap19_arrayseqsteph_loop_borrow_into/test.rs:20:12
       |
    20 |     let a: ArraySeqStEphS<u64> = ArraySeqStEphS::new(3, 55);
       |            ^^^^^^^^^^^^^^ not found in this scope


    error[E0433]: cannot find type `ArraySeqStEphS` in this scope
      --> /home/milnes/projects/APAS-VERUS/rust_verify_test/target/release/build/rust_verify_test/8c0b2638527c0a3d/test_inputs/ProveChap19ArraySeqStEph-8c0b2638527c0a3d-chap19_arrayseqsteph_loop_borrow_into/test.rs:20:34
       |
    20 |     let a: ArraySeqStEphS<u64> = ArraySeqStEphS::new(3, 55);
       |                                  ^^^^^^^^^^^^^^ use of undeclared type `ArraySeqStEphS`


    error: aborting due to 3 previous errors


    Some errors have detailed explanations: E0425, E0433.

    For more information about an error, try `rustc --explain E0425`.

    the input directory is /home/milnes/projects/APAS-VERUS/rust_verify_test/target/release/build/rust_verify_test/8c0b2638527c0a3d/test_inputs/ProveChap19ArraySeqStEph-8c0b2638527c0a3d-chap19_arrayseqsteph_loop_borrow_into
    rerun this test with:
    verus --crate-type=lib  /home/milnes/projects/APAS-VERUS/rust_verify_test/target/release/build/rust_verify_test/8c0b2638527c0a3d/test_inputs/ProveChap19ArraySeqStEph-8c0b2638527c0a3d-chap19_arrayseqsteph_loop_borrow_into/test.rs


    thread 'chap19_arrayseqsteph_loop_borrow_into' (520724) panicked at tests/Chap19/ProveArraySeqStEph.rs:68:1:
    Err(_) does not match $result
    note: run with `RUST_BACKTRACE=1` environment variable to display a backtrace

        FAIL [   0.063s] (117/328) rust_verify_test::ProveChap19ArraySeqStPer chap19_arrayseqstper_for_borrow_into
  stdout ───

    running 1 test
    test chap19_arrayseqstper_for_borrow_into ... FAILED

    failures:

    failures:
        chap19_arrayseqstper_for_borrow_into

    test result: FAILED. 0 passed; 1 failed; 0 ignored; 0 measured; 5 filtered out; finished in 0.06s

  stderr ───
    error[E0433]: cannot find `Chap19` in `apas_verus`
      --> /home/milnes/projects/APAS-VERUS/rust_verify_test/target/release/build/rust_verify_test/c53192f09de43032/test_inputs/ProveChap19ArraySeqStPer-c53192f09de43032-chap19_arrayseqstper_for_borrow_into/test.rs:17:17
       |
    17 | use apas_verus::Chap19::ArraySeqStPer::ArraySeqStPer::*;
       |                 ^^^^^^ could not find `Chap19` in `apas_verus`
       |
    note: found an item that was configured out
      --> src/lib.rs:358:48
       |
       = note: the item is gated here


    error[E0425]: cannot find type `ArraySeqStPerS` in this scope
      --> /home/milnes/projects/APAS-VERUS/rust_verify_test/target/release/build/rust_verify_test/c53192f09de43032/test_inputs/ProveChap19ArraySeqStPer-c53192f09de43032-chap19_arrayseqstper_for_borrow_into/test.rs:20:12
       |
    20 |     let a: ArraySeqStPerS<u64> = ArraySeqStPerS::new(3, 77);
       |            ^^^^^^^^^^^^^^ not found in this scope


    error[E0433]: cannot find type `ArraySeqStPerS` in this scope
      --> /home/milnes/projects/APAS-VERUS/rust_verify_test/target/release/build/rust_verify_test/c53192f09de43032/test_inputs/ProveChap19ArraySeqStPer-c53192f09de43032-chap19_arrayseqstper_for_borrow_into/test.rs:20:34
       |
    20 |     let a: ArraySeqStPerS<u64> = ArraySeqStPerS::new(3, 77);
       |                                  ^^^^^^^^^^^^^^ use of undeclared type `ArraySeqStPerS`


    error: aborting due to 3 previous errors


    Some errors have detailed explanations: E0425, E0433.

    For more information about an error, try `rustc --explain E0425`.

    the input directory is /home/milnes/projects/APAS-VERUS/rust_verify_test/target/release/build/rust_verify_test/c53192f09de43032/test_inputs/ProveChap19ArraySeqStPer-c53192f09de43032-chap19_arrayseqstper_for_borrow_into
    rerun this test with:
    verus --crate-type=lib  /home/milnes/projects/APAS-VERUS/rust_verify_test/target/release/build/rust_verify_test/c53192f09de43032/test_inputs/ProveChap19ArraySeqStPer-c53192f09de43032-chap19_arrayseqstper_for_borrow_into/test.rs


    thread 'chap19_arrayseqstper_for_borrow_into' (520768) panicked at tests/Chap19/ProveArraySeqStPer.rs:187:1:
    Err(_) does not match $result
    note: run with `RUST_BACKTRACE=1` environment variable to display a backtrace

        FAIL [   0.073s] (118/328) rust_verify_test::ProveChap19ArraySeqStEph chap19_arrayseqsteph_loop_consume
  stdout ───

    running 1 test
    test chap19_arrayseqsteph_loop_consume ... FAILED

    failures:

    failures:
        chap19_arrayseqsteph_loop_consume

    test result: FAILED. 0 passed; 1 failed; 0 ignored; 0 measured; 5 filtered out; finished in 0.07s

  stderr ───
    error[E0433]: cannot find `Chap19` in `apas_verus`
      --> /home/milnes/projects/APAS-VERUS/rust_verify_test/target/release/build/rust_verify_test/8c0b2638527c0a3d/test_inputs/ProveChap19ArraySeqStEph-8c0b2638527c0a3d-chap19_arrayseqsteph_loop_consume/test.rs:17:17
       |
    17 | use apas_verus::Chap19::ArraySeqStEph::ArraySeqStEph::*;
       |                 ^^^^^^ could not find `Chap19` in `apas_verus`
       |
    note: found an item that was configured out
      --> src/lib.rs:358:48
       |
       = note: the item is gated here


    error[E0425]: cannot find type `ArraySeqStEphS` in this scope
      --> /home/milnes/projects/APAS-VERUS/rust_verify_test/target/release/build/rust_verify_test/8c0b2638527c0a3d/test_inputs/ProveChap19ArraySeqStEph-8c0b2638527c0a3d-chap19_arrayseqsteph_loop_consume/test.rs:20:12
       |
    20 |     let a: ArraySeqStEphS<u64> = ArraySeqStEphS::new(3, 33);
       |            ^^^^^^^^^^^^^^ not found in this scope


    error[E0433]: cannot find type `ArraySeqStEphS` in this scope
      --> /home/milnes/projects/APAS-VERUS/rust_verify_test/target/release/build/rust_verify_test/8c0b2638527c0a3d/test_inputs/ProveChap19ArraySeqStEph-8c0b2638527c0a3d-chap19_arrayseqsteph_loop_consume/test.rs:20:34
       |
    20 |     let a: ArraySeqStEphS<u64> = ArraySeqStEphS::new(3, 33);
       |                                  ^^^^^^^^^^^^^^ use of undeclared type `ArraySeqStEphS`


    error: aborting due to 3 previous errors


    Some errors have detailed explanations: E0425, E0433.

    For more information about an error, try `rustc --explain E0425`.

    the input directory is /home/milnes/projects/APAS-VERUS/rust_verify_test/target/release/build/rust_verify_test/8c0b2638527c0a3d/test_inputs/ProveChap19ArraySeqStEph-8c0b2638527c0a3d-chap19_arrayseqsteph_loop_consume
    rerun this test with:
    verus --crate-type=lib  /home/milnes/projects/APAS-VERUS/rust_verify_test/target/release/build/rust_verify_test/8c0b2638527c0a3d/test_inputs/ProveChap19ArraySeqStEph-8c0b2638527c0a3d-chap19_arrayseqsteph_loop_consume/test.rs


    thread 'chap19_arrayseqsteph_loop_consume' (520738) panicked at tests/Chap19/ProveArraySeqStEph.rs:115:1:
    Err(_) does not match $result
    note: run with `RUST_BACKTRACE=1` environment variable to display a backtrace

        FAIL [   0.143s] (119/328) rust_verify_test::ProveChap19ArraySeqMtEphSlice slice_operations
  stdout ───

    running 1 test
    test slice_operations ... FAILED

    failures:

    failures:
        slice_operations

    test result: FAILED. 0 passed; 1 failed; 0 ignored; 0 measured; 4 filtered out; finished in 0.14s

  stderr ───
    error[E0433]: cannot find `Chap19` in `apas_verus`
      --> /home/milnes/projects/APAS-VERUS/rust_verify_test/target/release/build/rust_verify_test/303d47c750eef9ec/test_inputs/ProveChap19ArraySeqMtEphSlice-303d47c750eef9ec-slice_operations/test.rs:16:17
       |
    16 | use apas_verus::Chap19::ArraySeqMtEphSlice::ArraySeqMtEphSlice::*;
       |                 ^^^^^^ could not find `Chap19` in `apas_verus`
       |
    note: found an item that was configured out
      --> src/lib.rs:358:48
       |
       = note: the item is gated here


    error[E0425]: cannot find type `ArraySeqMtEphSliceS` in this scope
      --> /home/milnes/projects/APAS-VERUS/rust_verify_test/target/release/build/rust_verify_test/303d47c750eef9ec/test_inputs/ProveChap19ArraySeqMtEphSlice-303d47c750eef9ec-slice_operations/test.rs:19:12
       |
    19 |     let e: ArraySeqMtEphSliceS<u64> = ArraySeqMtEphSliceS::empty();
       |            ^^^^^^^^^^^^^^^^^^^ not found in this scope


    error[E0425]: cannot find type `ArraySeqMtEphSliceS` in this scope
      --> /home/milnes/projects/APAS-VERUS/rust_verify_test/target/release/build/rust_verify_test/303d47c750eef9ec/test_inputs/ProveChap19ArraySeqMtEphSlice-303d47c750eef9ec-slice_operations/test.rs:27:12
       |
    27 |     let s: ArraySeqMtEphSliceS<u64> = ArraySeqMtEphSliceS::singleton(7);
       |            ^^^^^^^^^^^^^^^^^^^ not found in this scope


    error[E0425]: cannot find type `ArraySeqMtEphSliceS` in this scope
      --> /home/milnes/projects/APAS-VERUS/rust_verify_test/target/release/build/rust_verify_test/303d47c750eef9ec/test_inputs/ProveChap19ArraySeqMtEphSlice-303d47c750eef9ec-slice_operations/test.rs:38:12
       |
    38 |     let a: ArraySeqMtEphSliceS<u64> = ArraySeqMtEphSliceS::new(5, 42);
       |            ^^^^^^^^^^^^^^^^^^^ not found in this scope


    error[E0425]: cannot find type `ArraySeqMtEphSliceS` in this scope
      --> /home/milnes/projects/APAS-VERUS/rust_verify_test/target/release/build/rust_verify_test/303d47c750eef9ec/test_inputs/ProveChap19ArraySeqMtEphSlice-303d47c750eef9ec-slice_operations/test.rs:55:13
       |
    55 |     let fv: ArraySeqMtEphSliceS<u64> = ArraySeqMtEphSliceS::from_vec(v);
       |             ^^^^^^^^^^^^^^^^^^^ not found in this scope


    error[E0425]: cannot find type `ArraySeqMtEphSliceS` in this scope
      --> /home/milnes/projects/APAS-VERUS/rust_verify_test/target/release/build/rust_verify_test/303d47c750eef9ec/test_inputs/ProveChap19ArraySeqMtEphSlice-303d47c750eef9ec-slice_operations/test.rs:64:12
       |
    64 |     let a: ArraySeqMtEphSliceS<u64> = ArraySeqMtEphSliceS::new(5, 42);
       |            ^^^^^^^^^^^^^^^^^^^ not found in this scope


    error[E0425]: cannot find type `ArraySeqMtEphSliceS` in this scope
      --> /home/milnes/projects/APAS-VERUS/rust_verify_test/target/release/build/rust_verify_test/303d47c750eef9ec/test_inputs/ProveChap19ArraySeqMtEphSlice-303d47c750eef9ec-slice_operations/test.rs:78:12
       |
    78 |     let a: ArraySeqMtEphSliceS<u64> = ArraySeqMtEphSliceS::new(5, 42);
       |            ^^^^^^^^^^^^^^^^^^^ not found in this scope


    error[E0425]: cannot find type `ArraySeqMtEphSliceS` in this scope
      --> /home/milnes/projects/APAS-VERUS/rust_verify_test/target/release/build/rust_verify_test/303d47c750eef9ec/test_inputs/ProveChap19ArraySeqMtEphSlice-303d47c750eef9ec-slice_operations/test.rs:87:12
       |
    87 |     let a: ArraySeqMtEphSliceS<u64> = ArraySeqMtEphSliceS::new(10, 99);
       |            ^^^^^^^^^^^^^^^^^^^ not found in this scope


    error[E0433]: cannot find type `ArraySeqMtEphSliceS` in this scope
      --> /home/milnes/projects/APAS-VERUS/rust_verify_test/target/release/build/rust_verify_test/303d47c750eef9ec/test_inputs/ProveChap19ArraySeqMtEphSlice-303d47c750eef9ec-slice_operations/test.rs:19:39
       |
    19 |     let e: ArraySeqMtEphSliceS<u64> = ArraySeqMtEphSliceS::empty();
       |                                       ^^^^^^^^^^^^^^^^^^^ use of undeclared type `ArraySeqMtEphSliceS`


    error[E0433]: cannot find type `ArraySeqMtEphSliceS` in this scope
      --> /home/milnes/projects/APAS-VERUS/rust_verify_test/target/release/build/rust_verify_test/303d47c750eef9ec/test_inputs/ProveChap19ArraySeqMtEphSlice-303d47c750eef9ec-slice_operations/test.rs:27:39
       |
    27 |     let s: ArraySeqMtEphSliceS<u64> = ArraySeqMtEphSliceS::singleton(7);
       |                                       ^^^^^^^^^^^^^^^^^^^ use of undeclared type `ArraySeqMtEphSliceS`


    error[E0433]: cannot find type `ArraySeqMtEphSliceS` in this scope
      --> /home/milnes/projects/APAS-VERUS/rust_verify_test/target/release/build/rust_verify_test/303d47c750eef9ec/test_inputs/ProveChap19ArraySeqMtEphSlice-303d47c750eef9ec-slice_operations/test.rs:38:39
       |
    38 |     let a: ArraySeqMtEphSliceS<u64> = ArraySeqMtEphSliceS::new(5, 42);
       |                                       ^^^^^^^^^^^^^^^^^^^ use of undeclared type `ArraySeqMtEphSliceS`


    error[E0433]: cannot find type `ArraySeqMtEphSliceS` in this scope
      --> /home/milnes/projects/APAS-VERUS/rust_verify_test/target/release/build/rust_verify_test/303d47c750eef9ec/test_inputs/ProveChap19ArraySeqMtEphSlice-303d47c750eef9ec-slice_operations/test.rs:55:40
       |
    55 |     let fv: ArraySeqMtEphSliceS<u64> = ArraySeqMtEphSliceS::from_vec(v);
       |                                        ^^^^^^^^^^^^^^^^^^^ use of undeclared type `ArraySeqMtEphSliceS`


    error[E0433]: cannot find type `ArraySeqMtEphSliceS` in this scope
      --> /home/milnes/projects/APAS-VERUS/rust_verify_test/target/release/build/rust_verify_test/303d47c750eef9ec/test_inputs/ProveChap19ArraySeqMtEphSlice-303d47c750eef9ec-slice_operations/test.rs:64:39
       |
    64 |     let a: ArraySeqMtEphSliceS<u64> = ArraySeqMtEphSliceS::new(5, 42);
       |                                       ^^^^^^^^^^^^^^^^^^^ use of undeclared type `ArraySeqMtEphSliceS`


    error[E0433]: cannot find type `ArraySeqMtEphSliceS` in this scope
      --> /home/milnes/projects/APAS-VERUS/rust_verify_test/target/release/build/rust_verify_test/303d47c750eef9ec/test_inputs/ProveChap19ArraySeqMtEphSlice-303d47c750eef9ec-slice_operations/test.rs:78:39
       |
    78 |     let a: ArraySeqMtEphSliceS<u64> = ArraySeqMtEphSliceS::new(5, 42);
       |                                       ^^^^^^^^^^^^^^^^^^^ use of undeclared type `ArraySeqMtEphSliceS`


    error[E0433]: cannot find type `ArraySeqMtEphSliceS` in this scope
      --> /home/milnes/projects/APAS-VERUS/rust_verify_test/target/release/build/rust_verify_test/303d47c750eef9ec/test_inputs/ProveChap19ArraySeqMtEphSlice-303d47c750eef9ec-slice_operations/test.rs:87:39
       |
    87 |     let a: ArraySeqMtEphSliceS<u64> = ArraySeqMtEphSliceS::new(10, 99);
       |                                       ^^^^^^^^^^^^^^^^^^^ use of undeclared type `ArraySeqMtEphSliceS`


    error: aborting due to 15 previous errors


    Some errors have detailed explanations: E0425, E0433.

    For more information about an error, try `rustc --explain E0425`.

    the input directory is /home/milnes/projects/APAS-VERUS/rust_verify_test/target/release/build/rust_verify_test/303d47c750eef9ec/test_inputs/ProveChap19ArraySeqMtEphSlice-303d47c750eef9ec-slice_operations
    rerun this test with:
    verus --crate-type=lib  /home/milnes/projects/APAS-VERUS/rust_verify_test/target/release/build/rust_verify_test/303d47c750eef9ec/test_inputs/ProveChap19ArraySeqMtEphSlice-303d47c750eef9ec-slice_operations/test.rs


    thread 'slice_operations' (520613) panicked at tests/Chap19/ProveArraySeqMtEphSlice.rs:15:1:
    Err(_) does not match $result
    note: run with `RUST_BACKTRACE=1` environment variable to display a backtrace

        FAIL [   0.079s] (120/328) rust_verify_test::ProveChap19ArraySeqStPer chap19_arrayseqstper_for_borrow_iter
  stdout ───

    running 1 test
    test chap19_arrayseqstper_for_borrow_iter ... FAILED

    failures:

    failures:
        chap19_arrayseqstper_for_borrow_iter

    test result: FAILED. 0 passed; 1 failed; 0 ignored; 0 measured; 5 filtered out; finished in 0.08s

  stderr ───
    error[E0433]: cannot find `Chap19` in `apas_verus`
      --> /home/milnes/projects/APAS-VERUS/rust_verify_test/target/release/build/rust_verify_test/c53192f09de43032/test_inputs/ProveChap19ArraySeqStPer-c53192f09de43032-chap19_arrayseqstper_for_borrow_iter/test.rs:17:17
       |
    17 | use apas_verus::Chap19::ArraySeqStPer::ArraySeqStPer::*;
       |                 ^^^^^^ could not find `Chap19` in `apas_verus`
       |
    note: found an item that was configured out
      --> src/lib.rs:358:48
       |
       = note: the item is gated here


    error[E0425]: cannot find type `ArraySeqStPerS` in this scope
      --> /home/milnes/projects/APAS-VERUS/rust_verify_test/target/release/build/rust_verify_test/c53192f09de43032/test_inputs/ProveChap19ArraySeqStPer-c53192f09de43032-chap19_arrayseqstper_for_borrow_iter/test.rs:20:12
       |
    20 |     let a: ArraySeqStPerS<u64> = ArraySeqStPerS::new(3, 99);
       |            ^^^^^^^^^^^^^^ not found in this scope


    error[E0433]: cannot find type `ArraySeqStPerS` in this scope
      --> /home/milnes/projects/APAS-VERUS/rust_verify_test/target/release/build/rust_verify_test/c53192f09de43032/test_inputs/ProveChap19ArraySeqStPer-c53192f09de43032-chap19_arrayseqstper_for_borrow_iter/test.rs:20:34
       |
    20 |     let a: ArraySeqStPerS<u64> = ArraySeqStPerS::new(3, 99);
       |                                  ^^^^^^^^^^^^^^ use of undeclared type `ArraySeqStPerS`


    error: aborting due to 3 previous errors


    Some errors have detailed explanations: E0425, E0433.

    For more information about an error, try `rustc --explain E0425`.

    the input directory is /home/milnes/projects/APAS-VERUS/rust_verify_test/target/release/build/rust_verify_test/c53192f09de43032/test_inputs/ProveChap19ArraySeqStPer-c53192f09de43032-chap19_arrayseqstper_for_borrow_iter
    rerun this test with:
    verus --crate-type=lib  /home/milnes/projects/APAS-VERUS/rust_verify_test/target/release/build/rust_verify_test/c53192f09de43032/test_inputs/ProveChap19ArraySeqStPer-c53192f09de43032-chap19_arrayseqstper_for_borrow_iter/test.rs


    thread 'chap19_arrayseqstper_for_borrow_iter' (520812) panicked at tests/Chap19/ProveArraySeqStPer.rs:161:1:
    Err(_) does not match $result
    note: run with `RUST_BACKTRACE=1` environment variable to display a backtrace

        FAIL [   0.059s] (121/328) rust_verify_test::ProveChap19ArraySeqStPer chap19_arrayseqstper_loop_consume
  stdout ───

    running 1 test
    test chap19_arrayseqstper_loop_consume ... FAILED

    failures:

    failures:
        chap19_arrayseqstper_loop_consume

    test result: FAILED. 0 passed; 1 failed; 0 ignored; 0 measured; 5 filtered out; finished in 0.06s

  stderr ───
    error[E0433]: cannot find `Chap19` in `apas_verus`
      --> /home/milnes/projects/APAS-VERUS/rust_verify_test/target/release/build/rust_verify_test/c53192f09de43032/test_inputs/ProveChap19ArraySeqStPer-c53192f09de43032-chap19_arrayseqstper_loop_consume/test.rs:17:17
       |
    17 | use apas_verus::Chap19::ArraySeqStPer::ArraySeqStPer::*;
       |                 ^^^^^^ could not find `Chap19` in `apas_verus`
       |
    note: found an item that was configured out
      --> src/lib.rs:358:48
       |
       = note: the item is gated here


    error[E0425]: cannot find type `ArraySeqStPerS` in this scope
      --> /home/milnes/projects/APAS-VERUS/rust_verify_test/target/release/build/rust_verify_test/c53192f09de43032/test_inputs/ProveChap19ArraySeqStPer-c53192f09de43032-chap19_arrayseqstper_loop_consume/test.rs:20:12
       |
    20 |     let a: ArraySeqStPerS<u64> = ArraySeqStPerS::new(3, 33);
       |            ^^^^^^^^^^^^^^ not found in this scope


    error[E0433]: cannot find type `ArraySeqStPerS` in this scope
      --> /home/milnes/projects/APAS-VERUS/rust_verify_test/target/release/build/rust_verify_test/c53192f09de43032/test_inputs/ProveChap19ArraySeqStPer-c53192f09de43032-chap19_arrayseqstper_loop_consume/test.rs:20:34
       |
    20 |     let a: ArraySeqStPerS<u64> = ArraySeqStPerS::new(3, 33);
       |                                  ^^^^^^^^^^^^^^ use of undeclared type `ArraySeqStPerS`


    error: aborting due to 3 previous errors


    Some errors have detailed explanations: E0425, E0433.

    For more information about an error, try `rustc --explain E0425`.

    the input directory is /home/milnes/projects/APAS-VERUS/rust_verify_test/target/release/build/rust_verify_test/c53192f09de43032/test_inputs/ProveChap19ArraySeqStPer-c53192f09de43032-chap19_arrayseqstper_loop_consume
    rerun this test with:
    verus --crate-type=lib  /home/milnes/projects/APAS-VERUS/rust_verify_test/target/release/build/rust_verify_test/c53192f09de43032/test_inputs/ProveChap19ArraySeqStPer-c53192f09de43032-chap19_arrayseqstper_loop_consume/test.rs


    thread 'chap19_arrayseqstper_loop_consume' (520880) panicked at tests/Chap19/ProveArraySeqStPer.rs:115:1:
    Err(_) does not match $result
    note: run with `RUST_BACKTRACE=1` environment variable to display a backtrace

        FAIL [   0.076s] (122/328) rust_verify_test::ProveChap19ArraySeqStPer chap19_arrayseqstper_for_consume
  stdout ───

    running 1 test
    test chap19_arrayseqstper_for_consume ... FAILED

    failures:

    failures:
        chap19_arrayseqstper_for_consume

    test result: FAILED. 0 passed; 1 failed; 0 ignored; 0 measured; 5 filtered out; finished in 0.07s

  stderr ───
    error[E0433]: cannot find `Chap19` in `apas_verus`
      --> /home/milnes/projects/APAS-VERUS/rust_verify_test/target/release/build/rust_verify_test/c53192f09de43032/test_inputs/ProveChap19ArraySeqStPer-c53192f09de43032-chap19_arrayseqstper_for_consume/test.rs:17:17
       |
    17 | use apas_verus::Chap19::ArraySeqStPer::ArraySeqStPer::*;
       |                 ^^^^^^ could not find `Chap19` in `apas_verus`
       |
    note: found an item that was configured out
      --> src/lib.rs:358:48
       |
       = note: the item is gated here


    error[E0425]: cannot find type `ArraySeqStPerS` in this scope
      --> /home/milnes/projects/APAS-VERUS/rust_verify_test/target/release/build/rust_verify_test/c53192f09de43032/test_inputs/ProveChap19ArraySeqStPer-c53192f09de43032-chap19_arrayseqstper_for_consume/test.rs:20:12
       |
    20 |     let a: ArraySeqStPerS<u64> = ArraySeqStPerS::new(3, 66);
       |            ^^^^^^^^^^^^^^ not found in this scope


    error[E0433]: cannot find type `ArraySeqStPerS` in this scope
      --> /home/milnes/projects/APAS-VERUS/rust_verify_test/target/release/build/rust_verify_test/c53192f09de43032/test_inputs/ProveChap19ArraySeqStPer-c53192f09de43032-chap19_arrayseqstper_for_consume/test.rs:20:34
       |
    20 |     let a: ArraySeqStPerS<u64> = ArraySeqStPerS::new(3, 66);
       |                                  ^^^^^^^^^^^^^^ use of undeclared type `ArraySeqStPerS`


    error: aborting due to 3 previous errors


    Some errors have detailed explanations: E0425, E0433.

    For more information about an error, try `rustc --explain E0425`.

    the input directory is /home/milnes/projects/APAS-VERUS/rust_verify_test/target/release/build/rust_verify_test/c53192f09de43032/test_inputs/ProveChap19ArraySeqStPer-c53192f09de43032-chap19_arrayseqstper_for_consume
    rerun this test with:
    verus --crate-type=lib  /home/milnes/projects/APAS-VERUS/rust_verify_test/target/release/build/rust_verify_test/c53192f09de43032/test_inputs/ProveChap19ArraySeqStPer-c53192f09de43032-chap19_arrayseqstper_for_consume/test.rs


    thread 'chap19_arrayseqstper_for_consume' (520834) panicked at tests/Chap19/ProveArraySeqStPer.rs:213:1:
    Err(_) does not match $result
    note: run with `RUST_BACKTRACE=1` environment variable to display a backtrace

        FAIL [   0.067s] (123/328) rust_verify_test::ProveChap19ArraySeqStPer chap19_arrayseqstper_loop_borrow_iter
  stdout ───

    running 1 test
    test chap19_arrayseqstper_loop_borrow_iter ... FAILED

    failures:

    failures:
        chap19_arrayseqstper_loop_borrow_iter

    test result: FAILED. 0 passed; 1 failed; 0 ignored; 0 measured; 5 filtered out; finished in 0.06s

  stderr ───
    error[E0433]: cannot find `Chap19` in `apas_verus`
      --> /home/milnes/projects/APAS-VERUS/rust_verify_test/target/release/build/rust_verify_test/c53192f09de43032/test_inputs/ProveChap19ArraySeqStPer-c53192f09de43032-chap19_arrayseqstper_loop_borrow_iter/test.rs:17:17
       |
    17 | use apas_verus::Chap19::ArraySeqStPer::ArraySeqStPer::*;
       |                 ^^^^^^ could not find `Chap19` in `apas_verus`
       |
    note: found an item that was configured out
      --> src/lib.rs:358:48
       |
       = note: the item is gated here


    error[E0425]: cannot find type `ArraySeqStPerS` in this scope
      --> /home/milnes/projects/APAS-VERUS/rust_verify_test/target/release/build/rust_verify_test/c53192f09de43032/test_inputs/ProveChap19ArraySeqStPer-c53192f09de43032-chap19_arrayseqstper_loop_borrow_iter/test.rs:20:12
       |
    20 |     let a: ArraySeqStPerS<u64> = ArraySeqStPerS::new(3, 42);
       |            ^^^^^^^^^^^^^^ not found in this scope


    error[E0433]: cannot find type `ArraySeqStPerS` in this scope
      --> /home/milnes/projects/APAS-VERUS/rust_verify_test/target/release/build/rust_verify_test/c53192f09de43032/test_inputs/ProveChap19ArraySeqStPer-c53192f09de43032-chap19_arrayseqstper_loop_borrow_iter/test.rs:20:34
       |
    20 |     let a: ArraySeqStPerS<u64> = ArraySeqStPerS::new(3, 42);
       |                                  ^^^^^^^^^^^^^^ use of undeclared type `ArraySeqStPerS`


    error: aborting due to 3 previous errors


    Some errors have detailed explanations: E0425, E0433.

    For more information about an error, try `rustc --explain E0425`.

    the input directory is /home/milnes/projects/APAS-VERUS/rust_verify_test/target/release/build/rust_verify_test/c53192f09de43032/test_inputs/ProveChap19ArraySeqStPer-c53192f09de43032-chap19_arrayseqstper_loop_borrow_iter
    rerun this test with:
    verus --crate-type=lib  /home/milnes/projects/APAS-VERUS/rust_verify_test/target/release/build/rust_verify_test/c53192f09de43032/test_inputs/ProveChap19ArraySeqStPer-c53192f09de43032-chap19_arrayseqstper_loop_borrow_iter/test.rs


    thread 'chap19_arrayseqstper_loop_borrow_iter' (520858) panicked at tests/Chap19/ProveArraySeqStPer.rs:21:1:
    Err(_) does not match $result
    note: run with `RUST_BACKTRACE=1` environment variable to display a backtrace

        FAIL [   0.070s] (124/328) rust_verify_test::ProveChap19ArraySeqStPer chap19_arrayseqstper_loop_borrow_into
  stdout ───

    running 1 test
    test chap19_arrayseqstper_loop_borrow_into ... FAILED

    failures:

    failures:
        chap19_arrayseqstper_loop_borrow_into

    test result: FAILED. 0 passed; 1 failed; 0 ignored; 0 measured; 5 filtered out; finished in 0.07s

  stderr ───
    error[E0433]: cannot find `Chap19` in `apas_verus`
      --> /home/milnes/projects/APAS-VERUS/rust_verify_test/target/release/build/rust_verify_test/c53192f09de43032/test_inputs/ProveChap19ArraySeqStPer-c53192f09de43032-chap19_arrayseqstper_loop_borrow_into/test.rs:17:17
       |
    17 | use apas_verus::Chap19::ArraySeqStPer::ArraySeqStPer::*;
       |                 ^^^^^^ could not find `Chap19` in `apas_verus`
       |
    note: found an item that was configured out
      --> src/lib.rs:358:48
       |
       = note: the item is gated here


    error[E0425]: cannot find type `ArraySeqStPerS` in this scope
      --> /home/milnes/projects/APAS-VERUS/rust_verify_test/target/release/build/rust_verify_test/c53192f09de43032/test_inputs/ProveChap19ArraySeqStPer-c53192f09de43032-chap19_arrayseqstper_loop_borrow_into/test.rs:20:12
       |
    20 |     let a: ArraySeqStPerS<u64> = ArraySeqStPerS::new(3, 55);
       |            ^^^^^^^^^^^^^^ not found in this scope


    error[E0433]: cannot find type `ArraySeqStPerS` in this scope
      --> /home/milnes/projects/APAS-VERUS/rust_verify_test/target/release/build/rust_verify_test/c53192f09de43032/test_inputs/ProveChap19ArraySeqStPer-c53192f09de43032-chap19_arrayseqstper_loop_borrow_into/test.rs:20:34
       |
    20 |     let a: ArraySeqStPerS<u64> = ArraySeqStPerS::new(3, 55);
       |                                  ^^^^^^^^^^^^^^ use of undeclared type `ArraySeqStPerS`


    error: aborting due to 3 previous errors


    Some errors have detailed explanations: E0425, E0433.

    For more information about an error, try `rustc --explain E0425`.

    the input directory is /home/milnes/projects/APAS-VERUS/rust_verify_test/target/release/build/rust_verify_test/c53192f09de43032/test_inputs/ProveChap19ArraySeqStPer-c53192f09de43032-chap19_arrayseqstper_loop_borrow_into
    rerun this test with:
    verus --crate-type=lib  /home/milnes/projects/APAS-VERUS/rust_verify_test/target/release/build/rust_verify_test/c53192f09de43032/test_inputs/ProveChap19ArraySeqStPer-c53192f09de43032-chap19_arrayseqstper_loop_borrow_into/test.rs


    thread 'chap19_arrayseqstper_loop_borrow_into' (520847) panicked at tests/Chap19/ProveArraySeqStPer.rs:68:1:
    Err(_) does not match $result
    note: run with `RUST_BACKTRACE=1` environment variable to display a backtrace

        FAIL [   0.788s] (125/328) rust_verify_test::ProveDirGraphMtEph dirgraphmteph_for_borrow_iter_vertices
  stdout ───

    running 1 test
    test dirgraphmteph_for_borrow_iter_vertices ... FAILED

    failures:

    failures:
        dirgraphmteph_for_borrow_iter_vertices

    test result: FAILED. 0 passed; 1 failed; 0 ignored; 0 measured; 3 filtered out; finished in 0.78s

  stderr ───
    error: `apas_verus::Chap06::DirGraphMtEph::DirGraphMtEph::impl&%7::from_sets` is not supported (note: you may be able to add a Verus specification to this function with `assume_specification`)
      --> /home/milnes/projects/APAS-VERUS/rust_verify_test/target/release/build/rust_verify_test/7f90c607a4d5ca2e/test_inputs/ProveDirGraphMtEph-7f90c607a4d5ca2e-dirgraphmteph_for_borrow_iter_vertices/test.rs:34:33
       |
    34 |     let g: DirGraphMtEph<u64> = DirGraphMtEph::from_sets(verts, arcs);
       |                                 ^^^^^^^^^^^^^^^^^^^^^^^^^^^^^^^^^^^^^
       |
       = help: The following declaration may resolve this error:
               pub assume_specification<V> [<apas_verus::Chap06::DirGraphMtEph::DirGraphMtEph::DirGraphMtEph<V> as apas_verus::Chap06::DirGraphMtEph::DirGraphMtEph::DirGraphMtEphTrait<V>>::from_sets] (_0: apas_verus::Chap05::SetStEph::SetStEph::SetStEph<V>, _1: apas_verus::Chap05::SetStEph::SetStEph::SetStEph<apas_verus::Types::Types::Edge<V>>) -> apas_verus::Chap06::DirGraphMtEph::DirGraphMtEph::DirGraphMtEph<V>
               where
               V: apas_verus::Types::Types::StTInMtT + std::hash::Hash,;


    error: `apas_verus::Chap06::DirGraphMtEph::DirGraphMtEph::impl&%7::vertices` is not supported (note: you may be able to add a Verus specification to this function with `assume_specification`)
      --> /home/milnes/projects/APAS-VERUS/rust_verify_test/target/release/build/rust_verify_test/7f90c607a4d5ca2e/test_inputs/ProveDirGraphMtEph-7f90c607a4d5ca2e-dirgraphmteph_for_borrow_iter_vertices/test.rs:36:15
       |
    36 |     let it0 = g.vertices().iter();
       |               ^^^^^^^^^^^^
       |
       = help: The following declaration may resolve this error:
               pub assume_specification<V> [<apas_verus::Chap06::DirGraphMtEph::DirGraphMtEph::DirGraphMtEph<V> as apas_verus::Chap06::DirGraphMtEph::DirGraphMtEph::DirGraphMtEphTrait<V>>::vertices] (_0: &apas_verus::Chap06::DirGraphMtEph::DirGraphMtEph::DirGraphMtEph<V>) -> &apas_verus::Chap05::SetStEph::SetStEph::SetStEph<V>
               where
               V: apas_verus::Types::Types::StTInMtT + std::hash::Hash,;


    error: aborting due to 2 previous errors


    the input directory is /home/milnes/projects/APAS-VERUS/rust_verify_test/target/release/build/rust_verify_test/7f90c607a4d5ca2e/test_inputs/ProveDirGraphMtEph-7f90c607a4d5ca2e-dirgraphmteph_for_borrow_iter_vertices
    rerun this test with:
    verus --crate-type=lib  /home/milnes/projects/APAS-VERUS/rust_verify_test/target/release/build/rust_verify_test/7f90c607a4d5ca2e/test_inputs/ProveDirGraphMtEph-7f90c607a4d5ca2e-dirgraphmteph_for_borrow_iter_vertices/test.rs


    thread 'dirgraphmteph_for_borrow_iter_vertices' (520944) panicked at tests/Chap06/ProveDirGraphMtEph.rs:141:1:
    Err(_) does not match $result
    note: run with `RUST_BACKTRACE=1` environment variable to display a backtrace

        FAIL [   0.774s] (126/328) rust_verify_test::ProveDirGraphMtEph dirgraphmteph_loop_borrow_iter_arcs
  stdout ───

    running 1 test
    test dirgraphmteph_loop_borrow_iter_arcs ... FAILED

    failures:

    failures:
        dirgraphmteph_loop_borrow_iter_arcs

    test result: FAILED. 0 passed; 1 failed; 0 ignored; 0 measured; 3 filtered out; finished in 0.77s

  stderr ───
    error: `apas_verus::Chap06::DirGraphMtEph::DirGraphMtEph::impl&%7::from_sets` is not supported (note: you may be able to add a Verus specification to this function with `assume_specification`)
      --> /home/milnes/projects/APAS-VERUS/rust_verify_test/target/release/build/rust_verify_test/7f90c607a4d5ca2e/test_inputs/ProveDirGraphMtEph-7f90c607a4d5ca2e-dirgraphmteph_loop_borrow_iter_arcs/test.rs:34:33
       |
    34 |     let g: DirGraphMtEph<u64> = DirGraphMtEph::from_sets(verts, arcs);
       |                                 ^^^^^^^^^^^^^^^^^^^^^^^^^^^^^^^^^^^^^
       |
       = help: The following declaration may resolve this error:
               pub assume_specification<V> [<apas_verus::Chap06::DirGraphMtEph::DirGraphMtEph::DirGraphMtEph<V> as apas_verus::Chap06::DirGraphMtEph::DirGraphMtEph::DirGraphMtEphTrait<V>>::from_sets] (_0: apas_verus::Chap05::SetStEph::SetStEph::SetStEph<V>, _1: apas_verus::Chap05::SetStEph::SetStEph::SetStEph<apas_verus::Types::Types::Edge<V>>) -> apas_verus::Chap06::DirGraphMtEph::DirGraphMtEph::DirGraphMtEph<V>
               where
               V: apas_verus::Types::Types::StTInMtT + std::hash::Hash,;


    error: `apas_verus::Chap06::DirGraphMtEph::DirGraphMtEph::impl&%7::arcs` is not supported (note: you may be able to add a Verus specification to this function with `assume_specification`)
      --> /home/milnes/projects/APAS-VERUS/rust_verify_test/target/release/build/rust_verify_test/7f90c607a4d5ca2e/test_inputs/ProveDirGraphMtEph-7f90c607a4d5ca2e-dirgraphmteph_loop_borrow_iter_arcs/test.rs:36:15
       |
    36 |     let it0 = g.arcs().iter();
       |               ^^^^^^^^
       |
       = help: The following declaration may resolve this error:
               pub assume_specification<V> [<apas_verus::Chap06::DirGraphMtEph::DirGraphMtEph::DirGraphMtEph<V> as apas_verus::Chap06::DirGraphMtEph::DirGraphMtEph::DirGraphMtEphTrait<V>>::arcs] (_0: &apas_verus::Chap06::DirGraphMtEph::DirGraphMtEph::DirGraphMtEph<V>) -> &apas_verus::Chap05::SetStEph::SetStEph::SetStEph<apas_verus::Types::Types::Edge<V>>
               where
               V: apas_verus::Types::Types::StTInMtT + std::hash::Hash,;


    error: aborting due to 2 previous errors


    the input directory is /home/milnes/projects/APAS-VERUS/rust_verify_test/target/release/build/rust_verify_test/7f90c607a4d5ca2e/test_inputs/ProveDirGraphMtEph-7f90c607a4d5ca2e-dirgraphmteph_loop_borrow_iter_arcs
    rerun this test with:
    verus --crate-type=lib  /home/milnes/projects/APAS-VERUS/rust_verify_test/target/release/build/rust_verify_test/7f90c607a4d5ca2e/test_inputs/ProveDirGraphMtEph-7f90c607a4d5ca2e-dirgraphmteph_loop_borrow_iter_arcs/test.rs


    thread 'dirgraphmteph_loop_borrow_iter_arcs' (520968) panicked at tests/Chap06/ProveDirGraphMtEph.rs:79:1:
    Err(_) does not match $result
    note: run with `RUST_BACKTRACE=1` environment variable to display a backtrace

        FAIL [   0.963s] (127/328) rust_verify_test::ProveDirGraphMtEph dirgraphmteph_loop_borrow_iter_vertices
  stdout ───

    running 1 test
    test dirgraphmteph_loop_borrow_iter_vertices ... FAILED

    failures:

    failures:
        dirgraphmteph_loop_borrow_iter_vertices

    test result: FAILED. 0 passed; 1 failed; 0 ignored; 0 measured; 3 filtered out; finished in 0.96s

  stderr ───
    error: `apas_verus::Chap06::DirGraphMtEph::DirGraphMtEph::impl&%7::from_sets` is not supported (note: you may be able to add a Verus specification to this function with `assume_specification`)
      --> /home/milnes/projects/APAS-VERUS/rust_verify_test/target/release/build/rust_verify_test/7f90c607a4d5ca2e/test_inputs/ProveDirGraphMtEph-7f90c607a4d5ca2e-dirgraphmteph_loop_borrow_iter_vertices/test.rs:34:33
       |
    34 |     let g: DirGraphMtEph<u64> = DirGraphMtEph::from_sets(verts, arcs);
       |                                 ^^^^^^^^^^^^^^^^^^^^^^^^^^^^^^^^^^^^^
       |
       = help: The following declaration may resolve this error:
               pub assume_specification<V> [<apas_verus::Chap06::DirGraphMtEph::DirGraphMtEph::DirGraphMtEph<V> as apas_verus::Chap06::DirGraphMtEph::DirGraphMtEph::DirGraphMtEphTrait<V>>::from_sets] (_0: apas_verus::Chap05::SetStEph::SetStEph::SetStEph<V>, _1: apas_verus::Chap05::SetStEph::SetStEph::SetStEph<apas_verus::Types::Types::Edge<V>>) -> apas_verus::Chap06::DirGraphMtEph::DirGraphMtEph::DirGraphMtEph<V>
               where
               V: apas_verus::Types::Types::StTInMtT + std::hash::Hash,;


    error: `apas_verus::Chap06::DirGraphMtEph::DirGraphMtEph::impl&%7::vertices` is not supported (note: you may be able to add a Verus specification to this function with `assume_specification`)
      --> /home/milnes/projects/APAS-VERUS/rust_verify_test/target/release/build/rust_verify_test/7f90c607a4d5ca2e/test_inputs/ProveDirGraphMtEph-7f90c607a4d5ca2e-dirgraphmteph_loop_borrow_iter_vertices/test.rs:36:15
       |
    36 |     let it0 = g.vertices().iter();
       |               ^^^^^^^^^^^^
       |
       = help: The following declaration may resolve this error:
               pub assume_specification<V> [<apas_verus::Chap06::DirGraphMtEph::DirGraphMtEph::DirGraphMtEph<V> as apas_verus::Chap06::DirGraphMtEph::DirGraphMtEph::DirGraphMtEphTrait<V>>::vertices] (_0: &apas_verus::Chap06::DirGraphMtEph::DirGraphMtEph::DirGraphMtEph<V>) -> &apas_verus::Chap05::SetStEph::SetStEph::SetStEph<V>
               where
               V: apas_verus::Types::Types::StTInMtT + std::hash::Hash,;


    error: aborting due to 2 previous errors


    the input directory is /home/milnes/projects/APAS-VERUS/rust_verify_test/target/release/build/rust_verify_test/7f90c607a4d5ca2e/test_inputs/ProveDirGraphMtEph-7f90c607a4d5ca2e-dirgraphmteph_loop_borrow_iter_vertices
    rerun this test with:
    verus --crate-type=lib  /home/milnes/projects/APAS-VERUS/rust_verify_test/target/release/build/rust_verify_test/7f90c607a4d5ca2e/test_inputs/ProveDirGraphMtEph-7f90c607a4d5ca2e-dirgraphmteph_loop_borrow_iter_vertices/test.rs


    thread 'dirgraphmteph_loop_borrow_iter_vertices' (520972) panicked at tests/Chap06/ProveDirGraphMtEph.rs:17:1:
    Err(_) does not match $result
    note: run with `RUST_BACKTRACE=1` environment variable to display a backtrace

        FAIL [   1.046s] (128/328) rust_verify_test::ProveDirGraphMtEph dirgraphmteph_for_borrow_iter_arcs
  stdout ───

    running 1 test
    test dirgraphmteph_for_borrow_iter_arcs ... FAILED

    failures:

    failures:
        dirgraphmteph_for_borrow_iter_arcs

    test result: FAILED. 0 passed; 1 failed; 0 ignored; 0 measured; 3 filtered out; finished in 1.04s

  stderr ───
    error: `apas_verus::Chap06::DirGraphMtEph::DirGraphMtEph::impl&%7::from_sets` is not supported (note: you may be able to add a Verus specification to this function with `assume_specification`)
      --> /home/milnes/projects/APAS-VERUS/rust_verify_test/target/release/build/rust_verify_test/7f90c607a4d5ca2e/test_inputs/ProveDirGraphMtEph-7f90c607a4d5ca2e-dirgraphmteph_for_borrow_iter_arcs/test.rs:34:33
       |
    34 |     let g: DirGraphMtEph<u64> = DirGraphMtEph::from_sets(verts, arcs);
       |                                 ^^^^^^^^^^^^^^^^^^^^^^^^^^^^^^^^^^^^^
       |
       = help: The following declaration may resolve this error:
               pub assume_specification<V> [<apas_verus::Chap06::DirGraphMtEph::DirGraphMtEph::DirGraphMtEph<V> as apas_verus::Chap06::DirGraphMtEph::DirGraphMtEph::DirGraphMtEphTrait<V>>::from_sets] (_0: apas_verus::Chap05::SetStEph::SetStEph::SetStEph<V>, _1: apas_verus::Chap05::SetStEph::SetStEph::SetStEph<apas_verus::Types::Types::Edge<V>>) -> apas_verus::Chap06::DirGraphMtEph::DirGraphMtEph::DirGraphMtEph<V>
               where
               V: apas_verus::Types::Types::StTInMtT + std::hash::Hash,;


    error: `apas_verus::Chap06::DirGraphMtEph::DirGraphMtEph::impl&%7::arcs` is not supported (note: you may be able to add a Verus specification to this function with `assume_specification`)
      --> /home/milnes/projects/APAS-VERUS/rust_verify_test/target/release/build/rust_verify_test/7f90c607a4d5ca2e/test_inputs/ProveDirGraphMtEph-7f90c607a4d5ca2e-dirgraphmteph_for_borrow_iter_arcs/test.rs:36:15
       |
    36 |     let it0 = g.arcs().iter();
       |               ^^^^^^^^
       |
       = help: The following declaration may resolve this error:
               pub assume_specification<V> [<apas_verus::Chap06::DirGraphMtEph::DirGraphMtEph::DirGraphMtEph<V> as apas_verus::Chap06::DirGraphMtEph::DirGraphMtEph::DirGraphMtEphTrait<V>>::arcs] (_0: &apas_verus::Chap06::DirGraphMtEph::DirGraphMtEph::DirGraphMtEph<V>) -> &apas_verus::Chap05::SetStEph::SetStEph::SetStEph<apas_verus::Types::Types::Edge<V>>
               where
               V: apas_verus::Types::Types::StTInMtT + std::hash::Hash,;


    error: aborting due to 2 previous errors


    the input directory is /home/milnes/projects/APAS-VERUS/rust_verify_test/target/release/build/rust_verify_test/7f90c607a4d5ca2e/test_inputs/ProveDirGraphMtEph-7f90c607a4d5ca2e-dirgraphmteph_for_borrow_iter_arcs
    rerun this test with:
    verus --crate-type=lib  /home/milnes/projects/APAS-VERUS/rust_verify_test/target/release/build/rust_verify_test/7f90c607a4d5ca2e/test_inputs/ProveDirGraphMtEph-7f90c607a4d5ca2e-dirgraphmteph_for_borrow_iter_arcs/test.rs


    thread 'dirgraphmteph_for_borrow_iter_arcs' (520879) panicked at tests/Chap06/ProveDirGraphMtEph.rs:182:1:
    Err(_) does not match $result
    note: run with `RUST_BACKTRACE=1` environment variable to display a backtrace

        PASS [   1.138s] (129/328) rust_verify_test::ProveDirGraphStEph dirgraphsteph_for_borrow_iter_vertices
        PASS [   1.168s] (130/328) rust_verify_test::ProveDirGraphStEph dirgraphsteph_for_borrow_iter_arcs
        PASS [   1.096s] (131/328) rust_verify_test::ProveDirGraphStEph dirgraphsteph_loop_borrow_iter_vertices
        PASS [   0.997s] (132/328) rust_verify_test::ProveKleeneStPer kleene_alphabet
        PASS [   0.976s] (133/328) rust_verify_test::ProveKleeneStPer kleene_mem_plus
        FAIL [   0.801s] (134/328) rust_verify_test::ProveLabDirGraphMtEph labdirgraphmteph_for_borrow_iter_arcs
  stdout ───

    running 1 test
    test labdirgraphmteph_for_borrow_iter_arcs ... FAILED

    failures:

    failures:
        labdirgraphmteph_for_borrow_iter_arcs

    test result: FAILED. 0 passed; 1 failed; 0 ignored; 0 measured; 3 filtered out; finished in 0.80s

  stderr ───
    error: `apas_verus::Chap06::LabDirGraphMtEph::LabDirGraphMtEph::impl&%7::from_vertices_and_labeled_arcs` is not supported (note: you may be able to add a Verus specification to this function with `assume_specification`)
      --> /home/milnes/projects/APAS-VERUS/rust_verify_test/target/release/build/rust_verify_test/500b1a7fc15b606b/test_inputs/ProveLabDirGraphMtEph-500b1a7fc15b606b-labdirgraphmteph_for_borrow_iter_arcs/test.rs:32:13
       |
    32 |     let g = LabDirGraphMtEph::from_vertices_and_labeled_arcs(verts, arcs);
       |             ^^^^^^^^^^^^^^^^^^^^^^^^^^^^^^^^^^^^^^^^^^^^^^^^^^^^^^^^^^^^^
       |
       = help: The following declaration may resolve this error:
               pub assume_specification<V, L> [<apas_verus::Chap06::LabDirGraphMtEph::LabDirGraphMtEph::LabDirGraphMtEph<V, L> as apas_verus::Chap06::LabDirGraphMtEph::LabDirGraphMtEph::LabDirGraphMtEphTrait<V, L>>::from_vertices_and_labeled_arcs] (_0: apas_verus::Chap05::SetStEph::SetStEph::SetStEph<V>, _1: apas_verus::Chap05::SetStEph::SetStEph::SetStEph<apas_verus::Types::Types::LabEdge<V, L>>) -> apas_verus::Chap06::LabDirGraphMtEph::LabDirGraphMtEph::LabDirGraphMtEph<V, L>
               where
               L: apas_verus::Types::Types::StTInMtT + std::hash::Hash,
               V: apas_verus::Types::Types::StTInMtT + std::hash::Hash,;


    error: `apas_verus::Chap06::LabDirGraphMtEph::LabDirGraphMtEph::impl&%7::labeled_arcs` is not supported (note: you may be able to add a Verus specification to this function with `assume_specification`)
      --> /home/milnes/projects/APAS-VERUS/rust_verify_test/target/release/build/rust_verify_test/500b1a7fc15b606b/test_inputs/ProveLabDirGraphMtEph-500b1a7fc15b606b-labdirgraphmteph_for_borrow_iter_arcs/test.rs:34:15
       |
    34 |     let it0 = g.labeled_arcs().iter();
       |               ^^^^^^^^^^^^^^^^
       |
       = help: The following declaration may resolve this error:
               pub assume_specification<V, L> [<apas_verus::Chap06::LabDirGraphMtEph::LabDirGraphMtEph::LabDirGraphMtEph<V, L> as apas_verus::Chap06::LabDirGraphMtEph::LabDirGraphMtEph::LabDirGraphMtEphTrait<V, L>>::labeled_arcs] (_0: &apas_verus::Chap06::LabDirGraphMtEph::LabDirGraphMtEph::LabDirGraphMtEph<V, L>) -> &apas_verus::Chap05::SetStEph::SetStEph::SetStEph<apas_verus::Types::Types::LabEdge<V, L>>
               where
               L: apas_verus::Types::Types::StTInMtT + std::hash::Hash,
               V: apas_verus::Types::Types::StTInMtT + std::hash::Hash,;


    error: aborting due to 2 previous errors


    the input directory is /home/milnes/projects/APAS-VERUS/rust_verify_test/target/release/build/rust_verify_test/500b1a7fc15b606b/test_inputs/ProveLabDirGraphMtEph-500b1a7fc15b606b-labdirgraphmteph_for_borrow_iter_arcs
    rerun this test with:
    verus --crate-type=lib  /home/milnes/projects/APAS-VERUS/rust_verify_test/target/release/build/rust_verify_test/500b1a7fc15b606b/test_inputs/ProveLabDirGraphMtEph-500b1a7fc15b606b-labdirgraphmteph_for_borrow_iter_arcs/test.rs


    thread 'labdirgraphmteph_for_borrow_iter_arcs' (521182) panicked at tests/Chap06/ProveLabDirGraphMtEph.rs:176:1:
    Err(_) does not match $result
    note: run with `RUST_BACKTRACE=1` environment variable to display a backtrace

        PASS [   1.278s] (135/328) rust_verify_test::ProveDirGraphStEph dirgraphsteph_loop_borrow_iter_arcs
        PASS [   1.033s] (136/328) rust_verify_test::ProveKleeneStPer kleene_mem_star
        FAIL [   0.824s] (137/328) rust_verify_test::ProveLabDirGraphMtEph labdirgraphmteph_for_borrow_iter_vertices
  stdout ───

    running 1 test
    test labdirgraphmteph_for_borrow_iter_vertices ... FAILED

    failures:

    failures:
        labdirgraphmteph_for_borrow_iter_vertices

    test result: FAILED. 0 passed; 1 failed; 0 ignored; 0 measured; 3 filtered out; finished in 0.82s

  stderr ───
    error: `apas_verus::Chap06::LabDirGraphMtEph::LabDirGraphMtEph::impl&%7::from_vertices_and_labeled_arcs` is not supported (note: you may be able to add a Verus specification to this function with `assume_specification`)
      --> /home/milnes/projects/APAS-VERUS/rust_verify_test/target/release/build/rust_verify_test/500b1a7fc15b606b/test_inputs/ProveLabDirGraphMtEph-500b1a7fc15b606b-labdirgraphmteph_for_borrow_iter_vertices/test.rs:32:13
       |
    32 |     let g = LabDirGraphMtEph::from_vertices_and_labeled_arcs(verts, arcs);
       |             ^^^^^^^^^^^^^^^^^^^^^^^^^^^^^^^^^^^^^^^^^^^^^^^^^^^^^^^^^^^^^
       |
       = help: The following declaration may resolve this error:
               pub assume_specification<V, L> [<apas_verus::Chap06::LabDirGraphMtEph::LabDirGraphMtEph::LabDirGraphMtEph<V, L> as apas_verus::Chap06::LabDirGraphMtEph::LabDirGraphMtEph::LabDirGraphMtEphTrait<V, L>>::from_vertices_and_labeled_arcs] (_0: apas_verus::Chap05::SetStEph::SetStEph::SetStEph<V>, _1: apas_verus::Chap05::SetStEph::SetStEph::SetStEph<apas_verus::Types::Types::LabEdge<V, L>>) -> apas_verus::Chap06::LabDirGraphMtEph::LabDirGraphMtEph::LabDirGraphMtEph<V, L>
               where
               L: apas_verus::Types::Types::StTInMtT + std::hash::Hash,
               V: apas_verus::Types::Types::StTInMtT + std::hash::Hash,;


    error: `apas_verus::Chap06::LabDirGraphMtEph::LabDirGraphMtEph::impl&%7::vertices` is not supported (note: you may be able to add a Verus specification to this function with `assume_specification`)
      --> /home/milnes/projects/APAS-VERUS/rust_verify_test/target/release/build/rust_verify_test/500b1a7fc15b606b/test_inputs/ProveLabDirGraphMtEph-500b1a7fc15b606b-labdirgraphmteph_for_borrow_iter_vertices/test.rs:34:15
       |
    34 |     let it0 = g.vertices().iter();
       |               ^^^^^^^^^^^^
       |
       = help: The following declaration may resolve this error:
               pub assume_specification<V, L> [<apas_verus::Chap06::LabDirGraphMtEph::LabDirGraphMtEph::LabDirGraphMtEph<V, L> as apas_verus::Chap06::LabDirGraphMtEph::LabDirGraphMtEph::LabDirGraphMtEphTrait<V, L>>::vertices] (_0: &apas_verus::Chap06::LabDirGraphMtEph::LabDirGraphMtEph::LabDirGraphMtEph<V, L>) -> &apas_verus::Chap05::SetStEph::SetStEph::SetStEph<V>
               where
               L: apas_verus::Types::Types::StTInMtT + std::hash::Hash,
               V: apas_verus::Types::Types::StTInMtT + std::hash::Hash,;


    error: aborting due to 2 previous errors


    the input directory is /home/milnes/projects/APAS-VERUS/rust_verify_test/target/release/build/rust_verify_test/500b1a7fc15b606b/test_inputs/ProveLabDirGraphMtEph-500b1a7fc15b606b-labdirgraphmteph_for_borrow_iter_vertices
    rerun this test with:
    verus --crate-type=lib  /home/milnes/projects/APAS-VERUS/rust_verify_test/target/release/build/rust_verify_test/500b1a7fc15b606b/test_inputs/ProveLabDirGraphMtEph-500b1a7fc15b606b-labdirgraphmteph_for_borrow_iter_vertices/test.rs


    thread 'labdirgraphmteph_for_borrow_iter_vertices' (521249) panicked at tests/Chap06/ProveLabDirGraphMtEph.rs:137:1:
    Err(_) does not match $result
    note: run with `RUST_BACKTRACE=1` environment variable to display a backtrace

        FAIL [   0.764s] (138/328) rust_verify_test::ProveLabDirGraphMtEph labdirgraphmteph_loop_borrow_iter_vertices
  stdout ───

    running 1 test
    test labdirgraphmteph_loop_borrow_iter_vertices ... FAILED

    failures:

    failures:
        labdirgraphmteph_loop_borrow_iter_vertices

    test result: FAILED. 0 passed; 1 failed; 0 ignored; 0 measured; 3 filtered out; finished in 0.76s

  stderr ───
    error: `apas_verus::Chap06::LabDirGraphMtEph::LabDirGraphMtEph::impl&%7::from_vertices_and_labeled_arcs` is not supported (note: you may be able to add a Verus specification to this function with `assume_specification`)
      --> /home/milnes/projects/APAS-VERUS/rust_verify_test/target/release/build/rust_verify_test/500b1a7fc15b606b/test_inputs/ProveLabDirGraphMtEph-500b1a7fc15b606b-labdirgraphmteph_loop_borrow_iter_vertices/test.rs:32:13
       |
    32 |     let g = LabDirGraphMtEph::from_vertices_and_labeled_arcs(verts, arcs);
       |             ^^^^^^^^^^^^^^^^^^^^^^^^^^^^^^^^^^^^^^^^^^^^^^^^^^^^^^^^^^^^^
       |
       = help: The following declaration may resolve this error:
               pub assume_specification<V, L> [<apas_verus::Chap06::LabDirGraphMtEph::LabDirGraphMtEph::LabDirGraphMtEph<V, L> as apas_verus::Chap06::LabDirGraphMtEph::LabDirGraphMtEph::LabDirGraphMtEphTrait<V, L>>::from_vertices_and_labeled_arcs] (_0: apas_verus::Chap05::SetStEph::SetStEph::SetStEph<V>, _1: apas_verus::Chap05::SetStEph::SetStEph::SetStEph<apas_verus::Types::Types::LabEdge<V, L>>) -> apas_verus::Chap06::LabDirGraphMtEph::LabDirGraphMtEph::LabDirGraphMtEph<V, L>
               where
               L: apas_verus::Types::Types::StTInMtT + std::hash::Hash,
               V: apas_verus::Types::Types::StTInMtT + std::hash::Hash,;


    error: `apas_verus::Chap06::LabDirGraphMtEph::LabDirGraphMtEph::impl&%7::vertices` is not supported (note: you may be able to add a Verus specification to this function with `assume_specification`)
      --> /home/milnes/projects/APAS-VERUS/rust_verify_test/target/release/build/rust_verify_test/500b1a7fc15b606b/test_inputs/ProveLabDirGraphMtEph-500b1a7fc15b606b-labdirgraphmteph_loop_borrow_iter_vertices/test.rs:34:15
       |
    34 |     let it0 = g.vertices().iter();
       |               ^^^^^^^^^^^^
       |
       = help: The following declaration may resolve this error:
               pub assume_specification<V, L> [<apas_verus::Chap06::LabDirGraphMtEph::LabDirGraphMtEph::LabDirGraphMtEph<V, L> as apas_verus::Chap06::LabDirGraphMtEph::LabDirGraphMtEph::LabDirGraphMtEphTrait<V, L>>::vertices] (_0: &apas_verus::Chap06::LabDirGraphMtEph::LabDirGraphMtEph::LabDirGraphMtEph<V, L>) -> &apas_verus::Chap05::SetStEph::SetStEph::SetStEph<V>
               where
               L: apas_verus::Types::Types::StTInMtT + std::hash::Hash,
               V: apas_verus::Types::Types::StTInMtT + std::hash::Hash,;


    error: aborting due to 2 previous errors


    the input directory is /home/milnes/projects/APAS-VERUS/rust_verify_test/target/release/build/rust_verify_test/500b1a7fc15b606b/test_inputs/ProveLabDirGraphMtEph-500b1a7fc15b606b-labdirgraphmteph_loop_borrow_iter_vertices
    rerun this test with:
    verus --crate-type=lib  /home/milnes/projects/APAS-VERUS/rust_verify_test/target/release/build/rust_verify_test/500b1a7fc15b606b/test_inputs/ProveLabDirGraphMtEph-500b1a7fc15b606b-labdirgraphmteph_loop_borrow_iter_vertices/test.rs


    thread 'labdirgraphmteph_loop_borrow_iter_vertices' (521272) panicked at tests/Chap06/ProveLabDirGraphMtEph.rs:17:1:
    Err(_) does not match $result
    note: run with `RUST_BACKTRACE=1` environment variable to display a backtrace

        FAIL [   0.991s] (139/328) rust_verify_test::ProveLabDirGraphMtEph labdirgraphmteph_loop_borrow_iter_arcs
  stdout ───

    running 1 test
    test labdirgraphmteph_loop_borrow_iter_arcs ... FAILED

    failures:

    failures:
        labdirgraphmteph_loop_borrow_iter_arcs

    test result: FAILED. 0 passed; 1 failed; 0 ignored; 0 measured; 3 filtered out; finished in 0.99s

  stderr ───
    error: `apas_verus::Chap06::LabDirGraphMtEph::LabDirGraphMtEph::impl&%7::from_vertices_and_labeled_arcs` is not supported (note: you may be able to add a Verus specification to this function with `assume_specification`)
      --> /home/milnes/projects/APAS-VERUS/rust_verify_test/target/release/build/rust_verify_test/500b1a7fc15b606b/test_inputs/ProveLabDirGraphMtEph-500b1a7fc15b606b-labdirgraphmteph_loop_borrow_iter_arcs/test.rs:32:13
       |
    32 |     let g = LabDirGraphMtEph::from_vertices_and_labeled_arcs(verts, arcs);
       |             ^^^^^^^^^^^^^^^^^^^^^^^^^^^^^^^^^^^^^^^^^^^^^^^^^^^^^^^^^^^^^
       |
       = help: The following declaration may resolve this error:
               pub assume_specification<V, L> [<apas_verus::Chap06::LabDirGraphMtEph::LabDirGraphMtEph::LabDirGraphMtEph<V, L> as apas_verus::Chap06::LabDirGraphMtEph::LabDirGraphMtEph::LabDirGraphMtEphTrait<V, L>>::from_vertices_and_labeled_arcs] (_0: apas_verus::Chap05::SetStEph::SetStEph::SetStEph<V>, _1: apas_verus::Chap05::SetStEph::SetStEph::SetStEph<apas_verus::Types::Types::LabEdge<V, L>>) -> apas_verus::Chap06::LabDirGraphMtEph::LabDirGraphMtEph::LabDirGraphMtEph<V, L>
               where
               L: apas_verus::Types::Types::StTInMtT + std::hash::Hash,
               V: apas_verus::Types::Types::StTInMtT + std::hash::Hash,;


    error: `apas_verus::Chap06::LabDirGraphMtEph::LabDirGraphMtEph::impl&%7::labeled_arcs` is not supported (note: you may be able to add a Verus specification to this function with `assume_specification`)
      --> /home/milnes/projects/APAS-VERUS/rust_verify_test/target/release/build/rust_verify_test/500b1a7fc15b606b/test_inputs/ProveLabDirGraphMtEph-500b1a7fc15b606b-labdirgraphmteph_loop_borrow_iter_arcs/test.rs:34:15
       |
    34 |     let it0 = g.labeled_arcs().iter();
       |               ^^^^^^^^^^^^^^^^
       |
       = help: The following declaration may resolve this error:
               pub assume_specification<V, L> [<apas_verus::Chap06::LabDirGraphMtEph::LabDirGraphMtEph::LabDirGraphMtEph<V, L> as apas_verus::Chap06::LabDirGraphMtEph::LabDirGraphMtEph::LabDirGraphMtEphTrait<V, L>>::labeled_arcs] (_0: &apas_verus::Chap06::LabDirGraphMtEph::LabDirGraphMtEph::LabDirGraphMtEph<V, L>) -> &apas_verus::Chap05::SetStEph::SetStEph::SetStEph<apas_verus::Types::Types::LabEdge<V, L>>
               where
               L: apas_verus::Types::Types::StTInMtT + std::hash::Hash,
               V: apas_verus::Types::Types::StTInMtT + std::hash::Hash,;


    error: aborting due to 2 previous errors


    the input directory is /home/milnes/projects/APAS-VERUS/rust_verify_test/target/release/build/rust_verify_test/500b1a7fc15b606b/test_inputs/ProveLabDirGraphMtEph-500b1a7fc15b606b-labdirgraphmteph_loop_borrow_iter_arcs
    rerun this test with:
    verus --crate-type=lib  /home/milnes/projects/APAS-VERUS/rust_verify_test/target/release/build/rust_verify_test/500b1a7fc15b606b/test_inputs/ProveLabDirGraphMtEph-500b1a7fc15b606b-labdirgraphmteph_loop_borrow_iter_arcs/test.rs


    thread 'labdirgraphmteph_loop_borrow_iter_arcs' (521273) panicked at tests/Chap06/ProveLabDirGraphMtEph.rs:77:1:
    Err(_) does not match $result
    note: run with `RUST_BACKTRACE=1` environment variable to display a backtrace

        PASS [   1.187s] (140/328) rust_verify_test::ProveLabDirGraphStEph labdirgraphsteph_for_borrow_iter_arcs
        PASS [   1.225s] (141/328) rust_verify_test::ProveLabDirGraphStEph labdirgraphsteph_for_borrow_iter_vertices
        PASS [   1.276s] (142/328) rust_verify_test::ProveLabDirGraphStEph labdirgraphsteph_loop_borrow_iter_arcs
        FAIL [   0.810s] (143/328) rust_verify_test::ProveLabUnDirGraphMtEph labundirgraphmteph_for_borrow_iter_edges
  stdout ───

    running 1 test
    test labundirgraphmteph_for_borrow_iter_edges ... FAILED

    failures:

    failures:
        labundirgraphmteph_for_borrow_iter_edges

    test result: FAILED. 0 passed; 1 failed; 0 ignored; 0 measured; 3 filtered out; finished in 0.81s

  stderr ───
    error: `apas_verus::Chap06::LabUnDirGraphMtEph::LabUnDirGraphMtEph::impl&%7::from_vertices_and_labeled_edges` is not supported (note: you may be able to add a Verus specification to this function with `assume_specification`)
      --> /home/milnes/projects/APAS-VERUS/rust_verify_test/target/release/build/rust_verify_test/f6d283be33194d04/test_inputs/ProveLabUnDirGraphMtEph-f6d283be33194d04-labundirgraphmteph_for_borrow_iter_edges/test.rs:32:13
       |
    32 |     let g = LabUnDirGraphMtEph::from_vertices_and_labeled_edges(verts, edges);
       |             ^^^^^^^^^^^^^^^^^^^^^^^^^^^^^^^^^^^^^^^^^^^^^^^^^^^^^^^^^^^^^^^^^
       |
       = help: The following declaration may resolve this error:
               pub assume_specification<V, L> [<apas_verus::Chap06::LabUnDirGraphMtEph::LabUnDirGraphMtEph::LabUnDirGraphMtEph<V, L> as apas_verus::Chap06::LabUnDirGraphMtEph::LabUnDirGraphMtEph::LabUnDirGraphMtEphTrait<V, L>>::from_vertices_and_labeled_edges] (_0: apas_verus::Chap05::SetStEph::SetStEph::SetStEph<V>, _1: apas_verus::Chap05::SetStEph::SetStEph::SetStEph<apas_verus::Types::Types::LabEdge<V, L>>) -> apas_verus::Chap06::LabUnDirGraphMtEph::LabUnDirGraphMtEph::LabUnDirGraphMtEph<V, L>
               where
               L: apas_verus::Types::Types::StTInMtT + std::hash::Hash,
               V: apas_verus::Types::Types::StTInMtT + std::hash::Hash + std::cmp::Ord,;


    error: `apas_verus::Chap06::LabUnDirGraphMtEph::LabUnDirGraphMtEph::impl&%7::labeled_edges` is not supported (note: you may be able to add a Verus specification to this function with `assume_specification`)
      --> /home/milnes/projects/APAS-VERUS/rust_verify_test/target/release/build/rust_verify_test/f6d283be33194d04/test_inputs/ProveLabUnDirGraphMtEph-f6d283be33194d04-labundirgraphmteph_for_borrow_iter_edges/test.rs:34:15
       |
    34 |     let it0 = g.labeled_edges().iter();
       |               ^^^^^^^^^^^^^^^^^
       |
       = help: The following declaration may resolve this error:
               pub assume_specification<V, L> [<apas_verus::Chap06::LabUnDirGraphMtEph::LabUnDirGraphMtEph::LabUnDirGraphMtEph<V, L> as apas_verus::Chap06::LabUnDirGraphMtEph::LabUnDirGraphMtEph::LabUnDirGraphMtEphTrait<V, L>>::labeled_edges] (_0: &apas_verus::Chap06::LabUnDirGraphMtEph::LabUnDirGraphMtEph::LabUnDirGraphMtEph<V, L>) -> &apas_verus::Chap05::SetStEph::SetStEph::SetStEph<apas_verus::Types::Types::LabEdge<V, L>>
               where
               L: apas_verus::Types::Types::StTInMtT + std::hash::Hash,
               V: apas_verus::Types::Types::StTInMtT + std::hash::Hash + std::cmp::Ord,;


    error: aborting due to 2 previous errors


    the input directory is /home/milnes/projects/APAS-VERUS/rust_verify_test/target/release/build/rust_verify_test/f6d283be33194d04/test_inputs/ProveLabUnDirGraphMtEph-f6d283be33194d04-labundirgraphmteph_for_borrow_iter_edges
    rerun this test with:
    verus --crate-type=lib  /home/milnes/projects/APAS-VERUS/rust_verify_test/target/release/build/rust_verify_test/f6d283be33194d04/test_inputs/ProveLabUnDirGraphMtEph-f6d283be33194d04-labundirgraphmteph_for_borrow_iter_edges/test.rs


    thread 'labundirgraphmteph_for_borrow_iter_edges' (521411) panicked at tests/Chap06/ProveLabUnDirGraphMtEph.rs:176:1:
    Err(_) does not match $result
    note: run with `RUST_BACKTRACE=1` environment variable to display a backtrace

        FAIL [   0.795s] (144/328) rust_verify_test::ProveLabUnDirGraphMtEph labundirgraphmteph_for_borrow_iter_vertices
  stdout ───

    running 1 test
    test labundirgraphmteph_for_borrow_iter_vertices ... FAILED

    failures:

    failures:
        labundirgraphmteph_for_borrow_iter_vertices

    test result: FAILED. 0 passed; 1 failed; 0 ignored; 0 measured; 3 filtered out; finished in 0.79s

  stderr ───
    error: `apas_verus::Chap06::LabUnDirGraphMtEph::LabUnDirGraphMtEph::impl&%7::from_vertices_and_labeled_edges` is not supported (note: you may be able to add a Verus specification to this function with `assume_specification`)
      --> /home/milnes/projects/APAS-VERUS/rust_verify_test/target/release/build/rust_verify_test/f6d283be33194d04/test_inputs/ProveLabUnDirGraphMtEph-f6d283be33194d04-labundirgraphmteph_for_borrow_iter_vertices/test.rs:32:13
       |
    32 |     let g = LabUnDirGraphMtEph::from_vertices_and_labeled_edges(verts, edges);
       |             ^^^^^^^^^^^^^^^^^^^^^^^^^^^^^^^^^^^^^^^^^^^^^^^^^^^^^^^^^^^^^^^^^
       |
       = help: The following declaration may resolve this error:
               pub assume_specification<V, L> [<apas_verus::Chap06::LabUnDirGraphMtEph::LabUnDirGraphMtEph::LabUnDirGraphMtEph<V, L> as apas_verus::Chap06::LabUnDirGraphMtEph::LabUnDirGraphMtEph::LabUnDirGraphMtEphTrait<V, L>>::from_vertices_and_labeled_edges] (_0: apas_verus::Chap05::SetStEph::SetStEph::SetStEph<V>, _1: apas_verus::Chap05::SetStEph::SetStEph::SetStEph<apas_verus::Types::Types::LabEdge<V, L>>) -> apas_verus::Chap06::LabUnDirGraphMtEph::LabUnDirGraphMtEph::LabUnDirGraphMtEph<V, L>
               where
               L: apas_verus::Types::Types::StTInMtT + std::hash::Hash,
               V: apas_verus::Types::Types::StTInMtT + std::hash::Hash + std::cmp::Ord,;


    error: `apas_verus::Chap06::LabUnDirGraphMtEph::LabUnDirGraphMtEph::impl&%7::vertices` is not supported (note: you may be able to add a Verus specification to this function with `assume_specification`)
      --> /home/milnes/projects/APAS-VERUS/rust_verify_test/target/release/build/rust_verify_test/f6d283be33194d04/test_inputs/ProveLabUnDirGraphMtEph-f6d283be33194d04-labundirgraphmteph_for_borrow_iter_vertices/test.rs:34:15
       |
    34 |     let it0 = g.vertices().iter();
       |               ^^^^^^^^^^^^
       |
       = help: The following declaration may resolve this error:
               pub assume_specification<V, L> [<apas_verus::Chap06::LabUnDirGraphMtEph::LabUnDirGraphMtEph::LabUnDirGraphMtEph<V, L> as apas_verus::Chap06::LabUnDirGraphMtEph::LabUnDirGraphMtEph::LabUnDirGraphMtEphTrait<V, L>>::vertices] (_0: &apas_verus::Chap06::LabUnDirGraphMtEph::LabUnDirGraphMtEph::LabUnDirGraphMtEph<V, L>) -> &apas_verus::Chap05::SetStEph::SetStEph::SetStEph<V>
               where
               L: apas_verus::Types::Types::StTInMtT + std::hash::Hash,
               V: apas_verus::Types::Types::StTInMtT + std::hash::Hash + std::cmp::Ord,;


    error: aborting due to 2 previous errors


    the input directory is /home/milnes/projects/APAS-VERUS/rust_verify_test/target/release/build/rust_verify_test/f6d283be33194d04/test_inputs/ProveLabUnDirGraphMtEph-f6d283be33194d04-labundirgraphmteph_for_borrow_iter_vertices
    rerun this test with:
    verus --crate-type=lib  /home/milnes/projects/APAS-VERUS/rust_verify_test/target/release/build/rust_verify_test/f6d283be33194d04/test_inputs/ProveLabUnDirGraphMtEph-f6d283be33194d04-labundirgraphmteph_for_borrow_iter_vertices/test.rs


    thread 'labundirgraphmteph_for_borrow_iter_vertices' (521447) panicked at tests/Chap06/ProveLabUnDirGraphMtEph.rs:137:1:
    Err(_) does not match $result
    note: run with `RUST_BACKTRACE=1` environment variable to display a backtrace

        PASS [   1.157s] (145/328) rust_verify_test::ProveLabDirGraphStEph labdirgraphsteph_loop_borrow_iter_vertices
        FAIL [   0.788s] (146/328) rust_verify_test::ProveLabUnDirGraphMtEph labundirgraphmteph_loop_borrow_iter_edges
  stdout ───

    running 1 test
    test labundirgraphmteph_loop_borrow_iter_edges ... FAILED

    failures:

    failures:
        labundirgraphmteph_loop_borrow_iter_edges

    test result: FAILED. 0 passed; 1 failed; 0 ignored; 0 measured; 3 filtered out; finished in 0.78s

  stderr ───
    error: `apas_verus::Chap06::LabUnDirGraphMtEph::LabUnDirGraphMtEph::impl&%7::from_vertices_and_labeled_edges` is not supported (note: you may be able to add a Verus specification to this function with `assume_specification`)
      --> /home/milnes/projects/APAS-VERUS/rust_verify_test/target/release/build/rust_verify_test/f6d283be33194d04/test_inputs/ProveLabUnDirGraphMtEph-f6d283be33194d04-labundirgraphmteph_loop_borrow_iter_edges/test.rs:32:13
       |
    32 |     let g = LabUnDirGraphMtEph::from_vertices_and_labeled_edges(verts, edges);
       |             ^^^^^^^^^^^^^^^^^^^^^^^^^^^^^^^^^^^^^^^^^^^^^^^^^^^^^^^^^^^^^^^^^
       |
       = help: The following declaration may resolve this error:
               pub assume_specification<V, L> [<apas_verus::Chap06::LabUnDirGraphMtEph::LabUnDirGraphMtEph::LabUnDirGraphMtEph<V, L> as apas_verus::Chap06::LabUnDirGraphMtEph::LabUnDirGraphMtEph::LabUnDirGraphMtEphTrait<V, L>>::from_vertices_and_labeled_edges] (_0: apas_verus::Chap05::SetStEph::SetStEph::SetStEph<V>, _1: apas_verus::Chap05::SetStEph::SetStEph::SetStEph<apas_verus::Types::Types::LabEdge<V, L>>) -> apas_verus::Chap06::LabUnDirGraphMtEph::LabUnDirGraphMtEph::LabUnDirGraphMtEph<V, L>
               where
               L: apas_verus::Types::Types::StTInMtT + std::hash::Hash,
               V: apas_verus::Types::Types::StTInMtT + std::hash::Hash + std::cmp::Ord,;


    error: `apas_verus::Chap06::LabUnDirGraphMtEph::LabUnDirGraphMtEph::impl&%7::labeled_edges` is not supported (note: you may be able to add a Verus specification to this function with `assume_specification`)
      --> /home/milnes/projects/APAS-VERUS/rust_verify_test/target/release/build/rust_verify_test/f6d283be33194d04/test_inputs/ProveLabUnDirGraphMtEph-f6d283be33194d04-labundirgraphmteph_loop_borrow_iter_edges/test.rs:34:15
       |
    34 |     let it0 = g.labeled_edges().iter();
       |               ^^^^^^^^^^^^^^^^^
       |
       = help: The following declaration may resolve this error:
               pub assume_specification<V, L> [<apas_verus::Chap06::LabUnDirGraphMtEph::LabUnDirGraphMtEph::LabUnDirGraphMtEph<V, L> as apas_verus::Chap06::LabUnDirGraphMtEph::LabUnDirGraphMtEph::LabUnDirGraphMtEphTrait<V, L>>::labeled_edges] (_0: &apas_verus::Chap06::LabUnDirGraphMtEph::LabUnDirGraphMtEph::LabUnDirGraphMtEph<V, L>) -> &apas_verus::Chap05::SetStEph::SetStEph::SetStEph<apas_verus::Types::Types::LabEdge<V, L>>
               where
               L: apas_verus::Types::Types::StTInMtT + std::hash::Hash,
               V: apas_verus::Types::Types::StTInMtT + std::hash::Hash + std::cmp::Ord,;


    error: aborting due to 2 previous errors


    the input directory is /home/milnes/projects/APAS-VERUS/rust_verify_test/target/release/build/rust_verify_test/f6d283be33194d04/test_inputs/ProveLabUnDirGraphMtEph-f6d283be33194d04-labundirgraphmteph_loop_borrow_iter_edges
    rerun this test with:
    verus --crate-type=lib  /home/milnes/projects/APAS-VERUS/rust_verify_test/target/release/build/rust_verify_test/f6d283be33194d04/test_inputs/ProveLabUnDirGraphMtEph-f6d283be33194d04-labundirgraphmteph_loop_borrow_iter_edges/test.rs


    thread 'labundirgraphmteph_loop_borrow_iter_edges' (521474) panicked at tests/Chap06/ProveLabUnDirGraphMtEph.rs:77:1:
    Err(_) does not match $result
    note: run with `RUST_BACKTRACE=1` environment variable to display a backtrace

        FAIL [   0.079s] (147/328) rust_verify_test::ProveLinkedListStEph linkedliststeph_for_iter
  stdout ───

    running 1 test
    test linkedliststeph_for_iter ... FAILED

    failures:

    failures:
        linkedliststeph_for_iter

    test result: FAILED. 0 passed; 1 failed; 0 ignored; 0 measured; 1 filtered out; finished in 0.08s

  stderr ───
    error[E0433]: cannot find `Chap18` in `apas_verus`
      --> /home/milnes/projects/APAS-VERUS/rust_verify_test/target/release/build/rust_verify_test/e80f51de5d80d8ab/test_inputs/ProveLinkedListStEph-e80f51de5d80d8ab-linkedliststeph_for_iter/test.rs:17:17
       |
    17 | use apas_verus::Chap18::LinkedListStEph::LinkedListStEph::*;
       |                 ^^^^^^ could not find `Chap18` in `apas_verus`
       |
    note: found an item that was configured out
      --> src/lib.rs:345:48
       |
       = note: the item is gated here


    error[E0425]: cannot find type `LinkedListStEphS` in this scope
      --> /home/milnes/projects/APAS-VERUS/rust_verify_test/target/release/build/rust_verify_test/e80f51de5d80d8ab/test_inputs/ProveLinkedListStEph-e80f51de5d80d8ab-linkedliststeph_for_iter/test.rs:20:15
       |
    20 |     let list: LinkedListStEphS<u64> = LinkedListStEphS::new(3, 99);
       |               ^^^^^^^^^^^^^^^^ not found in this scope


    error[E0433]: cannot find type `LinkedListStEphS` in this scope
      --> /home/milnes/projects/APAS-VERUS/rust_verify_test/target/release/build/rust_verify_test/e80f51de5d80d8ab/test_inputs/ProveLinkedListStEph-e80f51de5d80d8ab-linkedliststeph_for_iter/test.rs:20:39
       |
    20 |     let list: LinkedListStEphS<u64> = LinkedListStEphS::new(3, 99);
       |                                       ^^^^^^^^^^^^^^^^ use of undeclared type `LinkedListStEphS`


    error: aborting due to 3 previous errors


    Some errors have detailed explanations: E0425, E0433.

    For more information about an error, try `rustc --explain E0425`.

    the input directory is /home/milnes/projects/APAS-VERUS/rust_verify_test/target/release/build/rust_verify_test/e80f51de5d80d8ab/test_inputs/ProveLinkedListStEph-e80f51de5d80d8ab-linkedliststeph_for_iter
    rerun this test with:
    verus --crate-type=lib  /home/milnes/projects/APAS-VERUS/rust_verify_test/target/release/build/rust_verify_test/e80f51de5d80d8ab/test_inputs/ProveLinkedListStEph-e80f51de5d80d8ab-linkedliststeph_for_iter/test.rs


    thread 'linkedliststeph_for_iter' (521615) panicked at tests/Chap18/ProveLinkedListStEph.rs:63:1:
    Err(_) does not match $result
    note: run with `RUST_BACKTRACE=1` environment variable to display a backtrace

        FAIL [   0.769s] (148/328) rust_verify_test::ProveLabUnDirGraphMtEph labundirgraphmteph_loop_borrow_iter_vertices
  stdout ───

    running 1 test
    test labundirgraphmteph_loop_borrow_iter_vertices ... FAILED

    failures:

    failures:
        labundirgraphmteph_loop_borrow_iter_vertices

    test result: FAILED. 0 passed; 1 failed; 0 ignored; 0 measured; 3 filtered out; finished in 0.76s

  stderr ───
    error: `apas_verus::Chap06::LabUnDirGraphMtEph::LabUnDirGraphMtEph::impl&%7::from_vertices_and_labeled_edges` is not supported (note: you may be able to add a Verus specification to this function with `assume_specification`)
      --> /home/milnes/projects/APAS-VERUS/rust_verify_test/target/release/build/rust_verify_test/f6d283be33194d04/test_inputs/ProveLabUnDirGraphMtEph-f6d283be33194d04-labundirgraphmteph_loop_borrow_iter_vertices/test.rs:32:13
       |
    32 |     let g = LabUnDirGraphMtEph::from_vertices_and_labeled_edges(verts, edges);
       |             ^^^^^^^^^^^^^^^^^^^^^^^^^^^^^^^^^^^^^^^^^^^^^^^^^^^^^^^^^^^^^^^^^
       |
       = help: The following declaration may resolve this error:
               pub assume_specification<V, L> [<apas_verus::Chap06::LabUnDirGraphMtEph::LabUnDirGraphMtEph::LabUnDirGraphMtEph<V, L> as apas_verus::Chap06::LabUnDirGraphMtEph::LabUnDirGraphMtEph::LabUnDirGraphMtEphTrait<V, L>>::from_vertices_and_labeled_edges] (_0: apas_verus::Chap05::SetStEph::SetStEph::SetStEph<V>, _1: apas_verus::Chap05::SetStEph::SetStEph::SetStEph<apas_verus::Types::Types::LabEdge<V, L>>) -> apas_verus::Chap06::LabUnDirGraphMtEph::LabUnDirGraphMtEph::LabUnDirGraphMtEph<V, L>
               where
               L: apas_verus::Types::Types::StTInMtT + std::hash::Hash,
               V: apas_verus::Types::Types::StTInMtT + std::hash::Hash + std::cmp::Ord,;


    error: `apas_verus::Chap06::LabUnDirGraphMtEph::LabUnDirGraphMtEph::impl&%7::vertices` is not supported (note: you may be able to add a Verus specification to this function with `assume_specification`)
      --> /home/milnes/projects/APAS-VERUS/rust_verify_test/target/release/build/rust_verify_test/f6d283be33194d04/test_inputs/ProveLabUnDirGraphMtEph-f6d283be33194d04-labundirgraphmteph_loop_borrow_iter_vertices/test.rs:34:15
       |
    34 |     let it0 = g.vertices().iter();
       |               ^^^^^^^^^^^^
       |
       = help: The following declaration may resolve this error:
               pub assume_specification<V, L> [<apas_verus::Chap06::LabUnDirGraphMtEph::LabUnDirGraphMtEph::LabUnDirGraphMtEph<V, L> as apas_verus::Chap06::LabUnDirGraphMtEph::LabUnDirGraphMtEph::LabUnDirGraphMtEphTrait<V, L>>::vertices] (_0: &apas_verus::Chap06::LabUnDirGraphMtEph::LabUnDirGraphMtEph::LabUnDirGraphMtEph<V, L>) -> &apas_verus::Chap05::SetStEph::SetStEph::SetStEph<V>
               where
               L: apas_verus::Types::Types::StTInMtT + std::hash::Hash,
               V: apas_verus::Types::Types::StTInMtT + std::hash::Hash + std::cmp::Ord,;


    error: aborting due to 2 previous errors


    the input directory is /home/milnes/projects/APAS-VERUS/rust_verify_test/target/release/build/rust_verify_test/f6d283be33194d04/test_inputs/ProveLabUnDirGraphMtEph-f6d283be33194d04-labundirgraphmteph_loop_borrow_iter_vertices
    rerun this test with:
    verus --crate-type=lib  /home/milnes/projects/APAS-VERUS/rust_verify_test/target/release/build/rust_verify_test/f6d283be33194d04/test_inputs/ProveLabUnDirGraphMtEph-f6d283be33194d04-labundirgraphmteph_loop_borrow_iter_vertices/test.rs


    thread 'labundirgraphmteph_loop_borrow_iter_vertices' (521496) panicked at tests/Chap06/ProveLabUnDirGraphMtEph.rs:17:1:
    Err(_) does not match $result
    note: run with `RUST_BACKTRACE=1` environment variable to display a backtrace

        FAIL [   0.068s] (149/328) rust_verify_test::ProveLinkedListStEph linkedliststeph_loop_loop
  stdout ───

    running 1 test
    test linkedliststeph_loop_loop ... FAILED

    failures:

    failures:
        linkedliststeph_loop_loop

    test result: FAILED. 0 passed; 1 failed; 0 ignored; 0 measured; 1 filtered out; finished in 0.06s

  stderr ───
    error[E0433]: cannot find `Chap18` in `apas_verus`
      --> /home/milnes/projects/APAS-VERUS/rust_verify_test/target/release/build/rust_verify_test/e80f51de5d80d8ab/test_inputs/ProveLinkedListStEph-e80f51de5d80d8ab-linkedliststeph_loop_loop/test.rs:17:17
       |
    17 | use apas_verus::Chap18::LinkedListStEph::LinkedListStEph::*;
       |                 ^^^^^^ could not find `Chap18` in `apas_verus`
       |
    note: found an item that was configured out
      --> src/lib.rs:345:48
       |
       = note: the item is gated here


    error[E0425]: cannot find type `LinkedListStEphS` in this scope
      --> /home/milnes/projects/APAS-VERUS/rust_verify_test/target/release/build/rust_verify_test/e80f51de5d80d8ab/test_inputs/ProveLinkedListStEph-e80f51de5d80d8ab-linkedliststeph_loop_loop/test.rs:20:15
       |
    20 |     let list: LinkedListStEphS<u64> = LinkedListStEphS::new(3, 42);
       |               ^^^^^^^^^^^^^^^^ not found in this scope


    error[E0433]: cannot find type `LinkedListStEphS` in this scope
      --> /home/milnes/projects/APAS-VERUS/rust_verify_test/target/release/build/rust_verify_test/e80f51de5d80d8ab/test_inputs/ProveLinkedListStEph-e80f51de5d80d8ab-linkedliststeph_loop_loop/test.rs:20:39
       |
    20 |     let list: LinkedListStEphS<u64> = LinkedListStEphS::new(3, 42);
       |                                       ^^^^^^^^^^^^^^^^ use of undeclared type `LinkedListStEphS`


    error: aborting due to 3 previous errors


    Some errors have detailed explanations: E0425, E0433.

    For more information about an error, try `rustc --explain E0425`.

    the input directory is /home/milnes/projects/APAS-VERUS/rust_verify_test/target/release/build/rust_verify_test/e80f51de5d80d8ab/test_inputs/ProveLinkedListStEph-e80f51de5d80d8ab-linkedliststeph_loop_loop
    rerun this test with:
    verus --crate-type=lib  /home/milnes/projects/APAS-VERUS/rust_verify_test/target/release/build/rust_verify_test/e80f51de5d80d8ab/test_inputs/ProveLinkedListStEph-e80f51de5d80d8ab-linkedliststeph_loop_loop/test.rs


    thread 'linkedliststeph_loop_loop' (521637) panicked at tests/Chap18/ProveLinkedListStEph.rs:16:1:
    Err(_) does not match $result
    note: run with `RUST_BACKTRACE=1` environment variable to display a backtrace

        FAIL [   0.065s] (150/328) rust_verify_test::ProveLinkedListStPer linkedliststper_for_iter
  stdout ───

    running 1 test
    test linkedliststper_for_iter ... FAILED

    failures:

    failures:
        linkedliststper_for_iter

    test result: FAILED. 0 passed; 1 failed; 0 ignored; 0 measured; 1 filtered out; finished in 0.06s

  stderr ───
    error[E0433]: cannot find `Chap18` in `apas_verus`
      --> /home/milnes/projects/APAS-VERUS/rust_verify_test/target/release/build/rust_verify_test/d3d5f712d5837f3b/test_inputs/ProveLinkedListStPer-d3d5f712d5837f3b-linkedliststper_for_iter/test.rs:17:17
       |
    17 | use apas_verus::Chap18::LinkedListStPer::LinkedListStPer::*;
       |                 ^^^^^^ could not find `Chap18` in `apas_verus`
       |
    note: found an item that was configured out
      --> src/lib.rs:345:48
       |
       = note: the item is gated here


    error[E0425]: cannot find type `LinkedListStPerS` in this scope
      --> /home/milnes/projects/APAS-VERUS/rust_verify_test/target/release/build/rust_verify_test/d3d5f712d5837f3b/test_inputs/ProveLinkedListStPer-d3d5f712d5837f3b-linkedliststper_for_iter/test.rs:20:15
       |
    20 |     let list: LinkedListStPerS<u64> = LinkedListStPerS::new(3, 99);
       |               ^^^^^^^^^^^^^^^^ not found in this scope


    error[E0433]: cannot find type `LinkedListStPerS` in this scope
      --> /home/milnes/projects/APAS-VERUS/rust_verify_test/target/release/build/rust_verify_test/d3d5f712d5837f3b/test_inputs/ProveLinkedListStPer-d3d5f712d5837f3b-linkedliststper_for_iter/test.rs:20:39
       |
    20 |     let list: LinkedListStPerS<u64> = LinkedListStPerS::new(3, 99);
       |                                       ^^^^^^^^^^^^^^^^ use of undeclared type `LinkedListStPerS`


    error: aborting due to 3 previous errors


    Some errors have detailed explanations: E0425, E0433.

    For more information about an error, try `rustc --explain E0425`.

    the input directory is /home/milnes/projects/APAS-VERUS/rust_verify_test/target/release/build/rust_verify_test/d3d5f712d5837f3b/test_inputs/ProveLinkedListStPer-d3d5f712d5837f3b-linkedliststper_for_iter
    rerun this test with:
    verus --crate-type=lib  /home/milnes/projects/APAS-VERUS/rust_verify_test/target/release/build/rust_verify_test/d3d5f712d5837f3b/test_inputs/ProveLinkedListStPer-d3d5f712d5837f3b-linkedliststper_for_iter/test.rs


    thread 'linkedliststper_for_iter' (521650) panicked at tests/Chap18/ProveLinkedListStPer.rs:63:1:
    Err(_) does not match $result
    note: run with `RUST_BACKTRACE=1` environment variable to display a backtrace

        FAIL [   0.071s] (151/328) rust_verify_test::ProveLinkedListStPer linkedliststper_loop_loop
  stdout ───

    running 1 test
    test linkedliststper_loop_loop ... FAILED

    failures:

    failures:
        linkedliststper_loop_loop

    test result: FAILED. 0 passed; 1 failed; 0 ignored; 0 measured; 1 filtered out; finished in 0.07s

  stderr ───
    error[E0433]: cannot find `Chap18` in `apas_verus`
      --> /home/milnes/projects/APAS-VERUS/rust_verify_test/target/release/build/rust_verify_test/d3d5f712d5837f3b/test_inputs/ProveLinkedListStPer-d3d5f712d5837f3b-linkedliststper_loop_loop/test.rs:17:17
       |
    17 | use apas_verus::Chap18::LinkedListStPer::LinkedListStPer::*;
       |                 ^^^^^^ could not find `Chap18` in `apas_verus`
       |
    note: found an item that was configured out
      --> src/lib.rs:345:48
       |
       = note: the item is gated here


    error[E0425]: cannot find type `LinkedListStPerS` in this scope
      --> /home/milnes/projects/APAS-VERUS/rust_verify_test/target/release/build/rust_verify_test/d3d5f712d5837f3b/test_inputs/ProveLinkedListStPer-d3d5f712d5837f3b-linkedliststper_loop_loop/test.rs:20:15
       |
    20 |     let list: LinkedListStPerS<u64> = LinkedListStPerS::new(3, 42);
       |               ^^^^^^^^^^^^^^^^ not found in this scope


    error[E0433]: cannot find type `LinkedListStPerS` in this scope
      --> /home/milnes/projects/APAS-VERUS/rust_verify_test/target/release/build/rust_verify_test/d3d5f712d5837f3b/test_inputs/ProveLinkedListStPer-d3d5f712d5837f3b-linkedliststper_loop_loop/test.rs:20:39
       |
    20 |     let list: LinkedListStPerS<u64> = LinkedListStPerS::new(3, 42);
       |                                       ^^^^^^^^^^^^^^^^ use of undeclared type `LinkedListStPerS`


    error: aborting due to 3 previous errors


    Some errors have detailed explanations: E0425, E0433.

    For more information about an error, try `rustc --explain E0425`.

    the input directory is /home/milnes/projects/APAS-VERUS/rust_verify_test/target/release/build/rust_verify_test/d3d5f712d5837f3b/test_inputs/ProveLinkedListStPer-d3d5f712d5837f3b-linkedliststper_loop_loop
    rerun this test with:
    verus --crate-type=lib  /home/milnes/projects/APAS-VERUS/rust_verify_test/target/release/build/rust_verify_test/d3d5f712d5837f3b/test_inputs/ProveLinkedListStPer-d3d5f712d5837f3b-linkedliststper_loop_loop/test.rs


    thread 'linkedliststper_loop_loop' (521684) panicked at tests/Chap18/ProveLinkedListStPer.rs:16:1:
    Err(_) does not match $result
    note: run with `RUST_BACKTRACE=1` environment variable to display a backtrace

        PASS [   1.190s] (152/328) rust_verify_test::ProveLabUnDirGraphStEph labundirgraphsteph_for_borrow_iter_edges
        PASS [   1.240s] (153/328) rust_verify_test::ProveLabUnDirGraphStEph labundirgraphsteph_for_borrow_iter_vertices
        PASS [   1.140s] (154/328) rust_verify_test::ProveLabUnDirGraphStEph labundirgraphsteph_loop_borrow_iter_edges
        FAIL [   0.058s] (155/328) rust_verify_test::ProveMathSeq mathseq_for_borrow_into
  stdout ───

    running 1 test
    test mathseq_for_borrow_into ... FAILED

    failures:

    failures:
        mathseq_for_borrow_into

    test result: FAILED. 0 passed; 1 failed; 0 ignored; 0 measured; 5 filtered out; finished in 0.05s

  stderr ───
    error[E0433]: cannot find `Chap17` in `apas_verus`
      --> /home/milnes/projects/APAS-VERUS/rust_verify_test/target/release/build/rust_verify_test/4978df2c61c0bad4/test_inputs/ProveMathSeq-4978df2c61c0bad4-mathseq_for_borrow_into/test.rs:17:17
       |
    17 | use apas_verus::Chap17::MathSeq::MathSeq::*;
       |                 ^^^^^^ could not find `Chap17` in `apas_verus`
       |
    note: found an item that was configured out
      --> src/lib.rs:340:48
       |
       = note: the item is gated here


    error[E0425]: cannot find type `MathSeqS` in this scope
      --> /home/milnes/projects/APAS-VERUS/rust_verify_test/target/release/build/rust_verify_test/4978df2c61c0bad4/test_inputs/ProveMathSeq-4978df2c61c0bad4-mathseq_for_borrow_into/test.rs:20:12
       |
    20 |     let a: MathSeqS<u64> = MathSeqS::new(3, 77);
       |            ^^^^^^^^ not found in this scope


    error[E0433]: cannot find type `MathSeqS` in this scope
      --> /home/milnes/projects/APAS-VERUS/rust_verify_test/target/release/build/rust_verify_test/4978df2c61c0bad4/test_inputs/ProveMathSeq-4978df2c61c0bad4-mathseq_for_borrow_into/test.rs:20:28
       |
    20 |     let a: MathSeqS<u64> = MathSeqS::new(3, 77);
       |                            ^^^^^^^^ use of undeclared type `MathSeqS`


    error: aborting due to 3 previous errors


    Some errors have detailed explanations: E0425, E0433.

    For more information about an error, try `rustc --explain E0425`.

    the input directory is /home/milnes/projects/APAS-VERUS/rust_verify_test/target/release/build/rust_verify_test/4978df2c61c0bad4/test_inputs/ProveMathSeq-4978df2c61c0bad4-mathseq_for_borrow_into
    rerun this test with:
    verus --crate-type=lib  /home/milnes/projects/APAS-VERUS/rust_verify_test/target/release/build/rust_verify_test/4978df2c61c0bad4/test_inputs/ProveMathSeq-4978df2c61c0bad4-mathseq_for_borrow_into/test.rs


    thread 'mathseq_for_borrow_into' (521835) panicked at tests/Chap17/ProveMathSeq.rs:186:1:
    Err(_) does not match $result
    note: run with `RUST_BACKTRACE=1` environment variable to display a backtrace

        FAIL [   0.062s] (156/328) rust_verify_test::ProveMathSeq mathseq_for_borrow_iter
  stdout ───

    running 1 test
    test mathseq_for_borrow_iter ... FAILED

    failures:

    failures:
        mathseq_for_borrow_iter

    test result: FAILED. 0 passed; 1 failed; 0 ignored; 0 measured; 5 filtered out; finished in 0.06s

  stderr ───
    error[E0433]: cannot find `Chap17` in `apas_verus`
      --> /home/milnes/projects/APAS-VERUS/rust_verify_test/target/release/build/rust_verify_test/4978df2c61c0bad4/test_inputs/ProveMathSeq-4978df2c61c0bad4-mathseq_for_borrow_iter/test.rs:17:17
       |
    17 | use apas_verus::Chap17::MathSeq::MathSeq::*;
       |                 ^^^^^^ could not find `Chap17` in `apas_verus`
       |
    note: found an item that was configured out
      --> src/lib.rs:340:48
       |
       = note: the item is gated here


    error[E0425]: cannot find type `MathSeqS` in this scope
      --> /home/milnes/projects/APAS-VERUS/rust_verify_test/target/release/build/rust_verify_test/4978df2c61c0bad4/test_inputs/ProveMathSeq-4978df2c61c0bad4-mathseq_for_borrow_iter/test.rs:20:12
       |
    20 |     let a: MathSeqS<u64> = MathSeqS::new(3, 99);
       |            ^^^^^^^^ not found in this scope


    error[E0433]: cannot find type `MathSeqS` in this scope
      --> /home/milnes/projects/APAS-VERUS/rust_verify_test/target/release/build/rust_verify_test/4978df2c61c0bad4/test_inputs/ProveMathSeq-4978df2c61c0bad4-mathseq_for_borrow_iter/test.rs:20:28
       |
    20 |     let a: MathSeqS<u64> = MathSeqS::new(3, 99);
       |                            ^^^^^^^^ use of undeclared type `MathSeqS`


    error: aborting due to 3 previous errors


    Some errors have detailed explanations: E0425, E0433.

    For more information about an error, try `rustc --explain E0425`.

    the input directory is /home/milnes/projects/APAS-VERUS/rust_verify_test/target/release/build/rust_verify_test/4978df2c61c0bad4/test_inputs/ProveMathSeq-4978df2c61c0bad4-mathseq_for_borrow_iter
    rerun this test with:
    verus --crate-type=lib  /home/milnes/projects/APAS-VERUS/rust_verify_test/target/release/build/rust_verify_test/4978df2c61c0bad4/test_inputs/ProveMathSeq-4978df2c61c0bad4-mathseq_for_borrow_iter/test.rs


    thread 'mathseq_for_borrow_iter' (521860) panicked at tests/Chap17/ProveMathSeq.rs:160:1:
    Err(_) does not match $result
    note: run with `RUST_BACKTRACE=1` environment variable to display a backtrace

        PASS [   1.206s] (157/328) rust_verify_test::ProveLabUnDirGraphStEph labundirgraphsteph_loop_borrow_iter_vertices
        FAIL [   0.061s] (158/328) rust_verify_test::ProveMathSeq mathseq_for_consume
  stdout ───

    running 1 test
    test mathseq_for_consume ... FAILED

    failures:

    failures:
        mathseq_for_consume

    test result: FAILED. 0 passed; 1 failed; 0 ignored; 0 measured; 5 filtered out; finished in 0.06s

  stderr ───
    error[E0433]: cannot find `Chap17` in `apas_verus`
      --> /home/milnes/projects/APAS-VERUS/rust_verify_test/target/release/build/rust_verify_test/4978df2c61c0bad4/test_inputs/ProveMathSeq-4978df2c61c0bad4-mathseq_for_consume/test.rs:17:17
       |
    17 | use apas_verus::Chap17::MathSeq::MathSeq::*;
       |                 ^^^^^^ could not find `Chap17` in `apas_verus`
       |
    note: found an item that was configured out
      --> src/lib.rs:340:48
       |
       = note: the item is gated here


    error[E0425]: cannot find type `MathSeqS` in this scope
      --> /home/milnes/projects/APAS-VERUS/rust_verify_test/target/release/build/rust_verify_test/4978df2c61c0bad4/test_inputs/ProveMathSeq-4978df2c61c0bad4-mathseq_for_consume/test.rs:20:12
       |
    20 |     let a: MathSeqS<u64> = MathSeqS::new(3, 66);
       |            ^^^^^^^^ not found in this scope


    error[E0433]: cannot find type `MathSeqS` in this scope
      --> /home/milnes/projects/APAS-VERUS/rust_verify_test/target/release/build/rust_verify_test/4978df2c61c0bad4/test_inputs/ProveMathSeq-4978df2c61c0bad4-mathseq_for_consume/test.rs:20:28
       |
    20 |     let a: MathSeqS<u64> = MathSeqS::new(3, 66);
       |                            ^^^^^^^^ use of undeclared type `MathSeqS`


    error: aborting due to 3 previous errors


    Some errors have detailed explanations: E0425, E0433.

    For more information about an error, try `rustc --explain E0425`.

    the input directory is /home/milnes/projects/APAS-VERUS/rust_verify_test/target/release/build/rust_verify_test/4978df2c61c0bad4/test_inputs/ProveMathSeq-4978df2c61c0bad4-mathseq_for_consume
    rerun this test with:
    verus --crate-type=lib  /home/milnes/projects/APAS-VERUS/rust_verify_test/target/release/build/rust_verify_test/4978df2c61c0bad4/test_inputs/ProveMathSeq-4978df2c61c0bad4-mathseq_for_consume/test.rs


    thread 'mathseq_for_consume' (521885) panicked at tests/Chap17/ProveMathSeq.rs:212:1:
    Err(_) does not match $result
    note: run with `RUST_BACKTRACE=1` environment variable to display a backtrace

        FAIL [   0.072s] (159/328) rust_verify_test::ProveMathSeq mathseq_loop_borrow_into
  stdout ───

    running 1 test
    test mathseq_loop_borrow_into ... FAILED

    failures:

    failures:
        mathseq_loop_borrow_into

    test result: FAILED. 0 passed; 1 failed; 0 ignored; 0 measured; 5 filtered out; finished in 0.07s

  stderr ───
    error[E0433]: cannot find `Chap17` in `apas_verus`
      --> /home/milnes/projects/APAS-VERUS/rust_verify_test/target/release/build/rust_verify_test/4978df2c61c0bad4/test_inputs/ProveMathSeq-4978df2c61c0bad4-mathseq_loop_borrow_into/test.rs:17:17
       |
    17 | use apas_verus::Chap17::MathSeq::MathSeq::*;
       |                 ^^^^^^ could not find `Chap17` in `apas_verus`
       |
    note: found an item that was configured out
      --> src/lib.rs:340:48
       |
       = note: the item is gated here


    error[E0425]: cannot find type `MathSeqS` in this scope
      --> /home/milnes/projects/APAS-VERUS/rust_verify_test/target/release/build/rust_verify_test/4978df2c61c0bad4/test_inputs/ProveMathSeq-4978df2c61c0bad4-mathseq_loop_borrow_into/test.rs:20:12
       |
    20 |     let a: MathSeqS<u64> = MathSeqS::new(3, 55);
       |            ^^^^^^^^ not found in this scope


    error[E0433]: cannot find type `MathSeqS` in this scope
      --> /home/milnes/projects/APAS-VERUS/rust_verify_test/target/release/build/rust_verify_test/4978df2c61c0bad4/test_inputs/ProveMathSeq-4978df2c61c0bad4-mathseq_loop_borrow_into/test.rs:20:28
       |
    20 |     let a: MathSeqS<u64> = MathSeqS::new(3, 55);
       |                            ^^^^^^^^ use of undeclared type `MathSeqS`


    error: aborting due to 3 previous errors


    Some errors have detailed explanations: E0425, E0433.

    For more information about an error, try `rustc --explain E0425`.

    the input directory is /home/milnes/projects/APAS-VERUS/rust_verify_test/target/release/build/rust_verify_test/4978df2c61c0bad4/test_inputs/ProveMathSeq-4978df2c61c0bad4-mathseq_loop_borrow_into
    rerun this test with:
    verus --crate-type=lib  /home/milnes/projects/APAS-VERUS/rust_verify_test/target/release/build/rust_verify_test/4978df2c61c0bad4/test_inputs/ProveMathSeq-4978df2c61c0bad4-mathseq_loop_borrow_into/test.rs


    thread 'mathseq_loop_borrow_into' (521909) panicked at tests/Chap17/ProveMathSeq.rs:67:1:
    Err(_) does not match $result
    note: run with `RUST_BACKTRACE=1` environment variable to display a backtrace

        FAIL [   0.059s] (160/328) rust_verify_test::ProveMathSeq mathseq_loop_borrow_iter
  stdout ───

    running 1 test
    test mathseq_loop_borrow_iter ... FAILED

    failures:

    failures:
        mathseq_loop_borrow_iter

    test result: FAILED. 0 passed; 1 failed; 0 ignored; 0 measured; 5 filtered out; finished in 0.06s

  stderr ───
    error[E0433]: cannot find `Chap17` in `apas_verus`
      --> /home/milnes/projects/APAS-VERUS/rust_verify_test/target/release/build/rust_verify_test/4978df2c61c0bad4/test_inputs/ProveMathSeq-4978df2c61c0bad4-mathseq_loop_borrow_iter/test.rs:17:17
       |
    17 | use apas_verus::Chap17::MathSeq::MathSeq::*;
       |                 ^^^^^^ could not find `Chap17` in `apas_verus`
       |
    note: found an item that was configured out
      --> src/lib.rs:340:48
       |
       = note: the item is gated here


    error[E0425]: cannot find type `MathSeqS` in this scope
      --> /home/milnes/projects/APAS-VERUS/rust_verify_test/target/release/build/rust_verify_test/4978df2c61c0bad4/test_inputs/ProveMathSeq-4978df2c61c0bad4-mathseq_loop_borrow_iter/test.rs:20:12
       |
    20 |     let a: MathSeqS<u64> = MathSeqS::new(3, 42);
       |            ^^^^^^^^ not found in this scope


    error[E0433]: cannot find type `MathSeqS` in this scope
      --> /home/milnes/projects/APAS-VERUS/rust_verify_test/target/release/build/rust_verify_test/4978df2c61c0bad4/test_inputs/ProveMathSeq-4978df2c61c0bad4-mathseq_loop_borrow_iter/test.rs:20:28
       |
    20 |     let a: MathSeqS<u64> = MathSeqS::new(3, 42);
       |                            ^^^^^^^^ use of undeclared type `MathSeqS`


    error: aborting due to 3 previous errors


    Some errors have detailed explanations: E0425, E0433.

    For more information about an error, try `rustc --explain E0425`.

    the input directory is /home/milnes/projects/APAS-VERUS/rust_verify_test/target/release/build/rust_verify_test/4978df2c61c0bad4/test_inputs/ProveMathSeq-4978df2c61c0bad4-mathseq_loop_borrow_iter
    rerun this test with:
    verus --crate-type=lib  /home/milnes/projects/APAS-VERUS/rust_verify_test/target/release/build/rust_verify_test/4978df2c61c0bad4/test_inputs/ProveMathSeq-4978df2c61c0bad4-mathseq_loop_borrow_iter/test.rs


    thread 'mathseq_loop_borrow_iter' (521931) panicked at tests/Chap17/ProveMathSeq.rs:20:1:
    Err(_) does not match $result
    note: run with `RUST_BACKTRACE=1` environment variable to display a backtrace

        FAIL [   0.068s] (161/328) rust_verify_test::ProveOrdKeyMap ordkeymap_for_borrow_iter
  stdout ───

    running 1 test
    test ordkeymap_for_borrow_iter ... FAILED

    failures:

    failures:
        ordkeymap_for_borrow_iter

    test result: FAILED. 0 passed; 1 failed; 0 ignored; 0 measured; 1 filtered out; finished in 0.06s

  stderr ───
    error[E0433]: cannot find `Chap41` in `apas_verus`
      --> /home/milnes/projects/APAS-VERUS/rust_verify_test/target/release/build/rust_verify_test/099d3fc69073e425/test_inputs/ProveOrdKeyMap-099d3fc69073e425-ordkeymap_for_borrow_iter/test.rs:18:17
       |
    18 | use apas_verus::Chap41::OrdKeyMap::OrdKeyMap::*;
       |                 ^^^^^^ could not find `Chap41` in `apas_verus`
       |
    note: found an item that was configured out
      --> src/lib.rs:493:48
       |
       = note: the item is gated here


    error[E0433]: cannot find `Chap38` in `apas_verus`
      --> /home/milnes/projects/APAS-VERUS/rust_verify_test/target/release/build/rust_verify_test/099d3fc69073e425/test_inputs/ProveOrdKeyMap-099d3fc69073e425-ordkeymap_for_borrow_iter/test.rs:19:17
       |
    19 | use apas_verus::Chap38::BSTParaStEph::BSTParaStEph::view_ord_consistent;
       |                 ^^^^^^ could not find `Chap38` in `apas_verus`
       |
    note: found an item that was configured out
      --> src/lib.rs:469:48
       |
       = note: the item is gated here


    error[E0425]: cannot find type `OrdKeyMap` in this scope
      --> /home/milnes/projects/APAS-VERUS/rust_verify_test/target/release/build/rust_verify_test/099d3fc69073e425/test_inputs/ProveOrdKeyMap-099d3fc69073e425-ordkeymap_for_borrow_iter/test.rs:34:16
       |
    34 |     let mut m: OrdKeyMap<u64, u64> = OrdKeyMap::new();
       |                ^^^^^^^^^ not found in this scope


    error[E0433]: cannot find type `OrdKeyMap` in this scope
      --> /home/milnes/projects/APAS-VERUS/rust_verify_test/target/release/build/rust_verify_test/099d3fc69073e425/test_inputs/ProveOrdKeyMap-099d3fc69073e425-ordkeymap_for_borrow_iter/test.rs:34:38
       |
    34 |     let mut m: OrdKeyMap<u64, u64> = OrdKeyMap::new();
       |                                      ^^^^^^^^^ use of undeclared type `OrdKeyMap`


    error[E0425]: cannot find function `spec_pair_key_determines_order` in this scope
      --> /home/milnes/projects/APAS-VERUS/rust_verify_test/target/release/build/rust_verify_test/099d3fc69073e425/test_inputs/ProveOrdKeyMap-099d3fc69073e425-ordkeymap_for_borrow_iter/test.rs:29:9
       |
    29 |         spec_pair_key_determines_order::<u64, u64>(),
       |         ^^^^^^^^^^^^^^^^^^^^^^^^^^^^^^ not found in this scope


    error: aborting due to 5 previous errors


    Some errors have detailed explanations: E0425, E0433.

    For more information about an error, try `rustc --explain E0425`.

    the input directory is /home/milnes/projects/APAS-VERUS/rust_verify_test/target/release/build/rust_verify_test/099d3fc69073e425/test_inputs/ProveOrdKeyMap-099d3fc69073e425-ordkeymap_for_borrow_iter
    rerun this test with:
    verus --crate-type=lib  /home/milnes/projects/APAS-VERUS/rust_verify_test/target/release/build/rust_verify_test/099d3fc69073e425/test_inputs/ProveOrdKeyMap-099d3fc69073e425-ordkeymap_for_borrow_iter/test.rs


    thread 'ordkeymap_for_borrow_iter' (521956) panicked at tests/Chap41/ProveOrdKeyMap.rs:136:1:
    Err(_) does not match $result
    note: run with `RUST_BACKTRACE=1` environment variable to display a backtrace

        FAIL [   0.069s] (162/328) rust_verify_test::ProveMathSeq mathseq_loop_consume
  stdout ───

    running 1 test
    test mathseq_loop_consume ... FAILED

    failures:

    failures:
        mathseq_loop_consume

    test result: FAILED. 0 passed; 1 failed; 0 ignored; 0 measured; 5 filtered out; finished in 0.06s

  stderr ───
    error[E0433]: cannot find `Chap17` in `apas_verus`
      --> /home/milnes/projects/APAS-VERUS/rust_verify_test/target/release/build/rust_verify_test/4978df2c61c0bad4/test_inputs/ProveMathSeq-4978df2c61c0bad4-mathseq_loop_consume/test.rs:17:17
       |
    17 | use apas_verus::Chap17::MathSeq::MathSeq::*;
       |                 ^^^^^^ could not find `Chap17` in `apas_verus`
       |
    note: found an item that was configured out
      --> src/lib.rs:340:48
       |
       = note: the item is gated here


    error[E0425]: cannot find type `MathSeqS` in this scope
      --> /home/milnes/projects/APAS-VERUS/rust_verify_test/target/release/build/rust_verify_test/4978df2c61c0bad4/test_inputs/ProveMathSeq-4978df2c61c0bad4-mathseq_loop_consume/test.rs:20:12
       |
    20 |     let a: MathSeqS<u64> = MathSeqS::new(3, 33);
       |            ^^^^^^^^ not found in this scope


    error[E0433]: cannot find type `MathSeqS` in this scope
      --> /home/milnes/projects/APAS-VERUS/rust_verify_test/target/release/build/rust_verify_test/4978df2c61c0bad4/test_inputs/ProveMathSeq-4978df2c61c0bad4-mathseq_loop_consume/test.rs:20:28
       |
    20 |     let a: MathSeqS<u64> = MathSeqS::new(3, 33);
       |                            ^^^^^^^^ use of undeclared type `MathSeqS`


    error: aborting due to 3 previous errors


    Some errors have detailed explanations: E0425, E0433.

    For more information about an error, try `rustc --explain E0425`.

    the input directory is /home/milnes/projects/APAS-VERUS/rust_verify_test/target/release/build/rust_verify_test/4978df2c61c0bad4/test_inputs/ProveMathSeq-4978df2c61c0bad4-mathseq_loop_consume
    rerun this test with:
    verus --crate-type=lib  /home/milnes/projects/APAS-VERUS/rust_verify_test/target/release/build/rust_verify_test/4978df2c61c0bad4/test_inputs/ProveMathSeq-4978df2c61c0bad4-mathseq_loop_consume/test.rs


    thread 'mathseq_loop_consume' (521957) panicked at tests/Chap17/ProveMathSeq.rs:114:1:
    Err(_) does not match $result
    note: run with `RUST_BACKTRACE=1` environment variable to display a backtrace

        FAIL [   0.063s] (163/328) rust_verify_test::ProveOrdKeyMap ordkeymap_loop_borrow_iter
  stdout ───

    running 1 test
    test ordkeymap_loop_borrow_iter ... FAILED

    failures:

    failures:
        ordkeymap_loop_borrow_iter

    test result: FAILED. 0 passed; 1 failed; 0 ignored; 0 measured; 1 filtered out; finished in 0.06s

  stderr ───
    error[E0433]: cannot find `Chap41` in `apas_verus`
      --> /home/milnes/projects/APAS-VERUS/rust_verify_test/target/release/build/rust_verify_test/099d3fc69073e425/test_inputs/ProveOrdKeyMap-099d3fc69073e425-ordkeymap_loop_borrow_iter/test.rs:18:17
       |
    18 | use apas_verus::Chap41::OrdKeyMap::OrdKeyMap::*;
       |                 ^^^^^^ could not find `Chap41` in `apas_verus`
       |
    note: found an item that was configured out
      --> src/lib.rs:493:48
       |
       = note: the item is gated here


    error[E0433]: cannot find `Chap38` in `apas_verus`
      --> /home/milnes/projects/APAS-VERUS/rust_verify_test/target/release/build/rust_verify_test/099d3fc69073e425/test_inputs/ProveOrdKeyMap-099d3fc69073e425-ordkeymap_loop_borrow_iter/test.rs:19:17
       |
    19 | use apas_verus::Chap38::BSTParaStEph::BSTParaStEph::view_ord_consistent;
       |                 ^^^^^^ could not find `Chap38` in `apas_verus`
       |
    note: found an item that was configured out
      --> src/lib.rs:469:48
       |
       = note: the item is gated here


    error[E0425]: cannot find type `OrdKeyMap` in this scope
      --> /home/milnes/projects/APAS-VERUS/rust_verify_test/target/release/build/rust_verify_test/099d3fc69073e425/test_inputs/ProveOrdKeyMap-099d3fc69073e425-ordkeymap_loop_borrow_iter/test.rs:34:16
       |
    34 |     let mut m: OrdKeyMap<u64, u64> = OrdKeyMap::new();
       |                ^^^^^^^^^ not found in this scope


    error[E0433]: cannot find type `OrdKeyMap` in this scope
      --> /home/milnes/projects/APAS-VERUS/rust_verify_test/target/release/build/rust_verify_test/099d3fc69073e425/test_inputs/ProveOrdKeyMap-099d3fc69073e425-ordkeymap_loop_borrow_iter/test.rs:34:38
       |
    34 |     let mut m: OrdKeyMap<u64, u64> = OrdKeyMap::new();
       |                                      ^^^^^^^^^ use of undeclared type `OrdKeyMap`


    error[E0425]: cannot find function `spec_pair_key_determines_order` in this scope
      --> /home/milnes/projects/APAS-VERUS/rust_verify_test/target/release/build/rust_verify_test/099d3fc69073e425/test_inputs/ProveOrdKeyMap-099d3fc69073e425-ordkeymap_loop_borrow_iter/test.rs:29:9
       |
    29 |         spec_pair_key_determines_order::<u64, u64>(),
       |         ^^^^^^^^^^^^^^^^^^^^^^^^^^^^^^ not found in this scope


    error: aborting due to 5 previous errors


    Some errors have detailed explanations: E0425, E0433.

    For more information about an error, try `rustc --explain E0425`.

    the input directory is /home/milnes/projects/APAS-VERUS/rust_verify_test/target/release/build/rust_verify_test/099d3fc69073e425/test_inputs/ProveOrdKeyMap-099d3fc69073e425-ordkeymap_loop_borrow_iter
    rerun this test with:
    verus --crate-type=lib  /home/milnes/projects/APAS-VERUS/rust_verify_test/target/release/build/rust_verify_test/099d3fc69073e425/test_inputs/ProveOrdKeyMap-099d3fc69073e425-ordkeymap_loop_borrow_iter/test.rs


    thread 'ordkeymap_loop_borrow_iter' (522001) panicked at tests/Chap41/ProveOrdKeyMap.rs:15:1:
    Err(_) does not match $result
    note: run with `RUST_BACKTRACE=1` environment variable to display a backtrace

        FAIL [   0.077s] (164/328) rust_verify_test::ProveOrderedSetMtEph orderedsetmteph_for_borrow_iter
  stdout ───

    running 1 test
    test orderedsetmteph_for_borrow_iter ... FAILED

    failures:

    failures:
        orderedsetmteph_for_borrow_iter

    test result: FAILED. 0 passed; 1 failed; 0 ignored; 0 measured; 1 filtered out; finished in 0.07s

  stderr ───
    error[E0433]: cannot find `Chap43` in `apas_verus`
      --> /home/milnes/projects/APAS-VERUS/rust_verify_test/target/release/build/rust_verify_test/c302a4149f2c8121/test_inputs/ProveOrderedSetMtEph-c302a4149f2c8121-orderedsetmteph_for_borrow_iter/test.rs:17:17
       |
    17 | use apas_verus::Chap43::OrderedSetMtEph::OrderedSetMtEph::*;
       |                 ^^^^^^ could not find `Chap43` in `apas_verus`
       |
    note: found an item that was configured out
      --> src/lib.rs:515:48
       |
       = note: the item is gated here


    error[E0432]: unresolved import `apas_verus::OrderedSetMtEphLit`
      --> /home/milnes/projects/APAS-VERUS/rust_verify_test/target/release/build/rust_verify_test/c302a4149f2c8121/test_inputs/ProveOrderedSetMtEph-c302a4149f2c8121-orderedsetmteph_for_borrow_iter/test.rs:18:5
       |
    18 | use apas_verus::OrderedSetMtEphLit;
       |     ^^^^^^^^^^^^------------------
       |                 |
       |                 no `OrderedSetMtEphLit` in the root


    error[E0425]: cannot find type `OrderedSetMtEph` in this scope
      --> /home/milnes/projects/APAS-VERUS/rust_verify_test/target/release/build/rust_verify_test/c302a4149f2c8121/test_inputs/ProveOrderedSetMtEph-c302a4149f2c8121-orderedsetmteph_for_borrow_iter/test.rs:21:12
       |
    21 |     let s: OrderedSetMtEph<u64> = OrderedSetMtEphLit![1u64, 2u64, 3u64];
       |            ^^^^^^^^^^^^^^^ not found in this scope


    error: aborting due to 3 previous errors


    Some errors have detailed explanations: E0425, E0432, E0433.

    For more information about an error, try `rustc --explain E0425`.

    the input directory is /home/milnes/projects/APAS-VERUS/rust_verify_test/target/release/build/rust_verify_test/c302a4149f2c8121/test_inputs/ProveOrderedSetMtEph-c302a4149f2c8121-orderedsetmteph_for_borrow_iter
    rerun this test with:
    verus --crate-type=lib  /home/milnes/projects/APAS-VERUS/rust_verify_test/target/release/build/rust_verify_test/c302a4149f2c8121/test_inputs/ProveOrderedSetMtEph-c302a4149f2c8121-orderedsetmteph_for_borrow_iter/test.rs


    thread 'orderedsetmteph_for_borrow_iter' (522000) panicked at tests/Chap43/ProveOrderedSetMtEph.rs:104:1:
    Err(_) does not match $result
    note: run with `RUST_BACKTRACE=1` environment variable to display a backtrace

        PASS [   1.192s] (165/328) rust_verify_test::ProveMappingStEph mappingsteph_for_borrow_into
        FAIL [   0.066s] (166/328) rust_verify_test::ProveOrderedSetMtEph orderedsetmteph_loop_borrow_iter
  stdout ───

    running 1 test
    test orderedsetmteph_loop_borrow_iter ... FAILED

    failures:

    failures:
        orderedsetmteph_loop_borrow_iter

    test result: FAILED. 0 passed; 1 failed; 0 ignored; 0 measured; 1 filtered out; finished in 0.06s

  stderr ───
    error[E0433]: cannot find `Chap43` in `apas_verus`
      --> /home/milnes/projects/APAS-VERUS/rust_verify_test/target/release/build/rust_verify_test/c302a4149f2c8121/test_inputs/ProveOrderedSetMtEph-c302a4149f2c8121-orderedsetmteph_loop_borrow_iter/test.rs:17:17
       |
    17 | use apas_verus::Chap43::OrderedSetMtEph::OrderedSetMtEph::*;
       |                 ^^^^^^ could not find `Chap43` in `apas_verus`
       |
    note: found an item that was configured out
      --> src/lib.rs:515:48
       |
       = note: the item is gated here


    error[E0432]: unresolved import `apas_verus::OrderedSetMtEphLit`
      --> /home/milnes/projects/APAS-VERUS/rust_verify_test/target/release/build/rust_verify_test/c302a4149f2c8121/test_inputs/ProveOrderedSetMtEph-c302a4149f2c8121-orderedsetmteph_loop_borrow_iter/test.rs:18:5
       |
    18 | use apas_verus::OrderedSetMtEphLit;
       |     ^^^^^^^^^^^^------------------
       |                 |
       |                 no `OrderedSetMtEphLit` in the root


    error[E0425]: cannot find type `OrderedSetMtEph` in this scope
      --> /home/milnes/projects/APAS-VERUS/rust_verify_test/target/release/build/rust_verify_test/c302a4149f2c8121/test_inputs/ProveOrderedSetMtEph-c302a4149f2c8121-orderedsetmteph_loop_borrow_iter/test.rs:21:12
       |
    21 |     let s: OrderedSetMtEph<u64> = OrderedSetMtEphLit![1u64, 2u64, 3u64];
       |            ^^^^^^^^^^^^^^^ not found in this scope


    error: aborting due to 3 previous errors


    Some errors have detailed explanations: E0425, E0432, E0433.

    For more information about an error, try `rustc --explain E0425`.

    the input directory is /home/milnes/projects/APAS-VERUS/rust_verify_test/target/release/build/rust_verify_test/c302a4149f2c8121/test_inputs/ProveOrderedSetMtEph-c302a4149f2c8121-orderedsetmteph_loop_borrow_iter
    rerun this test with:
    verus --crate-type=lib  /home/milnes/projects/APAS-VERUS/rust_verify_test/target/release/build/rust_verify_test/c302a4149f2c8121/test_inputs/ProveOrderedSetMtEph-c302a4149f2c8121-orderedsetmteph_loop_borrow_iter/test.rs


    thread 'orderedsetmteph_loop_borrow_iter' (522046) panicked at tests/Chap43/ProveOrderedSetMtEph.rs:15:1:
    Err(_) does not match $result
    note: run with `RUST_BACKTRACE=1` environment variable to display a backtrace

        FAIL [   0.072s] (167/328) rust_verify_test::ProveOrderedSetStEph chap43_orderedsetsteph_for_borrow_iter
  stdout ───

    running 1 test
    test chap43_orderedsetsteph_for_borrow_iter ... FAILED

    failures:

    failures:
        chap43_orderedsetsteph_for_borrow_iter

    test result: FAILED. 0 passed; 1 failed; 0 ignored; 0 measured; 1 filtered out; finished in 0.07s

  stderr ───
    error[E0433]: cannot find `Chap43` in `apas_verus`
      --> /home/milnes/projects/APAS-VERUS/rust_verify_test/target/release/build/rust_verify_test/be247f51abfdc127/test_inputs/ProveOrderedSetStEph-be247f51abfdc127-chap43_orderedsetsteph_for_borrow_iter/test.rs:17:17
       |
    17 | use apas_verus::Chap43::OrderedSetStEph::OrderedSetStEph::*;
       |                 ^^^^^^ could not find `Chap43` in `apas_verus`
       |
    note: found an item that was configured out
      --> src/lib.rs:515:48
       |
       = note: the item is gated here


    error[E0433]: cannot find `Chap38` in `apas_verus`
      --> /home/milnes/projects/APAS-VERUS/rust_verify_test/target/release/build/rust_verify_test/be247f51abfdc127/test_inputs/ProveOrderedSetStEph-be247f51abfdc127-chap43_orderedsetsteph_for_borrow_iter/test.rs:19:17
       |
    19 | use apas_verus::Chap38::BSTParaStEph::BSTParaStEph::view_ord_consistent;
       |                 ^^^^^^ could not find `Chap38` in `apas_verus`
       |
    note: found an item that was configured out
      --> src/lib.rs:469:48
       |
       = note: the item is gated here


    error[E0433]: cannot find type `OrderedSetStEph` in this scope
      --> /home/milnes/projects/APAS-VERUS/rust_verify_test/target/release/build/rust_verify_test/be247f51abfdc127/test_inputs/ProveOrderedSetStEph-be247f51abfdc127-chap43_orderedsetsteph_for_borrow_iter/test.rs:24:17
       |
    24 |     let mut s = OrderedSetStEph::singleton(1u64);
       |                 ^^^^^^^^^^^^^^^ use of undeclared type `OrderedSetStEph`


    error: aborting due to 3 previous errors


    For more information about this error, try `rustc --explain E0433`.

    the input directory is /home/milnes/projects/APAS-VERUS/rust_verify_test/target/release/build/rust_verify_test/be247f51abfdc127/test_inputs/ProveOrderedSetStEph-be247f51abfdc127-chap43_orderedsetsteph_for_borrow_iter
    rerun this test with:
    verus --crate-type=lib  /home/milnes/projects/APAS-VERUS/rust_verify_test/target/release/build/rust_verify_test/be247f51abfdc127/test_inputs/ProveOrderedSetStEph-be247f51abfdc127-chap43_orderedsetsteph_for_borrow_iter/test.rs


    thread 'chap43_orderedsetsteph_for_borrow_iter' (522066) panicked at tests/Chap43/ProveOrderedSetStEph.rs:115:1:
    Err(_) does not match $result
    note: run with `RUST_BACKTRACE=1` environment variable to display a backtrace

        PASS [   1.184s] (168/328) rust_verify_test::ProveMappingStEph mappingsteph_for_borrow_iter
        FAIL [   0.065s] (169/328) rust_verify_test::ProveOrderedSetStEph chap43_orderedsetsteph_loop_borrow_iter
  stdout ───

    running 1 test
    test chap43_orderedsetsteph_loop_borrow_iter ... FAILED

    failures:

    failures:
        chap43_orderedsetsteph_loop_borrow_iter

    test result: FAILED. 0 passed; 1 failed; 0 ignored; 0 measured; 1 filtered out; finished in 0.06s

  stderr ───
    error[E0433]: cannot find `Chap43` in `apas_verus`
      --> /home/milnes/projects/APAS-VERUS/rust_verify_test/target/release/build/rust_verify_test/be247f51abfdc127/test_inputs/ProveOrderedSetStEph-be247f51abfdc127-chap43_orderedsetsteph_loop_borrow_iter/test.rs:17:17
       |
    17 | use apas_verus::Chap43::OrderedSetStEph::OrderedSetStEph::*;
       |                 ^^^^^^ could not find `Chap43` in `apas_verus`
       |
    note: found an item that was configured out
      --> src/lib.rs:515:48
       |
       = note: the item is gated here


    error[E0433]: cannot find `Chap38` in `apas_verus`
      --> /home/milnes/projects/APAS-VERUS/rust_verify_test/target/release/build/rust_verify_test/be247f51abfdc127/test_inputs/ProveOrderedSetStEph-be247f51abfdc127-chap43_orderedsetsteph_loop_borrow_iter/test.rs:19:17
       |
    19 | use apas_verus::Chap38::BSTParaStEph::BSTParaStEph::view_ord_consistent;
       |                 ^^^^^^ could not find `Chap38` in `apas_verus`
       |
    note: found an item that was configured out
      --> src/lib.rs:469:48
       |
       = note: the item is gated here


    error[E0433]: cannot find type `OrderedSetStEph` in this scope
      --> /home/milnes/projects/APAS-VERUS/rust_verify_test/target/release/build/rust_verify_test/be247f51abfdc127/test_inputs/ProveOrderedSetStEph-be247f51abfdc127-chap43_orderedsetsteph_loop_borrow_iter/test.rs:24:17
       |
    24 |     let mut s = OrderedSetStEph::singleton(1u64);
       |                 ^^^^^^^^^^^^^^^ use of undeclared type `OrderedSetStEph`


    error: aborting due to 3 previous errors


    For more information about this error, try `rustc --explain E0433`.

    the input directory is /home/milnes/projects/APAS-VERUS/rust_verify_test/target/release/build/rust_verify_test/be247f51abfdc127/test_inputs/ProveOrderedSetStEph-be247f51abfdc127-chap43_orderedsetsteph_loop_borrow_iter
    rerun this test with:
    verus --crate-type=lib  /home/milnes/projects/APAS-VERUS/rust_verify_test/target/release/build/rust_verify_test/be247f51abfdc127/test_inputs/ProveOrderedSetStEph-be247f51abfdc127-chap43_orderedsetsteph_loop_borrow_iter/test.rs


    thread 'chap43_orderedsetsteph_loop_borrow_iter' (522090) panicked at tests/Chap43/ProveOrderedSetStEph.rs:15:1:
    Err(_) does not match $result
    note: run with `RUST_BACKTRACE=1` environment variable to display a backtrace

        FAIL [   0.059s] (170/328) rust_verify_test::ProveOrderedSetStPer chap43_orderedsetstper_for_borrow_iter
  stdout ───

    running 1 test
    test chap43_orderedsetstper_for_borrow_iter ... FAILED

    failures:

    failures:
        chap43_orderedsetstper_for_borrow_iter

    test result: FAILED. 0 passed; 1 failed; 0 ignored; 0 measured; 1 filtered out; finished in 0.06s

  stderr ───
    error[E0433]: cannot find `Chap43` in `apas_verus`
      --> /home/milnes/projects/APAS-VERUS/rust_verify_test/target/release/build/rust_verify_test/fa65be074b125552/test_inputs/ProveOrderedSetStPer-fa65be074b125552-chap43_orderedsetstper_for_borrow_iter/test.rs:17:17
       |
    17 | use apas_verus::Chap43::OrderedSetStPer::OrderedSetStPer::*;
       |                 ^^^^^^ could not find `Chap43` in `apas_verus`
       |
    note: found an item that was configured out
      --> src/lib.rs:515:48
       |
       = note: the item is gated here


    error[E0433]: cannot find `Chap38` in `apas_verus`
      --> /home/milnes/projects/APAS-VERUS/rust_verify_test/target/release/build/rust_verify_test/fa65be074b125552/test_inputs/ProveOrderedSetStPer-fa65be074b125552-chap43_orderedsetstper_for_borrow_iter/test.rs:19:17
       |
    19 | use apas_verus::Chap38::BSTParaStEph::BSTParaStEph::view_ord_consistent;
       |                 ^^^^^^ could not find `Chap38` in `apas_verus`
       |
    note: found an item that was configured out
      --> src/lib.rs:469:48
       |
       = note: the item is gated here


    error[E0433]: cannot find type `OrderedSetStPer` in this scope
      --> /home/milnes/projects/APAS-VERUS/rust_verify_test/target/release/build/rust_verify_test/fa65be074b125552/test_inputs/ProveOrderedSetStPer-fa65be074b125552-chap43_orderedsetstper_for_borrow_iter/test.rs:24:13
       |
    24 |     let s = OrderedSetStPer::singleton(1u64);
       |             ^^^^^^^^^^^^^^^ use of undeclared type `OrderedSetStPer`


    error: aborting due to 3 previous errors


    For more information about this error, try `rustc --explain E0433`.

    the input directory is /home/milnes/projects/APAS-VERUS/rust_verify_test/target/release/build/rust_verify_test/fa65be074b125552/test_inputs/ProveOrderedSetStPer-fa65be074b125552-chap43_orderedsetstper_for_borrow_iter
    rerun this test with:
    verus --crate-type=lib  /home/milnes/projects/APAS-VERUS/rust_verify_test/target/release/build/rust_verify_test/fa65be074b125552/test_inputs/ProveOrderedSetStPer-fa65be074b125552-chap43_orderedsetstper_for_borrow_iter/test.rs


    thread 'chap43_orderedsetstper_for_borrow_iter' (522113) panicked at tests/Chap43/ProveOrderedSetStPer.rs:70:1:
    Err(_) does not match $result
    note: run with `RUST_BACKTRACE=1` environment variable to display a backtrace

        FAIL [   0.056s] (171/328) rust_verify_test::ProveOrderedSetStPer chap43_orderedsetstper_loop_borrow_iter
  stdout ───

    running 1 test
    test chap43_orderedsetstper_loop_borrow_iter ... FAILED

    failures:

    failures:
        chap43_orderedsetstper_loop_borrow_iter

    test result: FAILED. 0 passed; 1 failed; 0 ignored; 0 measured; 1 filtered out; finished in 0.05s

  stderr ───
    error[E0433]: cannot find `Chap43` in `apas_verus`
      --> /home/milnes/projects/APAS-VERUS/rust_verify_test/target/release/build/rust_verify_test/fa65be074b125552/test_inputs/ProveOrderedSetStPer-fa65be074b125552-chap43_orderedsetstper_loop_borrow_iter/test.rs:17:17
       |
    17 | use apas_verus::Chap43::OrderedSetStPer::OrderedSetStPer::*;
       |                 ^^^^^^ could not find `Chap43` in `apas_verus`
       |
    note: found an item that was configured out
      --> src/lib.rs:515:48
       |
       = note: the item is gated here


    error[E0433]: cannot find `Chap38` in `apas_verus`
      --> /home/milnes/projects/APAS-VERUS/rust_verify_test/target/release/build/rust_verify_test/fa65be074b125552/test_inputs/ProveOrderedSetStPer-fa65be074b125552-chap43_orderedsetstper_loop_borrow_iter/test.rs:19:17
       |
    19 | use apas_verus::Chap38::BSTParaStEph::BSTParaStEph::view_ord_consistent;
       |                 ^^^^^^ could not find `Chap38` in `apas_verus`
       |
    note: found an item that was configured out
      --> src/lib.rs:469:48
       |
       = note: the item is gated here


    error[E0433]: cannot find type `OrderedSetStPer` in this scope
      --> /home/milnes/projects/APAS-VERUS/rust_verify_test/target/release/build/rust_verify_test/fa65be074b125552/test_inputs/ProveOrderedSetStPer-fa65be074b125552-chap43_orderedsetstper_loop_borrow_iter/test.rs:24:13
       |
    24 |     let s = OrderedSetStPer::singleton(1u64);
       |             ^^^^^^^^^^^^^^^ use of undeclared type `OrderedSetStPer`


    error: aborting due to 3 previous errors


    For more information about this error, try `rustc --explain E0433`.

    the input directory is /home/milnes/projects/APAS-VERUS/rust_verify_test/target/release/build/rust_verify_test/fa65be074b125552/test_inputs/ProveOrderedSetStPer-fa65be074b125552-chap43_orderedsetstper_loop_borrow_iter
    rerun this test with:
    verus --crate-type=lib  /home/milnes/projects/APAS-VERUS/rust_verify_test/target/release/build/rust_verify_test/fa65be074b125552/test_inputs/ProveOrderedSetStPer-fa65be074b125552-chap43_orderedsetstper_loop_borrow_iter/test.rs


    thread 'chap43_orderedsetstper_loop_borrow_iter' (522136) panicked at tests/Chap43/ProveOrderedSetStPer.rs:16:1:
    Err(_) does not match $result
    note: run with `RUST_BACKTRACE=1` environment variable to display a backtrace

        FAIL [   0.061s] (172/328) rust_verify_test::ProveOrderedTableMtEph chap43_orderedtablemteph_for_borrow_iter
  stdout ───

    running 1 test
    test chap43_orderedtablemteph_for_borrow_iter ... FAILED

    failures:

    failures:
        chap43_orderedtablemteph_for_borrow_iter

    test result: FAILED. 0 passed; 1 failed; 0 ignored; 0 measured; 1 filtered out; finished in 0.06s

  stderr ───
    error[E0433]: cannot find `Chap43` in `apas_verus`
      --> /home/milnes/projects/APAS-VERUS/rust_verify_test/target/release/build/rust_verify_test/eeb5459ecfc40a42/test_inputs/ProveOrderedTableMtEph-eeb5459ecfc40a42-chap43_orderedtablemteph_for_borrow_iter/test.rs:18:17
       |
    18 | use apas_verus::Chap43::OrderedTableMtEph::OrderedTableMtEph::*;
       |                 ^^^^^^ could not find `Chap43` in `apas_verus`
       |
    note: found an item that was configured out
      --> src/lib.rs:515:48
       |
       = note: the item is gated here


    error[E0433]: cannot find `Chap38` in `apas_verus`
      --> /home/milnes/projects/APAS-VERUS/rust_verify_test/target/release/build/rust_verify_test/eeb5459ecfc40a42/test_inputs/ProveOrderedTableMtEph-eeb5459ecfc40a42-chap43_orderedtablemteph_for_borrow_iter/test.rs:19:17
       |
    19 | use apas_verus::Chap38::BSTParaStEph::BSTParaStEph::view_ord_consistent;
       |                 ^^^^^^ could not find `Chap38` in `apas_verus`
       |
    note: found an item that was configured out
      --> src/lib.rs:469:48
       |
       = note: the item is gated here


    error[E0433]: cannot find `Chap43` in `apas_verus`
      --> /home/milnes/projects/APAS-VERUS/rust_verify_test/target/release/build/rust_verify_test/eeb5459ecfc40a42/test_inputs/ProveOrderedTableMtEph-eeb5459ecfc40a42-chap43_orderedtablemteph_for_borrow_iter/test.rs:20:17
       |
    20 | use apas_verus::Chap43::OrderedTableStEph::OrderedTableStEph::spec_pair_key_determines_order;
       |                 ^^^^^^ could not find `Chap43` in `apas_verus`
       |
    note: found an item that was configured out
      --> src/lib.rs:515:48
       |
       = note: the item is gated here


    error[E0433]: cannot find type `OrderedTableMtEph` in this scope
      --> /home/milnes/projects/APAS-VERUS/rust_verify_test/target/release/build/rust_verify_test/eeb5459ecfc40a42/test_inputs/ProveOrderedTableMtEph-eeb5459ecfc40a42-chap43_orderedtablemteph_for_borrow_iter/test.rs:30:13
       |
    30 |     let t = OrderedTableMtEph::singleton(1u64, 10u64);
       |             ^^^^^^^^^^^^^^^^^ use of undeclared type `OrderedTableMtEph`


    error: aborting due to 4 previous errors


    For more information about this error, try `rustc --explain E0433`.

    the input directory is /home/milnes/projects/APAS-VERUS/rust_verify_test/target/release/build/rust_verify_test/eeb5459ecfc40a42/test_inputs/ProveOrderedTableMtEph-eeb5459ecfc40a42-chap43_orderedtablemteph_for_borrow_iter
    rerun this test with:
    verus --crate-type=lib  /home/milnes/projects/APAS-VERUS/rust_verify_test/target/release/build/rust_verify_test/eeb5459ecfc40a42/test_inputs/ProveOrderedTableMtEph-eeb5459ecfc40a42-chap43_orderedtablemteph_for_borrow_iter/test.rs


    thread 'chap43_orderedtablemteph_for_borrow_iter' (522150) panicked at tests/Chap43/ProveOrderedTableMtEph.rs:123:1:
    Err(_) does not match $result
    note: run with `RUST_BACKTRACE=1` environment variable to display a backtrace

        FAIL [   0.068s] (173/328) rust_verify_test::ProveOrderedTableMtEph chap43_orderedtablemteph_loop_borrow_iter
  stdout ───

    running 1 test
    test chap43_orderedtablemteph_loop_borrow_iter ... FAILED

    failures:

    failures:
        chap43_orderedtablemteph_loop_borrow_iter

    test result: FAILED. 0 passed; 1 failed; 0 ignored; 0 measured; 1 filtered out; finished in 0.06s

  stderr ───
    error[E0433]: cannot find `Chap43` in `apas_verus`
      --> /home/milnes/projects/APAS-VERUS/rust_verify_test/target/release/build/rust_verify_test/eeb5459ecfc40a42/test_inputs/ProveOrderedTableMtEph-eeb5459ecfc40a42-chap43_orderedtablemteph_loop_borrow_iter/test.rs:18:17
       |
    18 | use apas_verus::Chap43::OrderedTableMtEph::OrderedTableMtEph::*;
       |                 ^^^^^^ could not find `Chap43` in `apas_verus`
       |
    note: found an item that was configured out
      --> src/lib.rs:515:48
       |
       = note: the item is gated here


    error[E0433]: cannot find `Chap38` in `apas_verus`
      --> /home/milnes/projects/APAS-VERUS/rust_verify_test/target/release/build/rust_verify_test/eeb5459ecfc40a42/test_inputs/ProveOrderedTableMtEph-eeb5459ecfc40a42-chap43_orderedtablemteph_loop_borrow_iter/test.rs:19:17
       |
    19 | use apas_verus::Chap38::BSTParaStEph::BSTParaStEph::view_ord_consistent;
       |                 ^^^^^^ could not find `Chap38` in `apas_verus`
       |
    note: found an item that was configured out
      --> src/lib.rs:469:48
       |
       = note: the item is gated here


    error[E0433]: cannot find `Chap43` in `apas_verus`
      --> /home/milnes/projects/APAS-VERUS/rust_verify_test/target/release/build/rust_verify_test/eeb5459ecfc40a42/test_inputs/ProveOrderedTableMtEph-eeb5459ecfc40a42-chap43_orderedtablemteph_loop_borrow_iter/test.rs:20:17
       |
    20 | use apas_verus::Chap43::OrderedTableStEph::OrderedTableStEph::spec_pair_key_determines_order;
       |                 ^^^^^^ could not find `Chap43` in `apas_verus`
       |
    note: found an item that was configured out
      --> src/lib.rs:515:48
       |
       = note: the item is gated here


    error[E0433]: cannot find type `OrderedTableMtEph` in this scope
      --> /home/milnes/projects/APAS-VERUS/rust_verify_test/target/release/build/rust_verify_test/eeb5459ecfc40a42/test_inputs/ProveOrderedTableMtEph-eeb5459ecfc40a42-chap43_orderedtablemteph_loop_borrow_iter/test.rs:30:13
       |
    30 |     let t = OrderedTableMtEph::singleton(1u64, 10u64);
       |             ^^^^^^^^^^^^^^^^^ use of undeclared type `OrderedTableMtEph`


    error: aborting due to 4 previous errors


    For more information about this error, try `rustc --explain E0433`.

    the input directory is /home/milnes/projects/APAS-VERUS/rust_verify_test/target/release/build/rust_verify_test/eeb5459ecfc40a42/test_inputs/ProveOrderedTableMtEph-eeb5459ecfc40a42-chap43_orderedtablemteph_loop_borrow_iter
    rerun this test with:
    verus --crate-type=lib  /home/milnes/projects/APAS-VERUS/rust_verify_test/target/release/build/rust_verify_test/eeb5459ecfc40a42/test_inputs/ProveOrderedTableMtEph-eeb5459ecfc40a42-chap43_orderedtablemteph_loop_borrow_iter/test.rs


    thread 'chap43_orderedtablemteph_loop_borrow_iter' (522171) panicked at tests/Chap43/ProveOrderedTableMtEph.rs:15:1:
    Err(_) does not match $result
    note: run with `RUST_BACKTRACE=1` environment variable to display a backtrace

        FAIL [   0.077s] (174/328) rust_verify_test::ProveOrderedTableMtPer orderedtablemtper_for_borrow_iter
  stdout ───

    running 1 test
    test orderedtablemtper_for_borrow_iter ... FAILED

    failures:

    failures:
        orderedtablemtper_for_borrow_iter

    test result: FAILED. 0 passed; 1 failed; 0 ignored; 0 measured; 1 filtered out; finished in 0.07s

  stderr ───
    error[E0433]: cannot find `Chap43` in `apas_verus`
      --> /home/milnes/projects/APAS-VERUS/rust_verify_test/target/release/build/rust_verify_test/11e88225e0509802/test_inputs/ProveOrderedTableMtPer-11e88225e0509802-orderedtablemtper_for_borrow_iter/test.rs:18:17
       |
    18 | use apas_verus::Chap43::OrderedTableMtPer::OrderedTableMtPer::*;
       |                 ^^^^^^ could not find `Chap43` in `apas_verus`
       |
    note: found an item that was configured out
      --> src/lib.rs:515:48
       |
       = note: the item is gated here


    error[E0433]: cannot find `Chap43` in `apas_verus`
      --> /home/milnes/projects/APAS-VERUS/rust_verify_test/target/release/build/rust_verify_test/11e88225e0509802/test_inputs/ProveOrderedTableMtPer-11e88225e0509802-orderedtablemtper_for_borrow_iter/test.rs:19:17
       |
    19 | use apas_verus::Chap43::OrderedTableStPer::OrderedTableStPer::spec_pair_key_determines_order;
       |                 ^^^^^^ could not find `Chap43` in `apas_verus`
       |
    note: found an item that was configured out
      --> src/lib.rs:515:48
       |
       = note: the item is gated here


    error[E0433]: cannot find `Chap38` in `apas_verus`
      --> /home/milnes/projects/APAS-VERUS/rust_verify_test/target/release/build/rust_verify_test/11e88225e0509802/test_inputs/ProveOrderedTableMtPer-11e88225e0509802-orderedtablemtper_for_borrow_iter/test.rs:20:17
       |
    20 | use apas_verus::Chap38::BSTParaStEph::BSTParaStEph::view_ord_consistent;
       |                 ^^^^^^ could not find `Chap38` in `apas_verus`
       |
    note: found an item that was configured out
      --> src/lib.rs:469:48
       |
       = note: the item is gated here


    error[E0425]: cannot find type `OrderedTableMtPer` in this scope
      --> /home/milnes/projects/APAS-VERUS/rust_verify_test/target/release/build/rust_verify_test/11e88225e0509802/test_inputs/ProveOrderedTableMtPer-11e88225e0509802-orderedtablemtper_for_borrow_iter/test.rs:32:12
       |
    32 |     let t: OrderedTableMtPer<u64, u64> = OrderedTableMtPer::singleton(1u64, 10u64);
       |            ^^^^^^^^^^^^^^^^^ not found in this scope


    error[E0433]: cannot find type `OrderedTableMtPer` in this scope
      --> /home/milnes/projects/APAS-VERUS/rust_verify_test/target/release/build/rust_verify_test/11e88225e0509802/test_inputs/ProveOrderedTableMtPer-11e88225e0509802-orderedtablemtper_for_borrow_iter/test.rs:32:42
       |
    32 |     let t: OrderedTableMtPer<u64, u64> = OrderedTableMtPer::singleton(1u64, 10u64);
       |                                          ^^^^^^^^^^^^^^^^^ use of undeclared type `OrderedTableMtPer`


    error: aborting due to 5 previous errors


    Some errors have detailed explanations: E0425, E0433.

    For more information about an error, try `rustc --explain E0425`.

    the input directory is /home/milnes/projects/APAS-VERUS/rust_verify_test/target/release/build/rust_verify_test/11e88225e0509802/test_inputs/ProveOrderedTableMtPer-11e88225e0509802-orderedtablemtper_for_borrow_iter
    rerun this test with:
    verus --crate-type=lib  /home/milnes/projects/APAS-VERUS/rust_verify_test/target/release/build/rust_verify_test/11e88225e0509802/test_inputs/ProveOrderedTableMtPer-11e88225e0509802-orderedtablemtper_for_borrow_iter/test.rs


    thread 'orderedtablemtper_for_borrow_iter' (522204) panicked at tests/Chap43/ProveOrderedTableMtPer.rs:127:1:
    Err(_) does not match $result
    note: run with `RUST_BACKTRACE=1` environment variable to display a backtrace

        FAIL [   0.071s] (175/328) rust_verify_test::ProveOrderedTableMtPer orderedtablemtper_loop_borrow_iter
  stdout ───

    running 1 test
    test orderedtablemtper_loop_borrow_iter ... FAILED

    failures:

    failures:
        orderedtablemtper_loop_borrow_iter

    test result: FAILED. 0 passed; 1 failed; 0 ignored; 0 measured; 1 filtered out; finished in 0.07s

  stderr ───
    error[E0433]: cannot find `Chap43` in `apas_verus`
      --> /home/milnes/projects/APAS-VERUS/rust_verify_test/target/release/build/rust_verify_test/11e88225e0509802/test_inputs/ProveOrderedTableMtPer-11e88225e0509802-orderedtablemtper_loop_borrow_iter/test.rs:18:17
       |
    18 | use apas_verus::Chap43::OrderedTableMtPer::OrderedTableMtPer::*;
       |                 ^^^^^^ could not find `Chap43` in `apas_verus`
       |
    note: found an item that was configured out
      --> src/lib.rs:515:48
       |
       = note: the item is gated here


    error[E0433]: cannot find `Chap43` in `apas_verus`
      --> /home/milnes/projects/APAS-VERUS/rust_verify_test/target/release/build/rust_verify_test/11e88225e0509802/test_inputs/ProveOrderedTableMtPer-11e88225e0509802-orderedtablemtper_loop_borrow_iter/test.rs:19:17
       |
    19 | use apas_verus::Chap43::OrderedTableStPer::OrderedTableStPer::spec_pair_key_determines_order;
       |                 ^^^^^^ could not find `Chap43` in `apas_verus`
       |
    note: found an item that was configured out
      --> src/lib.rs:515:48
       |
       = note: the item is gated here


    error[E0433]: cannot find `Chap38` in `apas_verus`
      --> /home/milnes/projects/APAS-VERUS/rust_verify_test/target/release/build/rust_verify_test/11e88225e0509802/test_inputs/ProveOrderedTableMtPer-11e88225e0509802-orderedtablemtper_loop_borrow_iter/test.rs:20:17
       |
    20 | use apas_verus::Chap38::BSTParaStEph::BSTParaStEph::view_ord_consistent;
       |                 ^^^^^^ could not find `Chap38` in `apas_verus`
       |
    note: found an item that was configured out
      --> src/lib.rs:469:48
       |
       = note: the item is gated here


    error[E0425]: cannot find type `OrderedTableMtPer` in this scope
      --> /home/milnes/projects/APAS-VERUS/rust_verify_test/target/release/build/rust_verify_test/11e88225e0509802/test_inputs/ProveOrderedTableMtPer-11e88225e0509802-orderedtablemtper_loop_borrow_iter/test.rs:32:12
       |
    32 |     let t: OrderedTableMtPer<u64, u64> = OrderedTableMtPer::singleton(1u64, 10u64);
       |            ^^^^^^^^^^^^^^^^^ not found in this scope


    error[E0433]: cannot find type `OrderedTableMtPer` in this scope
      --> /home/milnes/projects/APAS-VERUS/rust_verify_test/target/release/build/rust_verify_test/11e88225e0509802/test_inputs/ProveOrderedTableMtPer-11e88225e0509802-orderedtablemtper_loop_borrow_iter/test.rs:32:42
       |
    32 |     let t: OrderedTableMtPer<u64, u64> = OrderedTableMtPer::singleton(1u64, 10u64);
       |                                          ^^^^^^^^^^^^^^^^^ use of undeclared type `OrderedTableMtPer`


    error: aborting due to 5 previous errors


    Some errors have detailed explanations: E0425, E0433.

    For more information about an error, try `rustc --explain E0425`.

    the input directory is /home/milnes/projects/APAS-VERUS/rust_verify_test/target/release/build/rust_verify_test/11e88225e0509802/test_inputs/ProveOrderedTableMtPer-11e88225e0509802-orderedtablemtper_loop_borrow_iter
    rerun this test with:
    verus --crate-type=lib  /home/milnes/projects/APAS-VERUS/rust_verify_test/target/release/build/rust_verify_test/11e88225e0509802/test_inputs/ProveOrderedTableMtPer-11e88225e0509802-orderedtablemtper_loop_borrow_iter/test.rs


    thread 'orderedtablemtper_loop_borrow_iter' (522226) panicked at tests/Chap43/ProveOrderedTableMtPer.rs:15:1:
    Err(_) does not match $result
    note: run with `RUST_BACKTRACE=1` environment variable to display a backtrace

        FAIL [   0.060s] (176/328) rust_verify_test::ProveOrderedTableStEph chap43_orderedtablesteph_loop_borrow_iter
  stdout ───

    running 1 test
    test chap43_orderedtablesteph_loop_borrow_iter ... FAILED

    failures:

    failures:
        chap43_orderedtablesteph_loop_borrow_iter

    test result: FAILED. 0 passed; 1 failed; 0 ignored; 0 measured; 1 filtered out; finished in 0.06s

  stderr ───
    error[E0433]: cannot find `Chap43` in `apas_verus`
      --> /home/milnes/projects/APAS-VERUS/rust_verify_test/target/release/build/rust_verify_test/d3076d05b920c166/test_inputs/ProveOrderedTableStEph-d3076d05b920c166-chap43_orderedtablesteph_loop_borrow_iter/test.rs:18:17
       |
    18 | use apas_verus::Chap43::OrderedTableStEph::OrderedTableStEph::*;
       |                 ^^^^^^ could not find `Chap43` in `apas_verus`
       |
    note: found an item that was configured out
      --> src/lib.rs:515:48
       |
       = note: the item is gated here


    error[E0433]: cannot find `Chap38` in `apas_verus`
      --> /home/milnes/projects/APAS-VERUS/rust_verify_test/target/release/build/rust_verify_test/d3076d05b920c166/test_inputs/ProveOrderedTableStEph-d3076d05b920c166-chap43_orderedtablesteph_loop_borrow_iter/test.rs:20:17
       |
    20 | use apas_verus::Chap38::BSTParaStEph::BSTParaStEph::view_ord_consistent;
       |                 ^^^^^^ could not find `Chap38` in `apas_verus`
       |
    note: found an item that was configured out
      --> src/lib.rs:469:48
       |
       = note: the item is gated here


    error[E0433]: cannot find type `OrderedTableStEph` in this scope
      --> /home/milnes/projects/APAS-VERUS/rust_verify_test/target/release/build/rust_verify_test/d3076d05b920c166/test_inputs/ProveOrderedTableStEph-d3076d05b920c166-chap43_orderedtablesteph_loop_borrow_iter/test.rs:33:17
       |
    33 |     let mut t = OrderedTableStEph::singleton(1u64, 10u64);
       |                 ^^^^^^^^^^^^^^^^^ use of undeclared type `OrderedTableStEph`


    error[E0425]: cannot find function `spec_pair_key_determines_order` in this scope
      --> /home/milnes/projects/APAS-VERUS/rust_verify_test/target/release/build/rust_verify_test/d3076d05b920c166/test_inputs/ProveOrderedTableStEph-d3076d05b920c166-chap43_orderedtablesteph_loop_borrow_iter/test.rs:29:9
       |
    29 |         spec_pair_key_determines_order::<u64, u64>(),
       |         ^^^^^^^^^^^^^^^^^^^^^^^^^^^^^^ not found in this scope


    error: aborting due to 4 previous errors


    Some errors have detailed explanations: E0425, E0433.

    For more information about an error, try `rustc --explain E0425`.

    the input directory is /home/milnes/projects/APAS-VERUS/rust_verify_test/target/release/build/rust_verify_test/d3076d05b920c166/test_inputs/ProveOrderedTableStEph-d3076d05b920c166-chap43_orderedtablesteph_loop_borrow_iter
    rerun this test with:
    verus --crate-type=lib  /home/milnes/projects/APAS-VERUS/rust_verify_test/target/release/build/rust_verify_test/d3076d05b920c166/test_inputs/ProveOrderedTableStEph-d3076d05b920c166-chap43_orderedtablesteph_loop_borrow_iter/test.rs


    thread 'chap43_orderedtablesteph_loop_borrow_iter' (522272) panicked at tests/Chap43/ProveOrderedTableStEph.rs:15:1:
    Err(_) does not match $result
    note: run with `RUST_BACKTRACE=1` environment variable to display a backtrace

        FAIL [   0.073s] (177/328) rust_verify_test::ProveOrderedTableStEph chap43_orderedtablesteph_for_borrow_iter
  stdout ───

    running 1 test
    test chap43_orderedtablesteph_for_borrow_iter ... FAILED

    failures:

    failures:
        chap43_orderedtablesteph_for_borrow_iter

    test result: FAILED. 0 passed; 1 failed; 0 ignored; 0 measured; 1 filtered out; finished in 0.07s

  stderr ───
    error[E0433]: cannot find `Chap43` in `apas_verus`
      --> /home/milnes/projects/APAS-VERUS/rust_verify_test/target/release/build/rust_verify_test/d3076d05b920c166/test_inputs/ProveOrderedTableStEph-d3076d05b920c166-chap43_orderedtablesteph_for_borrow_iter/test.rs:18:17
       |
    18 | use apas_verus::Chap43::OrderedTableStEph::OrderedTableStEph::*;
       |                 ^^^^^^ could not find `Chap43` in `apas_verus`
       |
    note: found an item that was configured out
      --> src/lib.rs:515:48
       |
       = note: the item is gated here


    error[E0433]: cannot find `Chap38` in `apas_verus`
      --> /home/milnes/projects/APAS-VERUS/rust_verify_test/target/release/build/rust_verify_test/d3076d05b920c166/test_inputs/ProveOrderedTableStEph-d3076d05b920c166-chap43_orderedtablesteph_for_borrow_iter/test.rs:20:17
       |
    20 | use apas_verus::Chap38::BSTParaStEph::BSTParaStEph::view_ord_consistent;
       |                 ^^^^^^ could not find `Chap38` in `apas_verus`
       |
    note: found an item that was configured out
      --> src/lib.rs:469:48
       |
       = note: the item is gated here


    error[E0433]: cannot find type `OrderedTableStEph` in this scope
      --> /home/milnes/projects/APAS-VERUS/rust_verify_test/target/release/build/rust_verify_test/d3076d05b920c166/test_inputs/ProveOrderedTableStEph-d3076d05b920c166-chap43_orderedtablesteph_for_borrow_iter/test.rs:33:17
       |
    33 |     let mut t = OrderedTableStEph::singleton(1u64, 10u64);
       |                 ^^^^^^^^^^^^^^^^^ use of undeclared type `OrderedTableStEph`


    error[E0425]: cannot find function `spec_pair_key_determines_order` in this scope
      --> /home/milnes/projects/APAS-VERUS/rust_verify_test/target/release/build/rust_verify_test/d3076d05b920c166/test_inputs/ProveOrderedTableStEph-d3076d05b920c166-chap43_orderedtablesteph_for_borrow_iter/test.rs:29:9
       |
    29 |         spec_pair_key_determines_order::<u64, u64>(),
       |         ^^^^^^^^^^^^^^^^^^^^^^^^^^^^^^ not found in this scope


    error: aborting due to 4 previous errors


    Some errors have detailed explanations: E0425, E0433.

    For more information about an error, try `rustc --explain E0425`.

    the input directory is /home/milnes/projects/APAS-VERUS/rust_verify_test/target/release/build/rust_verify_test/d3076d05b920c166/test_inputs/ProveOrderedTableStEph-d3076d05b920c166-chap43_orderedtablesteph_for_borrow_iter
    rerun this test with:
    verus --crate-type=lib  /home/milnes/projects/APAS-VERUS/rust_verify_test/target/release/build/rust_verify_test/d3076d05b920c166/test_inputs/ProveOrderedTableStEph-d3076d05b920c166-chap43_orderedtablesteph_for_borrow_iter/test.rs


    thread 'chap43_orderedtablesteph_for_borrow_iter' (522247) panicked at tests/Chap43/ProveOrderedTableStEph.rs:133:1:
    Err(_) does not match $result
    note: run with `RUST_BACKTRACE=1` environment variable to display a backtrace

        FAIL [   0.076s] (178/328) rust_verify_test::ProveOrderedTableStPer chap43_orderedtablestper_for_borrow_iter
  stdout ───

    running 1 test
    test chap43_orderedtablestper_for_borrow_iter ... FAILED

    failures:

    failures:
        chap43_orderedtablestper_for_borrow_iter

    test result: FAILED. 0 passed; 1 failed; 0 ignored; 0 measured; 1 filtered out; finished in 0.07s

  stderr ───
    error[E0433]: cannot find `Chap43` in `apas_verus`
      --> /home/milnes/projects/APAS-VERUS/rust_verify_test/target/release/build/rust_verify_test/3ca9c95706d64332/test_inputs/ProveOrderedTableStPer-3ca9c95706d64332-chap43_orderedtablestper_for_borrow_iter/test.rs:18:17
       |
    18 | use apas_verus::Chap43::OrderedTableStPer::OrderedTableStPer::*;
       |                 ^^^^^^ could not find `Chap43` in `apas_verus`
       |
    note: found an item that was configured out
      --> src/lib.rs:515:48
       |
       = note: the item is gated here


    error[E0433]: cannot find `Chap38` in `apas_verus`
      --> /home/milnes/projects/APAS-VERUS/rust_verify_test/target/release/build/rust_verify_test/3ca9c95706d64332/test_inputs/ProveOrderedTableStPer-3ca9c95706d64332-chap43_orderedtablestper_for_borrow_iter/test.rs:19:17
       |
    19 | use apas_verus::Chap38::BSTParaStEph::BSTParaStEph::view_ord_consistent;
       |                 ^^^^^^ could not find `Chap38` in `apas_verus`
       |
    note: found an item that was configured out
      --> src/lib.rs:469:48
       |
       = note: the item is gated here


    error[E0433]: cannot find type `OrderedTableStPer` in this scope
      --> /home/milnes/projects/APAS-VERUS/rust_verify_test/target/release/build/rust_verify_test/3ca9c95706d64332/test_inputs/ProveOrderedTableStPer-3ca9c95706d64332-chap43_orderedtablestper_for_borrow_iter/test.rs:33:13
       |
    33 |     let t = OrderedTableStPer::singleton(1u64, 10u64)
       |             ^^^^^^^^^^^^^^^^^ use of undeclared type `OrderedTableStPer`


    error[E0425]: cannot find function `spec_pair_key_determines_order` in this scope
      --> /home/milnes/projects/APAS-VERUS/rust_verify_test/target/release/build/rust_verify_test/3ca9c95706d64332/test_inputs/ProveOrderedTableStPer-3ca9c95706d64332-chap43_orderedtablestper_for_borrow_iter/test.rs:29:9
       |
    29 |         spec_pair_key_determines_order::<u64, u64>(),
       |         ^^^^^^^^^^^^^^^^^^^^^^^^^^^^^^ not found in this scope


    error: aborting due to 4 previous errors


    Some errors have detailed explanations: E0425, E0433.

    For more information about an error, try `rustc --explain E0425`.

    the input directory is /home/milnes/projects/APAS-VERUS/rust_verify_test/target/release/build/rust_verify_test/3ca9c95706d64332/test_inputs/ProveOrderedTableStPer-3ca9c95706d64332-chap43_orderedtablestper_for_borrow_iter
    rerun this test with:
    verus --crate-type=lib  /home/milnes/projects/APAS-VERUS/rust_verify_test/target/release/build/rust_verify_test/3ca9c95706d64332/test_inputs/ProveOrderedTableStPer-3ca9c95706d64332-chap43_orderedtablestper_for_borrow_iter/test.rs


    thread 'chap43_orderedtablestper_for_borrow_iter' (522296) panicked at tests/Chap43/ProveOrderedTableStPer.rs:133:1:
    Err(_) does not match $result
    note: run with `RUST_BACKTRACE=1` environment variable to display a backtrace

        FAIL [   0.055s] (179/328) rust_verify_test::ProveParamBSTStEph parambststeph_for_borrow_iter
  stdout ───

    running 1 test
    test parambststeph_for_borrow_iter ... FAILED

    failures:

    failures:
        parambststeph_for_borrow_iter

    test result: FAILED. 0 passed; 1 failed; 0 ignored; 0 measured; 1 filtered out; finished in 0.05s

  stderr ───
    error[E0433]: cannot find `Chap38` in `apas_verus`
      --> /home/milnes/projects/APAS-VERUS/rust_verify_test/target/release/build/rust_verify_test/39309e6b81f08b39/test_inputs/ProveParamBSTStEph-39309e6b81f08b39-parambststeph_for_borrow_iter/test.rs:17:17
       |
    17 | use apas_verus::Chap38::BSTParaStEph::BSTParaStEph::*;
       |                 ^^^^^^ could not find `Chap38` in `apas_verus`
       |
    note: found an item that was configured out
      --> src/lib.rs:469:48
       |
       = note: the item is gated here


    error[E0432]: unresolved import `apas_verus::ParamBSTLit`
      --> /home/milnes/projects/APAS-VERUS/rust_verify_test/target/release/build/rust_verify_test/39309e6b81f08b39/test_inputs/ProveParamBSTStEph-39309e6b81f08b39-parambststeph_for_borrow_iter/test.rs:18:5
       |
    18 | use apas_verus::ParamBSTLit;
       |     ^^^^^^^^^^^^-----------
       |                 |
       |                 no `ParamBSTLit` in the root


    error[E0425]: cannot find type `ParamBST` in this scope
      --> /home/milnes/projects/APAS-VERUS/rust_verify_test/target/release/build/rust_verify_test/39309e6b81f08b39/test_inputs/ProveParamBSTStEph-39309e6b81f08b39-parambststeph_for_borrow_iter/test.rs:21:12
       |
    21 |     let a: ParamBST<u64> = ParamBSTLit![1u64, 2u64, 3u64];
       |            ^^^^^^^^ not found in this scope


    error: aborting due to 3 previous errors


    Some errors have detailed explanations: E0425, E0432, E0433.

    For more information about an error, try `rustc --explain E0425`.

    the input directory is /home/milnes/projects/APAS-VERUS/rust_verify_test/target/release/build/rust_verify_test/39309e6b81f08b39/test_inputs/ProveParamBSTStEph-39309e6b81f08b39-parambststeph_for_borrow_iter
    rerun this test with:
    verus --crate-type=lib  /home/milnes/projects/APAS-VERUS/rust_verify_test/target/release/build/rust_verify_test/39309e6b81f08b39/test_inputs/ProveParamBSTStEph-39309e6b81f08b39-parambststeph_for_borrow_iter/test.rs


    thread 'parambststeph_for_borrow_iter' (522339) panicked at tests/Chap38/ProveParamBSTStEph.rs:106:1:
    Err(_) does not match $result
    note: run with `RUST_BACKTRACE=1` environment variable to display a backtrace

        FAIL [   0.069s] (180/328) rust_verify_test::ProveOrderedTableStPer chap43_orderedtablestper_loop_borrow_iter
  stdout ───

    running 1 test
    test chap43_orderedtablestper_loop_borrow_iter ... FAILED

    failures:

    failures:
        chap43_orderedtablestper_loop_borrow_iter

    test result: FAILED. 0 passed; 1 failed; 0 ignored; 0 measured; 1 filtered out; finished in 0.07s

  stderr ───
    error[E0433]: cannot find `Chap43` in `apas_verus`
      --> /home/milnes/projects/APAS-VERUS/rust_verify_test/target/release/build/rust_verify_test/3ca9c95706d64332/test_inputs/ProveOrderedTableStPer-3ca9c95706d64332-chap43_orderedtablestper_loop_borrow_iter/test.rs:18:17
       |
    18 | use apas_verus::Chap43::OrderedTableStPer::OrderedTableStPer::*;
       |                 ^^^^^^ could not find `Chap43` in `apas_verus`
       |
    note: found an item that was configured out
      --> src/lib.rs:515:48
       |
       = note: the item is gated here


    error[E0433]: cannot find `Chap38` in `apas_verus`
      --> /home/milnes/projects/APAS-VERUS/rust_verify_test/target/release/build/rust_verify_test/3ca9c95706d64332/test_inputs/ProveOrderedTableStPer-3ca9c95706d64332-chap43_orderedtablestper_loop_borrow_iter/test.rs:19:17
       |
    19 | use apas_verus::Chap38::BSTParaStEph::BSTParaStEph::view_ord_consistent;
       |                 ^^^^^^ could not find `Chap38` in `apas_verus`
       |
    note: found an item that was configured out
      --> src/lib.rs:469:48
       |
       = note: the item is gated here


    error[E0433]: cannot find type `OrderedTableStPer` in this scope
      --> /home/milnes/projects/APAS-VERUS/rust_verify_test/target/release/build/rust_verify_test/3ca9c95706d64332/test_inputs/ProveOrderedTableStPer-3ca9c95706d64332-chap43_orderedtablestper_loop_borrow_iter/test.rs:33:13
       |
    33 |     let t = OrderedTableStPer::singleton(1u64, 10u64)
       |             ^^^^^^^^^^^^^^^^^ use of undeclared type `OrderedTableStPer`


    error[E0425]: cannot find function `spec_pair_key_determines_order` in this scope
      --> /home/milnes/projects/APAS-VERUS/rust_verify_test/target/release/build/rust_verify_test/3ca9c95706d64332/test_inputs/ProveOrderedTableStPer-3ca9c95706d64332-chap43_orderedtablestper_loop_borrow_iter/test.rs:29:9
       |
    29 |         spec_pair_key_determines_order::<u64, u64>(),
       |         ^^^^^^^^^^^^^^^^^^^^^^^^^^^^^^ not found in this scope


    error: aborting due to 4 previous errors


    Some errors have detailed explanations: E0425, E0433.

    For more information about an error, try `rustc --explain E0425`.

    the input directory is /home/milnes/projects/APAS-VERUS/rust_verify_test/target/release/build/rust_verify_test/3ca9c95706d64332/test_inputs/ProveOrderedTableStPer-3ca9c95706d64332-chap43_orderedtablestper_loop_borrow_iter
    rerun this test with:
    verus --crate-type=lib  /home/milnes/projects/APAS-VERUS/rust_verify_test/target/release/build/rust_verify_test/3ca9c95706d64332/test_inputs/ProveOrderedTableStPer-3ca9c95706d64332-chap43_orderedtablestper_loop_borrow_iter/test.rs


    thread 'chap43_orderedtablestper_loop_borrow_iter' (522316) panicked at tests/Chap43/ProveOrderedTableStPer.rs:15:1:
    Err(_) does not match $result
    note: run with `RUST_BACKTRACE=1` environment variable to display a backtrace

        FAIL [   0.058s] (181/328) rust_verify_test::ProveParamBSTStEph parambststeph_loop_borrow_iter
  stdout ───

    running 1 test
    test parambststeph_loop_borrow_iter ... FAILED

    failures:

    failures:
        parambststeph_loop_borrow_iter

    test result: FAILED. 0 passed; 1 failed; 0 ignored; 0 measured; 1 filtered out; finished in 0.05s

  stderr ───
    error[E0433]: cannot find `Chap38` in `apas_verus`
      --> /home/milnes/projects/APAS-VERUS/rust_verify_test/target/release/build/rust_verify_test/39309e6b81f08b39/test_inputs/ProveParamBSTStEph-39309e6b81f08b39-parambststeph_loop_borrow_iter/test.rs:17:17
       |
    17 | use apas_verus::Chap38::BSTParaStEph::BSTParaStEph::*;
       |                 ^^^^^^ could not find `Chap38` in `apas_verus`
       |
    note: found an item that was configured out
      --> src/lib.rs:469:48
       |
       = note: the item is gated here


    error[E0432]: unresolved import `apas_verus::ParamBSTLit`
      --> /home/milnes/projects/APAS-VERUS/rust_verify_test/target/release/build/rust_verify_test/39309e6b81f08b39/test_inputs/ProveParamBSTStEph-39309e6b81f08b39-parambststeph_loop_borrow_iter/test.rs:18:5
       |
    18 | use apas_verus::ParamBSTLit;
       |     ^^^^^^^^^^^^-----------
       |                 |
       |                 no `ParamBSTLit` in the root


    error[E0425]: cannot find type `ParamBST` in this scope
      --> /home/milnes/projects/APAS-VERUS/rust_verify_test/target/release/build/rust_verify_test/39309e6b81f08b39/test_inputs/ProveParamBSTStEph-39309e6b81f08b39-parambststeph_loop_borrow_iter/test.rs:21:12
       |
    21 |     let a: ParamBST<u64> = ParamBSTLit![1u64, 2u64, 3u64];
       |            ^^^^^^^^ not found in this scope


    error: aborting due to 3 previous errors


    Some errors have detailed explanations: E0425, E0432, E0433.

    For more information about an error, try `rustc --explain E0425`.

    the input directory is /home/milnes/projects/APAS-VERUS/rust_verify_test/target/release/build/rust_verify_test/39309e6b81f08b39/test_inputs/ProveParamBSTStEph-39309e6b81f08b39-parambststeph_loop_borrow_iter
    rerun this test with:
    verus --crate-type=lib  /home/milnes/projects/APAS-VERUS/rust_verify_test/target/release/build/rust_verify_test/39309e6b81f08b39/test_inputs/ProveParamBSTStEph-39309e6b81f08b39-parambststeph_loop_borrow_iter/test.rs


    thread 'parambststeph_loop_borrow_iter' (522340) panicked at tests/Chap38/ProveParamBSTStEph.rs:17:1:
    Err(_) does not match $result
    note: run with `RUST_BACKTRACE=1` environment variable to display a backtrace

        FAIL [   0.074s] (182/328) rust_verify_test::ProvePrimTreeSeqStPer primtreeseq_for_borrow_iter
  stdout ───

    running 1 test
    test primtreeseq_for_borrow_iter ... FAILED

    failures:

    failures:
        primtreeseq_for_borrow_iter

    test result: FAILED. 0 passed; 1 failed; 0 ignored; 0 measured; 5 filtered out; finished in 0.07s

  stderr ───
    error[E0433]: cannot find `Chap23` in `apas_verus`
      --> /home/milnes/projects/APAS-VERUS/rust_verify_test/target/release/build/rust_verify_test/9011e6819714ef8f/test_inputs/ProvePrimTreeSeqStPer-9011e6819714ef8f-primtreeseq_for_borrow_iter/test.rs:17:17
       |
    17 | use apas_verus::Chap23::PrimTreeSeqStPer::PrimTreeSeqStPer::*;
       |                 ^^^^^^ could not find `Chap23` in `apas_verus`
       |
    note: found an item that was configured out
      --> src/lib.rs:383:48
       |
       = note: the item is gated here


    error[E0425]: cannot find type `PrimTreeSeqStS` in this scope
      --> /home/milnes/projects/APAS-VERUS/rust_verify_test/target/release/build/rust_verify_test/9011e6819714ef8f/test_inputs/ProvePrimTreeSeqStPer-9011e6819714ef8f-primtreeseq_for_borrow_iter/test.rs:22:12
       |
    22 |     let a: PrimTreeSeqStS<u64> = PrimTreeSeqStS::from_vec(v);
       |            ^^^^^^^^^^^^^^ not found in this scope


    error[E0433]: cannot find type `PrimTreeSeqStS` in this scope
      --> /home/milnes/projects/APAS-VERUS/rust_verify_test/target/release/build/rust_verify_test/9011e6819714ef8f/test_inputs/ProvePrimTreeSeqStPer-9011e6819714ef8f-primtreeseq_for_borrow_iter/test.rs:22:34
       |
    22 |     let a: PrimTreeSeqStS<u64> = PrimTreeSeqStS::from_vec(v);
       |                                  ^^^^^^^^^^^^^^ use of undeclared type `PrimTreeSeqStS`


    error: aborting due to 3 previous errors


    Some errors have detailed explanations: E0425, E0433.

    For more information about an error, try `rustc --explain E0425`.

    the input directory is /home/milnes/projects/APAS-VERUS/rust_verify_test/target/release/build/rust_verify_test/9011e6819714ef8f/test_inputs/ProvePrimTreeSeqStPer-9011e6819714ef8f-primtreeseq_for_borrow_iter
    rerun this test with:
    verus --crate-type=lib  /home/milnes/projects/APAS-VERUS/rust_verify_test/target/release/build/rust_verify_test/9011e6819714ef8f/test_inputs/ProvePrimTreeSeqStPer-9011e6819714ef8f-primtreeseq_for_borrow_iter/test.rs


    thread 'primtreeseq_for_borrow_iter' (522393) panicked at tests/Chap23/ProvePrimTreeSeqStPer.rs:163:1:
    Err(_) does not match $result
    note: run with `RUST_BACKTRACE=1` environment variable to display a backtrace

        FAIL [   0.075s] (183/328) rust_verify_test::ProvePrimTreeSeqStPer primtreeseq_for_borrow_into
  stdout ───

    running 1 test
    test primtreeseq_for_borrow_into ... FAILED

    failures:

    failures:
        primtreeseq_for_borrow_into

    test result: FAILED. 0 passed; 1 failed; 0 ignored; 0 measured; 5 filtered out; finished in 0.07s

  stderr ───
    error[E0433]: cannot find `Chap23` in `apas_verus`
      --> /home/milnes/projects/APAS-VERUS/rust_verify_test/target/release/build/rust_verify_test/9011e6819714ef8f/test_inputs/ProvePrimTreeSeqStPer-9011e6819714ef8f-primtreeseq_for_borrow_into/test.rs:17:17
       |
    17 | use apas_verus::Chap23::PrimTreeSeqStPer::PrimTreeSeqStPer::*;
       |                 ^^^^^^ could not find `Chap23` in `apas_verus`
       |
    note: found an item that was configured out
      --> src/lib.rs:383:48
       |
       = note: the item is gated here


    error[E0425]: cannot find type `PrimTreeSeqStS` in this scope
      --> /home/milnes/projects/APAS-VERUS/rust_verify_test/target/release/build/rust_verify_test/9011e6819714ef8f/test_inputs/ProvePrimTreeSeqStPer-9011e6819714ef8f-primtreeseq_for_borrow_into/test.rs:22:12
       |
    22 |     let a: PrimTreeSeqStS<u64> = PrimTreeSeqStS::from_vec(v);
       |            ^^^^^^^^^^^^^^ not found in this scope


    error[E0433]: cannot find type `PrimTreeSeqStS` in this scope
      --> /home/milnes/projects/APAS-VERUS/rust_verify_test/target/release/build/rust_verify_test/9011e6819714ef8f/test_inputs/ProvePrimTreeSeqStPer-9011e6819714ef8f-primtreeseq_for_borrow_into/test.rs:22:34
       |
    22 |     let a: PrimTreeSeqStS<u64> = PrimTreeSeqStS::from_vec(v);
       |                                  ^^^^^^^^^^^^^^ use of undeclared type `PrimTreeSeqStS`


    error: aborting due to 3 previous errors


    Some errors have detailed explanations: E0425, E0433.

    For more information about an error, try `rustc --explain E0425`.

    the input directory is /home/milnes/projects/APAS-VERUS/rust_verify_test/target/release/build/rust_verify_test/9011e6819714ef8f/test_inputs/ProvePrimTreeSeqStPer-9011e6819714ef8f-primtreeseq_for_borrow_into
    rerun this test with:
    verus --crate-type=lib  /home/milnes/projects/APAS-VERUS/rust_verify_test/target/release/build/rust_verify_test/9011e6819714ef8f/test_inputs/ProvePrimTreeSeqStPer-9011e6819714ef8f-primtreeseq_for_borrow_into/test.rs


    thread 'primtreeseq_for_borrow_into' (522389) panicked at tests/Chap23/ProvePrimTreeSeqStPer.rs:191:1:
    Err(_) does not match $result
    note: run with `RUST_BACKTRACE=1` environment variable to display a backtrace

        FAIL [   0.071s] (184/328) rust_verify_test::ProvePrimTreeSeqStPer primtreeseq_loop_borrow_into
  stdout ───

    running 1 test
    test primtreeseq_loop_borrow_into ... FAILED

    failures:

    failures:
        primtreeseq_loop_borrow_into

    test result: FAILED. 0 passed; 1 failed; 0 ignored; 0 measured; 5 filtered out; finished in 0.07s

  stderr ───
    error[E0433]: cannot find `Chap23` in `apas_verus`
      --> /home/milnes/projects/APAS-VERUS/rust_verify_test/target/release/build/rust_verify_test/9011e6819714ef8f/test_inputs/ProvePrimTreeSeqStPer-9011e6819714ef8f-primtreeseq_loop_borrow_into/test.rs:17:17
       |
    17 | use apas_verus::Chap23::PrimTreeSeqStPer::PrimTreeSeqStPer::*;
       |                 ^^^^^^ could not find `Chap23` in `apas_verus`
       |
    note: found an item that was configured out
      --> src/lib.rs:383:48
       |
       = note: the item is gated here


    error[E0425]: cannot find type `PrimTreeSeqStS` in this scope
      --> /home/milnes/projects/APAS-VERUS/rust_verify_test/target/release/build/rust_verify_test/9011e6819714ef8f/test_inputs/ProvePrimTreeSeqStPer-9011e6819714ef8f-primtreeseq_loop_borrow_into/test.rs:22:12
       |
    22 |     let a: PrimTreeSeqStS<u64> = PrimTreeSeqStS::from_vec(v);
       |            ^^^^^^^^^^^^^^ not found in this scope


    error[E0433]: cannot find type `PrimTreeSeqStS` in this scope
      --> /home/milnes/projects/APAS-VERUS/rust_verify_test/target/release/build/rust_verify_test/9011e6819714ef8f/test_inputs/ProvePrimTreeSeqStPer-9011e6819714ef8f-primtreeseq_loop_borrow_into/test.rs:22:34
       |
    22 |     let a: PrimTreeSeqStS<u64> = PrimTreeSeqStS::from_vec(v);
       |                                  ^^^^^^^^^^^^^^ use of undeclared type `PrimTreeSeqStS`


    error: aborting due to 3 previous errors


    Some errors have detailed explanations: E0425, E0433.

    For more information about an error, try `rustc --explain E0425`.

    the input directory is /home/milnes/projects/APAS-VERUS/rust_verify_test/target/release/build/rust_verify_test/9011e6819714ef8f/test_inputs/ProvePrimTreeSeqStPer-9011e6819714ef8f-primtreeseq_loop_borrow_into
    rerun this test with:
    verus --crate-type=lib  /home/milnes/projects/APAS-VERUS/rust_verify_test/target/release/build/rust_verify_test/9011e6819714ef8f/test_inputs/ProvePrimTreeSeqStPer-9011e6819714ef8f-primtreeseq_loop_borrow_into/test.rs


    thread 'primtreeseq_loop_borrow_into' (522408) panicked at tests/Chap23/ProvePrimTreeSeqStPer.rs:66:1:
    Err(_) does not match $result
    note: run with `RUST_BACKTRACE=1` environment variable to display a backtrace

        FAIL [   0.072s] (185/328) rust_verify_test::ProvePrimTreeSeqStPer primtreeseq_for_consume
  stdout ───

    running 1 test
    test primtreeseq_for_consume ... FAILED

    failures:

    failures:
        primtreeseq_for_consume

    test result: FAILED. 0 passed; 1 failed; 0 ignored; 0 measured; 5 filtered out; finished in 0.07s

  stderr ───
    error[E0433]: cannot find `Chap23` in `apas_verus`
      --> /home/milnes/projects/APAS-VERUS/rust_verify_test/target/release/build/rust_verify_test/9011e6819714ef8f/test_inputs/ProvePrimTreeSeqStPer-9011e6819714ef8f-primtreeseq_for_consume/test.rs:17:17
       |
    17 | use apas_verus::Chap23::PrimTreeSeqStPer::PrimTreeSeqStPer::*;
       |                 ^^^^^^ could not find `Chap23` in `apas_verus`
       |
    note: found an item that was configured out
      --> src/lib.rs:383:48
       |
       = note: the item is gated here


    error[E0425]: cannot find type `PrimTreeSeqStS` in this scope
      --> /home/milnes/projects/APAS-VERUS/rust_verify_test/target/release/build/rust_verify_test/9011e6819714ef8f/test_inputs/ProvePrimTreeSeqStPer-9011e6819714ef8f-primtreeseq_for_consume/test.rs:22:12
       |
    22 |     let a: PrimTreeSeqStS<u64> = PrimTreeSeqStS::from_vec(v);
       |            ^^^^^^^^^^^^^^ not found in this scope


    error[E0433]: cannot find type `PrimTreeSeqStS` in this scope
      --> /home/milnes/projects/APAS-VERUS/rust_verify_test/target/release/build/rust_verify_test/9011e6819714ef8f/test_inputs/ProvePrimTreeSeqStPer-9011e6819714ef8f-primtreeseq_for_consume/test.rs:22:34
       |
    22 |     let a: PrimTreeSeqStS<u64> = PrimTreeSeqStS::from_vec(v);
       |                                  ^^^^^^^^^^^^^^ use of undeclared type `PrimTreeSeqStS`


    error: aborting due to 3 previous errors


    Some errors have detailed explanations: E0425, E0433.

    For more information about an error, try `rustc --explain E0425`.

    the input directory is /home/milnes/projects/APAS-VERUS/rust_verify_test/target/release/build/rust_verify_test/9011e6819714ef8f/test_inputs/ProvePrimTreeSeqStPer-9011e6819714ef8f-primtreeseq_for_consume
    rerun this test with:
    verus --crate-type=lib  /home/milnes/projects/APAS-VERUS/rust_verify_test/target/release/build/rust_verify_test/9011e6819714ef8f/test_inputs/ProvePrimTreeSeqStPer-9011e6819714ef8f-primtreeseq_for_consume/test.rs


    thread 'primtreeseq_for_consume' (522396) panicked at tests/Chap23/ProvePrimTreeSeqStPer.rs:219:1:
    Err(_) does not match $result
    note: run with `RUST_BACKTRACE=1` environment variable to display a backtrace

        FAIL [   0.070s] (186/328) rust_verify_test::ProvePrimTreeSeqStPer primtreeseq_loop_consume
  stdout ───

    running 1 test
    test primtreeseq_loop_consume ... FAILED

    failures:

    failures:
        primtreeseq_loop_consume

    test result: FAILED. 0 passed; 1 failed; 0 ignored; 0 measured; 5 filtered out; finished in 0.07s

  stderr ───
    error[E0433]: cannot find `Chap23` in `apas_verus`
      --> /home/milnes/projects/APAS-VERUS/rust_verify_test/target/release/build/rust_verify_test/9011e6819714ef8f/test_inputs/ProvePrimTreeSeqStPer-9011e6819714ef8f-primtreeseq_loop_consume/test.rs:17:17
       |
    17 | use apas_verus::Chap23::PrimTreeSeqStPer::PrimTreeSeqStPer::*;
       |                 ^^^^^^ could not find `Chap23` in `apas_verus`
       |
    note: found an item that was configured out
      --> src/lib.rs:383:48
       |
       = note: the item is gated here


    error[E0425]: cannot find type `PrimTreeSeqStS` in this scope
      --> /home/milnes/projects/APAS-VERUS/rust_verify_test/target/release/build/rust_verify_test/9011e6819714ef8f/test_inputs/ProvePrimTreeSeqStPer-9011e6819714ef8f-primtreeseq_loop_consume/test.rs:22:12
       |
    22 |     let a: PrimTreeSeqStS<u64> = PrimTreeSeqStS::from_vec(v);
       |            ^^^^^^^^^^^^^^ not found in this scope


    error[E0433]: cannot find type `PrimTreeSeqStS` in this scope
      --> /home/milnes/projects/APAS-VERUS/rust_verify_test/target/release/build/rust_verify_test/9011e6819714ef8f/test_inputs/ProvePrimTreeSeqStPer-9011e6819714ef8f-primtreeseq_loop_consume/test.rs:22:34
       |
    22 |     let a: PrimTreeSeqStS<u64> = PrimTreeSeqStS::from_vec(v);
       |                                  ^^^^^^^^^^^^^^ use of undeclared type `PrimTreeSeqStS`


    error: aborting due to 3 previous errors


    Some errors have detailed explanations: E0425, E0433.

    For more information about an error, try `rustc --explain E0425`.

    the input directory is /home/milnes/projects/APAS-VERUS/rust_verify_test/target/release/build/rust_verify_test/9011e6819714ef8f/test_inputs/ProvePrimTreeSeqStPer-9011e6819714ef8f-primtreeseq_loop_consume
    rerun this test with:
    verus --crate-type=lib  /home/milnes/projects/APAS-VERUS/rust_verify_test/target/release/build/rust_verify_test/9011e6819714ef8f/test_inputs/ProvePrimTreeSeqStPer-9011e6819714ef8f-primtreeseq_loop_consume/test.rs


    thread 'primtreeseq_loop_consume' (522482) panicked at tests/Chap23/ProvePrimTreeSeqStPer.rs:115:1:
    Err(_) does not match $result
    note: run with `RUST_BACKTRACE=1` environment variable to display a backtrace

        FAIL [   0.070s] (187/328) rust_verify_test::ProvePrimTreeSeqStPer primtreeseq_loop_borrow_iter
  stdout ───

    running 1 test
    test primtreeseq_loop_borrow_iter ... FAILED

    failures:

    failures:
        primtreeseq_loop_borrow_iter

    test result: FAILED. 0 passed; 1 failed; 0 ignored; 0 measured; 5 filtered out; finished in 0.07s

  stderr ───
    error[E0433]: cannot find `Chap23` in `apas_verus`
      --> /home/milnes/projects/APAS-VERUS/rust_verify_test/target/release/build/rust_verify_test/9011e6819714ef8f/test_inputs/ProvePrimTreeSeqStPer-9011e6819714ef8f-primtreeseq_loop_borrow_iter/test.rs:17:17
       |
    17 | use apas_verus::Chap23::PrimTreeSeqStPer::PrimTreeSeqStPer::*;
       |                 ^^^^^^ could not find `Chap23` in `apas_verus`
       |
    note: found an item that was configured out
      --> src/lib.rs:383:48
       |
       = note: the item is gated here


    error[E0425]: cannot find type `PrimTreeSeqStS` in this scope
      --> /home/milnes/projects/APAS-VERUS/rust_verify_test/target/release/build/rust_verify_test/9011e6819714ef8f/test_inputs/ProvePrimTreeSeqStPer-9011e6819714ef8f-primtreeseq_loop_borrow_iter/test.rs:22:12
       |
    22 |     let a: PrimTreeSeqStS<u64> = PrimTreeSeqStS::from_vec(v);
       |            ^^^^^^^^^^^^^^ not found in this scope


    error[E0433]: cannot find type `PrimTreeSeqStS` in this scope
      --> /home/milnes/projects/APAS-VERUS/rust_verify_test/target/release/build/rust_verify_test/9011e6819714ef8f/test_inputs/ProvePrimTreeSeqStPer-9011e6819714ef8f-primtreeseq_loop_borrow_iter/test.rs:22:34
       |
    22 |     let a: PrimTreeSeqStS<u64> = PrimTreeSeqStS::from_vec(v);
       |                                  ^^^^^^^^^^^^^^ use of undeclared type `PrimTreeSeqStS`


    error: aborting due to 3 previous errors


    Some errors have detailed explanations: E0425, E0433.

    For more information about an error, try `rustc --explain E0425`.

    the input directory is /home/milnes/projects/APAS-VERUS/rust_verify_test/target/release/build/rust_verify_test/9011e6819714ef8f/test_inputs/ProvePrimTreeSeqStPer-9011e6819714ef8f-primtreeseq_loop_borrow_iter
    rerun this test with:
    verus --crate-type=lib  /home/milnes/projects/APAS-VERUS/rust_verify_test/target/release/build/rust_verify_test/9011e6819714ef8f/test_inputs/ProvePrimTreeSeqStPer-9011e6819714ef8f-primtreeseq_loop_borrow_iter/test.rs


    thread 'primtreeseq_loop_borrow_iter' (522483) panicked at tests/Chap23/ProvePrimTreeSeqStPer.rs:17:1:
    Err(_) does not match $result
    note: run with `RUST_BACKTRACE=1` environment variable to display a backtrace

        PASS [   1.185s] (188/328) rust_verify_test::ProveMappingStEph mappingsteph_loop_borrow_into
        PASS [   1.051s] (189/328) rust_verify_test::ProveMappingStEph mappingsteph_loop_borrow_iter
        FAIL [   0.803s] (190/328) rust_verify_test::ProveSetMtEph set_mt_eph_for_borrow_iter
  stdout ───

    running 1 test
    test set_mt_eph_for_borrow_iter ... FAILED

    failures:

    failures:
        set_mt_eph_for_borrow_iter

    test result: FAILED. 0 passed; 1 failed; 0 ignored; 0 measured; 3 filtered out; finished in 0.80s

  stderr ───
    error: `apas_verus::Chap05::SetMtEph::SetMtEph::impl&%7::empty` is not supported (note: you may be able to add a Verus specification to this function with `assume_specification`)
      --> /home/milnes/projects/APAS-VERUS/rust_verify_test/target/release/build/rust_verify_test/f493000dada629e6/test_inputs/ProveSetMtEph-f493000dada629e6-set_mt_eph_for_borrow_iter/test.rs:24:28
       |
    24 |     let a: SetMtEph<u64> = SetMtLit![1u64, 2u64, 3u64];
       |                            ^^^^^^^^^^^^^^^^^^^^^^^^^^^
       |
       = help: The following declaration may resolve this error:
               pub assume_specification<T> [<apas_verus::Chap05::SetMtEph::SetMtEph::SetMtEph<T> as apas_verus::Chap05::SetMtEph::SetMtEph::SetMtEphTrait<T>>::empty] () -> apas_verus::Chap05::SetMtEph::SetMtEph::SetMtEph<T>
               where
               T: apas_verus::Types::Types::StT + std::hash::Hash,;
       = note: this error originates in the macro `SetMtLit` (in Nightly builds, run with -Z macro-backtrace for more info)


    error: `apas_verus::Chap05::SetMtEph::SetMtEph::impl&%7::insert` is not supported (note: you may be able to add a Verus specification to this function with `assume_specification`)
      --> /home/milnes/projects/APAS-VERUS/rust_verify_test/target/release/build/rust_verify_test/f493000dada629e6/test_inputs/ProveSetMtEph-f493000dada629e6-set_mt_eph_for_borrow_iter/test.rs:24:28
       |
    24 |     let a: SetMtEph<u64> = SetMtLit![1u64, 2u64, 3u64];
       |                            ^^^^^^^^^^^^^^^^^^^^^^^^^^^
       |
       = help: The following declaration may resolve this error:
               pub assume_specification<T> [<apas_verus::Chap05::SetMtEph::SetMtEph::SetMtEph<T> as apas_verus::Chap05::SetMtEph::SetMtEph::SetMtEphTrait<T>>::insert] (_0: &mut apas_verus::Chap05::SetMtEph::SetMtEph::SetMtEph<T>, _1: T) -> bool
               where
               T: apas_verus::Types::Types::StT + std::hash::Hash,;
       = note: this error originates in the macro `SetMtLit` (in Nightly builds, run with -Z macro-backtrace for more info)


    error: `apas_verus::Chap05::SetMtEph::SetMtEph::impl&%7::iter` is not supported (note: you may be able to add a Verus specification to this function with `assume_specification`)
      --> /home/milnes/projects/APAS-VERUS/rust_verify_test/target/release/build/rust_verify_test/f493000dada629e6/test_inputs/ProveSetMtEph-f493000dada629e6-set_mt_eph_for_borrow_iter/test.rs:25:15
       |
    25 |     let it0 = a.iter();
       |               ^^^^^^^^
       |
       = help: The following declaration may resolve this error:
               pub assume_specification<T> [<apas_verus::Chap05::SetMtEph::SetMtEph::SetMtEph<T> as apas_verus::Chap05::SetMtEph::SetMtEph::SetMtEphTrait<T>>::iter] (_0: &'a apas_verus::Chap05::SetMtEph::SetMtEph::SetMtEph<T>) -> std::collections::hash_set::Iter<'a, T>
               where
               T: apas_verus::Types::Types::StT + std::hash::Hash,;


    error: aborting due to 3 previous errors


    the input directory is /home/milnes/projects/APAS-VERUS/rust_verify_test/target/release/build/rust_verify_test/f493000dada629e6/test_inputs/ProveSetMtEph-f493000dada629e6-set_mt_eph_for_borrow_iter
    rerun this test with:
    verus --crate-type=lib  /home/milnes/projects/APAS-VERUS/rust_verify_test/target/release/build/rust_verify_test/f493000dada629e6/test_inputs/ProveSetMtEph-f493000dada629e6-set_mt_eph_for_borrow_iter/test.rs


    thread 'set_mt_eph_for_borrow_iter' (522614) panicked at tests/Chap05/ProveSetMtEph.rs:120:1:
    Err(_) does not match $result
    note: run with `RUST_BACKTRACE=1` environment variable to display a backtrace

        FAIL [   0.932s] (191/328) rust_verify_test::ProveSetMtEph set_mt_eph_for_borrow_into
  stdout ───

    running 1 test
    test set_mt_eph_for_borrow_into ... FAILED

    failures:

    failures:
        set_mt_eph_for_borrow_into

    test result: FAILED. 0 passed; 1 failed; 0 ignored; 0 measured; 3 filtered out; finished in 0.93s

  stderr ───
    error: `apas_verus::Chap05::SetMtEph::SetMtEph::impl&%7::empty` is not supported (note: you may be able to add a Verus specification to this function with `assume_specification`)
      --> /home/milnes/projects/APAS-VERUS/rust_verify_test/target/release/build/rust_verify_test/f493000dada629e6/test_inputs/ProveSetMtEph-f493000dada629e6-set_mt_eph_for_borrow_into/test.rs:24:28
       |
    24 |     let a: SetMtEph<u64> = SetMtLit![1u64, 2u64, 3u64];
       |                            ^^^^^^^^^^^^^^^^^^^^^^^^^^^
       |
       = help: The following declaration may resolve this error:
               pub assume_specification<T> [<apas_verus::Chap05::SetMtEph::SetMtEph::SetMtEph<T> as apas_verus::Chap05::SetMtEph::SetMtEph::SetMtEphTrait<T>>::empty] () -> apas_verus::Chap05::SetMtEph::SetMtEph::SetMtEph<T>
               where
               T: apas_verus::Types::Types::StT + std::hash::Hash,;
       = note: this error originates in the macro `SetMtLit` (in Nightly builds, run with -Z macro-backtrace for more info)


    error: `apas_verus::Chap05::SetMtEph::SetMtEph::impl&%7::insert` is not supported (note: you may be able to add a Verus specification to this function with `assume_specification`)
      --> /home/milnes/projects/APAS-VERUS/rust_verify_test/target/release/build/rust_verify_test/f493000dada629e6/test_inputs/ProveSetMtEph-f493000dada629e6-set_mt_eph_for_borrow_into/test.rs:24:28
       |
    24 |     let a: SetMtEph<u64> = SetMtLit![1u64, 2u64, 3u64];
       |                            ^^^^^^^^^^^^^^^^^^^^^^^^^^^
       |
       = help: The following declaration may resolve this error:
               pub assume_specification<T> [<apas_verus::Chap05::SetMtEph::SetMtEph::SetMtEph<T> as apas_verus::Chap05::SetMtEph::SetMtEph::SetMtEphTrait<T>>::insert] (_0: &mut apas_verus::Chap05::SetMtEph::SetMtEph::SetMtEph<T>, _1: T) -> bool
               where
               T: apas_verus::Types::Types::StT + std::hash::Hash,;
       = note: this error originates in the macro `SetMtLit` (in Nightly builds, run with -Z macro-backtrace for more info)


    error: aborting due to 2 previous errors


    the input directory is /home/milnes/projects/APAS-VERUS/rust_verify_test/target/release/build/rust_verify_test/f493000dada629e6/test_inputs/ProveSetMtEph-f493000dada629e6-set_mt_eph_for_borrow_into
    rerun this test with:
    verus --crate-type=lib  /home/milnes/projects/APAS-VERUS/rust_verify_test/target/release/build/rust_verify_test/f493000dada629e6/test_inputs/ProveSetMtEph-f493000dada629e6-set_mt_eph_for_borrow_into/test.rs


    thread 'set_mt_eph_for_borrow_into' (522612) panicked at tests/Chap05/ProveSetMtEph.rs:150:1:
    Err(_) does not match $result
    note: run with `RUST_BACKTRACE=1` environment variable to display a backtrace

        PASS [   1.078s] (192/328) rust_verify_test::ProveRelationStEph relationsteph_loop_borrow_iter
        PASS [   1.181s] (193/328) rust_verify_test::ProveRelationStEph relationsteph_for_borrow_iter
        PASS [   1.217s] (194/328) rust_verify_test::ProveRelationStEph relationsteph_loop_borrow_into
        PASS [   1.345s] (195/328) rust_verify_test::ProveRelationStEph relationsteph_for_borrow_into
        FAIL [   0.798s] (196/328) rust_verify_test::ProveSetMtEph set_mt_eph_loop_borrow_into
  stdout ───

    running 1 test
    test set_mt_eph_loop_borrow_into ... FAILED

    failures:

    failures:
        set_mt_eph_loop_borrow_into

    test result: FAILED. 0 passed; 1 failed; 0 ignored; 0 measured; 3 filtered out; finished in 0.79s

  stderr ───
    error: `apas_verus::Chap05::SetMtEph::SetMtEph::impl&%7::empty` is not supported (note: you may be able to add a Verus specification to this function with `assume_specification`)
      --> /home/milnes/projects/APAS-VERUS/rust_verify_test/target/release/build/rust_verify_test/f493000dada629e6/test_inputs/ProveSetMtEph-f493000dada629e6-set_mt_eph_loop_borrow_into/test.rs:24:28
       |
    24 |     let a: SetMtEph<u64> = SetMtLit![1u64, 2u64, 3u64];
       |                            ^^^^^^^^^^^^^^^^^^^^^^^^^^^
       |
       = help: The following declaration may resolve this error:
               pub assume_specification<T> [<apas_verus::Chap05::SetMtEph::SetMtEph::SetMtEph<T> as apas_verus::Chap05::SetMtEph::SetMtEph::SetMtEphTrait<T>>::empty] () -> apas_verus::Chap05::SetMtEph::SetMtEph::SetMtEph<T>
               where
               T: apas_verus::Types::Types::StT + std::hash::Hash,;
       = note: this error originates in the macro `SetMtLit` (in Nightly builds, run with -Z macro-backtrace for more info)


    error: `apas_verus::Chap05::SetMtEph::SetMtEph::impl&%7::insert` is not supported (note: you may be able to add a Verus specification to this function with `assume_specification`)
      --> /home/milnes/projects/APAS-VERUS/rust_verify_test/target/release/build/rust_verify_test/f493000dada629e6/test_inputs/ProveSetMtEph-f493000dada629e6-set_mt_eph_loop_borrow_into/test.rs:24:28
       |
    24 |     let a: SetMtEph<u64> = SetMtLit![1u64, 2u64, 3u64];
       |                            ^^^^^^^^^^^^^^^^^^^^^^^^^^^
       |
       = help: The following declaration may resolve this error:
               pub assume_specification<T> [<apas_verus::Chap05::SetMtEph::SetMtEph::SetMtEph<T> as apas_verus::Chap05::SetMtEph::SetMtEph::SetMtEphTrait<T>>::insert] (_0: &mut apas_verus::Chap05::SetMtEph::SetMtEph::SetMtEph<T>, _1: T) -> bool
               where
               T: apas_verus::Types::Types::StT + std::hash::Hash,;
       = note: this error originates in the macro `SetMtLit` (in Nightly builds, run with -Z macro-backtrace for more info)


    error: aborting due to 2 previous errors


    the input directory is /home/milnes/projects/APAS-VERUS/rust_verify_test/target/release/build/rust_verify_test/f493000dada629e6/test_inputs/ProveSetMtEph-f493000dada629e6-set_mt_eph_loop_borrow_into
    rerun this test with:
    verus --crate-type=lib  /home/milnes/projects/APAS-VERUS/rust_verify_test/target/release/build/rust_verify_test/f493000dada629e6/test_inputs/ProveSetMtEph-f493000dada629e6-set_mt_eph_loop_borrow_into/test.rs


    thread 'set_mt_eph_loop_borrow_into' (522689) panicked at tests/Chap05/ProveSetMtEph.rs:69:1:
    Err(_) does not match $result
    note: run with `RUST_BACKTRACE=1` environment variable to display a backtrace

        FAIL [   0.081s] (197/328) rust_verify_test::ProveTableMtEph tablemteph_for_borrow_iter
  stdout ───

    running 1 test
    test tablemteph_for_borrow_iter ... FAILED

    failures:

    failures:
        tablemteph_for_borrow_iter

    test result: FAILED. 0 passed; 1 failed; 0 ignored; 0 measured; 1 filtered out; finished in 0.08s

  stderr ───
    error[E0433]: cannot find `Chap42` in `apas_verus`
      --> /home/milnes/projects/APAS-VERUS/rust_verify_test/target/release/build/rust_verify_test/ae6adaf75a3b4028/test_inputs/ProveTableMtEph-ae6adaf75a3b4028-tablemteph_for_borrow_iter/test.rs:18:17
       |
    18 | use apas_verus::Chap42::TableMtEph::TableMtEph::*;
       |                 ^^^^^^ could not find `Chap42` in `apas_verus`
       |
    note: found an item that was configured out
      --> src/lib.rs:506:48
       |
       = note: the item is gated here


    error[E0425]: cannot find type `TableMtEph` in this scope
      --> /home/milnes/projects/APAS-VERUS/rust_verify_test/target/release/build/rust_verify_test/ae6adaf75a3b4028/test_inputs/ProveTableMtEph-ae6adaf75a3b4028-tablemteph_for_borrow_iter/test.rs:24:12
       |
    24 |     let t: TableMtEph<u64, u64> = TableMtEph::singleton(1u64, 10u64);
       |            ^^^^^^^^^^ not found in this scope


    error[E0433]: cannot find type `TableMtEph` in this scope
      --> /home/milnes/projects/APAS-VERUS/rust_verify_test/target/release/build/rust_verify_test/ae6adaf75a3b4028/test_inputs/ProveTableMtEph-ae6adaf75a3b4028-tablemteph_for_borrow_iter/test.rs:24:35
       |
    24 |     let t: TableMtEph<u64, u64> = TableMtEph::singleton(1u64, 10u64);
       |                                   ^^^^^^^^^^ use of undeclared type `TableMtEph`


    error: aborting due to 3 previous errors


    Some errors have detailed explanations: E0425, E0433.

    For more information about an error, try `rustc --explain E0425`.

    the input directory is /home/milnes/projects/APAS-VERUS/rust_verify_test/target/release/build/rust_verify_test/ae6adaf75a3b4028/test_inputs/ProveTableMtEph-ae6adaf75a3b4028-tablemteph_for_borrow_iter
    rerun this test with:
    verus --crate-type=lib  /home/milnes/projects/APAS-VERUS/rust_verify_test/target/release/build/rust_verify_test/ae6adaf75a3b4028/test_inputs/ProveTableMtEph-ae6adaf75a3b4028-tablemteph_for_borrow_iter/test.rs


    thread 'tablemteph_for_borrow_iter' (522849) panicked at tests/Chap42/ProveTableMtEph.rs:74:1:
    Err(_) does not match $result
    note: run with `RUST_BACKTRACE=1` environment variable to display a backtrace

        FAIL [   0.766s] (198/328) rust_verify_test::ProveSetMtEph set_mt_eph_loop_borrow_iter
  stdout ───

    running 1 test
    test set_mt_eph_loop_borrow_iter ... FAILED

    failures:

    failures:
        set_mt_eph_loop_borrow_iter

    test result: FAILED. 0 passed; 1 failed; 0 ignored; 0 measured; 3 filtered out; finished in 0.76s

  stderr ───
    error: `apas_verus::Chap05::SetMtEph::SetMtEph::impl&%7::empty` is not supported (note: you may be able to add a Verus specification to this function with `assume_specification`)
      --> /home/milnes/projects/APAS-VERUS/rust_verify_test/target/release/build/rust_verify_test/f493000dada629e6/test_inputs/ProveSetMtEph-f493000dada629e6-set_mt_eph_loop_borrow_iter/test.rs:24:28
       |
    24 |     let a: SetMtEph<u64> = SetMtLit![1u64, 2u64, 3u64];
       |                            ^^^^^^^^^^^^^^^^^^^^^^^^^^^
       |
       = help: The following declaration may resolve this error:
               pub assume_specification<T> [<apas_verus::Chap05::SetMtEph::SetMtEph::SetMtEph<T> as apas_verus::Chap05::SetMtEph::SetMtEph::SetMtEphTrait<T>>::empty] () -> apas_verus::Chap05::SetMtEph::SetMtEph::SetMtEph<T>
               where
               T: apas_verus::Types::Types::StT + std::hash::Hash,;
       = note: this error originates in the macro `SetMtLit` (in Nightly builds, run with -Z macro-backtrace for more info)


    error: `apas_verus::Chap05::SetMtEph::SetMtEph::impl&%7::insert` is not supported (note: you may be able to add a Verus specification to this function with `assume_specification`)
      --> /home/milnes/projects/APAS-VERUS/rust_verify_test/target/release/build/rust_verify_test/f493000dada629e6/test_inputs/ProveSetMtEph-f493000dada629e6-set_mt_eph_loop_borrow_iter/test.rs:24:28
       |
    24 |     let a: SetMtEph<u64> = SetMtLit![1u64, 2u64, 3u64];
       |                            ^^^^^^^^^^^^^^^^^^^^^^^^^^^
       |
       = help: The following declaration may resolve this error:
               pub assume_specification<T> [<apas_verus::Chap05::SetMtEph::SetMtEph::SetMtEph<T> as apas_verus::Chap05::SetMtEph::SetMtEph::SetMtEphTrait<T>>::insert] (_0: &mut apas_verus::Chap05::SetMtEph::SetMtEph::SetMtEph<T>, _1: T) -> bool
               where
               T: apas_verus::Types::Types::StT + std::hash::Hash,;
       = note: this error originates in the macro `SetMtLit` (in Nightly builds, run with -Z macro-backtrace for more info)


    error: `apas_verus::Chap05::SetMtEph::SetMtEph::impl&%7::iter` is not supported (note: you may be able to add a Verus specification to this function with `assume_specification`)
      --> /home/milnes/projects/APAS-VERUS/rust_verify_test/target/release/build/rust_verify_test/f493000dada629e6/test_inputs/ProveSetMtEph-f493000dada629e6-set_mt_eph_loop_borrow_iter/test.rs:25:15
       |
    25 |     let it0 = a.iter();
       |               ^^^^^^^^
       |
       = help: The following declaration may resolve this error:
               pub assume_specification<T> [<apas_verus::Chap05::SetMtEph::SetMtEph::SetMtEph<T> as apas_verus::Chap05::SetMtEph::SetMtEph::SetMtEphTrait<T>>::iter] (_0: &'a apas_verus::Chap05::SetMtEph::SetMtEph::SetMtEph<T>) -> std::collections::hash_set::Iter<'a, T>
               where
               T: apas_verus::Types::Types::StT + std::hash::Hash,;


    error: aborting due to 3 previous errors


    the input directory is /home/milnes/projects/APAS-VERUS/rust_verify_test/target/release/build/rust_verify_test/f493000dada629e6/test_inputs/ProveSetMtEph-f493000dada629e6-set_mt_eph_loop_borrow_iter
    rerun this test with:
    verus --crate-type=lib  /home/milnes/projects/APAS-VERUS/rust_verify_test/target/release/build/rust_verify_test/f493000dada629e6/test_inputs/ProveSetMtEph-f493000dada629e6-set_mt_eph_loop_borrow_iter/test.rs


    thread 'set_mt_eph_loop_borrow_iter' (522714) panicked at tests/Chap05/ProveSetMtEph.rs:18:1:
    Err(_) does not match $result
    note: run with `RUST_BACKTRACE=1` environment variable to display a backtrace

        FAIL [   0.066s] (199/328) rust_verify_test::ProveTableMtEph tablemteph_loop_borrow_iter
  stdout ───

    running 1 test
    test tablemteph_loop_borrow_iter ... FAILED

    failures:

    failures:
        tablemteph_loop_borrow_iter

    test result: FAILED. 0 passed; 1 failed; 0 ignored; 0 measured; 1 filtered out; finished in 0.06s

  stderr ───
    error[E0433]: cannot find `Chap42` in `apas_verus`
      --> /home/milnes/projects/APAS-VERUS/rust_verify_test/target/release/build/rust_verify_test/ae6adaf75a3b4028/test_inputs/ProveTableMtEph-ae6adaf75a3b4028-tablemteph_loop_borrow_iter/test.rs:18:17
       |
    18 | use apas_verus::Chap42::TableMtEph::TableMtEph::*;
       |                 ^^^^^^ could not find `Chap42` in `apas_verus`
       |
    note: found an item that was configured out
      --> src/lib.rs:506:48
       |
       = note: the item is gated here


    error[E0425]: cannot find type `TableMtEph` in this scope
      --> /home/milnes/projects/APAS-VERUS/rust_verify_test/target/release/build/rust_verify_test/ae6adaf75a3b4028/test_inputs/ProveTableMtEph-ae6adaf75a3b4028-tablemteph_loop_borrow_iter/test.rs:24:12
       |
    24 |     let t: TableMtEph<u64, u64> = TableMtEph::singleton(1u64, 10u64);
       |            ^^^^^^^^^^ not found in this scope


    error[E0433]: cannot find type `TableMtEph` in this scope
      --> /home/milnes/projects/APAS-VERUS/rust_verify_test/target/release/build/rust_verify_test/ae6adaf75a3b4028/test_inputs/ProveTableMtEph-ae6adaf75a3b4028-tablemteph_loop_borrow_iter/test.rs:24:35
       |
    24 |     let t: TableMtEph<u64, u64> = TableMtEph::singleton(1u64, 10u64);
       |                                   ^^^^^^^^^^ use of undeclared type `TableMtEph`


    error: aborting due to 3 previous errors


    Some errors have detailed explanations: E0425, E0433.

    For more information about an error, try `rustc --explain E0425`.

    the input directory is /home/milnes/projects/APAS-VERUS/rust_verify_test/target/release/build/rust_verify_test/ae6adaf75a3b4028/test_inputs/ProveTableMtEph-ae6adaf75a3b4028-tablemteph_loop_borrow_iter
    rerun this test with:
    verus --crate-type=lib  /home/milnes/projects/APAS-VERUS/rust_verify_test/target/release/build/rust_verify_test/ae6adaf75a3b4028/test_inputs/ProveTableMtEph-ae6adaf75a3b4028-tablemteph_loop_borrow_iter/test.rs


    thread 'tablemteph_loop_borrow_iter' (522880) panicked at tests/Chap42/ProveTableMtEph.rs:18:1:
    Err(_) does not match $result
    note: run with `RUST_BACKTRACE=1` environment variable to display a backtrace

        FAIL [   0.076s] (200/328) rust_verify_test::ProveTableStEph tablesteph_for_borrow_into
  stdout ───

    running 1 test
    test tablesteph_for_borrow_into ... FAILED

    failures:

    failures:
        tablesteph_for_borrow_into

    test result: FAILED. 0 passed; 1 failed; 0 ignored; 0 measured; 3 filtered out; finished in 0.07s

  stderr ───
    error[E0433]: cannot find `Chap42` in `apas_verus`
      --> /home/milnes/projects/APAS-VERUS/rust_verify_test/target/release/build/rust_verify_test/bb71d3412e650392/test_inputs/ProveTableStEph-bb71d3412e650392-tablesteph_for_borrow_into/test.rs:17:17
       |
    17 | use apas_verus::Chap42::TableStEph::TableStEph::*;
       |                 ^^^^^^ could not find `Chap42` in `apas_verus`
       |
    note: found an item that was configured out
      --> src/lib.rs:506:48
       |
       = note: the item is gated here


    error[E0425]: cannot find type `TableStEph` in this scope
      --> /home/milnes/projects/APAS-VERUS/rust_verify_test/target/release/build/rust_verify_test/bb71d3412e650392/test_inputs/ProveTableStEph-bb71d3412e650392-tablesteph_for_borrow_into/test.rs:21:12
       |
    21 |     let a: TableStEph<u64, u64> = TableStEph::empty();
       |            ^^^^^^^^^^ not found in this scope


    error[E0433]: cannot find type `TableStEph` in this scope
      --> /home/milnes/projects/APAS-VERUS/rust_verify_test/target/release/build/rust_verify_test/bb71d3412e650392/test_inputs/ProveTableStEph-bb71d3412e650392-tablesteph_for_borrow_into/test.rs:21:35
       |
    21 |     let a: TableStEph<u64, u64> = TableStEph::empty();
       |                                   ^^^^^^^^^^ use of undeclared type `TableStEph`


    error: aborting due to 3 previous errors


    Some errors have detailed explanations: E0425, E0433.

    For more information about an error, try `rustc --explain E0425`.

    the input directory is /home/milnes/projects/APAS-VERUS/rust_verify_test/target/release/build/rust_verify_test/bb71d3412e650392/test_inputs/ProveTableStEph-bb71d3412e650392-tablesteph_for_borrow_into
    rerun this test with:
    verus --crate-type=lib  /home/milnes/projects/APAS-VERUS/rust_verify_test/target/release/build/rust_verify_test/bb71d3412e650392/test_inputs/ProveTableStEph-bb71d3412e650392-tablesteph_for_borrow_into/test.rs


    thread 'tablesteph_for_borrow_into' (522900) panicked at tests/Chap42/ProveTableStEph.rs:141:1:
    Err(_) does not match $result
    note: run with `RUST_BACKTRACE=1` environment variable to display a backtrace

        FAIL [   0.056s] (201/328) rust_verify_test::ProveTableStEph tablesteph_for_borrow_iter
  stdout ───

    running 1 test
    test tablesteph_for_borrow_iter ... FAILED

    failures:

    failures:
        tablesteph_for_borrow_iter

    test result: FAILED. 0 passed; 1 failed; 0 ignored; 0 measured; 3 filtered out; finished in 0.05s

  stderr ───
    error[E0433]: cannot find `Chap42` in `apas_verus`
      --> /home/milnes/projects/APAS-VERUS/rust_verify_test/target/release/build/rust_verify_test/bb71d3412e650392/test_inputs/ProveTableStEph-bb71d3412e650392-tablesteph_for_borrow_iter/test.rs:17:17
       |
    17 | use apas_verus::Chap42::TableStEph::TableStEph::*;
       |                 ^^^^^^ could not find `Chap42` in `apas_verus`
       |
    note: found an item that was configured out
      --> src/lib.rs:506:48
       |
       = note: the item is gated here


    error[E0425]: cannot find type `TableStEph` in this scope
      --> /home/milnes/projects/APAS-VERUS/rust_verify_test/target/release/build/rust_verify_test/bb71d3412e650392/test_inputs/ProveTableStEph-bb71d3412e650392-tablesteph_for_borrow_iter/test.rs:21:12
       |
    21 |     let a: TableStEph<u64, u64> = TableStEph::empty();
       |            ^^^^^^^^^^ not found in this scope


    error[E0433]: cannot find type `TableStEph` in this scope
      --> /home/milnes/projects/APAS-VERUS/rust_verify_test/target/release/build/rust_verify_test/bb71d3412e650392/test_inputs/ProveTableStEph-bb71d3412e650392-tablesteph_for_borrow_iter/test.rs:21:35
       |
    21 |     let a: TableStEph<u64, u64> = TableStEph::empty();
       |                                   ^^^^^^^^^^ use of undeclared type `TableStEph`


    error: aborting due to 3 previous errors


    Some errors have detailed explanations: E0425, E0433.

    For more information about an error, try `rustc --explain E0425`.

    the input directory is /home/milnes/projects/APAS-VERUS/rust_verify_test/target/release/build/rust_verify_test/bb71d3412e650392/test_inputs/ProveTableStEph-bb71d3412e650392-tablesteph_for_borrow_iter
    rerun this test with:
    verus --crate-type=lib  /home/milnes/projects/APAS-VERUS/rust_verify_test/target/release/build/rust_verify_test/bb71d3412e650392/test_inputs/ProveTableStEph-bb71d3412e650392-tablesteph_for_borrow_iter/test.rs


    thread 'tablesteph_for_borrow_iter' (522925) panicked at tests/Chap42/ProveTableStEph.rs:114:1:
    Err(_) does not match $result
    note: run with `RUST_BACKTRACE=1` environment variable to display a backtrace

        FAIL [   0.060s] (202/328) rust_verify_test::ProveTableStEph tablesteph_loop_borrow_into
  stdout ───

    running 1 test
    test tablesteph_loop_borrow_into ... FAILED

    failures:

    failures:
        tablesteph_loop_borrow_into

    test result: FAILED. 0 passed; 1 failed; 0 ignored; 0 measured; 3 filtered out; finished in 0.06s

  stderr ───
    error[E0433]: cannot find `Chap42` in `apas_verus`
      --> /home/milnes/projects/APAS-VERUS/rust_verify_test/target/release/build/rust_verify_test/bb71d3412e650392/test_inputs/ProveTableStEph-bb71d3412e650392-tablesteph_loop_borrow_into/test.rs:17:17
       |
    17 | use apas_verus::Chap42::TableStEph::TableStEph::*;
       |                 ^^^^^^ could not find `Chap42` in `apas_verus`
       |
    note: found an item that was configured out
      --> src/lib.rs:506:48
       |
       = note: the item is gated here


    error[E0425]: cannot find type `TableStEph` in this scope
      --> /home/milnes/projects/APAS-VERUS/rust_verify_test/target/release/build/rust_verify_test/bb71d3412e650392/test_inputs/ProveTableStEph-bb71d3412e650392-tablesteph_loop_borrow_into/test.rs:21:12
       |
    21 |     let a: TableStEph<u64, u64> = TableStEph::empty();
       |            ^^^^^^^^^^ not found in this scope


    error[E0433]: cannot find type `TableStEph` in this scope
      --> /home/milnes/projects/APAS-VERUS/rust_verify_test/target/release/build/rust_verify_test/bb71d3412e650392/test_inputs/ProveTableStEph-bb71d3412e650392-tablesteph_loop_borrow_into/test.rs:21:35
       |
    21 |     let a: TableStEph<u64, u64> = TableStEph::empty();
       |                                   ^^^^^^^^^^ use of undeclared type `TableStEph`


    error: aborting due to 3 previous errors


    Some errors have detailed explanations: E0425, E0433.

    For more information about an error, try `rustc --explain E0425`.

    the input directory is /home/milnes/projects/APAS-VERUS/rust_verify_test/target/release/build/rust_verify_test/bb71d3412e650392/test_inputs/ProveTableStEph-bb71d3412e650392-tablesteph_loop_borrow_into
    rerun this test with:
    verus --crate-type=lib  /home/milnes/projects/APAS-VERUS/rust_verify_test/target/release/build/rust_verify_test/bb71d3412e650392/test_inputs/ProveTableStEph-bb71d3412e650392-tablesteph_loop_borrow_into/test.rs


    thread 'tablesteph_loop_borrow_into' (522948) panicked at tests/Chap42/ProveTableStEph.rs:66:1:
    Err(_) does not match $result
    note: run with `RUST_BACKTRACE=1` environment variable to display a backtrace

        FAIL [   0.061s] (203/328) rust_verify_test::ProveTableStEph tablesteph_loop_borrow_iter
  stdout ───

    running 1 test
    test tablesteph_loop_borrow_iter ... FAILED

    failures:

    failures:
        tablesteph_loop_borrow_iter

    test result: FAILED. 0 passed; 1 failed; 0 ignored; 0 measured; 3 filtered out; finished in 0.06s

  stderr ───
    error[E0433]: cannot find `Chap42` in `apas_verus`
      --> /home/milnes/projects/APAS-VERUS/rust_verify_test/target/release/build/rust_verify_test/bb71d3412e650392/test_inputs/ProveTableStEph-bb71d3412e650392-tablesteph_loop_borrow_iter/test.rs:17:17
       |
    17 | use apas_verus::Chap42::TableStEph::TableStEph::*;
       |                 ^^^^^^ could not find `Chap42` in `apas_verus`
       |
    note: found an item that was configured out
      --> src/lib.rs:506:48
       |
       = note: the item is gated here


    error[E0425]: cannot find type `TableStEph` in this scope
      --> /home/milnes/projects/APAS-VERUS/rust_verify_test/target/release/build/rust_verify_test/bb71d3412e650392/test_inputs/ProveTableStEph-bb71d3412e650392-tablesteph_loop_borrow_iter/test.rs:21:12
       |
    21 |     let a: TableStEph<u64, u64> = TableStEph::empty();
       |            ^^^^^^^^^^ not found in this scope


    error[E0433]: cannot find type `TableStEph` in this scope
      --> /home/milnes/projects/APAS-VERUS/rust_verify_test/target/release/build/rust_verify_test/bb71d3412e650392/test_inputs/ProveTableStEph-bb71d3412e650392-tablesteph_loop_borrow_iter/test.rs:21:35
       |
    21 |     let a: TableStEph<u64, u64> = TableStEph::empty();
       |                                   ^^^^^^^^^^ use of undeclared type `TableStEph`


    error: aborting due to 3 previous errors


    Some errors have detailed explanations: E0425, E0433.

    For more information about an error, try `rustc --explain E0425`.

    the input directory is /home/milnes/projects/APAS-VERUS/rust_verify_test/target/release/build/rust_verify_test/bb71d3412e650392/test_inputs/ProveTableStEph-bb71d3412e650392-tablesteph_loop_borrow_iter
    rerun this test with:
    verus --crate-type=lib  /home/milnes/projects/APAS-VERUS/rust_verify_test/target/release/build/rust_verify_test/bb71d3412e650392/test_inputs/ProveTableStEph-bb71d3412e650392-tablesteph_loop_borrow_iter/test.rs


    thread 'tablesteph_loop_borrow_iter' (522973) panicked at tests/Chap42/ProveTableStEph.rs:18:1:
    Err(_) does not match $result
    note: run with `RUST_BACKTRACE=1` environment variable to display a backtrace

        FAIL [   0.064s] (204/328) rust_verify_test::ProveTableStPer tablestper_for_borrow_into
  stdout ───

    running 1 test
    test tablestper_for_borrow_into ... FAILED

    failures:

    failures:
        tablestper_for_borrow_into

    test result: FAILED. 0 passed; 1 failed; 0 ignored; 0 measured; 3 filtered out; finished in 0.06s

  stderr ───
    error[E0433]: cannot find `Chap42` in `apas_verus`
      --> /home/milnes/projects/APAS-VERUS/rust_verify_test/target/release/build/rust_verify_test/494e0254db96c579/test_inputs/ProveTableStPer-494e0254db96c579-tablestper_for_borrow_into/test.rs:17:17
       |
    17 | use apas_verus::Chap42::TableStPer::TableStPer::*;
       |                 ^^^^^^ could not find `Chap42` in `apas_verus`
       |
    note: found an item that was configured out
      --> src/lib.rs:506:48
       |
       = note: the item is gated here


    error[E0425]: cannot find type `TableStPer` in this scope
      --> /home/milnes/projects/APAS-VERUS/rust_verify_test/target/release/build/rust_verify_test/494e0254db96c579/test_inputs/ProveTableStPer-494e0254db96c579-tablestper_for_borrow_into/test.rs:21:12
       |
    21 |     let a: TableStPer<u64, u64> = TableStPer::empty();
       |            ^^^^^^^^^^ not found in this scope


    error[E0433]: cannot find type `TableStPer` in this scope
      --> /home/milnes/projects/APAS-VERUS/rust_verify_test/target/release/build/rust_verify_test/494e0254db96c579/test_inputs/ProveTableStPer-494e0254db96c579-tablestper_for_borrow_into/test.rs:21:35
       |
    21 |     let a: TableStPer<u64, u64> = TableStPer::empty();
       |                                   ^^^^^^^^^^ use of undeclared type `TableStPer`


    error: aborting due to 3 previous errors


    Some errors have detailed explanations: E0425, E0433.

    For more information about an error, try `rustc --explain E0425`.

    the input directory is /home/milnes/projects/APAS-VERUS/rust_verify_test/target/release/build/rust_verify_test/494e0254db96c579/test_inputs/ProveTableStPer-494e0254db96c579-tablestper_for_borrow_into
    rerun this test with:
    verus --crate-type=lib  /home/milnes/projects/APAS-VERUS/rust_verify_test/target/release/build/rust_verify_test/494e0254db96c579/test_inputs/ProveTableStPer-494e0254db96c579-tablestper_for_borrow_into/test.rs


    thread 'tablestper_for_borrow_into' (523001) panicked at tests/Chap42/ProveTableStPer.rs:141:1:
    Err(_) does not match $result
    note: run with `RUST_BACKTRACE=1` environment variable to display a backtrace

        FAIL [   0.070s] (205/328) rust_verify_test::ProveTableStPer tablestper_for_borrow_iter
  stdout ───

    running 1 test
    test tablestper_for_borrow_iter ... FAILED

    failures:

    failures:
        tablestper_for_borrow_iter

    test result: FAILED. 0 passed; 1 failed; 0 ignored; 0 measured; 3 filtered out; finished in 0.07s

  stderr ───
    error[E0433]: cannot find `Chap42` in `apas_verus`
      --> /home/milnes/projects/APAS-VERUS/rust_verify_test/target/release/build/rust_verify_test/494e0254db96c579/test_inputs/ProveTableStPer-494e0254db96c579-tablestper_for_borrow_iter/test.rs:17:17
       |
    17 | use apas_verus::Chap42::TableStPer::TableStPer::*;
       |                 ^^^^^^ could not find `Chap42` in `apas_verus`
       |
    note: found an item that was configured out
      --> src/lib.rs:506:48
       |
       = note: the item is gated here


    error[E0425]: cannot find type `TableStPer` in this scope
      --> /home/milnes/projects/APAS-VERUS/rust_verify_test/target/release/build/rust_verify_test/494e0254db96c579/test_inputs/ProveTableStPer-494e0254db96c579-tablestper_for_borrow_iter/test.rs:21:12
       |
    21 |     let a: TableStPer<u64, u64> = TableStPer::empty();
       |            ^^^^^^^^^^ not found in this scope


    error[E0433]: cannot find type `TableStPer` in this scope
      --> /home/milnes/projects/APAS-VERUS/rust_verify_test/target/release/build/rust_verify_test/494e0254db96c579/test_inputs/ProveTableStPer-494e0254db96c579-tablestper_for_borrow_iter/test.rs:21:35
       |
    21 |     let a: TableStPer<u64, u64> = TableStPer::empty();
       |                                   ^^^^^^^^^^ use of undeclared type `TableStPer`


    error: aborting due to 3 previous errors


    Some errors have detailed explanations: E0425, E0433.

    For more information about an error, try `rustc --explain E0425`.

    the input directory is /home/milnes/projects/APAS-VERUS/rust_verify_test/target/release/build/rust_verify_test/494e0254db96c579/test_inputs/ProveTableStPer-494e0254db96c579-tablestper_for_borrow_iter
    rerun this test with:
    verus --crate-type=lib  /home/milnes/projects/APAS-VERUS/rust_verify_test/target/release/build/rust_verify_test/494e0254db96c579/test_inputs/ProveTableStPer-494e0254db96c579-tablestper_for_borrow_iter/test.rs


    thread 'tablestper_for_borrow_iter' (523026) panicked at tests/Chap42/ProveTableStPer.rs:114:1:
    Err(_) does not match $result
    note: run with `RUST_BACKTRACE=1` environment variable to display a backtrace

        FAIL [   0.071s] (206/328) rust_verify_test::ProveTableStPer tablestper_loop_borrow_into
  stdout ───

    running 1 test
    test tablestper_loop_borrow_into ... FAILED

    failures:

    failures:
        tablestper_loop_borrow_into

    test result: FAILED. 0 passed; 1 failed; 0 ignored; 0 measured; 3 filtered out; finished in 0.07s

  stderr ───
    error[E0433]: cannot find `Chap42` in `apas_verus`
      --> /home/milnes/projects/APAS-VERUS/rust_verify_test/target/release/build/rust_verify_test/494e0254db96c579/test_inputs/ProveTableStPer-494e0254db96c579-tablestper_loop_borrow_into/test.rs:17:17
       |
    17 | use apas_verus::Chap42::TableStPer::TableStPer::*;
       |                 ^^^^^^ could not find `Chap42` in `apas_verus`
       |
    note: found an item that was configured out
      --> src/lib.rs:506:48
       |
       = note: the item is gated here


    error[E0425]: cannot find type `TableStPer` in this scope
      --> /home/milnes/projects/APAS-VERUS/rust_verify_test/target/release/build/rust_verify_test/494e0254db96c579/test_inputs/ProveTableStPer-494e0254db96c579-tablestper_loop_borrow_into/test.rs:21:12
       |
    21 |     let a: TableStPer<u64, u64> = TableStPer::empty();
       |            ^^^^^^^^^^ not found in this scope


    error[E0433]: cannot find type `TableStPer` in this scope
      --> /home/milnes/projects/APAS-VERUS/rust_verify_test/target/release/build/rust_verify_test/494e0254db96c579/test_inputs/ProveTableStPer-494e0254db96c579-tablestper_loop_borrow_into/test.rs:21:35
       |
    21 |     let a: TableStPer<u64, u64> = TableStPer::empty();
       |                                   ^^^^^^^^^^ use of undeclared type `TableStPer`


    error: aborting due to 3 previous errors


    Some errors have detailed explanations: E0425, E0433.

    For more information about an error, try `rustc --explain E0425`.

    the input directory is /home/milnes/projects/APAS-VERUS/rust_verify_test/target/release/build/rust_verify_test/494e0254db96c579/test_inputs/ProveTableStPer-494e0254db96c579-tablestper_loop_borrow_into
    rerun this test with:
    verus --crate-type=lib  /home/milnes/projects/APAS-VERUS/rust_verify_test/target/release/build/rust_verify_test/494e0254db96c579/test_inputs/ProveTableStPer-494e0254db96c579-tablestper_loop_borrow_into/test.rs


    thread 'tablestper_loop_borrow_into' (523051) panicked at tests/Chap42/ProveTableStPer.rs:66:1:
    Err(_) does not match $result
    note: run with `RUST_BACKTRACE=1` environment variable to display a backtrace

        FAIL [   0.072s] (207/328) rust_verify_test::ProveTableStPer tablestper_loop_borrow_iter
  stdout ───

    running 1 test
    test tablestper_loop_borrow_iter ... FAILED

    failures:

    failures:
        tablestper_loop_borrow_iter

    test result: FAILED. 0 passed; 1 failed; 0 ignored; 0 measured; 3 filtered out; finished in 0.07s

  stderr ───
    error[E0433]: cannot find `Chap42` in `apas_verus`
      --> /home/milnes/projects/APAS-VERUS/rust_verify_test/target/release/build/rust_verify_test/494e0254db96c579/test_inputs/ProveTableStPer-494e0254db96c579-tablestper_loop_borrow_iter/test.rs:17:17
       |
    17 | use apas_verus::Chap42::TableStPer::TableStPer::*;
       |                 ^^^^^^ could not find `Chap42` in `apas_verus`
       |
    note: found an item that was configured out
      --> src/lib.rs:506:48
       |
       = note: the item is gated here


    error[E0425]: cannot find type `TableStPer` in this scope
      --> /home/milnes/projects/APAS-VERUS/rust_verify_test/target/release/build/rust_verify_test/494e0254db96c579/test_inputs/ProveTableStPer-494e0254db96c579-tablestper_loop_borrow_iter/test.rs:21:12
       |
    21 |     let a: TableStPer<u64, u64> = TableStPer::empty();
       |            ^^^^^^^^^^ not found in this scope


    error[E0433]: cannot find type `TableStPer` in this scope
      --> /home/milnes/projects/APAS-VERUS/rust_verify_test/target/release/build/rust_verify_test/494e0254db96c579/test_inputs/ProveTableStPer-494e0254db96c579-tablestper_loop_borrow_iter/test.rs:21:35
       |
    21 |     let a: TableStPer<u64, u64> = TableStPer::empty();
       |                                   ^^^^^^^^^^ use of undeclared type `TableStPer`


    error: aborting due to 3 previous errors


    Some errors have detailed explanations: E0425, E0433.

    For more information about an error, try `rustc --explain E0425`.

    the input directory is /home/milnes/projects/APAS-VERUS/rust_verify_test/target/release/build/rust_verify_test/494e0254db96c579/test_inputs/ProveTableStPer-494e0254db96c579-tablestper_loop_borrow_iter
    rerun this test with:
    verus --crate-type=lib  /home/milnes/projects/APAS-VERUS/rust_verify_test/target/release/build/rust_verify_test/494e0254db96c579/test_inputs/ProveTableStPer-494e0254db96c579-tablestper_loop_borrow_iter/test.rs


    thread 'tablestper_loop_borrow_iter' (523075) panicked at tests/Chap42/ProveTableStPer.rs:18:1:
    Err(_) does not match $result
    note: run with `RUST_BACKTRACE=1` environment variable to display a backtrace

        PASS [   1.211s] (208/328) rust_verify_test::ProveSetStEph setsteph_for_borrow_iter
        PASS [   1.289s] (209/328) rust_verify_test::ProveSetStEph setsteph_for_borrow_into
        PASS [   1.146s] (210/328) rust_verify_test::ProveSetStEph setsteph_loop_borrow_iter
        PASS [   1.222s] (211/328) rust_verify_test::ProveSetStEph setsteph_loop_borrow_into
        FAIL [   0.796s] (212/328) rust_verify_test::ProveUnDirGraphMtEph undirgraphmteph_for_borrow_iter_edges
  stdout ───

    running 1 test
    test undirgraphmteph_for_borrow_iter_edges ... FAILED

    failures:

    failures:
        undirgraphmteph_for_borrow_iter_edges

    test result: FAILED. 0 passed; 1 failed; 0 ignored; 0 measured; 3 filtered out; finished in 0.79s

  stderr ───
    error: `apas_verus::Chap06::UnDirGraphMtEph::UnDirGraphMtEph::impl&%7::from_sets` is not supported (note: you may be able to add a Verus specification to this function with `assume_specification`)
      --> /home/milnes/projects/APAS-VERUS/rust_verify_test/target/release/build/rust_verify_test/9d7653e821b05d95/test_inputs/ProveUnDirGraphMtEph-9d7653e821b05d95-undirgraphmteph_for_borrow_iter_edges/test.rs:34:35
       |
    34 |     let g: UnDirGraphMtEph<u64> = UnDirGraphMtEph::from_sets(verts, edges);
       |                                   ^^^^^^^^^^^^^^^^^^^^^^^^^^^^^^^^^^^^^^^^
       |
       = help: The following declaration may resolve this error:
               pub assume_specification<V> [<apas_verus::Chap06::UnDirGraphMtEph::UnDirGraphMtEph::UnDirGraphMtEph<V> as apas_verus::Chap06::UnDirGraphMtEph::UnDirGraphMtEph::UnDirGraphMtEphTrait<V>>::from_sets] (_0: apas_verus::Chap05::SetStEph::SetStEph::SetStEph<V>, _1: apas_verus::Chap05::SetStEph::SetStEph::SetStEph<apas_verus::Types::Types::Edge<V>>) -> apas_verus::Chap06::UnDirGraphMtEph::UnDirGraphMtEph::UnDirGraphMtEph<V>
               where
               V: apas_verus::Types::Types::StTInMtT + std::hash::Hash,;


    error: `apas_verus::Chap06::UnDirGraphMtEph::UnDirGraphMtEph::impl&%7::edges` is not supported (note: you may be able to add a Verus specification to this function with `assume_specification`)
      --> /home/milnes/projects/APAS-VERUS/rust_verify_test/target/release/build/rust_verify_test/9d7653e821b05d95/test_inputs/ProveUnDirGraphMtEph-9d7653e821b05d95-undirgraphmteph_for_borrow_iter_edges/test.rs:36:15
       |
    36 |     let it0 = g.edges().iter();
       |               ^^^^^^^^^
       |
       = help: The following declaration may resolve this error:
               pub assume_specification<V> [<apas_verus::Chap06::UnDirGraphMtEph::UnDirGraphMtEph::UnDirGraphMtEph<V> as apas_verus::Chap06::UnDirGraphMtEph::UnDirGraphMtEph::UnDirGraphMtEphTrait<V>>::edges] (_0: &apas_verus::Chap06::UnDirGraphMtEph::UnDirGraphMtEph::UnDirGraphMtEph<V>) -> &apas_verus::Chap05::SetStEph::SetStEph::SetStEph<apas_verus::Types::Types::Edge<V>>
               where
               V: apas_verus::Types::Types::StTInMtT + std::hash::Hash,;


    error: aborting due to 2 previous errors


    the input directory is /home/milnes/projects/APAS-VERUS/rust_verify_test/target/release/build/rust_verify_test/9d7653e821b05d95/test_inputs/ProveUnDirGraphMtEph-9d7653e821b05d95-undirgraphmteph_for_borrow_iter_edges
    rerun this test with:
    verus --crate-type=lib  /home/milnes/projects/APAS-VERUS/rust_verify_test/target/release/build/rust_verify_test/9d7653e821b05d95/test_inputs/ProveUnDirGraphMtEph-9d7653e821b05d95-undirgraphmteph_for_borrow_iter_edges/test.rs


    thread 'undirgraphmteph_for_borrow_iter_edges' (523102) panicked at tests/Chap06/ProveUnDirGraphMtEph.rs:182:1:
    Err(_) does not match $result
    note: run with `RUST_BACKTRACE=1` environment variable to display a backtrace

        FAIL [   0.821s] (213/328) rust_verify_test::ProveUnDirGraphMtEph undirgraphmteph_for_borrow_iter_vertices
  stdout ───

    running 1 test
    test undirgraphmteph_for_borrow_iter_vertices ... FAILED

    failures:

    failures:
        undirgraphmteph_for_borrow_iter_vertices

    test result: FAILED. 0 passed; 1 failed; 0 ignored; 0 measured; 3 filtered out; finished in 0.82s

  stderr ───
    error: `apas_verus::Chap06::UnDirGraphMtEph::UnDirGraphMtEph::impl&%7::from_sets` is not supported (note: you may be able to add a Verus specification to this function with `assume_specification`)
      --> /home/milnes/projects/APAS-VERUS/rust_verify_test/target/release/build/rust_verify_test/9d7653e821b05d95/test_inputs/ProveUnDirGraphMtEph-9d7653e821b05d95-undirgraphmteph_for_borrow_iter_vertices/test.rs:34:35
       |
    34 |     let g: UnDirGraphMtEph<u64> = UnDirGraphMtEph::from_sets(verts, edges);
       |                                   ^^^^^^^^^^^^^^^^^^^^^^^^^^^^^^^^^^^^^^^^
       |
       = help: The following declaration may resolve this error:
               pub assume_specification<V> [<apas_verus::Chap06::UnDirGraphMtEph::UnDirGraphMtEph::UnDirGraphMtEph<V> as apas_verus::Chap06::UnDirGraphMtEph::UnDirGraphMtEph::UnDirGraphMtEphTrait<V>>::from_sets] (_0: apas_verus::Chap05::SetStEph::SetStEph::SetStEph<V>, _1: apas_verus::Chap05::SetStEph::SetStEph::SetStEph<apas_verus::Types::Types::Edge<V>>) -> apas_verus::Chap06::UnDirGraphMtEph::UnDirGraphMtEph::UnDirGraphMtEph<V>
               where
               V: apas_verus::Types::Types::StTInMtT + std::hash::Hash,;


    error: `apas_verus::Chap06::UnDirGraphMtEph::UnDirGraphMtEph::impl&%7::vertices` is not supported (note: you may be able to add a Verus specification to this function with `assume_specification`)
      --> /home/milnes/projects/APAS-VERUS/rust_verify_test/target/release/build/rust_verify_test/9d7653e821b05d95/test_inputs/ProveUnDirGraphMtEph-9d7653e821b05d95-undirgraphmteph_for_borrow_iter_vertices/test.rs:36:15
       |
    36 |     let it0 = g.vertices().iter();
       |               ^^^^^^^^^^^^
       |
       = help: The following declaration may resolve this error:
               pub assume_specification<V> [<apas_verus::Chap06::UnDirGraphMtEph::UnDirGraphMtEph::UnDirGraphMtEph<V> as apas_verus::Chap06::UnDirGraphMtEph::UnDirGraphMtEph::UnDirGraphMtEphTrait<V>>::vertices] (_0: &apas_verus::Chap06::UnDirGraphMtEph::UnDirGraphMtEph::UnDirGraphMtEph<V>) -> &apas_verus::Chap05::SetStEph::SetStEph::SetStEph<V>
               where
               V: apas_verus::Types::Types::StTInMtT + std::hash::Hash,;


    error: aborting due to 2 previous errors


    the input directory is /home/milnes/projects/APAS-VERUS/rust_verify_test/target/release/build/rust_verify_test/9d7653e821b05d95/test_inputs/ProveUnDirGraphMtEph-9d7653e821b05d95-undirgraphmteph_for_borrow_iter_vertices
    rerun this test with:
    verus --crate-type=lib  /home/milnes/projects/APAS-VERUS/rust_verify_test/target/release/build/rust_verify_test/9d7653e821b05d95/test_inputs/ProveUnDirGraphMtEph-9d7653e821b05d95-undirgraphmteph_for_borrow_iter_vertices/test.rs


    thread 'undirgraphmteph_for_borrow_iter_vertices' (523124) panicked at tests/Chap06/ProveUnDirGraphMtEph.rs:141:1:
    Err(_) does not match $result
    note: run with `RUST_BACKTRACE=1` environment variable to display a backtrace

        FAIL [   0.820s] (214/328) rust_verify_test::ProveUnDirGraphMtEph undirgraphmteph_loop_borrow_iter_vertices
  stdout ───

    running 1 test
    test undirgraphmteph_loop_borrow_iter_vertices ... FAILED

    failures:

    failures:
        undirgraphmteph_loop_borrow_iter_vertices

    test result: FAILED. 0 passed; 1 failed; 0 ignored; 0 measured; 3 filtered out; finished in 0.82s

  stderr ───
    error: `apas_verus::Chap06::UnDirGraphMtEph::UnDirGraphMtEph::impl&%7::from_sets` is not supported (note: you may be able to add a Verus specification to this function with `assume_specification`)
      --> /home/milnes/projects/APAS-VERUS/rust_verify_test/target/release/build/rust_verify_test/9d7653e821b05d95/test_inputs/ProveUnDirGraphMtEph-9d7653e821b05d95-undirgraphmteph_loop_borrow_iter_vertices/test.rs:34:35
       |
    34 |     let g: UnDirGraphMtEph<u64> = UnDirGraphMtEph::from_sets(verts, edges);
       |                                   ^^^^^^^^^^^^^^^^^^^^^^^^^^^^^^^^^^^^^^^^
       |
       = help: The following declaration may resolve this error:
               pub assume_specification<V> [<apas_verus::Chap06::UnDirGraphMtEph::UnDirGraphMtEph::UnDirGraphMtEph<V> as apas_verus::Chap06::UnDirGraphMtEph::UnDirGraphMtEph::UnDirGraphMtEphTrait<V>>::from_sets] (_0: apas_verus::Chap05::SetStEph::SetStEph::SetStEph<V>, _1: apas_verus::Chap05::SetStEph::SetStEph::SetStEph<apas_verus::Types::Types::Edge<V>>) -> apas_verus::Chap06::UnDirGraphMtEph::UnDirGraphMtEph::UnDirGraphMtEph<V>
               where
               V: apas_verus::Types::Types::StTInMtT + std::hash::Hash,;


    error: `apas_verus::Chap06::UnDirGraphMtEph::UnDirGraphMtEph::impl&%7::vertices` is not supported (note: you may be able to add a Verus specification to this function with `assume_specification`)
      --> /home/milnes/projects/APAS-VERUS/rust_verify_test/target/release/build/rust_verify_test/9d7653e821b05d95/test_inputs/ProveUnDirGraphMtEph-9d7653e821b05d95-undirgraphmteph_loop_borrow_iter_vertices/test.rs:36:15
       |
    36 |     let it0 = g.vertices().iter();
       |               ^^^^^^^^^^^^
       |
       = help: The following declaration may resolve this error:
               pub assume_specification<V> [<apas_verus::Chap06::UnDirGraphMtEph::UnDirGraphMtEph::UnDirGraphMtEph<V> as apas_verus::Chap06::UnDirGraphMtEph::UnDirGraphMtEph::UnDirGraphMtEphTrait<V>>::vertices] (_0: &apas_verus::Chap06::UnDirGraphMtEph::UnDirGraphMtEph::UnDirGraphMtEph<V>) -> &apas_verus::Chap05::SetStEph::SetStEph::SetStEph<V>
               where
               V: apas_verus::Types::Types::StTInMtT + std::hash::Hash,;


    error: aborting due to 2 previous errors


    the input directory is /home/milnes/projects/APAS-VERUS/rust_verify_test/target/release/build/rust_verify_test/9d7653e821b05d95/test_inputs/ProveUnDirGraphMtEph-9d7653e821b05d95-undirgraphmteph_loop_borrow_iter_vertices
    rerun this test with:
    verus --crate-type=lib  /home/milnes/projects/APAS-VERUS/rust_verify_test/target/release/build/rust_verify_test/9d7653e821b05d95/test_inputs/ProveUnDirGraphMtEph-9d7653e821b05d95-undirgraphmteph_loop_borrow_iter_vertices/test.rs


    thread 'undirgraphmteph_loop_borrow_iter_vertices' (523170) panicked at tests/Chap06/ProveUnDirGraphMtEph.rs:17:1:
    Err(_) does not match $result
    note: run with `RUST_BACKTRACE=1` environment variable to display a backtrace

        FAIL [   1.097s] (215/328) rust_verify_test::ProveUnDirGraphMtEph undirgraphmteph_loop_borrow_iter_edges
  stdout ───

    running 1 test
    test undirgraphmteph_loop_borrow_iter_edges ... FAILED

    failures:

    failures:
        undirgraphmteph_loop_borrow_iter_edges

    test result: FAILED. 0 passed; 1 failed; 0 ignored; 0 measured; 3 filtered out; finished in 1.09s

  stderr ───
    error: `apas_verus::Chap06::UnDirGraphMtEph::UnDirGraphMtEph::impl&%7::from_sets` is not supported (note: you may be able to add a Verus specification to this function with `assume_specification`)
      --> /home/milnes/projects/APAS-VERUS/rust_verify_test/target/release/build/rust_verify_test/9d7653e821b05d95/test_inputs/ProveUnDirGraphMtEph-9d7653e821b05d95-undirgraphmteph_loop_borrow_iter_edges/test.rs:34:35
       |
    34 |     let g: UnDirGraphMtEph<u64> = UnDirGraphMtEph::from_sets(verts, edges);
       |                                   ^^^^^^^^^^^^^^^^^^^^^^^^^^^^^^^^^^^^^^^^
       |
       = help: The following declaration may resolve this error:
               pub assume_specification<V> [<apas_verus::Chap06::UnDirGraphMtEph::UnDirGraphMtEph::UnDirGraphMtEph<V> as apas_verus::Chap06::UnDirGraphMtEph::UnDirGraphMtEph::UnDirGraphMtEphTrait<V>>::from_sets] (_0: apas_verus::Chap05::SetStEph::SetStEph::SetStEph<V>, _1: apas_verus::Chap05::SetStEph::SetStEph::SetStEph<apas_verus::Types::Types::Edge<V>>) -> apas_verus::Chap06::UnDirGraphMtEph::UnDirGraphMtEph::UnDirGraphMtEph<V>
               where
               V: apas_verus::Types::Types::StTInMtT + std::hash::Hash,;


    error: `apas_verus::Chap06::UnDirGraphMtEph::UnDirGraphMtEph::impl&%7::edges` is not supported (note: you may be able to add a Verus specification to this function with `assume_specification`)
      --> /home/milnes/projects/APAS-VERUS/rust_verify_test/target/release/build/rust_verify_test/9d7653e821b05d95/test_inputs/ProveUnDirGraphMtEph-9d7653e821b05d95-undirgraphmteph_loop_borrow_iter_edges/test.rs:36:15
       |
    36 |     let it0 = g.edges().iter();
       |               ^^^^^^^^^
       |
       = help: The following declaration may resolve this error:
               pub assume_specification<V> [<apas_verus::Chap06::UnDirGraphMtEph::UnDirGraphMtEph::UnDirGraphMtEph<V> as apas_verus::Chap06::UnDirGraphMtEph::UnDirGraphMtEph::UnDirGraphMtEphTrait<V>>::edges] (_0: &apas_verus::Chap06::UnDirGraphMtEph::UnDirGraphMtEph::UnDirGraphMtEph<V>) -> &apas_verus::Chap05::SetStEph::SetStEph::SetStEph<apas_verus::Types::Types::Edge<V>>
               where
               V: apas_verus::Types::Types::StTInMtT + std::hash::Hash,;


    error: aborting due to 2 previous errors


    the input directory is /home/milnes/projects/APAS-VERUS/rust_verify_test/target/release/build/rust_verify_test/9d7653e821b05d95/test_inputs/ProveUnDirGraphMtEph-9d7653e821b05d95-undirgraphmteph_loop_borrow_iter_edges
    rerun this test with:
    verus --crate-type=lib  /home/milnes/projects/APAS-VERUS/rust_verify_test/target/release/build/rust_verify_test/9d7653e821b05d95/test_inputs/ProveUnDirGraphMtEph-9d7653e821b05d95-undirgraphmteph_loop_borrow_iter_edges/test.rs


    thread 'undirgraphmteph_loop_borrow_iter_edges' (523148) panicked at tests/Chap06/ProveUnDirGraphMtEph.rs:79:1:
    Err(_) does not match $result
    note: run with `RUST_BACKTRACE=1` environment variable to display a backtrace

        PASS [   1.153s] (216/328) rust_verify_test::ProveUnDirGraphStEph undirgraphsteph_for_borrow_iter_edges
        PASS [   1.336s] (217/328) rust_verify_test::ProveUnDirGraphStEph undirgraphsteph_for_borrow_iter_vertices
        PASS [   1.120s] (218/328) rust_verify_test::ProveUnDirGraphStEph undirgraphsteph_loop_borrow_iter_edges
        PASS [   1.073s] (219/328) rust_verify_test::ProveUnDirGraphStEph undirgraphsteph_loop_borrow_iter_vertices
        PASS [   1.226s] (220/328) rust_verify_test::ProveWeightedDirGraphStEphI128 weighteddirgraphstephi128_for_borrow_iter_arcs
        PASS [   1.184s] (221/328) rust_verify_test::ProveWeightedDirGraphStEphI128 weighteddirgraphstephi128_for_borrow_iter_vertices
        PASS [   1.212s] (222/328) rust_verify_test::ProveWeightedDirGraphStEphI128 weighteddirgraphstephi128_loop_borrow_iter_arcs
        PASS [   1.120s] (223/328) rust_verify_test::ProveWeightedDirGraphStEphI128 weighteddirgraphstephi128_loop_borrow_iter_vertices
        PASS [   1.166s] (224/328) rust_verify_test::ProveWeightedDirGraphStEphI16 weighteddirgraphstephi16_for_borrow_iter_arcs
        PASS [   1.176s] (225/328) rust_verify_test::ProveWeightedDirGraphStEphI16 weighteddirgraphstephi16_for_borrow_iter_vertices
        PASS [   1.241s] (226/328) rust_verify_test::ProveWeightedDirGraphStEphI16 weighteddirgraphstephi16_loop_borrow_iter_arcs
        PASS [   1.134s] (227/328) rust_verify_test::ProveWeightedDirGraphStEphI16 weighteddirgraphstephi16_loop_borrow_iter_vertices
        PASS [   1.190s] (228/328) rust_verify_test::ProveWeightedDirGraphStEphI32 weighteddirgraphstephi32_for_borrow_iter_arcs
        PASS [   1.210s] (229/328) rust_verify_test::ProveWeightedDirGraphStEphI32 weighteddirgraphstephi32_for_borrow_iter_vertices
        PASS [   1.176s] (230/328) rust_verify_test::ProveWeightedDirGraphStEphI32 weighteddirgraphstephi32_loop_borrow_iter_arcs
        PASS [   1.164s] (231/328) rust_verify_test::ProveWeightedDirGraphStEphI32 weighteddirgraphstephi32_loop_borrow_iter_vertices
        PASS [   1.128s] (232/328) rust_verify_test::ProveWeightedDirGraphStEphI64 weighteddirgraphstephi64_for_borrow_iter_arcs
        PASS [   1.181s] (233/328) rust_verify_test::ProveWeightedDirGraphStEphI64 weighteddirgraphstephi64_for_borrow_iter_vertices
        PASS [   1.091s] (234/328) rust_verify_test::ProveWeightedDirGraphStEphI64 weighteddirgraphstephi64_loop_borrow_iter_vertices
        PASS [   1.312s] (235/328) rust_verify_test::ProveWeightedDirGraphStEphI64 weighteddirgraphstephi64_loop_borrow_iter_arcs
        PASS [   1.222s] (236/328) rust_verify_test::ProveWeightedDirGraphStEphI8 weighteddirgraphstephi8_for_borrow_iter_vertices
        PASS [   1.318s] (237/328) rust_verify_test::ProveWeightedDirGraphStEphI8 weighteddirgraphstephi8_for_borrow_iter_arcs
        PASS [   1.050s] (238/328) rust_verify_test::ProveWeightedDirGraphStEphI8 weighteddirgraphstephi8_loop_borrow_iter_arcs
        PASS [   1.067s] (239/328) rust_verify_test::ProveWeightedDirGraphStEphI8 weighteddirgraphstephi8_loop_borrow_iter_vertices
        PASS [   1.230s] (240/328) rust_verify_test::ProveWeightedDirGraphStEphIsize weighteddirgraphstephisize_for_borrow_iter_arcs
        PASS [   1.291s] (241/328) rust_verify_test::ProveWeightedDirGraphStEphIsize weighteddirgraphstephisize_for_borrow_iter_vertices
        PASS [   1.101s] (242/328) rust_verify_test::ProveWeightedDirGraphStEphIsize weighteddirgraphstephisize_loop_borrow_iter_arcs
        PASS [   1.127s] (243/328) rust_verify_test::ProveWeightedDirGraphStEphIsize weighteddirgraphstephisize_loop_borrow_iter_vertices
        PASS [   1.289s] (244/328) rust_verify_test::ProveWeightedDirGraphStEphU128 weighteddirgraphstephu128_for_borrow_iter_arcs
        PASS [   1.262s] (245/328) rust_verify_test::ProveWeightedDirGraphStEphU128 weighteddirgraphstephu128_for_borrow_iter_vertices
        PASS [   1.134s] (246/328) rust_verify_test::ProveWeightedDirGraphStEphU128 weighteddirgraphstephu128_loop_borrow_iter_arcs
        PASS [   1.165s] (247/328) rust_verify_test::ProveWeightedDirGraphStEphU128 weighteddirgraphstephu128_loop_borrow_iter_vertices
        PASS [   1.248s] (248/328) rust_verify_test::ProveWeightedDirGraphStEphU16 weighteddirgraphstephu16_for_borrow_iter_arcs
        PASS [   1.180s] (249/328) rust_verify_test::ProveWeightedDirGraphStEphU16 weighteddirgraphstephu16_for_borrow_iter_vertices
        PASS [   1.077s] (250/328) rust_verify_test::ProveWeightedDirGraphStEphU16 weighteddirgraphstephu16_loop_borrow_iter_arcs
        PASS [   1.149s] (251/328) rust_verify_test::ProveWeightedDirGraphStEphU16 weighteddirgraphstephu16_loop_borrow_iter_vertices
        PASS [   1.307s] (252/328) rust_verify_test::ProveWeightedDirGraphStEphU32 weighteddirgraphstephu32_for_borrow_iter_arcs
        PASS [   1.247s] (253/328) rust_verify_test::ProveWeightedDirGraphStEphU32 weighteddirgraphstephu32_for_borrow_iter_vertices
        PASS [   1.061s] (254/328) rust_verify_test::ProveWeightedDirGraphStEphU32 weighteddirgraphstephu32_loop_borrow_iter_vertices
        PASS [   1.146s] (255/328) rust_verify_test::ProveWeightedDirGraphStEphU32 weighteddirgraphstephu32_loop_borrow_iter_arcs
        PASS [   1.311s] (256/328) rust_verify_test::ProveWeightedDirGraphStEphU64 weighteddirgraphstephu64_for_borrow_iter_arcs
        PASS [   1.190s] (257/328) rust_verify_test::ProveWeightedDirGraphStEphU64 weighteddirgraphstephu64_for_borrow_iter_vertices
        PASS [   1.207s] (258/328) rust_verify_test::ProveWeightedDirGraphStEphU64 weighteddirgraphstephu64_loop_borrow_iter_arcs
        PASS [   1.088s] (259/328) rust_verify_test::ProveWeightedDirGraphStEphU64 weighteddirgraphstephu64_loop_borrow_iter_vertices
        PASS [   1.184s] (260/328) rust_verify_test::ProveWeightedDirGraphStEphU8 weighteddirgraphstephu8_for_borrow_iter_arcs
        PASS [   1.374s] (261/328) rust_verify_test::ProveWeightedDirGraphStEphU8 weighteddirgraphstephu8_for_borrow_iter_vertices
        PASS [   1.053s] (262/328) rust_verify_test::ProveWeightedDirGraphStEphU8 weighteddirgraphstephu8_loop_borrow_iter_arcs
        FAIL [   0.066s] (263/328) rust_verify_test::Provedeep_view_standard deep_view_standard_for_borrow_into
  stdout ───

    running 1 test
    test deep_view_standard_for_borrow_into ... FAILED

    failures:

    failures:
        deep_view_standard_for_borrow_into

    test result: FAILED. 0 passed; 1 failed; 0 ignored; 0 measured; 6 filtered out; finished in 0.06s

  stderr ───
    error[E0433]: cannot find `standards` in `apas_verus`
      --> /home/milnes/projects/APAS-VERUS/rust_verify_test/target/release/build/rust_verify_test/30a976ebb5d4b5bd/test_inputs/Provedeep_view_standard-30a976ebb5d4b5bd-deep_view_standard_for_borrow_into/test.rs:17:17
       |
    17 | use apas_verus::standards::deep_view_standard::deep_view_standard::*;
       |                 ^^^^^^^^^ could not find `standards` in `apas_verus`
       |
    note: found an item that was configured out
      --> src/lib.rs:216:48
       |
       = note: the item is gated here


    error[E0422]: cannot find struct, variant or union type `CollectionS` in this scope
      --> /home/milnes/projects/APAS-VERUS/rust_verify_test/target/release/build/rust_verify_test/30a976ebb5d4b5bd/test_inputs/Provedeep_view_standard-30a976ebb5d4b5bd-deep_view_standard_for_borrow_into/test.rs:24:13
       |
    24 |     let a = CollectionS { seq: v };
       |             ^^^^^^^^^^^ not found in this scope


    error: aborting due to 2 previous errors


    Some errors have detailed explanations: E0422, E0433.

    For more information about an error, try `rustc --explain E0422`.

    the input directory is /home/milnes/projects/APAS-VERUS/rust_verify_test/target/release/build/rust_verify_test/30a976ebb5d4b5bd/test_inputs/Provedeep_view_standard-30a976ebb5d4b5bd-deep_view_standard_for_borrow_into
    rerun this test with:
    verus --crate-type=lib  /home/milnes/projects/APAS-VERUS/rust_verify_test/target/release/build/rust_verify_test/30a976ebb5d4b5bd/test_inputs/Provedeep_view_standard-30a976ebb5d4b5bd-deep_view_standard_for_borrow_into/test.rs


    thread 'deep_view_standard_for_borrow_into' (524819) panicked at tests/standards/Provedeep_view_standard.rs:175:1:
    Err(_) does not match $result
    note: run with `RUST_BACKTRACE=1` environment variable to display a backtrace

        PASS [   1.081s] (264/328) rust_verify_test::ProveWeightedDirGraphStEphU8 weighteddirgraphstephu8_loop_borrow_iter_vertices
        FAIL [   0.068s] (265/328) rust_verify_test::Provedeep_view_standard deep_view_standard_for_borrow_iter
  stdout ───

    running 1 test
    test deep_view_standard_for_borrow_iter ... FAILED

    failures:

    failures:
        deep_view_standard_for_borrow_iter

    test result: FAILED. 0 passed; 1 failed; 0 ignored; 0 measured; 6 filtered out; finished in 0.06s

  stderr ───
    error[E0433]: cannot find `standards` in `apas_verus`
      --> /home/milnes/projects/APAS-VERUS/rust_verify_test/target/release/build/rust_verify_test/30a976ebb5d4b5bd/test_inputs/Provedeep_view_standard-30a976ebb5d4b5bd-deep_view_standard_for_borrow_iter/test.rs:17:17
       |
    17 | use apas_verus::standards::deep_view_standard::deep_view_standard::*;
       |                 ^^^^^^^^^ could not find `standards` in `apas_verus`
       |
    note: found an item that was configured out
      --> src/lib.rs:216:48
       |
       = note: the item is gated here


    error[E0422]: cannot find struct, variant or union type `CollectionS` in this scope
      --> /home/milnes/projects/APAS-VERUS/rust_verify_test/target/release/build/rust_verify_test/30a976ebb5d4b5bd/test_inputs/Provedeep_view_standard-30a976ebb5d4b5bd-deep_view_standard_for_borrow_iter/test.rs:24:13
       |
    24 |     let a = CollectionS { seq: v };
       |             ^^^^^^^^^^^ not found in this scope


    error: aborting due to 2 previous errors


    Some errors have detailed explanations: E0422, E0433.

    For more information about an error, try `rustc --explain E0422`.

    the input directory is /home/milnes/projects/APAS-VERUS/rust_verify_test/target/release/build/rust_verify_test/30a976ebb5d4b5bd/test_inputs/Provedeep_view_standard-30a976ebb5d4b5bd-deep_view_standard_for_borrow_iter
    rerun this test with:
    verus --crate-type=lib  /home/milnes/projects/APAS-VERUS/rust_verify_test/target/release/build/rust_verify_test/30a976ebb5d4b5bd/test_inputs/Provedeep_view_standard-30a976ebb5d4b5bd-deep_view_standard_for_borrow_iter/test.rs


    thread 'deep_view_standard_for_borrow_iter' (524841) panicked at tests/standards/Provedeep_view_standard.rs:146:1:
    Err(_) does not match $result
    note: run with `RUST_BACKTRACE=1` environment variable to display a backtrace

        FAIL [   0.060s] (266/328) rust_verify_test::Provedeep_view_standard deep_view_standard_for_consume
  stdout ───

    running 1 test
    test deep_view_standard_for_consume ... FAILED

    failures:

    failures:
        deep_view_standard_for_consume

    test result: FAILED. 0 passed; 1 failed; 0 ignored; 0 measured; 6 filtered out; finished in 0.06s

  stderr ───
    error[E0433]: cannot find `standards` in `apas_verus`
      --> /home/milnes/projects/APAS-VERUS/rust_verify_test/target/release/build/rust_verify_test/30a976ebb5d4b5bd/test_inputs/Provedeep_view_standard-30a976ebb5d4b5bd-deep_view_standard_for_consume/test.rs:17:17
       |
    17 | use apas_verus::standards::deep_view_standard::deep_view_standard::*;
       |                 ^^^^^^^^^ could not find `standards` in `apas_verus`
       |
    note: found an item that was configured out
      --> src/lib.rs:216:48
       |
       = note: the item is gated here


    error[E0422]: cannot find struct, variant or union type `CollectionS` in this scope
      --> /home/milnes/projects/APAS-VERUS/rust_verify_test/target/release/build/rust_verify_test/30a976ebb5d4b5bd/test_inputs/Provedeep_view_standard-30a976ebb5d4b5bd-deep_view_standard_for_consume/test.rs:24:13
       |
    24 |     let a = CollectionS { seq: v };
       |             ^^^^^^^^^^^ not found in this scope


    error: aborting due to 2 previous errors


    Some errors have detailed explanations: E0422, E0433.

    For more information about an error, try `rustc --explain E0422`.

    the input directory is /home/milnes/projects/APAS-VERUS/rust_verify_test/target/release/build/rust_verify_test/30a976ebb5d4b5bd/test_inputs/Provedeep_view_standard-30a976ebb5d4b5bd-deep_view_standard_for_consume
    rerun this test with:
    verus --crate-type=lib  /home/milnes/projects/APAS-VERUS/rust_verify_test/target/release/build/rust_verify_test/30a976ebb5d4b5bd/test_inputs/Provedeep_view_standard-30a976ebb5d4b5bd-deep_view_standard_for_consume/test.rs


    thread 'deep_view_standard_for_consume' (524863) panicked at tests/standards/Provedeep_view_standard.rs:204:1:
    Err(_) does not match $result
    note: run with `RUST_BACKTRACE=1` environment variable to display a backtrace

        FAIL [   0.062s] (267/328) rust_verify_test::Provedeep_view_standard deep_view_standard_loop_borrow_into
  stdout ───

    running 1 test
    test deep_view_standard_loop_borrow_into ... FAILED

    failures:

    failures:
        deep_view_standard_loop_borrow_into

    test result: FAILED. 0 passed; 1 failed; 0 ignored; 0 measured; 6 filtered out; finished in 0.06s

  stderr ───
    error[E0433]: cannot find `standards` in `apas_verus`
      --> /home/milnes/projects/APAS-VERUS/rust_verify_test/target/release/build/rust_verify_test/30a976ebb5d4b5bd/test_inputs/Provedeep_view_standard-30a976ebb5d4b5bd-deep_view_standard_loop_borrow_into/test.rs:17:17
       |
    17 | use apas_verus::standards::deep_view_standard::deep_view_standard::*;
       |                 ^^^^^^^^^ could not find `standards` in `apas_verus`
       |
    note: found an item that was configured out
      --> src/lib.rs:216:48
       |
       = note: the item is gated here


    error[E0422]: cannot find struct, variant or union type `CollectionS` in this scope
      --> /home/milnes/projects/APAS-VERUS/rust_verify_test/target/release/build/rust_verify_test/30a976ebb5d4b5bd/test_inputs/Provedeep_view_standard-30a976ebb5d4b5bd-deep_view_standard_loop_borrow_into/test.rs:24:13
       |
    24 |     let a = CollectionS { seq: v };
       |             ^^^^^^^^^^^ not found in this scope


    error: aborting due to 2 previous errors


    Some errors have detailed explanations: E0422, E0433.

    For more information about an error, try `rustc --explain E0422`.

    the input directory is /home/milnes/projects/APAS-VERUS/rust_verify_test/target/release/build/rust_verify_test/30a976ebb5d4b5bd/test_inputs/Provedeep_view_standard-30a976ebb5d4b5bd-deep_view_standard_loop_borrow_into
    rerun this test with:
    verus --crate-type=lib  /home/milnes/projects/APAS-VERUS/rust_verify_test/target/release/build/rust_verify_test/30a976ebb5d4b5bd/test_inputs/Provedeep_view_standard-30a976ebb5d4b5bd-deep_view_standard_loop_borrow_into/test.rs


    thread 'deep_view_standard_loop_borrow_into' (524888) panicked at tests/standards/Provedeep_view_standard.rs:66:1:
    Err(_) does not match $result
    note: run with `RUST_BACKTRACE=1` environment variable to display a backtrace

        FAIL [   0.061s] (268/328) rust_verify_test::Provedeep_view_standard deep_view_standard_loop_borrow_iter
  stdout ───

    running 1 test
    test deep_view_standard_loop_borrow_iter ... FAILED

    failures:

    failures:
        deep_view_standard_loop_borrow_iter

    test result: FAILED. 0 passed; 1 failed; 0 ignored; 0 measured; 6 filtered out; finished in 0.06s

  stderr ───
    error[E0433]: cannot find `standards` in `apas_verus`
      --> /home/milnes/projects/APAS-VERUS/rust_verify_test/target/release/build/rust_verify_test/30a976ebb5d4b5bd/test_inputs/Provedeep_view_standard-30a976ebb5d4b5bd-deep_view_standard_loop_borrow_iter/test.rs:17:17
       |
    17 | use apas_verus::standards::deep_view_standard::deep_view_standard::*;
       |                 ^^^^^^^^^ could not find `standards` in `apas_verus`
       |
    note: found an item that was configured out
      --> src/lib.rs:216:48
       |
       = note: the item is gated here


    error[E0422]: cannot find struct, variant or union type `CollectionS` in this scope
      --> /home/milnes/projects/APAS-VERUS/rust_verify_test/target/release/build/rust_verify_test/30a976ebb5d4b5bd/test_inputs/Provedeep_view_standard-30a976ebb5d4b5bd-deep_view_standard_loop_borrow_iter/test.rs:24:13
       |
    24 |     let a = CollectionS { seq: v };
       |             ^^^^^^^^^^^ not found in this scope


    error: aborting due to 2 previous errors


    Some errors have detailed explanations: E0422, E0433.

    For more information about an error, try `rustc --explain E0422`.

    the input directory is /home/milnes/projects/APAS-VERUS/rust_verify_test/target/release/build/rust_verify_test/30a976ebb5d4b5bd/test_inputs/Provedeep_view_standard-30a976ebb5d4b5bd-deep_view_standard_loop_borrow_iter
    rerun this test with:
    verus --crate-type=lib  /home/milnes/projects/APAS-VERUS/rust_verify_test/target/release/build/rust_verify_test/30a976ebb5d4b5bd/test_inputs/Provedeep_view_standard-30a976ebb5d4b5bd-deep_view_standard_loop_borrow_iter/test.rs


    thread 'deep_view_standard_loop_borrow_iter' (524910) panicked at tests/standards/Provedeep_view_standard.rs:26:1:
    Err(_) does not match $result
    note: run with `RUST_BACKTRACE=1` environment variable to display a backtrace

        FAIL [   0.061s] (269/328) rust_verify_test::Provedeep_view_standard deep_view_standard_loop_consume
  stdout ───

    running 1 test
    test deep_view_standard_loop_consume ... FAILED

    failures:

    failures:
        deep_view_standard_loop_consume

    test result: FAILED. 0 passed; 1 failed; 0 ignored; 0 measured; 6 filtered out; finished in 0.06s

  stderr ───
    error[E0433]: cannot find `standards` in `apas_verus`
      --> /home/milnes/projects/APAS-VERUS/rust_verify_test/target/release/build/rust_verify_test/30a976ebb5d4b5bd/test_inputs/Provedeep_view_standard-30a976ebb5d4b5bd-deep_view_standard_loop_consume/test.rs:17:17
       |
    17 | use apas_verus::standards::deep_view_standard::deep_view_standard::*;
       |                 ^^^^^^^^^ could not find `standards` in `apas_verus`
       |
    note: found an item that was configured out
      --> src/lib.rs:216:48
       |
       = note: the item is gated here


    error[E0422]: cannot find struct, variant or union type `CollectionS` in this scope
      --> /home/milnes/projects/APAS-VERUS/rust_verify_test/target/release/build/rust_verify_test/30a976ebb5d4b5bd/test_inputs/Provedeep_view_standard-30a976ebb5d4b5bd-deep_view_standard_loop_consume/test.rs:24:13
       |
    24 |     let a = CollectionS { seq: v };
       |             ^^^^^^^^^^^ not found in this scope


    error: aborting due to 2 previous errors


    Some errors have detailed explanations: E0422, E0433.

    For more information about an error, try `rustc --explain E0422`.

    the input directory is /home/milnes/projects/APAS-VERUS/rust_verify_test/target/release/build/rust_verify_test/30a976ebb5d4b5bd/test_inputs/Provedeep_view_standard-30a976ebb5d4b5bd-deep_view_standard_loop_consume
    rerun this test with:
    verus --crate-type=lib  /home/milnes/projects/APAS-VERUS/rust_verify_test/target/release/build/rust_verify_test/30a976ebb5d4b5bd/test_inputs/Provedeep_view_standard-30a976ebb5d4b5bd-deep_view_standard_loop_consume/test.rs


    thread 'deep_view_standard_loop_consume' (524932) panicked at tests/standards/Provedeep_view_standard.rs:106:1:
    Err(_) does not match $result
    note: run with `RUST_BACKTRACE=1` environment variable to display a backtrace

        FAIL [   0.055s] (270/328) rust_verify_test::Provedeep_view_standard deep_view_standard_simple
  stdout ───

    running 1 test
    test deep_view_standard_simple ... FAILED

    failures:

    failures:
        deep_view_standard_simple

    test result: FAILED. 0 passed; 1 failed; 0 ignored; 0 measured; 6 filtered out; finished in 0.05s

  stderr ───
    error[E0433]: cannot find `standards` in `apas_verus`
      --> /home/milnes/projects/APAS-VERUS/rust_verify_test/target/release/build/rust_verify_test/30a976ebb5d4b5bd/test_inputs/Provedeep_view_standard-30a976ebb5d4b5bd-deep_view_standard_simple/test.rs:16:17
       |
    16 | use apas_verus::standards::deep_view_standard::deep_view_standard::*;
       |                 ^^^^^^^^^ could not find `standards` in `apas_verus`
       |
    note: found an item that was configured out
      --> src/lib.rs:216:48
       |
       = note: the item is gated here


    error[E0422]: cannot find struct, variant or union type `SimpleS` in this scope
      --> /home/milnes/projects/APAS-VERUS/rust_verify_test/target/release/build/rust_verify_test/30a976ebb5d4b5bd/test_inputs/Provedeep_view_standard-30a976ebb5d4b5bd-deep_view_standard_simple/test.rs:19:13
       |
    19 |     let s = SimpleS { val: Some(42) };
       |             ^^^^^^^ not found in this scope


    error: aborting due to 2 previous errors


    Some errors have detailed explanations: E0422, E0433.

    For more information about an error, try `rustc --explain E0422`.

    the input directory is /home/milnes/projects/APAS-VERUS/rust_verify_test/target/release/build/rust_verify_test/30a976ebb5d4b5bd/test_inputs/Provedeep_view_standard-30a976ebb5d4b5bd-deep_view_standard_simple
    rerun this test with:
    verus --crate-type=lib  /home/milnes/projects/APAS-VERUS/rust_verify_test/target/release/build/rust_verify_test/30a976ebb5d4b5bd/test_inputs/Provedeep_view_standard-30a976ebb5d4b5bd-deep_view_standard_simple/test.rs


    thread 'deep_view_standard_simple' (524955) panicked at tests/standards/Provedeep_view_standard.rs:12:1:
    Err(_) does not match $result
    note: run with `RUST_BACKTRACE=1` environment variable to display a backtrace

        FAIL [   0.074s] (271/328) rust_verify_test::Proveiterators_standard iterators_standard_for_borrow_into
  stdout ───

    running 1 test
    test iterators_standard_for_borrow_into ... FAILED

    failures:

    failures:
        iterators_standard_for_borrow_into

    test result: FAILED. 0 passed; 1 failed; 0 ignored; 0 measured; 5 filtered out; finished in 0.07s

  stderr ───
    error[E0433]: cannot find `standards` in `apas_verus`
      --> /home/milnes/projects/APAS-VERUS/rust_verify_test/target/release/build/rust_verify_test/9a1c80d7269f8a37/test_inputs/Proveiterators_standard-9a1c80d7269f8a37-iterators_standard_for_borrow_into/test.rs:17:17
       |
    17 | use apas_verus::standards::iterators_standard::iterators_standard::*;
       |                 ^^^^^^^^^ could not find `standards` in `apas_verus`
       |
    note: found an item that was configured out
      --> src/lib.rs:216:48
       |
       = note: the item is gated here


    error[E0425]: cannot find type `ExampleS` in this scope
      --> /home/milnes/projects/APAS-VERUS/rust_verify_test/target/release/build/rust_verify_test/9a1c80d7269f8a37/test_inputs/Proveiterators_standard-9a1c80d7269f8a37-iterators_standard_for_borrow_into/test.rs:20:12
       |
    20 |     let a: ExampleS<u64> = ExampleS::new(3, 77);
       |            ^^^^^^^^ not found in this scope


    error[E0433]: cannot find type `ExampleS` in this scope
      --> /home/milnes/projects/APAS-VERUS/rust_verify_test/target/release/build/rust_verify_test/9a1c80d7269f8a37/test_inputs/Proveiterators_standard-9a1c80d7269f8a37-iterators_standard_for_borrow_into/test.rs:20:28
       |
    20 |     let a: ExampleS<u64> = ExampleS::new(3, 77);
       |                            ^^^^^^^^ use of undeclared type `ExampleS`


    error: aborting due to 3 previous errors


    Some errors have detailed explanations: E0425, E0433.

    For more information about an error, try `rustc --explain E0425`.

    the input directory is /home/milnes/projects/APAS-VERUS/rust_verify_test/target/release/build/rust_verify_test/9a1c80d7269f8a37/test_inputs/Proveiterators_standard-9a1c80d7269f8a37-iterators_standard_for_borrow_into
    rerun this test with:
    verus --crate-type=lib  /home/milnes/projects/APAS-VERUS/rust_verify_test/target/release/build/rust_verify_test/9a1c80d7269f8a37/test_inputs/Proveiterators_standard-9a1c80d7269f8a37-iterators_standard_for_borrow_into/test.rs


    thread 'iterators_standard_for_borrow_into' (524977) panicked at tests/standards/Proveiterators_standard.rs:181:1:
    Err(_) does not match $result
    note: run with `RUST_BACKTRACE=1` environment variable to display a backtrace

        FAIL [   0.060s] (272/328) rust_verify_test::Proveiterators_standard iterators_standard_for_borrow_iter
  stdout ───

    running 1 test
    test iterators_standard_for_borrow_iter ... FAILED

    failures:

    failures:
        iterators_standard_for_borrow_iter

    test result: FAILED. 0 passed; 1 failed; 0 ignored; 0 measured; 5 filtered out; finished in 0.06s

  stderr ───
    error[E0433]: cannot find `standards` in `apas_verus`
      --> /home/milnes/projects/APAS-VERUS/rust_verify_test/target/release/build/rust_verify_test/9a1c80d7269f8a37/test_inputs/Proveiterators_standard-9a1c80d7269f8a37-iterators_standard_for_borrow_iter/test.rs:17:17
       |
    17 | use apas_verus::standards::iterators_standard::iterators_standard::*;
       |                 ^^^^^^^^^ could not find `standards` in `apas_verus`
       |
    note: found an item that was configured out
      --> src/lib.rs:216:48
       |
       = note: the item is gated here


    error[E0425]: cannot find type `ExampleS` in this scope
      --> /home/milnes/projects/APAS-VERUS/rust_verify_test/target/release/build/rust_verify_test/9a1c80d7269f8a37/test_inputs/Proveiterators_standard-9a1c80d7269f8a37-iterators_standard_for_borrow_iter/test.rs:20:12
       |
    20 |     let a: ExampleS<u64> = ExampleS::new(3, 99);
       |            ^^^^^^^^ not found in this scope


    error[E0433]: cannot find type `ExampleS` in this scope
      --> /home/milnes/projects/APAS-VERUS/rust_verify_test/target/release/build/rust_verify_test/9a1c80d7269f8a37/test_inputs/Proveiterators_standard-9a1c80d7269f8a37-iterators_standard_for_borrow_iter/test.rs:20:28
       |
    20 |     let a: ExampleS<u64> = ExampleS::new(3, 99);
       |                            ^^^^^^^^ use of undeclared type `ExampleS`


    error: aborting due to 3 previous errors


    Some errors have detailed explanations: E0425, E0433.

    For more information about an error, try `rustc --explain E0425`.

    the input directory is /home/milnes/projects/APAS-VERUS/rust_verify_test/target/release/build/rust_verify_test/9a1c80d7269f8a37/test_inputs/Proveiterators_standard-9a1c80d7269f8a37-iterators_standard_for_borrow_iter
    rerun this test with:
    verus --crate-type=lib  /home/milnes/projects/APAS-VERUS/rust_verify_test/target/release/build/rust_verify_test/9a1c80d7269f8a37/test_inputs/Proveiterators_standard-9a1c80d7269f8a37-iterators_standard_for_borrow_iter/test.rs


    thread 'iterators_standard_for_borrow_iter' (525002) panicked at tests/standards/Proveiterators_standard.rs:156:1:
    Err(_) does not match $result
    note: run with `RUST_BACKTRACE=1` environment variable to display a backtrace

        FAIL [   0.069s] (273/328) rust_verify_test::Proveiterators_standard iterators_standard_for_consume
  stdout ───

    running 1 test
    test iterators_standard_for_consume ... FAILED

    failures:

    failures:
        iterators_standard_for_consume

    test result: FAILED. 0 passed; 1 failed; 0 ignored; 0 measured; 5 filtered out; finished in 0.07s

  stderr ───
    error[E0433]: cannot find `standards` in `apas_verus`
      --> /home/milnes/projects/APAS-VERUS/rust_verify_test/target/release/build/rust_verify_test/9a1c80d7269f8a37/test_inputs/Proveiterators_standard-9a1c80d7269f8a37-iterators_standard_for_consume/test.rs:17:17
       |
    17 | use apas_verus::standards::iterators_standard::iterators_standard::*;
       |                 ^^^^^^^^^ could not find `standards` in `apas_verus`
       |
    note: found an item that was configured out
      --> src/lib.rs:216:48
       |
       = note: the item is gated here


    error[E0425]: cannot find type `ExampleS` in this scope
      --> /home/milnes/projects/APAS-VERUS/rust_verify_test/target/release/build/rust_verify_test/9a1c80d7269f8a37/test_inputs/Proveiterators_standard-9a1c80d7269f8a37-iterators_standard_for_consume/test.rs:20:12
       |
    20 |     let a: ExampleS<u64> = ExampleS::new(3, 66);
       |            ^^^^^^^^ not found in this scope


    error[E0433]: cannot find type `ExampleS` in this scope
      --> /home/milnes/projects/APAS-VERUS/rust_verify_test/target/release/build/rust_verify_test/9a1c80d7269f8a37/test_inputs/Proveiterators_standard-9a1c80d7269f8a37-iterators_standard_for_consume/test.rs:20:28
       |
    20 |     let a: ExampleS<u64> = ExampleS::new(3, 66);
       |                            ^^^^^^^^ use of undeclared type `ExampleS`


    error: aborting due to 3 previous errors


    Some errors have detailed explanations: E0425, E0433.

    For more information about an error, try `rustc --explain E0425`.

    the input directory is /home/milnes/projects/APAS-VERUS/rust_verify_test/target/release/build/rust_verify_test/9a1c80d7269f8a37/test_inputs/Proveiterators_standard-9a1c80d7269f8a37-iterators_standard_for_consume
    rerun this test with:
    verus --crate-type=lib  /home/milnes/projects/APAS-VERUS/rust_verify_test/target/release/build/rust_verify_test/9a1c80d7269f8a37/test_inputs/Proveiterators_standard-9a1c80d7269f8a37-iterators_standard_for_consume/test.rs


    thread 'iterators_standard_for_consume' (525030) panicked at tests/standards/Proveiterators_standard.rs:206:1:
    Err(_) does not match $result
    note: run with `RUST_BACKTRACE=1` environment variable to display a backtrace

        FAIL [   0.063s] (274/328) rust_verify_test::Proveiterators_standard iterators_standard_loop_borrow_into
  stdout ───

    running 1 test
    test iterators_standard_loop_borrow_into ... FAILED

    failures:

    failures:
        iterators_standard_loop_borrow_into

    test result: FAILED. 0 passed; 1 failed; 0 ignored; 0 measured; 5 filtered out; finished in 0.06s

  stderr ───
    error[E0433]: cannot find `standards` in `apas_verus`
      --> /home/milnes/projects/APAS-VERUS/rust_verify_test/target/release/build/rust_verify_test/9a1c80d7269f8a37/test_inputs/Proveiterators_standard-9a1c80d7269f8a37-iterators_standard_loop_borrow_into/test.rs:17:17
       |
    17 | use apas_verus::standards::iterators_standard::iterators_standard::*;
       |                 ^^^^^^^^^ could not find `standards` in `apas_verus`
       |
    note: found an item that was configured out
      --> src/lib.rs:216:48
       |
       = note: the item is gated here


    error[E0425]: cannot find type `ExampleS` in this scope
      --> /home/milnes/projects/APAS-VERUS/rust_verify_test/target/release/build/rust_verify_test/9a1c80d7269f8a37/test_inputs/Proveiterators_standard-9a1c80d7269f8a37-iterators_standard_loop_borrow_into/test.rs:20:12
       |
    20 |     let a: ExampleS<u64> = ExampleS::new(3, 55);
       |            ^^^^^^^^ not found in this scope


    error[E0433]: cannot find type `ExampleS` in this scope
      --> /home/milnes/projects/APAS-VERUS/rust_verify_test/target/release/build/rust_verify_test/9a1c80d7269f8a37/test_inputs/Proveiterators_standard-9a1c80d7269f8a37-iterators_standard_loop_borrow_into/test.rs:20:28
       |
    20 |     let a: ExampleS<u64> = ExampleS::new(3, 55);
       |                            ^^^^^^^^ use of undeclared type `ExampleS`


    error: aborting due to 3 previous errors


    Some errors have detailed explanations: E0425, E0433.

    For more information about an error, try `rustc --explain E0425`.

    the input directory is /home/milnes/projects/APAS-VERUS/rust_verify_test/target/release/build/rust_verify_test/9a1c80d7269f8a37/test_inputs/Proveiterators_standard-9a1c80d7269f8a37-iterators_standard_loop_borrow_into
    rerun this test with:
    verus --crate-type=lib  /home/milnes/projects/APAS-VERUS/rust_verify_test/target/release/build/rust_verify_test/9a1c80d7269f8a37/test_inputs/Proveiterators_standard-9a1c80d7269f8a37-iterators_standard_loop_borrow_into/test.rs


    thread 'iterators_standard_loop_borrow_into' (525050) panicked at tests/standards/Proveiterators_standard.rs:64:1:
    Err(_) does not match $result
    note: run with `RUST_BACKTRACE=1` environment variable to display a backtrace

        FAIL [   0.064s] (275/328) rust_verify_test::Proveiterators_standard iterators_standard_loop_consume
  stdout ───

    running 1 test
    test iterators_standard_loop_consume ... FAILED

    failures:

    failures:
        iterators_standard_loop_consume

    test result: FAILED. 0 passed; 1 failed; 0 ignored; 0 measured; 5 filtered out; finished in 0.06s

  stderr ───
    error[E0433]: cannot find `standards` in `apas_verus`
      --> /home/milnes/projects/APAS-VERUS/rust_verify_test/target/release/build/rust_verify_test/9a1c80d7269f8a37/test_inputs/Proveiterators_standard-9a1c80d7269f8a37-iterators_standard_loop_consume/test.rs:17:17
       |
    17 | use apas_verus::standards::iterators_standard::iterators_standard::*;
       |                 ^^^^^^^^^ could not find `standards` in `apas_verus`
       |
    note: found an item that was configured out
      --> src/lib.rs:216:48
       |
       = note: the item is gated here


    error[E0425]: cannot find type `ExampleS` in this scope
      --> /home/milnes/projects/APAS-VERUS/rust_verify_test/target/release/build/rust_verify_test/9a1c80d7269f8a37/test_inputs/Proveiterators_standard-9a1c80d7269f8a37-iterators_standard_loop_consume/test.rs:20:12
       |
    20 |     let a: ExampleS<u64> = ExampleS::new(3, 33);
       |            ^^^^^^^^ not found in this scope


    error[E0433]: cannot find type `ExampleS` in this scope
      --> /home/milnes/projects/APAS-VERUS/rust_verify_test/target/release/build/rust_verify_test/9a1c80d7269f8a37/test_inputs/Proveiterators_standard-9a1c80d7269f8a37-iterators_standard_loop_consume/test.rs:20:28
       |
    20 |     let a: ExampleS<u64> = ExampleS::new(3, 33);
       |                            ^^^^^^^^ use of undeclared type `ExampleS`


    error: aborting due to 3 previous errors


    Some errors have detailed explanations: E0425, E0433.

    For more information about an error, try `rustc --explain E0425`.

    the input directory is /home/milnes/projects/APAS-VERUS/rust_verify_test/target/release/build/rust_verify_test/9a1c80d7269f8a37/test_inputs/Proveiterators_standard-9a1c80d7269f8a37-iterators_standard_loop_consume
    rerun this test with:
    verus --crate-type=lib  /home/milnes/projects/APAS-VERUS/rust_verify_test/target/release/build/rust_verify_test/9a1c80d7269f8a37/test_inputs/Proveiterators_standard-9a1c80d7269f8a37-iterators_standard_loop_consume/test.rs


    thread 'iterators_standard_loop_consume' (525096) panicked at tests/standards/Proveiterators_standard.rs:110:1:
    Err(_) does not match $result
    note: run with `RUST_BACKTRACE=1` environment variable to display a backtrace

        FAIL [   0.071s] (276/328) rust_verify_test::Proveiterators_standard iterators_standard_loop_borrow_iter
  stdout ───

    running 1 test
    test iterators_standard_loop_borrow_iter ... FAILED

    failures:

    failures:
        iterators_standard_loop_borrow_iter

    test result: FAILED. 0 passed; 1 failed; 0 ignored; 0 measured; 5 filtered out; finished in 0.07s

  stderr ───
    error[E0433]: cannot find `standards` in `apas_verus`
      --> /home/milnes/projects/APAS-VERUS/rust_verify_test/target/release/build/rust_verify_test/9a1c80d7269f8a37/test_inputs/Proveiterators_standard-9a1c80d7269f8a37-iterators_standard_loop_borrow_iter/test.rs:17:17
       |
    17 | use apas_verus::standards::iterators_standard::iterators_standard::*;
       |                 ^^^^^^^^^ could not find `standards` in `apas_verus`
       |
    note: found an item that was configured out
      --> src/lib.rs:216:48
       |
       = note: the item is gated here


    error[E0425]: cannot find type `ExampleS` in this scope
      --> /home/milnes/projects/APAS-VERUS/rust_verify_test/target/release/build/rust_verify_test/9a1c80d7269f8a37/test_inputs/Proveiterators_standard-9a1c80d7269f8a37-iterators_standard_loop_borrow_iter/test.rs:20:12
       |
    20 |     let a: ExampleS<u64> = ExampleS::new(3, 42);
       |            ^^^^^^^^ not found in this scope


    error[E0433]: cannot find type `ExampleS` in this scope
      --> /home/milnes/projects/APAS-VERUS/rust_verify_test/target/release/build/rust_verify_test/9a1c80d7269f8a37/test_inputs/Proveiterators_standard-9a1c80d7269f8a37-iterators_standard_loop_borrow_iter/test.rs:20:28
       |
    20 |     let a: ExampleS<u64> = ExampleS::new(3, 42);
       |                            ^^^^^^^^ use of undeclared type `ExampleS`


    error: aborting due to 3 previous errors


    Some errors have detailed explanations: E0425, E0433.

    For more information about an error, try `rustc --explain E0425`.

    the input directory is /home/milnes/projects/APAS-VERUS/rust_verify_test/target/release/build/rust_verify_test/9a1c80d7269f8a37/test_inputs/Proveiterators_standard-9a1c80d7269f8a37-iterators_standard_loop_borrow_iter
    rerun this test with:
    verus --crate-type=lib  /home/milnes/projects/APAS-VERUS/rust_verify_test/target/release/build/rust_verify_test/9a1c80d7269f8a37/test_inputs/Proveiterators_standard-9a1c80d7269f8a37-iterators_standard_loop_borrow_iter/test.rs


    thread 'iterators_standard_loop_borrow_iter' (525076) panicked at tests/standards/Proveiterators_standard.rs:18:1:
    Err(_) does not match $result
    note: run with `RUST_BACKTRACE=1` environment variable to display a backtrace

        FAIL [   0.060s] (277/328) rust_verify_test::Provemod_standard mod_standard_for_borrow_iter
  stdout ───

    running 1 test
    test mod_standard_for_borrow_iter ... FAILED

    failures:

    failures:
        mod_standard_for_borrow_iter

    test result: FAILED. 0 passed; 1 failed; 0 ignored; 0 measured; 5 filtered out; finished in 0.06s

  stderr ───
    error[E0433]: cannot find `standards` in `apas_verus`
      --> /home/milnes/projects/APAS-VERUS/rust_verify_test/target/release/build/rust_verify_test/c019b4bd3581e639/test_inputs/Provemod_standard-c019b4bd3581e639-mod_standard_for_borrow_iter/test.rs:17:17
       |
    17 | use apas_verus::standards::mod_standard::mod_standard::*;
       |                 ^^^^^^^^^ could not find `standards` in `apas_verus`
       |
    note: found an item that was configured out
      --> src/lib.rs:216:48
       |
       = note: the item is gated here


    error[E0425]: cannot find type `ExampleS` in this scope
      --> /home/milnes/projects/APAS-VERUS/rust_verify_test/target/release/build/rust_verify_test/c019b4bd3581e639/test_inputs/Provemod_standard-c019b4bd3581e639-mod_standard_for_borrow_iter/test.rs:20:12
       |
    20 |     let a: ExampleS<u64> = ExampleS::new(3, 99);
       |            ^^^^^^^^ not found in this scope


    error[E0433]: cannot find type `ExampleS` in this scope
      --> /home/milnes/projects/APAS-VERUS/rust_verify_test/target/release/build/rust_verify_test/c019b4bd3581e639/test_inputs/Provemod_standard-c019b4bd3581e639-mod_standard_for_borrow_iter/test.rs:20:28
       |
    20 |     let a: ExampleS<u64> = ExampleS::new(3, 99);
       |                            ^^^^^^^^ use of undeclared type `ExampleS`


    error: aborting due to 3 previous errors


    Some errors have detailed explanations: E0425, E0433.

    For more information about an error, try `rustc --explain E0425`.

    the input directory is /home/milnes/projects/APAS-VERUS/rust_verify_test/target/release/build/rust_verify_test/c019b4bd3581e639/test_inputs/Provemod_standard-c019b4bd3581e639-mod_standard_for_borrow_iter
    rerun this test with:
    verus --crate-type=lib  /home/milnes/projects/APAS-VERUS/rust_verify_test/target/release/build/rust_verify_test/c019b4bd3581e639/test_inputs/Provemod_standard-c019b4bd3581e639-mod_standard_for_borrow_iter/test.rs


    thread 'mod_standard_for_borrow_iter' (525127) panicked at tests/standards/Provemod_standard.rs:126:1:
    Err(_) does not match $result
    note: run with `RUST_BACKTRACE=1` environment variable to display a backtrace

        FAIL [   0.060s] (278/328) rust_verify_test::Provemod_standard mod_standard_for_borrow_into
  stdout ───

    running 1 test
    test mod_standard_for_borrow_into ... FAILED

    failures:

    failures:
        mod_standard_for_borrow_into

    test result: FAILED. 0 passed; 1 failed; 0 ignored; 0 measured; 5 filtered out; finished in 0.06s

  stderr ───
    error[E0433]: cannot find `standards` in `apas_verus`
      --> /home/milnes/projects/APAS-VERUS/rust_verify_test/target/release/build/rust_verify_test/c019b4bd3581e639/test_inputs/Provemod_standard-c019b4bd3581e639-mod_standard_for_borrow_into/test.rs:17:17
       |
    17 | use apas_verus::standards::mod_standard::mod_standard::*;
       |                 ^^^^^^^^^ could not find `standards` in `apas_verus`
       |
    note: found an item that was configured out
      --> src/lib.rs:216:48
       |
       = note: the item is gated here


    error[E0425]: cannot find type `ExampleS` in this scope
      --> /home/milnes/projects/APAS-VERUS/rust_verify_test/target/release/build/rust_verify_test/c019b4bd3581e639/test_inputs/Provemod_standard-c019b4bd3581e639-mod_standard_for_borrow_into/test.rs:20:12
       |
    20 |     let a: ExampleS<u64> = ExampleS::new(3, 77);
       |            ^^^^^^^^ not found in this scope


    error[E0433]: cannot find type `ExampleS` in this scope
      --> /home/milnes/projects/APAS-VERUS/rust_verify_test/target/release/build/rust_verify_test/c019b4bd3581e639/test_inputs/Provemod_standard-c019b4bd3581e639-mod_standard_for_borrow_into/test.rs:20:28
       |
    20 |     let a: ExampleS<u64> = ExampleS::new(3, 77);
       |                            ^^^^^^^^ use of undeclared type `ExampleS`


    error: aborting due to 3 previous errors


    Some errors have detailed explanations: E0425, E0433.

    For more information about an error, try `rustc --explain E0425`.

    the input directory is /home/milnes/projects/APAS-VERUS/rust_verify_test/target/release/build/rust_verify_test/c019b4bd3581e639/test_inputs/Provemod_standard-c019b4bd3581e639-mod_standard_for_borrow_into
    rerun this test with:
    verus --crate-type=lib  /home/milnes/projects/APAS-VERUS/rust_verify_test/target/release/build/rust_verify_test/c019b4bd3581e639/test_inputs/Provemod_standard-c019b4bd3581e639-mod_standard_for_borrow_into/test.rs


    thread 'mod_standard_for_borrow_into' (525126) panicked at tests/standards/Provemod_standard.rs:151:1:
    Err(_) does not match $result
    note: run with `RUST_BACKTRACE=1` environment variable to display a backtrace

        FAIL [   0.061s] (279/328) rust_verify_test::Provemod_standard mod_standard_for_consume
  stdout ───

    running 1 test
    test mod_standard_for_consume ... FAILED

    failures:

    failures:
        mod_standard_for_consume

    test result: FAILED. 0 passed; 1 failed; 0 ignored; 0 measured; 5 filtered out; finished in 0.06s

  stderr ───
    error[E0433]: cannot find `standards` in `apas_verus`
      --> /home/milnes/projects/APAS-VERUS/rust_verify_test/target/release/build/rust_verify_test/c019b4bd3581e639/test_inputs/Provemod_standard-c019b4bd3581e639-mod_standard_for_consume/test.rs:17:17
       |
    17 | use apas_verus::standards::mod_standard::mod_standard::*;
       |                 ^^^^^^^^^ could not find `standards` in `apas_verus`
       |
    note: found an item that was configured out
      --> src/lib.rs:216:48
       |
       = note: the item is gated here


    error[E0425]: cannot find type `ExampleS` in this scope
      --> /home/milnes/projects/APAS-VERUS/rust_verify_test/target/release/build/rust_verify_test/c019b4bd3581e639/test_inputs/Provemod_standard-c019b4bd3581e639-mod_standard_for_consume/test.rs:20:12
       |
    20 |     let a: ExampleS<u64> = ExampleS::new(3, 66);
       |            ^^^^^^^^ not found in this scope


    error[E0433]: cannot find type `ExampleS` in this scope
      --> /home/milnes/projects/APAS-VERUS/rust_verify_test/target/release/build/rust_verify_test/c019b4bd3581e639/test_inputs/Provemod_standard-c019b4bd3581e639-mod_standard_for_consume/test.rs:20:28
       |
    20 |     let a: ExampleS<u64> = ExampleS::new(3, 66);
       |                            ^^^^^^^^ use of undeclared type `ExampleS`


    error: aborting due to 3 previous errors


    Some errors have detailed explanations: E0425, E0433.

    For more information about an error, try `rustc --explain E0425`.

    the input directory is /home/milnes/projects/APAS-VERUS/rust_verify_test/target/release/build/rust_verify_test/c019b4bd3581e639/test_inputs/Provemod_standard-c019b4bd3581e639-mod_standard_for_consume
    rerun this test with:
    verus --crate-type=lib  /home/milnes/projects/APAS-VERUS/rust_verify_test/target/release/build/rust_verify_test/c019b4bd3581e639/test_inputs/Provemod_standard-c019b4bd3581e639-mod_standard_for_consume/test.rs


    thread 'mod_standard_for_consume' (525178) panicked at tests/standards/Provemod_standard.rs:176:1:
    Err(_) does not match $result
    note: run with `RUST_BACKTRACE=1` environment variable to display a backtrace

        FAIL [   0.069s] (280/328) rust_verify_test::Provemod_standard mod_standard_loop_borrow_into
  stdout ───

    running 1 test
    test mod_standard_loop_borrow_into ... FAILED

    failures:

    failures:
        mod_standard_loop_borrow_into

    test result: FAILED. 0 passed; 1 failed; 0 ignored; 0 measured; 5 filtered out; finished in 0.06s

  stderr ───
    error[E0433]: cannot find `standards` in `apas_verus`
      --> /home/milnes/projects/APAS-VERUS/rust_verify_test/target/release/build/rust_verify_test/c019b4bd3581e639/test_inputs/Provemod_standard-c019b4bd3581e639-mod_standard_loop_borrow_into/test.rs:17:17
       |
    17 | use apas_verus::standards::mod_standard::mod_standard::*;
       |                 ^^^^^^^^^ could not find `standards` in `apas_verus`
       |
    note: found an item that was configured out
      --> src/lib.rs:216:48
       |
       = note: the item is gated here


    error[E0425]: cannot find type `ExampleS` in this scope
      --> /home/milnes/projects/APAS-VERUS/rust_verify_test/target/release/build/rust_verify_test/c019b4bd3581e639/test_inputs/Provemod_standard-c019b4bd3581e639-mod_standard_loop_borrow_into/test.rs:20:12
       |
    20 |     let a: ExampleS<u64> = ExampleS::new(3, 55);
       |            ^^^^^^^^ not found in this scope


    error[E0433]: cannot find type `ExampleS` in this scope
      --> /home/milnes/projects/APAS-VERUS/rust_verify_test/target/release/build/rust_verify_test/c019b4bd3581e639/test_inputs/Provemod_standard-c019b4bd3581e639-mod_standard_loop_borrow_into/test.rs:20:28
       |
    20 |     let a: ExampleS<u64> = ExampleS::new(3, 55);
       |                            ^^^^^^^^ use of undeclared type `ExampleS`


    error: aborting due to 3 previous errors


    Some errors have detailed explanations: E0425, E0433.

    For more information about an error, try `rustc --explain E0425`.

    the input directory is /home/milnes/projects/APAS-VERUS/rust_verify_test/target/release/build/rust_verify_test/c019b4bd3581e639/test_inputs/Provemod_standard-c019b4bd3581e639-mod_standard_loop_borrow_into
    rerun this test with:
    verus --crate-type=lib  /home/milnes/projects/APAS-VERUS/rust_verify_test/target/release/build/rust_verify_test/c019b4bd3581e639/test_inputs/Provemod_standard-c019b4bd3581e639-mod_standard_loop_borrow_into/test.rs


    thread 'mod_standard_loop_borrow_into' (525179) panicked at tests/standards/Provemod_standard.rs:54:1:
    Err(_) does not match $result
    note: run with `RUST_BACKTRACE=1` environment variable to display a backtrace

        FAIL [   0.065s] (281/328) rust_verify_test::Provemod_standard mod_standard_loop_borrow_iter
  stdout ───

    running 1 test
    test mod_standard_loop_borrow_iter ... FAILED

    failures:

    failures:
        mod_standard_loop_borrow_iter

    test result: FAILED. 0 passed; 1 failed; 0 ignored; 0 measured; 5 filtered out; finished in 0.06s

  stderr ───
    error[E0433]: cannot find `standards` in `apas_verus`
      --> /home/milnes/projects/APAS-VERUS/rust_verify_test/target/release/build/rust_verify_test/c019b4bd3581e639/test_inputs/Provemod_standard-c019b4bd3581e639-mod_standard_loop_borrow_iter/test.rs:17:17
       |
    17 | use apas_verus::standards::mod_standard::mod_standard::*;
       |                 ^^^^^^^^^ could not find `standards` in `apas_verus`
       |
    note: found an item that was configured out
      --> src/lib.rs:216:48
       |
       = note: the item is gated here


    error[E0425]: cannot find type `ExampleS` in this scope
      --> /home/milnes/projects/APAS-VERUS/rust_verify_test/target/release/build/rust_verify_test/c019b4bd3581e639/test_inputs/Provemod_standard-c019b4bd3581e639-mod_standard_loop_borrow_iter/test.rs:20:12
       |
    20 |     let a: ExampleS<u64> = ExampleS::new(3, 42);
       |            ^^^^^^^^ not found in this scope


    error[E0433]: cannot find type `ExampleS` in this scope
      --> /home/milnes/projects/APAS-VERUS/rust_verify_test/target/release/build/rust_verify_test/c019b4bd3581e639/test_inputs/Provemod_standard-c019b4bd3581e639-mod_standard_loop_borrow_iter/test.rs:20:28
       |
    20 |     let a: ExampleS<u64> = ExampleS::new(3, 42);
       |                            ^^^^^^^^ use of undeclared type `ExampleS`


    error: aborting due to 3 previous errors


    Some errors have detailed explanations: E0425, E0433.

    For more information about an error, try `rustc --explain E0425`.

    the input directory is /home/milnes/projects/APAS-VERUS/rust_verify_test/target/release/build/rust_verify_test/c019b4bd3581e639/test_inputs/Provemod_standard-c019b4bd3581e639-mod_standard_loop_borrow_iter
    rerun this test with:
    verus --crate-type=lib  /home/milnes/projects/APAS-VERUS/rust_verify_test/target/release/build/rust_verify_test/c019b4bd3581e639/test_inputs/Provemod_standard-c019b4bd3581e639-mod_standard_loop_borrow_iter/test.rs


    thread 'mod_standard_loop_borrow_iter' (525222) panicked at tests/standards/Provemod_standard.rs:18:1:
    Err(_) does not match $result
    note: run with `RUST_BACKTRACE=1` environment variable to display a backtrace

        FAIL [   0.067s] (282/328) rust_verify_test::Provemod_standard mod_standard_loop_consume
  stdout ───

    running 1 test
    test mod_standard_loop_consume ... FAILED

    failures:

    failures:
        mod_standard_loop_consume

    test result: FAILED. 0 passed; 1 failed; 0 ignored; 0 measured; 5 filtered out; finished in 0.06s

  stderr ───
    error[E0433]: cannot find `standards` in `apas_verus`
      --> /home/milnes/projects/APAS-VERUS/rust_verify_test/target/release/build/rust_verify_test/c019b4bd3581e639/test_inputs/Provemod_standard-c019b4bd3581e639-mod_standard_loop_consume/test.rs:17:17
       |
    17 | use apas_verus::standards::mod_standard::mod_standard::*;
       |                 ^^^^^^^^^ could not find `standards` in `apas_verus`
       |
    note: found an item that was configured out
      --> src/lib.rs:216:48
       |
       = note: the item is gated here


    error[E0425]: cannot find type `ExampleS` in this scope
      --> /home/milnes/projects/APAS-VERUS/rust_verify_test/target/release/build/rust_verify_test/c019b4bd3581e639/test_inputs/Provemod_standard-c019b4bd3581e639-mod_standard_loop_consume/test.rs:20:12
       |
    20 |     let a: ExampleS<u64> = ExampleS::new(3, 33);
       |            ^^^^^^^^ not found in this scope


    error[E0433]: cannot find type `ExampleS` in this scope
      --> /home/milnes/projects/APAS-VERUS/rust_verify_test/target/release/build/rust_verify_test/c019b4bd3581e639/test_inputs/Provemod_standard-c019b4bd3581e639-mod_standard_loop_consume/test.rs:20:28
       |
    20 |     let a: ExampleS<u64> = ExampleS::new(3, 33);
       |                            ^^^^^^^^ use of undeclared type `ExampleS`


    error: aborting due to 3 previous errors


    Some errors have detailed explanations: E0425, E0433.

    For more information about an error, try `rustc --explain E0425`.

    the input directory is /home/milnes/projects/APAS-VERUS/rust_verify_test/target/release/build/rust_verify_test/c019b4bd3581e639/test_inputs/Provemod_standard-c019b4bd3581e639-mod_standard_loop_consume
    rerun this test with:
    verus --crate-type=lib  /home/milnes/projects/APAS-VERUS/rust_verify_test/target/release/build/rust_verify_test/c019b4bd3581e639/test_inputs/Provemod_standard-c019b4bd3581e639-mod_standard_loop_consume/test.rs


    thread 'mod_standard_loop_consume' (525242) panicked at tests/standards/Provemod_standard.rs:90:1:
    Err(_) does not match $result
    note: run with `RUST_BACKTRACE=1` environment variable to display a backtrace

        PASS [   1.199s] (283/328) rust_verify_test::ProveWeightedDirGraphStEphUsize weighteddirgraphstephusize_for_borrow_iter_vertices
        FAIL [   0.059s] (284/328) rust_verify_test::Proveprophetic_iterators_standard prophetic_iterators_standard_for_borrow_iter
  stdout ───

    running 1 test
    test prophetic_iterators_standard_for_borrow_iter ... FAILED

    failures:

    failures:
        prophetic_iterators_standard_for_borrow_iter

    test result: FAILED. 0 passed; 1 failed; 0 ignored; 0 measured; 6 filtered out; finished in 0.06s

  stderr ───
    error[E0433]: cannot find `standards` in `apas_verus`
      --> /home/milnes/projects/APAS-VERUS/rust_verify_test/target/release/build/rust_verify_test/9d84c493135ffb22/test_inputs/Proveprophetic_iterators_standard-9d84c493135ffb22-prophetic_iterators_standard_for_borrow_iter/test.rs:17:17
       |
    17 | use apas_verus::standards::prophetic_iterators_standard::prophetic_iterators_standard::*;
       |                 ^^^^^^^^^ could not find `standards` in `apas_verus`
       |
    note: found an item that was configured out
      --> src/lib.rs:216:48
       |
       = note: the item is gated here


    error[E0425]: cannot find type `ExampleS` in this scope
      --> /home/milnes/projects/APAS-VERUS/rust_verify_test/target/release/build/rust_verify_test/9d84c493135ffb22/test_inputs/Proveprophetic_iterators_standard-9d84c493135ffb22-prophetic_iterators_standard_for_borrow_iter/test.rs:20:12
       |
    20 |     let a: ExampleS<u64> = ExampleS::new(4, 42);
       |            ^^^^^^^^ not found in this scope


    error[E0433]: cannot find type `ExampleS` in this scope
      --> /home/milnes/projects/APAS-VERUS/rust_verify_test/target/release/build/rust_verify_test/9d84c493135ffb22/test_inputs/Proveprophetic_iterators_standard-9d84c493135ffb22-prophetic_iterators_standard_for_borrow_iter/test.rs:20:28
       |
    20 |     let a: ExampleS<u64> = ExampleS::new(4, 42);
       |                            ^^^^^^^^ use of undeclared type `ExampleS`


    error: aborting due to 3 previous errors


    Some errors have detailed explanations: E0425, E0433.

    For more information about an error, try `rustc --explain E0425`.

    the input directory is /home/milnes/projects/APAS-VERUS/rust_verify_test/target/release/build/rust_verify_test/9d84c493135ffb22/test_inputs/Proveprophetic_iterators_standard-9d84c493135ffb22-prophetic_iterators_standard_for_borrow_iter
    rerun this test with:
    verus --crate-type=lib  /home/milnes/projects/APAS-VERUS/rust_verify_test/target/release/build/rust_verify_test/9d84c493135ffb22/test_inputs/Proveprophetic_iterators_standard-9d84c493135ffb22-prophetic_iterators_standard_for_borrow_iter/test.rs


    thread 'prophetic_iterators_standard_for_borrow_iter' (525291) panicked at tests/standards/Proveprophetic_iterators_standard.rs:25:1:
    Err(_) does not match $result
    note: run with `RUST_BACKTRACE=1` environment variable to display a backtrace

        FAIL [   0.072s] (285/328) rust_verify_test::Proveprophetic_iterators_standard prophetic_iterators_standard_for_borrow_into
  stdout ───

    running 1 test
    test prophetic_iterators_standard_for_borrow_into ... FAILED

    failures:

    failures:
        prophetic_iterators_standard_for_borrow_into

    test result: FAILED. 0 passed; 1 failed; 0 ignored; 0 measured; 6 filtered out; finished in 0.07s

  stderr ───
    error[E0433]: cannot find `standards` in `apas_verus`
      --> /home/milnes/projects/APAS-VERUS/rust_verify_test/target/release/build/rust_verify_test/9d84c493135ffb22/test_inputs/Proveprophetic_iterators_standard-9d84c493135ffb22-prophetic_iterators_standard_for_borrow_into/test.rs:17:17
       |
    17 | use apas_verus::standards::prophetic_iterators_standard::prophetic_iterators_standard::*;
       |                 ^^^^^^^^^ could not find `standards` in `apas_verus`
       |
    note: found an item that was configured out
      --> src/lib.rs:216:48
       |
       = note: the item is gated here


    error[E0425]: cannot find type `ExampleS` in this scope
      --> /home/milnes/projects/APAS-VERUS/rust_verify_test/target/release/build/rust_verify_test/9d84c493135ffb22/test_inputs/Proveprophetic_iterators_standard-9d84c493135ffb22-prophetic_iterators_standard_for_borrow_into/test.rs:20:12
       |
    20 |     let a: ExampleS<u64> = ExampleS::new(4, 55);
       |            ^^^^^^^^ not found in this scope


    error[E0433]: cannot find type `ExampleS` in this scope
      --> /home/milnes/projects/APAS-VERUS/rust_verify_test/target/release/build/rust_verify_test/9d84c493135ffb22/test_inputs/Proveprophetic_iterators_standard-9d84c493135ffb22-prophetic_iterators_standard_for_borrow_into/test.rs:20:28
       |
    20 |     let a: ExampleS<u64> = ExampleS::new(4, 55);
       |                            ^^^^^^^^ use of undeclared type `ExampleS`


    error: aborting due to 3 previous errors


    Some errors have detailed explanations: E0425, E0433.

    For more information about an error, try `rustc --explain E0425`.

    the input directory is /home/milnes/projects/APAS-VERUS/rust_verify_test/target/release/build/rust_verify_test/9d84c493135ffb22/test_inputs/Proveprophetic_iterators_standard-9d84c493135ffb22-prophetic_iterators_standard_for_borrow_into
    rerun this test with:
    verus --crate-type=lib  /home/milnes/projects/APAS-VERUS/rust_verify_test/target/release/build/rust_verify_test/9d84c493135ffb22/test_inputs/Proveprophetic_iterators_standard-9d84c493135ffb22-prophetic_iterators_standard_for_borrow_into/test.rs


    thread 'prophetic_iterators_standard_for_borrow_into' (525271) panicked at tests/standards/Proveprophetic_iterators_standard.rs:50:1:
    Err(_) does not match $result
    note: run with `RUST_BACKTRACE=1` environment variable to display a backtrace

        FAIL [   0.052s] (286/328) rust_verify_test::Proveprophetic_iterators_standard prophetic_iterators_standard_for_custom
  stdout ───

    running 1 test
    test prophetic_iterators_standard_for_custom ... FAILED

    failures:

    failures:
        prophetic_iterators_standard_for_custom

    test result: FAILED. 0 passed; 1 failed; 0 ignored; 0 measured; 6 filtered out; finished in 0.05s

  stderr ───
    error[E0433]: cannot find `standards` in `apas_verus`
      --> /home/milnes/projects/APAS-VERUS/rust_verify_test/target/release/build/rust_verify_test/9d84c493135ffb22/test_inputs/Proveprophetic_iterators_standard-9d84c493135ffb22-prophetic_iterators_standard_for_custom/test.rs:17:17
       |
    17 | use apas_verus::standards::prophetic_iterators_standard::prophetic_iterators_standard::*;
       |                 ^^^^^^^^^ could not find `standards` in `apas_verus`
       |
    note: found an item that was configured out
      --> src/lib.rs:216:48
       |
       = note: the item is gated here


    error[E0425]: cannot find function `count_iter` in this scope
      --> /home/milnes/projects/APAS-VERUS/rust_verify_test/target/release/build/rust_verify_test/9d84c493135ffb22/test_inputs/Proveprophetic_iterators_standard-9d84c493135ffb22-prophetic_iterators_standard_for_custom/test.rs:21:18
       |
    21 |     for x in it: count_iter(0, n)
       |                  ^^^^^^^^^^ not found in this scope


    error: aborting due to 2 previous errors


    Some errors have detailed explanations: E0425, E0433.

    For more information about an error, try `rustc --explain E0425`.

    the input directory is /home/milnes/projects/APAS-VERUS/rust_verify_test/target/release/build/rust_verify_test/9d84c493135ffb22/test_inputs/Proveprophetic_iterators_standard-9d84c493135ffb22-prophetic_iterators_standard_for_custom
    rerun this test with:
    verus --crate-type=lib  /home/milnes/projects/APAS-VERUS/rust_verify_test/target/release/build/rust_verify_test/9d84c493135ffb22/test_inputs/Proveprophetic_iterators_standard-9d84c493135ffb22-prophetic_iterators_standard_for_custom/test.rs


    thread 'prophetic_iterators_standard_for_custom' (525337) panicked at tests/standards/Proveprophetic_iterators_standard.rs:194:1:
    Err(_) does not match $result
    note: run with `RUST_BACKTRACE=1` environment variable to display a backtrace

        FAIL [   0.073s] (287/328) rust_verify_test::Proveprophetic_iterators_standard prophetic_iterators_standard_for_consume
  stdout ───

    running 1 test
    test prophetic_iterators_standard_for_consume ... FAILED

    failures:

    failures:
        prophetic_iterators_standard_for_consume

    test result: FAILED. 0 passed; 1 failed; 0 ignored; 0 measured; 6 filtered out; finished in 0.07s

  stderr ───
    error[E0433]: cannot find `standards` in `apas_verus`
      --> /home/milnes/projects/APAS-VERUS/rust_verify_test/target/release/build/rust_verify_test/9d84c493135ffb22/test_inputs/Proveprophetic_iterators_standard-9d84c493135ffb22-prophetic_iterators_standard_for_consume/test.rs:17:17
       |
    17 | use apas_verus::standards::prophetic_iterators_standard::prophetic_iterators_standard::*;
       |                 ^^^^^^^^^ could not find `standards` in `apas_verus`
       |
    note: found an item that was configured out
      --> src/lib.rs:216:48
       |
       = note: the item is gated here


    error[E0425]: cannot find type `ExampleS` in this scope
      --> /home/milnes/projects/APAS-VERUS/rust_verify_test/target/release/build/rust_verify_test/9d84c493135ffb22/test_inputs/Proveprophetic_iterators_standard-9d84c493135ffb22-prophetic_iterators_standard_for_consume/test.rs:20:12
       |
    20 |     let a: ExampleS<u64> = ExampleS::new(4, 66);
       |            ^^^^^^^^ not found in this scope


    error[E0433]: cannot find type `ExampleS` in this scope
      --> /home/milnes/projects/APAS-VERUS/rust_verify_test/target/release/build/rust_verify_test/9d84c493135ffb22/test_inputs/Proveprophetic_iterators_standard-9d84c493135ffb22-prophetic_iterators_standard_for_consume/test.rs:20:28
       |
    20 |     let a: ExampleS<u64> = ExampleS::new(4, 66);
       |                            ^^^^^^^^ use of undeclared type `ExampleS`


    error: aborting due to 3 previous errors


    Some errors have detailed explanations: E0425, E0433.

    For more information about an error, try `rustc --explain E0425`.

    the input directory is /home/milnes/projects/APAS-VERUS/rust_verify_test/target/release/build/rust_verify_test/9d84c493135ffb22/test_inputs/Proveprophetic_iterators_standard-9d84c493135ffb22-prophetic_iterators_standard_for_consume
    rerun this test with:
    verus --crate-type=lib  /home/milnes/projects/APAS-VERUS/rust_verify_test/target/release/build/rust_verify_test/9d84c493135ffb22/test_inputs/Proveprophetic_iterators_standard-9d84c493135ffb22-prophetic_iterators_standard_for_consume/test.rs


    thread 'prophetic_iterators_standard_for_consume' (525317) panicked at tests/standards/Proveprophetic_iterators_standard.rs:75:1:
    Err(_) does not match $result
    note: run with `RUST_BACKTRACE=1` environment variable to display a backtrace

        FAIL [   0.069s] (288/328) rust_verify_test::Proveprophetic_iterators_standard prophetic_iterators_standard_loop_borrow
  stdout ───

    running 1 test
    test prophetic_iterators_standard_loop_borrow ... FAILED

    failures:

    failures:
        prophetic_iterators_standard_loop_borrow

    test result: FAILED. 0 passed; 1 failed; 0 ignored; 0 measured; 6 filtered out; finished in 0.07s

  stderr ───
    error[E0433]: cannot find `standards` in `apas_verus`
      --> /home/milnes/projects/APAS-VERUS/rust_verify_test/target/release/build/rust_verify_test/9d84c493135ffb22/test_inputs/Proveprophetic_iterators_standard-9d84c493135ffb22-prophetic_iterators_standard_loop_borrow/test.rs:17:17
       |
    17 | use apas_verus::standards::prophetic_iterators_standard::prophetic_iterators_standard::*;
       |                 ^^^^^^^^^ could not find `standards` in `apas_verus`
       |
    note: found an item that was configured out
      --> src/lib.rs:216:48
       |
       = note: the item is gated here


    error[E0425]: cannot find type `ExampleS` in this scope
      --> /home/milnes/projects/APAS-VERUS/rust_verify_test/target/release/build/rust_verify_test/9d84c493135ffb22/test_inputs/Proveprophetic_iterators_standard-9d84c493135ffb22-prophetic_iterators_standard_loop_borrow/test.rs:20:12
       |
    20 |     let a: ExampleS<u64> = ExampleS::new(4, 77);
       |            ^^^^^^^^ not found in this scope


    error[E0433]: cannot find type `ExampleS` in this scope
      --> /home/milnes/projects/APAS-VERUS/rust_verify_test/target/release/build/rust_verify_test/9d84c493135ffb22/test_inputs/Proveprophetic_iterators_standard-9d84c493135ffb22-prophetic_iterators_standard_loop_borrow/test.rs:20:28
       |
    20 |     let a: ExampleS<u64> = ExampleS::new(4, 77);
       |                            ^^^^^^^^ use of undeclared type `ExampleS`


    error: aborting due to 3 previous errors


    Some errors have detailed explanations: E0425, E0433.

    For more information about an error, try `rustc --explain E0425`.

    the input directory is /home/milnes/projects/APAS-VERUS/rust_verify_test/target/release/build/rust_verify_test/9d84c493135ffb22/test_inputs/Proveprophetic_iterators_standard-9d84c493135ffb22-prophetic_iterators_standard_loop_borrow
    rerun this test with:
    verus --crate-type=lib  /home/milnes/projects/APAS-VERUS/rust_verify_test/target/release/build/rust_verify_test/9d84c493135ffb22/test_inputs/Proveprophetic_iterators_standard-9d84c493135ffb22-prophetic_iterators_standard_loop_borrow/test.rs


    thread 'prophetic_iterators_standard_loop_borrow' (525349) panicked at tests/standards/Proveprophetic_iterators_standard.rs:101:1:
    Err(_) does not match $result
    note: run with `RUST_BACKTRACE=1` environment variable to display a backtrace

        PASS [   1.127s] (289/328) rust_verify_test::ProveWeightedDirGraphStEphUsize weighteddirgraphstephusize_loop_borrow_iter_arcs
        FAIL [   0.072s] (290/328) rust_verify_test::Proveprophetic_iterators_standard prophetic_iterators_standard_loop_consume
  stdout ───

    running 1 test
    test prophetic_iterators_standard_loop_consume ... FAILED

    failures:

    failures:
        prophetic_iterators_standard_loop_consume

    test result: FAILED. 0 passed; 1 failed; 0 ignored; 0 measured; 6 filtered out; finished in 0.07s

  stderr ───
    error[E0433]: cannot find `standards` in `apas_verus`
      --> /home/milnes/projects/APAS-VERUS/rust_verify_test/target/release/build/rust_verify_test/9d84c493135ffb22/test_inputs/Proveprophetic_iterators_standard-9d84c493135ffb22-prophetic_iterators_standard_loop_consume/test.rs:17:17
       |
    17 | use apas_verus::standards::prophetic_iterators_standard::prophetic_iterators_standard::*;
       |                 ^^^^^^^^^ could not find `standards` in `apas_verus`
       |
    note: found an item that was configured out
      --> src/lib.rs:216:48
       |
       = note: the item is gated here


    error[E0425]: cannot find type `ExampleS` in this scope
      --> /home/milnes/projects/APAS-VERUS/rust_verify_test/target/release/build/rust_verify_test/9d84c493135ffb22/test_inputs/Proveprophetic_iterators_standard-9d84c493135ffb22-prophetic_iterators_standard_loop_consume/test.rs:20:12
       |
    20 |     let a: ExampleS<u64> = ExampleS::new(4, 88);
       |            ^^^^^^^^ not found in this scope


    error[E0433]: cannot find type `ExampleS` in this scope
      --> /home/milnes/projects/APAS-VERUS/rust_verify_test/target/release/build/rust_verify_test/9d84c493135ffb22/test_inputs/Proveprophetic_iterators_standard-9d84c493135ffb22-prophetic_iterators_standard_loop_consume/test.rs:20:28
       |
    20 |     let a: ExampleS<u64> = ExampleS::new(4, 88);
       |                            ^^^^^^^^ use of undeclared type `ExampleS`


    error: aborting due to 3 previous errors


    Some errors have detailed explanations: E0425, E0433.

    For more information about an error, try `rustc --explain E0425`.

    the input directory is /home/milnes/projects/APAS-VERUS/rust_verify_test/target/release/build/rust_verify_test/9d84c493135ffb22/test_inputs/Proveprophetic_iterators_standard-9d84c493135ffb22-prophetic_iterators_standard_loop_consume
    rerun this test with:
    verus --crate-type=lib  /home/milnes/projects/APAS-VERUS/rust_verify_test/target/release/build/rust_verify_test/9d84c493135ffb22/test_inputs/Proveprophetic_iterators_standard-9d84c493135ffb22-prophetic_iterators_standard_loop_consume/test.rs


    thread 'prophetic_iterators_standard_loop_consume' (525383) panicked at tests/standards/Proveprophetic_iterators_standard.rs:147:1:
    Err(_) does not match $result
    note: run with `RUST_BACKTRACE=1` environment variable to display a backtrace

        FAIL [   0.071s] (291/328) rust_verify_test::Proveprophetic_iterators_standard prophetic_iterators_standard_loop_custom
  stdout ───

    running 1 test
    test prophetic_iterators_standard_loop_custom ... FAILED

    failures:

    failures:
        prophetic_iterators_standard_loop_custom

    test result: FAILED. 0 passed; 1 failed; 0 ignored; 0 measured; 6 filtered out; finished in 0.07s

  stderr ───
    error[E0433]: cannot find `standards` in `apas_verus`
      --> /home/milnes/projects/APAS-VERUS/rust_verify_test/target/release/build/rust_verify_test/9d84c493135ffb22/test_inputs/Proveprophetic_iterators_standard-9d84c493135ffb22-prophetic_iterators_standard_loop_custom/test.rs:17:17
       |
    17 | use apas_verus::standards::prophetic_iterators_standard::prophetic_iterators_standard::*;
       |                 ^^^^^^^^^ could not find `standards` in `apas_verus`
       |
    note: found an item that was configured out
      --> src/lib.rs:216:48
       |
       = note: the item is gated here


    error[E0425]: cannot find type `CountIter` in this scope
      --> /home/milnes/projects/APAS-VERUS/rust_verify_test/target/release/build/rust_verify_test/9d84c493135ffb22/test_inputs/Proveprophetic_iterators_standard-9d84c493135ffb22-prophetic_iterators_standard_loop_custom/test.rs:22:17
       |
    22 |     let mut it: CountIter = count_iter(0, n);
       |                 ^^^^^^^^^ not found in this scope


    error[E0425]: cannot find function `count_iter` in this scope
      --> /home/milnes/projects/APAS-VERUS/rust_verify_test/target/release/build/rust_verify_test/9d84c493135ffb22/test_inputs/Proveprophetic_iterators_standard-9d84c493135ffb22-prophetic_iterators_standard_loop_custom/test.rs:22:29
       |
    22 |     let mut it: CountIter = count_iter(0, n);
       |                             ^^^^^^^^^^ not found in this scope


    error: aborting due to 3 previous errors


    Some errors have detailed explanations: E0425, E0433.

    For more information about an error, try `rustc --explain E0425`.

    the input directory is /home/milnes/projects/APAS-VERUS/rust_verify_test/target/release/build/rust_verify_test/9d84c493135ffb22/test_inputs/Proveprophetic_iterators_standard-9d84c493135ffb22-prophetic_iterators_standard_loop_custom
    rerun this test with:
    verus --crate-type=lib  /home/milnes/projects/APAS-VERUS/rust_verify_test/target/release/build/rust_verify_test/9d84c493135ffb22/test_inputs/Proveprophetic_iterators_standard-9d84c493135ffb22-prophetic_iterators_standard_loop_custom/test.rs


    thread 'prophetic_iterators_standard_loop_custom' (525403) panicked at tests/standards/Proveprophetic_iterators_standard.rs:216:1:
    Err(_) does not match $result
    note: run with `RUST_BACKTRACE=1` environment variable to display a backtrace

        FAIL [   0.072s] (292/328) rust_verify_test::Provetable_of_contents_standard toc_standard_for_borrow_into
  stdout ───

    running 1 test
    test toc_standard_for_borrow_into ... FAILED

    failures:

    failures:
        toc_standard_for_borrow_into

    test result: FAILED. 0 passed; 1 failed; 0 ignored; 0 measured; 5 filtered out; finished in 0.07s

  stderr ───
    error[E0433]: cannot find `standards` in `apas_verus`
      --> /home/milnes/projects/APAS-VERUS/rust_verify_test/target/release/build/rust_verify_test/d85f41ec311845c1/test_inputs/Provetable_of_contents_standard-d85f41ec311845c1-toc_standard_for_borrow_into/test.rs:17:17
       |
    17 | use apas_verus::standards::table_of_contents_standard::table_of_contents_standard::*;
       |                 ^^^^^^^^^ could not find `standards` in `apas_verus`
       |
    note: found an item that was configured out
      --> src/lib.rs:216:48
       |
       = note: the item is gated here


    error[E0425]: cannot find type `ExampleS` in this scope
      --> /home/milnes/projects/APAS-VERUS/rust_verify_test/target/release/build/rust_verify_test/d85f41ec311845c1/test_inputs/Provetable_of_contents_standard-d85f41ec311845c1-toc_standard_for_borrow_into/test.rs:20:12
       |
    20 |     let a: ExampleS<u64> = ExampleS::new(3, 77);
       |            ^^^^^^^^ not found in this scope


    error[E0433]: cannot find type `ExampleS` in this scope
      --> /home/milnes/projects/APAS-VERUS/rust_verify_test/target/release/build/rust_verify_test/d85f41ec311845c1/test_inputs/Provetable_of_contents_standard-d85f41ec311845c1-toc_standard_for_borrow_into/test.rs:20:28
       |
    20 |     let a: ExampleS<u64> = ExampleS::new(3, 77);
       |                            ^^^^^^^^ use of undeclared type `ExampleS`


    error: aborting due to 3 previous errors


    Some errors have detailed explanations: E0425, E0433.

    For more information about an error, try `rustc --explain E0425`.

    the input directory is /home/milnes/projects/APAS-VERUS/rust_verify_test/target/release/build/rust_verify_test/d85f41ec311845c1/test_inputs/Provetable_of_contents_standard-d85f41ec311845c1-toc_standard_for_borrow_into
    rerun this test with:
    verus --crate-type=lib  /home/milnes/projects/APAS-VERUS/rust_verify_test/target/release/build/rust_verify_test/d85f41ec311845c1/test_inputs/Provetable_of_contents_standard-d85f41ec311845c1-toc_standard_for_borrow_into/test.rs


    thread 'toc_standard_for_borrow_into' (525425) panicked at tests/standards/Provetable_of_contents_standard.rs:151:1:
    Err(_) does not match $result
    note: run with `RUST_BACKTRACE=1` environment variable to display a backtrace

        FAIL [   0.076s] (293/328) rust_verify_test::Provetable_of_contents_standard toc_standard_for_borrow_iter
  stdout ───

    running 1 test
    test toc_standard_for_borrow_iter ... FAILED

    failures:

    failures:
        toc_standard_for_borrow_iter

    test result: FAILED. 0 passed; 1 failed; 0 ignored; 0 measured; 5 filtered out; finished in 0.07s

  stderr ───
    error[E0433]: cannot find `standards` in `apas_verus`
      --> /home/milnes/projects/APAS-VERUS/rust_verify_test/target/release/build/rust_verify_test/d85f41ec311845c1/test_inputs/Provetable_of_contents_standard-d85f41ec311845c1-toc_standard_for_borrow_iter/test.rs:17:17
       |
    17 | use apas_verus::standards::table_of_contents_standard::table_of_contents_standard::*;
       |                 ^^^^^^^^^ could not find `standards` in `apas_verus`
       |
    note: found an item that was configured out
      --> src/lib.rs:216:48
       |
       = note: the item is gated here


    error[E0425]: cannot find type `ExampleS` in this scope
      --> /home/milnes/projects/APAS-VERUS/rust_verify_test/target/release/build/rust_verify_test/d85f41ec311845c1/test_inputs/Provetable_of_contents_standard-d85f41ec311845c1-toc_standard_for_borrow_iter/test.rs:20:12
       |
    20 |     let a: ExampleS<u64> = ExampleS::new(3, 99);
       |            ^^^^^^^^ not found in this scope


    error[E0433]: cannot find type `ExampleS` in this scope
      --> /home/milnes/projects/APAS-VERUS/rust_verify_test/target/release/build/rust_verify_test/d85f41ec311845c1/test_inputs/Provetable_of_contents_standard-d85f41ec311845c1-toc_standard_for_borrow_iter/test.rs:20:28
       |
    20 |     let a: ExampleS<u64> = ExampleS::new(3, 99);
       |                            ^^^^^^^^ use of undeclared type `ExampleS`


    error: aborting due to 3 previous errors


    Some errors have detailed explanations: E0425, E0433.

    For more information about an error, try `rustc --explain E0425`.

    the input directory is /home/milnes/projects/APAS-VERUS/rust_verify_test/target/release/build/rust_verify_test/d85f41ec311845c1/test_inputs/Provetable_of_contents_standard-d85f41ec311845c1-toc_standard_for_borrow_iter
    rerun this test with:
    verus --crate-type=lib  /home/milnes/projects/APAS-VERUS/rust_verify_test/target/release/build/rust_verify_test/d85f41ec311845c1/test_inputs/Provetable_of_contents_standard-d85f41ec311845c1-toc_standard_for_borrow_iter/test.rs


    thread 'toc_standard_for_borrow_iter' (525447) panicked at tests/standards/Provetable_of_contents_standard.rs:126:1:
    Err(_) does not match $result
    note: run with `RUST_BACKTRACE=1` environment variable to display a backtrace

        PASS [   1.400s] (294/328) rust_verify_test::ProveWeightedDirGraphStEphUsize weighteddirgraphstephusize_for_borrow_iter_arcs
        FAIL [   0.076s] (295/328) rust_verify_test::Provetable_of_contents_standard toc_standard_for_consume
  stdout ───

    running 1 test
    test toc_standard_for_consume ... FAILED

    failures:

    failures:
        toc_standard_for_consume

    test result: FAILED. 0 passed; 1 failed; 0 ignored; 0 measured; 5 filtered out; finished in 0.07s

  stderr ───
    error[E0433]: cannot find `standards` in `apas_verus`
      --> /home/milnes/projects/APAS-VERUS/rust_verify_test/target/release/build/rust_verify_test/d85f41ec311845c1/test_inputs/Provetable_of_contents_standard-d85f41ec311845c1-toc_standard_for_consume/test.rs:17:17
       |
    17 | use apas_verus::standards::table_of_contents_standard::table_of_contents_standard::*;
       |                 ^^^^^^^^^ could not find `standards` in `apas_verus`
       |
    note: found an item that was configured out
      --> src/lib.rs:216:48
       |
       = note: the item is gated here


    error[E0425]: cannot find type `ExampleS` in this scope
      --> /home/milnes/projects/APAS-VERUS/rust_verify_test/target/release/build/rust_verify_test/d85f41ec311845c1/test_inputs/Provetable_of_contents_standard-d85f41ec311845c1-toc_standard_for_consume/test.rs:20:12
       |
    20 |     let a: ExampleS<u64> = ExampleS::new(3, 66);
       |            ^^^^^^^^ not found in this scope


    error[E0433]: cannot find type `ExampleS` in this scope
      --> /home/milnes/projects/APAS-VERUS/rust_verify_test/target/release/build/rust_verify_test/d85f41ec311845c1/test_inputs/Provetable_of_contents_standard-d85f41ec311845c1-toc_standard_for_consume/test.rs:20:28
       |
    20 |     let a: ExampleS<u64> = ExampleS::new(3, 66);
       |                            ^^^^^^^^ use of undeclared type `ExampleS`


    error: aborting due to 3 previous errors


    Some errors have detailed explanations: E0425, E0433.

    For more information about an error, try `rustc --explain E0425`.

    the input directory is /home/milnes/projects/APAS-VERUS/rust_verify_test/target/release/build/rust_verify_test/d85f41ec311845c1/test_inputs/Provetable_of_contents_standard-d85f41ec311845c1-toc_standard_for_consume
    rerun this test with:
    verus --crate-type=lib  /home/milnes/projects/APAS-VERUS/rust_verify_test/target/release/build/rust_verify_test/d85f41ec311845c1/test_inputs/Provetable_of_contents_standard-d85f41ec311845c1-toc_standard_for_consume/test.rs


    thread 'toc_standard_for_consume' (525471) panicked at tests/standards/Provetable_of_contents_standard.rs:176:1:
    Err(_) does not match $result
    note: run with `RUST_BACKTRACE=1` environment variable to display a backtrace

        FAIL [   0.070s] (296/328) rust_verify_test::Provetable_of_contents_standard toc_standard_loop_borrow_into
  stdout ───

    running 1 test
    test toc_standard_loop_borrow_into ... FAILED

    failures:

    failures:
        toc_standard_loop_borrow_into

    test result: FAILED. 0 passed; 1 failed; 0 ignored; 0 measured; 5 filtered out; finished in 0.07s

  stderr ───
    error[E0433]: cannot find `standards` in `apas_verus`
      --> /home/milnes/projects/APAS-VERUS/rust_verify_test/target/release/build/rust_verify_test/d85f41ec311845c1/test_inputs/Provetable_of_contents_standard-d85f41ec311845c1-toc_standard_loop_borrow_into/test.rs:17:17
       |
    17 | use apas_verus::standards::table_of_contents_standard::table_of_contents_standard::*;
       |                 ^^^^^^^^^ could not find `standards` in `apas_verus`
       |
    note: found an item that was configured out
      --> src/lib.rs:216:48
       |
       = note: the item is gated here


    error[E0425]: cannot find type `ExampleS` in this scope
      --> /home/milnes/projects/APAS-VERUS/rust_verify_test/target/release/build/rust_verify_test/d85f41ec311845c1/test_inputs/Provetable_of_contents_standard-d85f41ec311845c1-toc_standard_loop_borrow_into/test.rs:20:12
       |
    20 |     let a: ExampleS<u64> = ExampleS::new(3, 55);
       |            ^^^^^^^^ not found in this scope


    error[E0433]: cannot find type `ExampleS` in this scope
      --> /home/milnes/projects/APAS-VERUS/rust_verify_test/target/release/build/rust_verify_test/d85f41ec311845c1/test_inputs/Provetable_of_contents_standard-d85f41ec311845c1-toc_standard_loop_borrow_into/test.rs:20:28
       |
    20 |     let a: ExampleS<u64> = ExampleS::new(3, 55);
       |                            ^^^^^^^^ use of undeclared type `ExampleS`


    error: aborting due to 3 previous errors


    Some errors have detailed explanations: E0425, E0433.

    For more information about an error, try `rustc --explain E0425`.

    the input directory is /home/milnes/projects/APAS-VERUS/rust_verify_test/target/release/build/rust_verify_test/d85f41ec311845c1/test_inputs/Provetable_of_contents_standard-d85f41ec311845c1-toc_standard_loop_borrow_into
    rerun this test with:
    verus --crate-type=lib  /home/milnes/projects/APAS-VERUS/rust_verify_test/target/release/build/rust_verify_test/d85f41ec311845c1/test_inputs/Provetable_of_contents_standard-d85f41ec311845c1-toc_standard_loop_borrow_into/test.rs


    thread 'toc_standard_loop_borrow_into' (525491) panicked at tests/standards/Provetable_of_contents_standard.rs:54:1:
    Err(_) does not match $result
    note: run with `RUST_BACKTRACE=1` environment variable to display a backtrace

        FAIL [   0.074s] (297/328) rust_verify_test::Provetable_of_contents_standard toc_standard_loop_borrow_iter
  stdout ───

    running 1 test
    test toc_standard_loop_borrow_iter ... FAILED

    failures:

    failures:
        toc_standard_loop_borrow_iter

    test result: FAILED. 0 passed; 1 failed; 0 ignored; 0 measured; 5 filtered out; finished in 0.07s

  stderr ───
    error[E0433]: cannot find `standards` in `apas_verus`
      --> /home/milnes/projects/APAS-VERUS/rust_verify_test/target/release/build/rust_verify_test/d85f41ec311845c1/test_inputs/Provetable_of_contents_standard-d85f41ec311845c1-toc_standard_loop_borrow_iter/test.rs:17:17
       |
    17 | use apas_verus::standards::table_of_contents_standard::table_of_contents_standard::*;
       |                 ^^^^^^^^^ could not find `standards` in `apas_verus`
       |
    note: found an item that was configured out
      --> src/lib.rs:216:48
       |
       = note: the item is gated here


    error[E0425]: cannot find type `ExampleS` in this scope
      --> /home/milnes/projects/APAS-VERUS/rust_verify_test/target/release/build/rust_verify_test/d85f41ec311845c1/test_inputs/Provetable_of_contents_standard-d85f41ec311845c1-toc_standard_loop_borrow_iter/test.rs:20:12
       |
    20 |     let a: ExampleS<u64> = ExampleS::new(3, 42);
       |            ^^^^^^^^ not found in this scope


    error[E0433]: cannot find type `ExampleS` in this scope
      --> /home/milnes/projects/APAS-VERUS/rust_verify_test/target/release/build/rust_verify_test/d85f41ec311845c1/test_inputs/Provetable_of_contents_standard-d85f41ec311845c1-toc_standard_loop_borrow_iter/test.rs:20:28
       |
    20 |     let a: ExampleS<u64> = ExampleS::new(3, 42);
       |                            ^^^^^^^^ use of undeclared type `ExampleS`


    error: aborting due to 3 previous errors


    Some errors have detailed explanations: E0425, E0433.

    For more information about an error, try `rustc --explain E0425`.

    the input directory is /home/milnes/projects/APAS-VERUS/rust_verify_test/target/release/build/rust_verify_test/d85f41ec311845c1/test_inputs/Provetable_of_contents_standard-d85f41ec311845c1-toc_standard_loop_borrow_iter
    rerun this test with:
    verus --crate-type=lib  /home/milnes/projects/APAS-VERUS/rust_verify_test/target/release/build/rust_verify_test/d85f41ec311845c1/test_inputs/Provetable_of_contents_standard-d85f41ec311845c1-toc_standard_loop_borrow_iter/test.rs


    thread 'toc_standard_loop_borrow_iter' (525513) panicked at tests/standards/Provetable_of_contents_standard.rs:18:1:
    Err(_) does not match $result
    note: run with `RUST_BACKTRACE=1` environment variable to display a backtrace

        FAIL [   0.074s] (298/328) rust_verify_test::Provetable_of_contents_standard toc_standard_loop_consume
  stdout ───

    running 1 test
    test toc_standard_loop_consume ... FAILED

    failures:

    failures:
        toc_standard_loop_consume

    test result: FAILED. 0 passed; 1 failed; 0 ignored; 0 measured; 5 filtered out; finished in 0.07s

  stderr ───
    error[E0433]: cannot find `standards` in `apas_verus`
      --> /home/milnes/projects/APAS-VERUS/rust_verify_test/target/release/build/rust_verify_test/d85f41ec311845c1/test_inputs/Provetable_of_contents_standard-d85f41ec311845c1-toc_standard_loop_consume/test.rs:17:17
       |
    17 | use apas_verus::standards::table_of_contents_standard::table_of_contents_standard::*;
       |                 ^^^^^^^^^ could not find `standards` in `apas_verus`
       |
    note: found an item that was configured out
      --> src/lib.rs:216:48
       |
       = note: the item is gated here


    error[E0425]: cannot find type `ExampleS` in this scope
      --> /home/milnes/projects/APAS-VERUS/rust_verify_test/target/release/build/rust_verify_test/d85f41ec311845c1/test_inputs/Provetable_of_contents_standard-d85f41ec311845c1-toc_standard_loop_consume/test.rs:20:12
       |
    20 |     let a: ExampleS<u64> = ExampleS::new(3, 33);
       |            ^^^^^^^^ not found in this scope


    error[E0433]: cannot find type `ExampleS` in this scope
      --> /home/milnes/projects/APAS-VERUS/rust_verify_test/target/release/build/rust_verify_test/d85f41ec311845c1/test_inputs/Provetable_of_contents_standard-d85f41ec311845c1-toc_standard_loop_consume/test.rs:20:28
       |
    20 |     let a: ExampleS<u64> = ExampleS::new(3, 33);
       |                            ^^^^^^^^ use of undeclared type `ExampleS`


    error: aborting due to 3 previous errors


    Some errors have detailed explanations: E0425, E0433.

    For more information about an error, try `rustc --explain E0425`.

    the input directory is /home/milnes/projects/APAS-VERUS/rust_verify_test/target/release/build/rust_verify_test/d85f41ec311845c1/test_inputs/Provetable_of_contents_standard-d85f41ec311845c1-toc_standard_loop_consume
    rerun this test with:
    verus --crate-type=lib  /home/milnes/projects/APAS-VERUS/rust_verify_test/target/release/build/rust_verify_test/d85f41ec311845c1/test_inputs/Provetable_of_contents_standard-d85f41ec311845c1-toc_standard_loop_consume/test.rs


    thread 'toc_standard_loop_consume' (525535) panicked at tests/standards/Provetable_of_contents_standard.rs:90:1:
    Err(_) does not match $result
    note: run with `RUST_BACKTRACE=1` environment variable to display a backtrace

        FAIL [   0.078s] (299/328) rust_verify_test::Proveusing_closures_standard closures_ghost_spec_fn
  stdout ───

    running 1 test
    test closures_ghost_spec_fn ... FAILED

    failures:

    failures:
        closures_ghost_spec_fn

    test result: FAILED. 0 passed; 1 failed; 0 ignored; 0 measured; 3 filtered out; finished in 0.07s

  stderr ───
    error[E0433]: cannot find `standards` in `apas_verus`
      --> /home/milnes/projects/APAS-VERUS/rust_verify_test/target/release/build/rust_verify_test/032e5a4bcff1e560/test_inputs/Proveusing_closures_standard-032e5a4bcff1e560-closures_ghost_spec_fn/test.rs:16:17
       |
    16 | use apas_verus::standards::using_closures_standard::using_closures_standard::*;
       |                 ^^^^^^^^^ could not find `standards` in `apas_verus`
       |
    note: found an item that was configured out
      --> src/lib.rs:216:48
       |
       = note: the item is gated here


    error[E0425]: cannot find type `ExampleS` in this scope
      --> /home/milnes/projects/APAS-VERUS/rust_verify_test/target/release/build/rust_verify_test/032e5a4bcff1e560/test_inputs/Proveusing_closures_standard-032e5a4bcff1e560-closures_ghost_spec_fn/test.rs:23:12
       |
    23 |     let s: ExampleS<u64> = ExampleS::tabulate(
       |            ^^^^^^^^ not found in this scope


    error[E0425]: cannot find type `ExampleS` in this scope
      --> /home/milnes/projects/APAS-VERUS/rust_verify_test/target/release/build/rust_verify_test/032e5a4bcff1e560/test_inputs/Proveusing_closures_standard-032e5a4bcff1e560-closures_ghost_spec_fn/test.rs:35:16
       |
    35 |     let evens: ExampleS<u64> = s.filter(&pred, Ghost(spec_pred));
       |                ^^^^^^^^ not found in this scope


    error[E0433]: cannot find type `ExampleS` in this scope
      --> /home/milnes/projects/APAS-VERUS/rust_verify_test/target/release/build/rust_verify_test/032e5a4bcff1e560/test_inputs/Proveusing_closures_standard-032e5a4bcff1e560-closures_ghost_spec_fn/test.rs:23:28
       |
    23 |     let s: ExampleS<u64> = ExampleS::tabulate(
       |                            ^^^^^^^^ use of undeclared type `ExampleS`


    error: aborting due to 4 previous errors


    Some errors have detailed explanations: E0425, E0433.

    For more information about an error, try `rustc --explain E0425`.

    the input directory is /home/milnes/projects/APAS-VERUS/rust_verify_test/target/release/build/rust_verify_test/032e5a4bcff1e560/test_inputs/Proveusing_closures_standard-032e5a4bcff1e560-closures_ghost_spec_fn
    rerun this test with:
    verus --crate-type=lib  /home/milnes/projects/APAS-VERUS/rust_verify_test/target/release/build/rust_verify_test/032e5a4bcff1e560/test_inputs/Proveusing_closures_standard-032e5a4bcff1e560-closures_ghost_spec_fn/test.rs


    thread 'closures_ghost_spec_fn' (525559) panicked at tests/standards/Proveusing_closures_standard.rs:51:1:
    Err(_) does not match $result
    note: run with `RUST_BACKTRACE=1` environment variable to display a backtrace

        FAIL [   0.069s] (300/328) rust_verify_test::Proveusing_closures_standard closures_inline_requires_ensures
  stdout ───

    running 1 test
    test closures_inline_requires_ensures ... FAILED

    failures:

    failures:
        closures_inline_requires_ensures

    test result: FAILED. 0 passed; 1 failed; 0 ignored; 0 measured; 3 filtered out; finished in 0.06s

  stderr ───
    error[E0433]: cannot find `standards` in `apas_verus`
      --> /home/milnes/projects/APAS-VERUS/rust_verify_test/target/release/build/rust_verify_test/032e5a4bcff1e560/test_inputs/Proveusing_closures_standard-032e5a4bcff1e560-closures_inline_requires_ensures/test.rs:16:17
       |
    16 | use apas_verus::standards::using_closures_standard::using_closures_standard::*;
       |                 ^^^^^^^^^ could not find `standards` in `apas_verus`
       |
    note: found an item that was configured out
      --> src/lib.rs:216:48
       |
       = note: the item is gated here


    error[E0425]: cannot find type `ExampleS` in this scope
      --> /home/milnes/projects/APAS-VERUS/rust_verify_test/target/release/build/rust_verify_test/032e5a4bcff1e560/test_inputs/Proveusing_closures_standard-032e5a4bcff1e560-closures_inline_requires_ensures/test.rs:19:12
       |
    19 |     let s: ExampleS<u64> = ExampleS::tabulate(
       |            ^^^^^^^^ not found in this scope


    error[E0433]: cannot find type `ExampleS` in this scope
      --> /home/milnes/projects/APAS-VERUS/rust_verify_test/target/release/build/rust_verify_test/032e5a4bcff1e560/test_inputs/Proveusing_closures_standard-032e5a4bcff1e560-closures_inline_requires_ensures/test.rs:19:28
       |
    19 |     let s: ExampleS<u64> = ExampleS::tabulate(
       |                            ^^^^^^^^ use of undeclared type `ExampleS`


    error: aborting due to 3 previous errors


    Some errors have detailed explanations: E0425, E0433.

    For more information about an error, try `rustc --explain E0425`.

    the input directory is /home/milnes/projects/APAS-VERUS/rust_verify_test/target/release/build/rust_verify_test/032e5a4bcff1e560/test_inputs/Proveusing_closures_standard-032e5a4bcff1e560-closures_inline_requires_ensures
    rerun this test with:
    verus --crate-type=lib  /home/milnes/projects/APAS-VERUS/rust_verify_test/target/release/build/rust_verify_test/032e5a4bcff1e560/test_inputs/Proveusing_closures_standard-032e5a4bcff1e560-closures_inline_requires_ensures/test.rs


    thread 'closures_inline_requires_ensures' (525581) panicked at tests/standards/Proveusing_closures_standard.rs:32:1:
    Err(_) does not match $result
    note: run with `RUST_BACKTRACE=1` environment variable to display a backtrace

        FAIL [   0.069s] (301/328) rust_verify_test::Proveusing_closures_standard closures_let_bind_ensures
  stdout ───

    running 1 test
    test closures_let_bind_ensures ... FAILED

    failures:

    failures:
        closures_let_bind_ensures

    test result: FAILED. 0 passed; 1 failed; 0 ignored; 0 measured; 3 filtered out; finished in 0.07s

  stderr ───
    error[E0433]: cannot find `standards` in `apas_verus`
      --> /home/milnes/projects/APAS-VERUS/rust_verify_test/target/release/build/rust_verify_test/032e5a4bcff1e560/test_inputs/Proveusing_closures_standard-032e5a4bcff1e560-closures_let_bind_ensures/test.rs:16:17
       |
    16 | use apas_verus::standards::using_closures_standard::using_closures_standard::*;
       |                 ^^^^^^^^^ could not find `standards` in `apas_verus`
       |
    note: found an item that was configured out
      --> src/lib.rs:216:48
       |
       = note: the item is gated here


    error[E0425]: cannot find type `ExampleS` in this scope
      --> /home/milnes/projects/APAS-VERUS/rust_verify_test/target/release/build/rust_verify_test/032e5a4bcff1e560/test_inputs/Proveusing_closures_standard-032e5a4bcff1e560-closures_let_bind_ensures/test.rs:24:12
       |
    24 |     let s: ExampleS<u64> = ExampleS::tabulate(&f, 5);
       |            ^^^^^^^^ not found in this scope


    error[E0433]: cannot find type `ExampleS` in this scope
      --> /home/milnes/projects/APAS-VERUS/rust_verify_test/target/release/build/rust_verify_test/032e5a4bcff1e560/test_inputs/Proveusing_closures_standard-032e5a4bcff1e560-closures_let_bind_ensures/test.rs:24:28
       |
    24 |     let s: ExampleS<u64> = ExampleS::tabulate(&f, 5);
       |                            ^^^^^^^^ use of undeclared type `ExampleS`


    error: aborting due to 3 previous errors


    Some errors have detailed explanations: E0425, E0433.

    For more information about an error, try `rustc --explain E0425`.

    the input directory is /home/milnes/projects/APAS-VERUS/rust_verify_test/target/release/build/rust_verify_test/032e5a4bcff1e560/test_inputs/Proveusing_closures_standard-032e5a4bcff1e560-closures_let_bind_ensures
    rerun this test with:
    verus --crate-type=lib  /home/milnes/projects/APAS-VERUS/rust_verify_test/target/release/build/rust_verify_test/032e5a4bcff1e560/test_inputs/Proveusing_closures_standard-032e5a4bcff1e560-closures_let_bind_ensures/test.rs


    thread 'closures_let_bind_ensures' (525593) panicked at tests/standards/Proveusing_closures_standard.rs:14:1:
    Err(_) does not match $result
    note: run with `RUST_BACKTRACE=1` environment variable to display a backtrace

        FAIL [   0.072s] (302/328) rust_verify_test::Proveusing_closures_standard closures_map_apply
  stdout ───

    running 1 test
    test closures_map_apply ... FAILED

    failures:

    failures:
        closures_map_apply

    test result: FAILED. 0 passed; 1 failed; 0 ignored; 0 measured; 3 filtered out; finished in 0.07s

  stderr ───
    error[E0433]: cannot find `standards` in `apas_verus`
      --> /home/milnes/projects/APAS-VERUS/rust_verify_test/target/release/build/rust_verify_test/032e5a4bcff1e560/test_inputs/Proveusing_closures_standard-032e5a4bcff1e560-closures_map_apply/test.rs:16:17
       |
    16 | use apas_verus::standards::using_closures_standard::using_closures_standard::*;
       |                 ^^^^^^^^^ could not find `standards` in `apas_verus`
       |
    note: found an item that was configured out
      --> src/lib.rs:216:48
       |
       = note: the item is gated here


    error[E0425]: cannot find type `ExampleS` in this scope
      --> /home/milnes/projects/APAS-VERUS/rust_verify_test/target/release/build/rust_verify_test/032e5a4bcff1e560/test_inputs/Proveusing_closures_standard-032e5a4bcff1e560-closures_map_apply/test.rs:19:12
       |
    19 |     let s: ExampleS<u64> = ExampleS::tabulate(
       |            ^^^^^^^^ not found in this scope


    error[E0433]: cannot find type `ExampleS` in this scope
      --> /home/milnes/projects/APAS-VERUS/rust_verify_test/target/release/build/rust_verify_test/032e5a4bcff1e560/test_inputs/Proveusing_closures_standard-032e5a4bcff1e560-closures_map_apply/test.rs:19:28
       |
    19 |     let s: ExampleS<u64> = ExampleS::tabulate(
       |                            ^^^^^^^^ use of undeclared type `ExampleS`


    error: aborting due to 3 previous errors


    Some errors have detailed explanations: E0425, E0433.

    For more information about an error, try `rustc --explain E0425`.

    the input directory is /home/milnes/projects/APAS-VERUS/rust_verify_test/target/release/build/rust_verify_test/032e5a4bcff1e560/test_inputs/Proveusing_closures_standard-032e5a4bcff1e560-closures_map_apply
    rerun this test with:
    verus --crate-type=lib  /home/milnes/projects/APAS-VERUS/rust_verify_test/target/release/build/rust_verify_test/032e5a4bcff1e560/test_inputs/Proveusing_closures_standard-032e5a4bcff1e560-closures_map_apply/test.rs


    thread 'closures_map_apply' (525623) panicked at tests/standards/Proveusing_closures_standard.rs:80:1:
    Err(_) does not match $result
    note: run with `RUST_BACKTRACE=1` environment variable to display a backtrace

        FAIL [   0.062s] (303/328) rust_verify_test::Proveview_standard view_standard_collection
  stdout ───

    running 1 test
    test view_standard_collection ... FAILED

    failures:

    failures:
        view_standard_collection

    test result: FAILED. 0 passed; 1 failed; 0 ignored; 0 measured; 7 filtered out; finished in 0.06s

  stderr ───
    error[E0433]: cannot find `standards` in `apas_verus`
      --> /home/milnes/projects/APAS-VERUS/rust_verify_test/target/release/build/rust_verify_test/a5381a6888f22210/test_inputs/Proveview_standard-a5381a6888f22210-view_standard_collection/test.rs:16:17
       |
    16 | use apas_verus::standards::view_standard::view_standard::*;
       |                 ^^^^^^^^^ could not find `standards` in `apas_verus`
       |
    note: found an item that was configured out
      --> src/lib.rs:216:48
       |
       = note: the item is gated here


    error[E0422]: cannot find struct, variant or union type `CollectionS` in this scope
      --> /home/milnes/projects/APAS-VERUS/rust_verify_test/target/release/build/rust_verify_test/a5381a6888f22210/test_inputs/Proveview_standard-a5381a6888f22210-view_standard_collection/test.rs:22:13
       |
    22 |     let c = CollectionS { seq: v };
       |             ^^^^^^^^^^^ not found in this scope


    error: aborting due to 2 previous errors


    Some errors have detailed explanations: E0422, E0433.

    For more information about an error, try `rustc --explain E0422`.

    the input directory is /home/milnes/projects/APAS-VERUS/rust_verify_test/target/release/build/rust_verify_test/a5381a6888f22210/test_inputs/Proveview_standard-a5381a6888f22210-view_standard_collection
    rerun this test with:
    verus --crate-type=lib  /home/milnes/projects/APAS-VERUS/rust_verify_test/target/release/build/rust_verify_test/a5381a6888f22210/test_inputs/Proveview_standard-a5381a6888f22210-view_standard_collection/test.rs


    thread 'view_standard_collection' (525645) panicked at tests/standards/Proveview_standard.rs:24:1:
    Err(_) does not match $result
    note: run with `RUST_BACKTRACE=1` environment variable to display a backtrace

        FAIL [   0.056s] (304/328) rust_verify_test::Proveview_standard view_standard_for_borrow_into
  stdout ───

    running 1 test
    test view_standard_for_borrow_into ... FAILED

    failures:

    failures:
        view_standard_for_borrow_into

    test result: FAILED. 0 passed; 1 failed; 0 ignored; 0 measured; 7 filtered out; finished in 0.05s

  stderr ───
    error[E0433]: cannot find `standards` in `apas_verus`
      --> /home/milnes/projects/APAS-VERUS/rust_verify_test/target/release/build/rust_verify_test/a5381a6888f22210/test_inputs/Proveview_standard-a5381a6888f22210-view_standard_for_borrow_into/test.rs:17:17
       |
    17 | use apas_verus::standards::view_standard::view_standard::*;
       |                 ^^^^^^^^^ could not find `standards` in `apas_verus`
       |
    note: found an item that was configured out
      --> src/lib.rs:216:48
       |
       = note: the item is gated here


    error[E0422]: cannot find struct, variant or union type `CollectionS` in this scope
      --> /home/milnes/projects/APAS-VERUS/rust_verify_test/target/release/build/rust_verify_test/a5381a6888f22210/test_inputs/Proveview_standard-a5381a6888f22210-view_standard_for_borrow_into/test.rs:24:13
       |
    24 |     let a = CollectionS { seq: v };
       |             ^^^^^^^^^^^ not found in this scope


    error: aborting due to 2 previous errors


    Some errors have detailed explanations: E0422, E0433.

    For more information about an error, try `rustc --explain E0422`.

    the input directory is /home/milnes/projects/APAS-VERUS/rust_verify_test/target/release/build/rust_verify_test/a5381a6888f22210/test_inputs/Proveview_standard-a5381a6888f22210-view_standard_for_borrow_into
    rerun this test with:
    verus --crate-type=lib  /home/milnes/projects/APAS-VERUS/rust_verify_test/target/release/build/rust_verify_test/a5381a6888f22210/test_inputs/Proveview_standard-a5381a6888f22210-view_standard_for_borrow_into/test.rs


    thread 'view_standard_for_borrow_into' (525669) panicked at tests/standards/Proveview_standard.rs:191:1:
    Err(_) does not match $result
    note: run with `RUST_BACKTRACE=1` environment variable to display a backtrace

        PASS [   1.135s] (305/328) rust_verify_test::ProveWeightedDirGraphStEphUsize weighteddirgraphstephusize_loop_borrow_iter_vertices
        FAIL [   0.065s] (306/328) rust_verify_test::Proveview_standard view_standard_for_borrow_iter
  stdout ───

    running 1 test
    test view_standard_for_borrow_iter ... FAILED

    failures:

    failures:
        view_standard_for_borrow_iter

    test result: FAILED. 0 passed; 1 failed; 0 ignored; 0 measured; 7 filtered out; finished in 0.06s

  stderr ───
    error[E0433]: cannot find `standards` in `apas_verus`
      --> /home/milnes/projects/APAS-VERUS/rust_verify_test/target/release/build/rust_verify_test/a5381a6888f22210/test_inputs/Proveview_standard-a5381a6888f22210-view_standard_for_borrow_iter/test.rs:17:17
       |
    17 | use apas_verus::standards::view_standard::view_standard::*;
       |                 ^^^^^^^^^ could not find `standards` in `apas_verus`
       |
    note: found an item that was configured out
      --> src/lib.rs:216:48
       |
       = note: the item is gated here


    error[E0422]: cannot find struct, variant or union type `CollectionS` in this scope
      --> /home/milnes/projects/APAS-VERUS/rust_verify_test/target/release/build/rust_verify_test/a5381a6888f22210/test_inputs/Proveview_standard-a5381a6888f22210-view_standard_for_borrow_iter/test.rs:24:13
       |
    24 |     let a = CollectionS { seq: v };
       |             ^^^^^^^^^^^ not found in this scope


    error: aborting due to 2 previous errors


    Some errors have detailed explanations: E0422, E0433.

    For more information about an error, try `rustc --explain E0422`.

    the input directory is /home/milnes/projects/APAS-VERUS/rust_verify_test/target/release/build/rust_verify_test/a5381a6888f22210/test_inputs/Proveview_standard-a5381a6888f22210-view_standard_for_borrow_iter
    rerun this test with:
    verus --crate-type=lib  /home/milnes/projects/APAS-VERUS/rust_verify_test/target/release/build/rust_verify_test/a5381a6888f22210/test_inputs/Proveview_standard-a5381a6888f22210-view_standard_for_borrow_iter/test.rs


    thread 'view_standard_for_borrow_iter' (525689) panicked at tests/standards/Proveview_standard.rs:162:1:
    Err(_) does not match $result
    note: run with `RUST_BACKTRACE=1` environment variable to display a backtrace

        FAIL [   0.064s] (307/328) rust_verify_test::Proveview_standard view_standard_for_consume
  stdout ───

    running 1 test
    test view_standard_for_consume ... FAILED

    failures:

    failures:
        view_standard_for_consume

    test result: FAILED. 0 passed; 1 failed; 0 ignored; 0 measured; 7 filtered out; finished in 0.06s

  stderr ───
    error[E0433]: cannot find `standards` in `apas_verus`
      --> /home/milnes/projects/APAS-VERUS/rust_verify_test/target/release/build/rust_verify_test/a5381a6888f22210/test_inputs/Proveview_standard-a5381a6888f22210-view_standard_for_consume/test.rs:17:17
       |
    17 | use apas_verus::standards::view_standard::view_standard::*;
       |                 ^^^^^^^^^ could not find `standards` in `apas_verus`
       |
    note: found an item that was configured out
      --> src/lib.rs:216:48
       |
       = note: the item is gated here


    error[E0422]: cannot find struct, variant or union type `CollectionS` in this scope
      --> /home/milnes/projects/APAS-VERUS/rust_verify_test/target/release/build/rust_verify_test/a5381a6888f22210/test_inputs/Proveview_standard-a5381a6888f22210-view_standard_for_consume/test.rs:24:13
       |
    24 |     let a = CollectionS { seq: v };
       |             ^^^^^^^^^^^ not found in this scope


    error: aborting due to 2 previous errors


    Some errors have detailed explanations: E0422, E0433.

    For more information about an error, try `rustc --explain E0422`.

    the input directory is /home/milnes/projects/APAS-VERUS/rust_verify_test/target/release/build/rust_verify_test/a5381a6888f22210/test_inputs/Proveview_standard-a5381a6888f22210-view_standard_for_consume
    rerun this test with:
    verus --crate-type=lib  /home/milnes/projects/APAS-VERUS/rust_verify_test/target/release/build/rust_verify_test/a5381a6888f22210/test_inputs/Proveview_standard-a5381a6888f22210-view_standard_for_consume/test.rs


    thread 'view_standard_for_consume' (525701) panicked at tests/standards/Proveview_standard.rs:220:1:
    Err(_) does not match $result
    note: run with `RUST_BACKTRACE=1` environment variable to display a backtrace

        FAIL [   0.062s] (308/328) rust_verify_test::Proveview_standard view_standard_loop_borrow_into
  stdout ───

    running 1 test
    test view_standard_loop_borrow_into ... FAILED

    failures:

    failures:
        view_standard_loop_borrow_into

    test result: FAILED. 0 passed; 1 failed; 0 ignored; 0 measured; 7 filtered out; finished in 0.06s

  stderr ───
    error[E0433]: cannot find `standards` in `apas_verus`
      --> /home/milnes/projects/APAS-VERUS/rust_verify_test/target/release/build/rust_verify_test/a5381a6888f22210/test_inputs/Proveview_standard-a5381a6888f22210-view_standard_loop_borrow_into/test.rs:17:17
       |
    17 | use apas_verus::standards::view_standard::view_standard::*;
       |                 ^^^^^^^^^ could not find `standards` in `apas_verus`
       |
    note: found an item that was configured out
      --> src/lib.rs:216:48
       |
       = note: the item is gated here


    error[E0422]: cannot find struct, variant or union type `CollectionS` in this scope
      --> /home/milnes/projects/APAS-VERUS/rust_verify_test/target/release/build/rust_verify_test/a5381a6888f22210/test_inputs/Proveview_standard-a5381a6888f22210-view_standard_loop_borrow_into/test.rs:24:13
       |
    24 |     let a = CollectionS { seq: v };
       |             ^^^^^^^^^^^ not found in this scope


    error: aborting due to 2 previous errors


    Some errors have detailed explanations: E0422, E0433.

    For more information about an error, try `rustc --explain E0422`.

    the input directory is /home/milnes/projects/APAS-VERUS/rust_verify_test/target/release/build/rust_verify_test/a5381a6888f22210/test_inputs/Proveview_standard-a5381a6888f22210-view_standard_loop_borrow_into
    rerun this test with:
    verus --crate-type=lib  /home/milnes/projects/APAS-VERUS/rust_verify_test/target/release/build/rust_verify_test/a5381a6888f22210/test_inputs/Proveview_standard-a5381a6888f22210-view_standard_loop_borrow_into/test.rs


    thread 'view_standard_loop_borrow_into' (525736) panicked at tests/standards/Proveview_standard.rs:82:1:
    Err(_) does not match $result
    note: run with `RUST_BACKTRACE=1` environment variable to display a backtrace

        FAIL [   0.063s] (309/328) rust_verify_test::Proveview_standard view_standard_loop_borrow_iter
  stdout ───

    running 1 test
    test view_standard_loop_borrow_iter ... FAILED

    failures:

    failures:
        view_standard_loop_borrow_iter

    test result: FAILED. 0 passed; 1 failed; 0 ignored; 0 measured; 7 filtered out; finished in 0.06s

  stderr ───
    error[E0433]: cannot find `standards` in `apas_verus`
      --> /home/milnes/projects/APAS-VERUS/rust_verify_test/target/release/build/rust_verify_test/a5381a6888f22210/test_inputs/Proveview_standard-a5381a6888f22210-view_standard_loop_borrow_iter/test.rs:17:17
       |
    17 | use apas_verus::standards::view_standard::view_standard::*;
       |                 ^^^^^^^^^ could not find `standards` in `apas_verus`
       |
    note: found an item that was configured out
      --> src/lib.rs:216:48
       |
       = note: the item is gated here


    error[E0422]: cannot find struct, variant or union type `CollectionS` in this scope
      --> /home/milnes/projects/APAS-VERUS/rust_verify_test/target/release/build/rust_verify_test/a5381a6888f22210/test_inputs/Proveview_standard-a5381a6888f22210-view_standard_loop_borrow_iter/test.rs:24:13
       |
    24 |     let a = CollectionS { seq: v };
       |             ^^^^^^^^^^^ not found in this scope


    error: aborting due to 2 previous errors


    Some errors have detailed explanations: E0422, E0433.

    For more information about an error, try `rustc --explain E0422`.

    the input directory is /home/milnes/projects/APAS-VERUS/rust_verify_test/target/release/build/rust_verify_test/a5381a6888f22210/test_inputs/Proveview_standard-a5381a6888f22210-view_standard_loop_borrow_iter
    rerun this test with:
    verus --crate-type=lib  /home/milnes/projects/APAS-VERUS/rust_verify_test/target/release/build/rust_verify_test/a5381a6888f22210/test_inputs/Proveview_standard-a5381a6888f22210-view_standard_loop_borrow_iter/test.rs


    thread 'view_standard_loop_borrow_iter' (525739) panicked at tests/standards/Proveview_standard.rs:42:1:
    Err(_) does not match $result
    note: run with `RUST_BACKTRACE=1` environment variable to display a backtrace

        FAIL [   0.064s] (310/328) rust_verify_test::Proveview_standard view_standard_loop_consume
  stdout ───

    running 1 test
    test view_standard_loop_consume ... FAILED

    failures:

    failures:
        view_standard_loop_consume

    test result: FAILED. 0 passed; 1 failed; 0 ignored; 0 measured; 7 filtered out; finished in 0.06s

  stderr ───
    error[E0433]: cannot find `standards` in `apas_verus`
      --> /home/milnes/projects/APAS-VERUS/rust_verify_test/target/release/build/rust_verify_test/a5381a6888f22210/test_inputs/Proveview_standard-a5381a6888f22210-view_standard_loop_consume/test.rs:17:17
       |
    17 | use apas_verus::standards::view_standard::view_standard::*;
       |                 ^^^^^^^^^ could not find `standards` in `apas_verus`
       |
    note: found an item that was configured out
      --> src/lib.rs:216:48
       |
       = note: the item is gated here


    error[E0422]: cannot find struct, variant or union type `CollectionS` in this scope
      --> /home/milnes/projects/APAS-VERUS/rust_verify_test/target/release/build/rust_verify_test/a5381a6888f22210/test_inputs/Proveview_standard-a5381a6888f22210-view_standard_loop_consume/test.rs:24:13
       |
    24 |     let a = CollectionS { seq: v };
       |             ^^^^^^^^^^^ not found in this scope


    error: aborting due to 2 previous errors


    Some errors have detailed explanations: E0422, E0433.

    For more information about an error, try `rustc --explain E0422`.

    the input directory is /home/milnes/projects/APAS-VERUS/rust_verify_test/target/release/build/rust_verify_test/a5381a6888f22210/test_inputs/Proveview_standard-a5381a6888f22210-view_standard_loop_consume
    rerun this test with:
    verus --crate-type=lib  /home/milnes/projects/APAS-VERUS/rust_verify_test/target/release/build/rust_verify_test/a5381a6888f22210/test_inputs/Proveview_standard-a5381a6888f22210-view_standard_loop_consume/test.rs


    thread 'view_standard_loop_consume' (525779) panicked at tests/standards/Proveview_standard.rs:122:1:
    Err(_) does not match $result
    note: run with `RUST_BACKTRACE=1` environment variable to display a backtrace

        FAIL [   0.064s] (311/328) rust_verify_test::Proveview_standard view_standard_simple
  stdout ───

    running 1 test
    test view_standard_simple ... FAILED

    failures:

    failures:
        view_standard_simple

    test result: FAILED. 0 passed; 1 failed; 0 ignored; 0 measured; 7 filtered out; finished in 0.06s

  stderr ───
    error[E0433]: cannot find `standards` in `apas_verus`
      --> /home/milnes/projects/APAS-VERUS/rust_verify_test/target/release/build/rust_verify_test/a5381a6888f22210/test_inputs/Proveview_standard-a5381a6888f22210-view_standard_simple/test.rs:16:17
       |
    16 | use apas_verus::standards::view_standard::view_standard::*;
       |                 ^^^^^^^^^ could not find `standards` in `apas_verus`
       |
    note: found an item that was configured out
      --> src/lib.rs:216:48
       |
       = note: the item is gated here


    error[E0433]: cannot find type `SimpleS` in this scope
      --> /home/milnes/projects/APAS-VERUS/rust_verify_test/target/release/build/rust_verify_test/a5381a6888f22210/test_inputs/Proveview_standard-a5381a6888f22210-view_standard_simple/test.rs:19:13
       |
    19 |     let s = SimpleS::new(42);
       |             ^^^^^^^ use of undeclared type `SimpleS`


    error: aborting due to 2 previous errors


    For more information about this error, try `rustc --explain E0433`.

    the input directory is /home/milnes/projects/APAS-VERUS/rust_verify_test/target/release/build/rust_verify_test/a5381a6888f22210/test_inputs/Proveview_standard-a5381a6888f22210-view_standard_simple
    rerun this test with:
    verus --crate-type=lib  /home/milnes/projects/APAS-VERUS/rust_verify_test/target/release/build/rust_verify_test/a5381a6888f22210/test_inputs/Proveview_standard-a5381a6888f22210-view_standard_simple/test.rs


    thread 'view_standard_simple' (525791) panicked at tests/standards/Proveview_standard.rs:12:1:
    Err(_) does not match $result
    note: run with `RUST_BACKTRACE=1` environment variable to display a backtrace

        FAIL [   0.070s] (312/328) rust_verify_test::Provewrapping_iterators_standard wrapping_for_adapted
  stdout ───

    running 1 test
    test wrapping_for_adapted ... FAILED

    failures:

    failures:
        wrapping_for_adapted

    test result: FAILED. 0 passed; 1 failed; 0 ignored; 0 measured; 5 filtered out; finished in 0.07s

  stderr ───
    error[E0433]: cannot find `standards` in `apas_verus`
      --> /home/milnes/projects/APAS-VERUS/rust_verify_test/target/release/build/rust_verify_test/72dd156b918a37a5/test_inputs/Provewrapping_iterators_standard-72dd156b918a37a5-wrapping_for_adapted/test.rs:17:17
       |
    17 | use apas_verus::standards::wrapping_iterators_standard::wrapping_iterators_standard::*;
       |                 ^^^^^^^^^ could not find `standards` in `apas_verus`
       |
    note: found an item that was configured out
      --> src/lib.rs:216:48
       |
       = note: the item is gated here


    error[E0425]: cannot find type `OuterS` in this scope
      --> /home/milnes/projects/APAS-VERUS/rust_verify_test/target/release/build/rust_verify_test/72dd156b918a37a5/test_inputs/Provewrapping_iterators_standard-72dd156b918a37a5-wrapping_for_adapted/test.rs:20:12
       |
    20 |     let a: OuterS<u64> = OuterS::new(3, 22);
       |            ^^^^^^ not found in this scope


    error[E0433]: cannot find type `OuterS` in this scope
      --> /home/milnes/projects/APAS-VERUS/rust_verify_test/target/release/build/rust_verify_test/72dd156b918a37a5/test_inputs/Provewrapping_iterators_standard-72dd156b918a37a5-wrapping_for_adapted/test.rs:20:26
       |
    20 |     let a: OuterS<u64> = OuterS::new(3, 22);
       |                          ^^^^^^ use of undeclared type `OuterS`


    error: aborting due to 3 previous errors


    Some errors have detailed explanations: E0425, E0433.

    For more information about an error, try `rustc --explain E0425`.

    the input directory is /home/milnes/projects/APAS-VERUS/rust_verify_test/target/release/build/rust_verify_test/72dd156b918a37a5/test_inputs/Provewrapping_iterators_standard-72dd156b918a37a5-wrapping_for_adapted
    rerun this test with:
    verus --crate-type=lib  /home/milnes/projects/APAS-VERUS/rust_verify_test/target/release/build/rust_verify_test/72dd156b918a37a5/test_inputs/Provewrapping_iterators_standard-72dd156b918a37a5-wrapping_for_adapted/test.rs


    thread 'wrapping_for_adapted' (525821) panicked at tests/standards/Provewrapping_iterators_standard.rs:177:1:
    Err(_) does not match $result
    note: run with `RUST_BACKTRACE=1` environment variable to display a backtrace

        FAIL [   0.074s] (313/328) rust_verify_test::Provewrapping_iterators_standard wrapping_for_borrow_into
  stdout ───

    running 1 test
    test wrapping_for_borrow_into ... FAILED

    failures:

    failures:
        wrapping_for_borrow_into

    test result: FAILED. 0 passed; 1 failed; 0 ignored; 0 measured; 5 filtered out; finished in 0.07s

  stderr ───
    error[E0433]: cannot find `standards` in `apas_verus`
      --> /home/milnes/projects/APAS-VERUS/rust_verify_test/target/release/build/rust_verify_test/72dd156b918a37a5/test_inputs/Provewrapping_iterators_standard-72dd156b918a37a5-wrapping_for_borrow_into/test.rs:17:17
       |
    17 | use apas_verus::standards::wrapping_iterators_standard::wrapping_iterators_standard::*;
       |                 ^^^^^^^^^ could not find `standards` in `apas_verus`
       |
    note: found an item that was configured out
      --> src/lib.rs:216:48
       |
       = note: the item is gated here


    error[E0425]: cannot find type `OuterS` in this scope
      --> /home/milnes/projects/APAS-VERUS/rust_verify_test/target/release/build/rust_verify_test/72dd156b918a37a5/test_inputs/Provewrapping_iterators_standard-72dd156b918a37a5-wrapping_for_borrow_into/test.rs:20:12
       |
    20 |     let a: OuterS<u64> = OuterS::new(3, 77);
       |            ^^^^^^ not found in this scope


    error[E0433]: cannot find type `OuterS` in this scope
      --> /home/milnes/projects/APAS-VERUS/rust_verify_test/target/release/build/rust_verify_test/72dd156b918a37a5/test_inputs/Provewrapping_iterators_standard-72dd156b918a37a5-wrapping_for_borrow_into/test.rs:20:26
       |
    20 |     let a: OuterS<u64> = OuterS::new(3, 77);
       |                          ^^^^^^ use of undeclared type `OuterS`


    error: aborting due to 3 previous errors


    Some errors have detailed explanations: E0425, E0433.

    For more information about an error, try `rustc --explain E0425`.

    the input directory is /home/milnes/projects/APAS-VERUS/rust_verify_test/target/release/build/rust_verify_test/72dd156b918a37a5/test_inputs/Provewrapping_iterators_standard-72dd156b918a37a5-wrapping_for_borrow_into
    rerun this test with:
    verus --crate-type=lib  /home/milnes/projects/APAS-VERUS/rust_verify_test/target/release/build/rust_verify_test/72dd156b918a37a5/test_inputs/Provewrapping_iterators_standard-72dd156b918a37a5-wrapping_for_borrow_into/test.rs


    thread 'wrapping_for_borrow_into' (525833) panicked at tests/standards/Provewrapping_iterators_standard.rs:116:1:
    Err(_) does not match $result
    note: run with `RUST_BACKTRACE=1` environment variable to display a backtrace

        FAIL [   0.060s] (314/328) rust_verify_test::Provewrapping_iterators_standard wrapping_loop_adapted
  stdout ───

    running 1 test
    test wrapping_loop_adapted ... FAILED

    failures:

    failures:
        wrapping_loop_adapted

    test result: FAILED. 0 passed; 1 failed; 0 ignored; 0 measured; 5 filtered out; finished in 0.06s

  stderr ───
    error[E0433]: cannot find `standards` in `apas_verus`
      --> /home/milnes/projects/APAS-VERUS/rust_verify_test/target/release/build/rust_verify_test/72dd156b918a37a5/test_inputs/Provewrapping_iterators_standard-72dd156b918a37a5-wrapping_loop_adapted/test.rs:17:17
       |
    17 | use apas_verus::standards::wrapping_iterators_standard::wrapping_iterators_standard::*;
       |                 ^^^^^^^^^ could not find `standards` in `apas_verus`
       |
    note: found an item that was configured out
      --> src/lib.rs:216:48
       |
       = note: the item is gated here


    error[E0425]: cannot find type `OuterS` in this scope
      --> /home/milnes/projects/APAS-VERUS/rust_verify_test/target/release/build/rust_verify_test/72dd156b918a37a5/test_inputs/Provewrapping_iterators_standard-72dd156b918a37a5-wrapping_loop_adapted/test.rs:20:12
       |
    20 |     let a: OuterS<u64> = OuterS::new(3, 11);
       |            ^^^^^^ not found in this scope


    error[E0425]: cannot find type `OuterIter` in this scope
      --> /home/milnes/projects/APAS-VERUS/rust_verify_test/target/release/build/rust_verify_test/72dd156b918a37a5/test_inputs/Provewrapping_iterators_standard-72dd156b918a37a5-wrapping_loop_adapted/test.rs:23:37
       |
    23 |     let mut it: VerusForLoopWrapper<OuterIter<'_, u64>> =
       |                                     ^^^^^^^^^ not found in this scope


    error[E0433]: cannot find type `OuterS` in this scope
      --> /home/milnes/projects/APAS-VERUS/rust_verify_test/target/release/build/rust_verify_test/72dd156b918a37a5/test_inputs/Provewrapping_iterators_standard-72dd156b918a37a5-wrapping_loop_adapted/test.rs:20:26
       |
    20 |     let a: OuterS<u64> = OuterS::new(3, 11);
       |                          ^^^^^^ use of undeclared type `OuterS`


    error: aborting due to 4 previous errors


    Some errors have detailed explanations: E0425, E0433.

    For more information about an error, try `rustc --explain E0425`.

    the input directory is /home/milnes/projects/APAS-VERUS/rust_verify_test/target/release/build/rust_verify_test/72dd156b918a37a5/test_inputs/Provewrapping_iterators_standard-72dd156b918a37a5-wrapping_loop_adapted
    rerun this test with:
    verus --crate-type=lib  /home/milnes/projects/APAS-VERUS/rust_verify_test/target/release/build/rust_verify_test/72dd156b918a37a5/test_inputs/Provewrapping_iterators_standard-72dd156b918a37a5-wrapping_loop_adapted/test.rs


    thread 'wrapping_loop_adapted' (525871) panicked at tests/standards/Provewrapping_iterators_standard.rs:141:1:
    Err(_) does not match $result
    note: run with `RUST_BACKTRACE=1` environment variable to display a backtrace

        FAIL [   0.068s] (315/328) rust_verify_test::Provewrapping_iterators_standard wrapping_for_borrow_iter
  stdout ───

    running 1 test
    test wrapping_for_borrow_iter ... FAILED

    failures:

    failures:
        wrapping_for_borrow_iter

    test result: FAILED. 0 passed; 1 failed; 0 ignored; 0 measured; 5 filtered out; finished in 0.06s

  stderr ───
    error[E0433]: cannot find `standards` in `apas_verus`
      --> /home/milnes/projects/APAS-VERUS/rust_verify_test/target/release/build/rust_verify_test/72dd156b918a37a5/test_inputs/Provewrapping_iterators_standard-72dd156b918a37a5-wrapping_for_borrow_iter/test.rs:17:17
       |
    17 | use apas_verus::standards::wrapping_iterators_standard::wrapping_iterators_standard::*;
       |                 ^^^^^^^^^ could not find `standards` in `apas_verus`
       |
    note: found an item that was configured out
      --> src/lib.rs:216:48
       |
       = note: the item is gated here


    error[E0425]: cannot find type `OuterS` in this scope
      --> /home/milnes/projects/APAS-VERUS/rust_verify_test/target/release/build/rust_verify_test/72dd156b918a37a5/test_inputs/Provewrapping_iterators_standard-72dd156b918a37a5-wrapping_for_borrow_iter/test.rs:20:12
       |
    20 |     let a: OuterS<u64> = OuterS::new(3, 99);
       |            ^^^^^^ not found in this scope


    error[E0433]: cannot find type `OuterS` in this scope
      --> /home/milnes/projects/APAS-VERUS/rust_verify_test/target/release/build/rust_verify_test/72dd156b918a37a5/test_inputs/Provewrapping_iterators_standard-72dd156b918a37a5-wrapping_for_borrow_iter/test.rs:20:26
       |
    20 |     let a: OuterS<u64> = OuterS::new(3, 99);
       |                          ^^^^^^ use of undeclared type `OuterS`


    error: aborting due to 3 previous errors


    Some errors have detailed explanations: E0425, E0433.

    For more information about an error, try `rustc --explain E0425`.

    the input directory is /home/milnes/projects/APAS-VERUS/rust_verify_test/target/release/build/rust_verify_test/72dd156b918a37a5/test_inputs/Provewrapping_iterators_standard-72dd156b918a37a5-wrapping_for_borrow_iter
    rerun this test with:
    verus --crate-type=lib  /home/milnes/projects/APAS-VERUS/rust_verify_test/target/release/build/rust_verify_test/72dd156b918a37a5/test_inputs/Provewrapping_iterators_standard-72dd156b918a37a5-wrapping_for_borrow_iter/test.rs


    thread 'wrapping_for_borrow_iter' (525868) panicked at tests/standards/Provewrapping_iterators_standard.rs:91:1:
    Err(_) does not match $result
    note: run with `RUST_BACKTRACE=1` environment variable to display a backtrace

        FAIL [   0.069s] (316/328) rust_verify_test::Provewrapping_iterators_standard wrapping_loop_borrow_into
  stdout ───

    running 1 test
    test wrapping_loop_borrow_into ... FAILED

    failures:

    failures:
        wrapping_loop_borrow_into

    test result: FAILED. 0 passed; 1 failed; 0 ignored; 0 measured; 5 filtered out; finished in 0.07s

  stderr ───
    error[E0433]: cannot find `standards` in `apas_verus`
      --> /home/milnes/projects/APAS-VERUS/rust_verify_test/target/release/build/rust_verify_test/72dd156b918a37a5/test_inputs/Provewrapping_iterators_standard-72dd156b918a37a5-wrapping_loop_borrow_into/test.rs:17:17
       |
    17 | use apas_verus::standards::wrapping_iterators_standard::wrapping_iterators_standard::*;
       |                 ^^^^^^^^^ could not find `standards` in `apas_verus`
       |
    note: found an item that was configured out
      --> src/lib.rs:216:48
       |
       = note: the item is gated here


    error[E0425]: cannot find type `OuterS` in this scope
      --> /home/milnes/projects/APAS-VERUS/rust_verify_test/target/release/build/rust_verify_test/72dd156b918a37a5/test_inputs/Provewrapping_iterators_standard-72dd156b918a37a5-wrapping_loop_borrow_into/test.rs:20:12
       |
    20 |     let a: OuterS<u64> = OuterS::new(3, 55);
       |            ^^^^^^ not found in this scope


    error[E0433]: cannot find type `OuterS` in this scope
      --> /home/milnes/projects/APAS-VERUS/rust_verify_test/target/release/build/rust_verify_test/72dd156b918a37a5/test_inputs/Provewrapping_iterators_standard-72dd156b918a37a5-wrapping_loop_borrow_into/test.rs:20:26
       |
    20 |     let a: OuterS<u64> = OuterS::new(3, 55);
       |                          ^^^^^^ use of undeclared type `OuterS`


    error: aborting due to 3 previous errors


    Some errors have detailed explanations: E0425, E0433.

    For more information about an error, try `rustc --explain E0425`.

    the input directory is /home/milnes/projects/APAS-VERUS/rust_verify_test/target/release/build/rust_verify_test/72dd156b918a37a5/test_inputs/Provewrapping_iterators_standard-72dd156b918a37a5-wrapping_loop_borrow_into
    rerun this test with:
    verus --crate-type=lib  /home/milnes/projects/APAS-VERUS/rust_verify_test/target/release/build/rust_verify_test/72dd156b918a37a5/test_inputs/Provewrapping_iterators_standard-72dd156b918a37a5-wrapping_loop_borrow_into/test.rs


    thread 'wrapping_loop_borrow_into' (525911) panicked at tests/standards/Provewrapping_iterators_standard.rs:55:1:
    Err(_) does not match $result
    note: run with `RUST_BACKTRACE=1` environment variable to display a backtrace

        FAIL [   0.070s] (317/328) rust_verify_test::Provewrapping_iterators_standard wrapping_loop_borrow_iter
  stdout ───

    running 1 test
    test wrapping_loop_borrow_iter ... FAILED

    failures:

    failures:
        wrapping_loop_borrow_iter

    test result: FAILED. 0 passed; 1 failed; 0 ignored; 0 measured; 5 filtered out; finished in 0.07s

  stderr ───
    error[E0433]: cannot find `standards` in `apas_verus`
      --> /home/milnes/projects/APAS-VERUS/rust_verify_test/target/release/build/rust_verify_test/72dd156b918a37a5/test_inputs/Provewrapping_iterators_standard-72dd156b918a37a5-wrapping_loop_borrow_iter/test.rs:17:17
       |
    17 | use apas_verus::standards::wrapping_iterators_standard::wrapping_iterators_standard::*;
       |                 ^^^^^^^^^ could not find `standards` in `apas_verus`
       |
    note: found an item that was configured out
      --> src/lib.rs:216:48
       |
       = note: the item is gated here


    error[E0425]: cannot find type `OuterS` in this scope
      --> /home/milnes/projects/APAS-VERUS/rust_verify_test/target/release/build/rust_verify_test/72dd156b918a37a5/test_inputs/Provewrapping_iterators_standard-72dd156b918a37a5-wrapping_loop_borrow_iter/test.rs:20:12
       |
    20 |     let a: OuterS<u64> = OuterS::new(3, 42);
       |            ^^^^^^ not found in this scope


    error[E0433]: cannot find type `OuterS` in this scope
      --> /home/milnes/projects/APAS-VERUS/rust_verify_test/target/release/build/rust_verify_test/72dd156b918a37a5/test_inputs/Provewrapping_iterators_standard-72dd156b918a37a5-wrapping_loop_borrow_iter/test.rs:20:26
       |
    20 |     let a: OuterS<u64> = OuterS::new(3, 42);
       |                          ^^^^^^ use of undeclared type `OuterS`


    error: aborting due to 3 previous errors


    Some errors have detailed explanations: E0425, E0433.

    For more information about an error, try `rustc --explain E0425`.

    the input directory is /home/milnes/projects/APAS-VERUS/rust_verify_test/target/release/build/rust_verify_test/72dd156b918a37a5/test_inputs/Provewrapping_iterators_standard-72dd156b918a37a5-wrapping_loop_borrow_iter
    rerun this test with:
    verus --crate-type=lib  /home/milnes/projects/APAS-VERUS/rust_verify_test/target/release/build/rust_verify_test/72dd156b918a37a5/test_inputs/Provewrapping_iterators_standard-72dd156b918a37a5-wrapping_loop_borrow_iter/test.rs


    thread 'wrapping_loop_borrow_iter' (525923) panicked at tests/standards/Provewrapping_iterators_standard.rs:19:1:
    Err(_) does not match $result
    note: run with `RUST_BACKTRACE=1` environment variable to display a backtrace

        FAIL [   0.819s] (318/328) rust_verify_test::SetMtEph set_mt_eph_for_iter
  stdout ───

    running 1 test
    test set_mt_eph_for_iter ... FAILED

    failures:

    failures:
        set_mt_eph_for_iter

    test result: FAILED. 0 passed; 1 failed; 0 ignored; 0 measured; 2 filtered out; finished in 0.82s

  stderr ───
    error: `apas_verus::Chap05::SetMtEph::SetMtEph::impl&%7::empty` is not supported (note: you may be able to add a Verus specification to this function with `assume_specification`)
      --> /home/milnes/projects/APAS-VERUS/rust_verify_test/target/release/build/rust_verify_test/5df91b945c588731/test_inputs/SetMtEph-5df91b945c588731-set_mt_eph_for_iter/test.rs:23:32
       |
    23 |     let mut s: SetMtEph<u64> = SetMtEph::empty(); let _ = s.insert(10); let _ = s.insert(20); let _ = s.insert(30);
       |                                ^^^^^^^^^^^^^^^^^
       |
       = help: The following declaration may resolve this error:
               pub assume_specification<T> [<apas_verus::Chap05::SetMtEph::SetMtEph::SetMtEph<T> as apas_verus::Chap05::SetMtEph::SetMtEph::SetMtEphTrait<T>>::empty] () -> apas_verus::Chap05::SetMtEph::SetMtEph::SetMtEph<T>
               where
               T: apas_verus::Types::Types::StT + std::hash::Hash,;


    error: `apas_verus::Chap05::SetMtEph::SetMtEph::impl&%7::insert` is not supported (note: you may be able to add a Verus specification to this function with `assume_specification`)
      --> /home/milnes/projects/APAS-VERUS/rust_verify_test/target/release/build/rust_verify_test/5df91b945c588731/test_inputs/SetMtEph-5df91b945c588731-set_mt_eph_for_iter/test.rs:23:59
       |
    23 |     let mut s: SetMtEph<u64> = SetMtEph::empty(); let _ = s.insert(10); let _ = s.insert(20); let _ = s.insert(30);
       |                                                           ^^^^^^^^^^^^          ------------          ------------
       |
       = help: The following declaration may resolve this error:
               pub assume_specification<T> [<apas_verus::Chap05::SetMtEph::SetMtEph::SetMtEph<T> as apas_verus::Chap05::SetMtEph::SetMtEph::SetMtEphTrait<T>>::insert] (_0: &mut apas_verus::Chap05::SetMtEph::SetMtEph::SetMtEph<T>, _1: T) -> bool
               where
               T: apas_verus::Types::Types::StT + std::hash::Hash,;


    error: `apas_verus::Chap05::SetMtEph::SetMtEph::impl&%7::iter` is not supported (note: you may be able to add a Verus specification to this function with `assume_specification`)
      --> /home/milnes/projects/APAS-VERUS/rust_verify_test/target/release/build/rust_verify_test/5df91b945c588731/test_inputs/SetMtEph-5df91b945c588731-set_mt_eph_for_iter/test.rs:24:15
       |
    24 |     let it0 = s.iter();
       |               ^^^^^^^^
       |
       = help: The following declaration may resolve this error:
               pub assume_specification<T> [<apas_verus::Chap05::SetMtEph::SetMtEph::SetMtEph<T> as apas_verus::Chap05::SetMtEph::SetMtEph::SetMtEphTrait<T>>::iter] (_0: &'a apas_verus::Chap05::SetMtEph::SetMtEph::SetMtEph<T>) -> std::collections::hash_set::Iter<'a, T>
               where
               T: apas_verus::Types::Types::StT + std::hash::Hash,;


    error: aborting due to 3 previous errors


    the input directory is /home/milnes/projects/APAS-VERUS/rust_verify_test/target/release/build/rust_verify_test/5df91b945c588731/test_inputs/SetMtEph-5df91b945c588731-set_mt_eph_for_iter
    rerun this test with:
    verus --crate-type=lib  /home/milnes/projects/APAS-VERUS/rust_verify_test/target/release/build/rust_verify_test/5df91b945c588731/test_inputs/SetMtEph-5df91b945c588731-set_mt_eph_for_iter/test.rs


    thread 'set_mt_eph_for_iter' (525987) panicked at tests/Chap05/SetMtEph.rs:64:1:
    Err(_) does not match $result
    note: run with `RUST_BACKTRACE=1` environment variable to display a backtrace

        FAIL [   0.972s] (319/328) rust_verify_test::SetMtEph set_mt_eph_from_vec
  stdout ───

    running 1 test
    test set_mt_eph_from_vec ... FAILED

    failures:

    failures:
        set_mt_eph_from_vec

    test result: FAILED. 0 passed; 1 failed; 0 ignored; 0 measured; 2 filtered out; finished in 0.97s

  stderr ───
    error: `apas_verus::Chap05::SetMtEph::SetMtEph::impl&%7::from_vec` is not supported (note: you may be able to add a Verus specification to this function with `assume_specification`)
      --> /home/milnes/projects/APAS-VERUS/rust_verify_test/target/release/build/rust_verify_test/5df91b945c588731/test_inputs/SetMtEph-5df91b945c588731-set_mt_eph_from_vec/test.rs:22:28
       |
    22 |     let s: SetMtEph<u64> = SetMtEph::from_vec(v);
       |                            ^^^^^^^^^^^^^^^^^^^^^
       |
       = help: The following declaration may resolve this error:
               pub assume_specification<T> [<apas_verus::Chap05::SetMtEph::SetMtEph::SetMtEph<T> as apas_verus::Chap05::SetMtEph::SetMtEph::SetMtEphTrait<T>>::from_vec] (_0: std::vec::Vec<T>) -> apas_verus::Chap05::SetMtEph::SetMtEph::SetMtEph<T>
               where
               T: apas_verus::Types::Types::StT + std::hash::Hash,;


    error: `apas_verus::Chap05::SetMtEph::SetMtEph::impl&%6::view` is not supported (note: you may be able to add a Verus specification to this function with `assume_specification`)
      --> /home/milnes/projects/APAS-VERUS/rust_verify_test/target/release/build/rust_verify_test/5df91b945c588731/test_inputs/SetMtEph-5df91b945c588731-set_mt_eph_from_vec/test.rs:25:12
       |
    25 |     assert(s@.finite());
       |            ^^
       |
       = help: The following declaration may resolve this error:
               pub assume_specification<T> [<apas_verus::Chap05::SetMtEph::SetMtEph::SetMtEph<T> as vstd::string::View>::view] (_0: &apas_verus::Chap05::SetMtEph::SetMtEph::SetMtEph<T>) -> <apas_verus::Chap05::SetMtEph::SetMtEph::SetMtEph<T> as vstd::string::View>::V
               where
               T: apas_verus::Types::Types::StT + std::hash::Hash,;


    error: aborting due to 2 previous errors


    the input directory is /home/milnes/projects/APAS-VERUS/rust_verify_test/target/release/build/rust_verify_test/5df91b945c588731/test_inputs/SetMtEph-5df91b945c588731-set_mt_eph_from_vec
    rerun this test with:
    verus --crate-type=lib  /home/milnes/projects/APAS-VERUS/rust_verify_test/target/release/build/rust_verify_test/5df91b945c588731/test_inputs/SetMtEph-5df91b945c588731-set_mt_eph_from_vec/test.rs


    thread 'set_mt_eph_from_vec' (526017) panicked at tests/Chap05/SetMtEph.rs:93:1:
    Err(_) does not match $result
    note: run with `RUST_BACKTRACE=1` environment variable to display a backtrace

        FAIL [   0.949s] (320/328) rust_verify_test::SetMtEph set_mt_eph_loop_loop
  stdout ───

    running 1 test
    test set_mt_eph_loop_loop ... FAILED

    failures:

    failures:
        set_mt_eph_loop_loop

    test result: FAILED. 0 passed; 1 failed; 0 ignored; 0 measured; 2 filtered out; finished in 0.95s

  stderr ───
    error: `apas_verus::Chap05::SetMtEph::SetMtEph::impl&%7::empty` is not supported (note: you may be able to add a Verus specification to this function with `assume_specification`)
      --> /home/milnes/projects/APAS-VERUS/rust_verify_test/target/release/build/rust_verify_test/5df91b945c588731/test_inputs/SetMtEph-5df91b945c588731-set_mt_eph_loop_loop/test.rs:23:32
       |
    23 |     let mut s: SetMtEph<u64> = SetMtEph::empty(); let _ = s.insert(1); let _ = s.insert(2); let _ = s.insert(3);
       |                                ^^^^^^^^^^^^^^^^^
       |
       = help: The following declaration may resolve this error:
               pub assume_specification<T> [<apas_verus::Chap05::SetMtEph::SetMtEph::SetMtEph<T> as apas_verus::Chap05::SetMtEph::SetMtEph::SetMtEphTrait<T>>::empty] () -> apas_verus::Chap05::SetMtEph::SetMtEph::SetMtEph<T>
               where
               T: apas_verus::Types::Types::StT + std::hash::Hash,;


    error: `apas_verus::Chap05::SetMtEph::SetMtEph::impl&%7::insert` is not supported (note: you may be able to add a Verus specification to this function with `assume_specification`)
      --> /home/milnes/projects/APAS-VERUS/rust_verify_test/target/release/build/rust_verify_test/5df91b945c588731/test_inputs/SetMtEph-5df91b945c588731-set_mt_eph_loop_loop/test.rs:23:59
       |
    23 |     let mut s: SetMtEph<u64> = SetMtEph::empty(); let _ = s.insert(1); let _ = s.insert(2); let _ = s.insert(3);
       |                                                           ^^^^^^^^^^^          -----------          -----------
       |
       = help: The following declaration may resolve this error:
               pub assume_specification<T> [<apas_verus::Chap05::SetMtEph::SetMtEph::SetMtEph<T> as apas_verus::Chap05::SetMtEph::SetMtEph::SetMtEphTrait<T>>::insert] (_0: &mut apas_verus::Chap05::SetMtEph::SetMtEph::SetMtEph<T>, _1: T) -> bool
               where
               T: apas_verus::Types::Types::StT + std::hash::Hash,;


    error: `apas_verus::Chap05::SetMtEph::SetMtEph::impl&%7::iter` is not supported (note: you may be able to add a Verus specification to this function with `assume_specification`)
      --> /home/milnes/projects/APAS-VERUS/rust_verify_test/target/release/build/rust_verify_test/5df91b945c588731/test_inputs/SetMtEph-5df91b945c588731-set_mt_eph_loop_loop/test.rs:24:15
       |
    24 |     let it0 = s.iter();
       |               ^^^^^^^^
       |
       = help: The following declaration may resolve this error:
               pub assume_specification<T> [<apas_verus::Chap05::SetMtEph::SetMtEph::SetMtEph<T> as apas_verus::Chap05::SetMtEph::SetMtEph::SetMtEphTrait<T>>::iter] (_0: &'a apas_verus::Chap05::SetMtEph::SetMtEph::SetMtEph<T>) -> std::collections::hash_set::Iter<'a, T>
               where
               T: apas_verus::Types::Types::StT + std::hash::Hash,;


    error: aborting due to 3 previous errors


    the input directory is /home/milnes/projects/APAS-VERUS/rust_verify_test/target/release/build/rust_verify_test/5df91b945c588731/test_inputs/SetMtEph-5df91b945c588731-set_mt_eph_loop_loop
    rerun this test with:
    verus --crate-type=lib  /home/milnes/projects/APAS-VERUS/rust_verify_test/target/release/build/rust_verify_test/5df91b945c588731/test_inputs/SetMtEph-5df91b945c588731-set_mt_eph_loop_loop/test.rs


    thread 'set_mt_eph_loop_loop' (526043) panicked at tests/Chap05/SetMtEph.rs:14:1:
    Err(_) does not match $result
    note: run with `RUST_BACKTRACE=1` environment variable to display a backtrace

        PASS [   1.139s] (321/328) rust_verify_test::RelationStEph relation_st_eph_for_iter
        PASS [   1.152s] (322/328) rust_verify_test::RelationStEph relation_st_eph_loop_loop
        PASS [   1.126s] (323/328) rust_verify_test::SetStEph set_st_eph_for_iter
        PASS [   1.008s] (324/328) rust_verify_test::SetStEph set_st_eph_from_vec
        PASS [   1.013s] (325/328) rust_verify_test::SetStEph set_st_eph_loop_loop
        PASS [   1.130s] (326/328) rust_verify_test::prove_MathSeq_iters mathseq_iter_consuming
        PASS [   1.053s] (327/328) rust_verify_test::prove_MathSeq_iters mathseq_iter_nested
        PASS [   1.055s] (328/328) rust_verify_test::prove_MathSeq_iters mathseq_iter_range
────────────
     Summary [  23.424s] 328 tests run: 89 passed, 239 failed, 0 skipped
        FAIL [   0.062s] (  1/328) rust_verify_test::ProveAVLTreeSeqMtPer avltreeseqmtper_for_borrow_iter
        FAIL [   0.080s] (  2/328) rust_verify_test::ProveAVLTreeSeqMtPer avltreeseqmtper_loop_borrow_iter
        FAIL [   0.086s] (  3/328) rust_verify_test::ProveAVLTreeSeq avltreeseq_for_borrow_iter
        FAIL [   0.091s] (  4/328) rust_verify_test::ProveAVLTreeSeq avltreeseq_loop_borrow_iter
        FAIL [   0.068s] (  5/328) rust_verify_test::ProveAVLTreeSeqStEph avltreeseqsteph_for_borrow_iter
        FAIL [   0.067s] (  6/328) rust_verify_test::ProveAVLTreeSeqStEph avltreeseqsteph_loop_borrow_iter
        FAIL [   0.073s] (  7/328) rust_verify_test::ProveAVLTreeSeqStPer avltreeseqstper_loop_borrow_iter
        FAIL [   0.087s] (  8/328) rust_verify_test::ProveAVLTreeSeqStPer avltreeseqstper_for_borrow_iter
        FAIL [   0.068s] (  9/328) rust_verify_test::ProveAVLTreeSetMtEph avltreesetmteph_for_borrow_iter
        FAIL [   0.061s] ( 10/328) rust_verify_test::ProveAVLTreeSetMtEph avltreesetmteph_loop_borrow_iter
        FAIL [   0.071s] ( 11/328) rust_verify_test::ProveAVLTreeSetMtPer avltreesetmtper_for_borrow_into
        FAIL [   0.061s] ( 12/328) rust_verify_test::ProveAVLTreeSetMtPer avltreesetmtper_loop_borrow_into
        FAIL [   0.056s] ( 13/328) rust_verify_test::ProveAVLTreeSetStEph avltreesetsteph_loop_borrow_iter
        FAIL [   0.067s] ( 14/328) rust_verify_test::ProveAVLTreeSetStEph avltreesetsteph_for_borrow_iter
        FAIL [   0.069s] ( 15/328) rust_verify_test::ProveArraySeq arrayseq_filter
        FAIL [   0.069s] ( 16/328) rust_verify_test::ProveArraySeq arrayseq_for_iter
        FAIL [   0.066s] ( 17/328) rust_verify_test::ProveArraySeq arrayseq_iterate_prefixes
        FAIL [   0.090s] ( 18/328) rust_verify_test::ProveArraySeq arrayseq_iterate
        FAIL [   0.062s] ( 19/328) rust_verify_test::ProveArraySeq arrayseq_map
        FAIL [   0.070s] ( 20/328) rust_verify_test::ProveArraySeq arrayseq_loop_loop
        FAIL [   0.087s] ( 21/328) rust_verify_test::ProveArraySeq arrayseq_reduce
        FAIL [   0.047s] ( 22/328) rust_verify_test::ProveArraySeq arrayseq_tabulate
        FAIL [   0.064s] ( 23/328) rust_verify_test::ProveArraySeq arrayseq_scan_inclusive
        FAIL [   0.087s] ( 24/328) rust_verify_test::ProveArraySeq arrayseq_scan
        FAIL [   0.067s] ( 25/328) rust_verify_test::ProveArraySeqMtEph arrayseqmteph_for_consume
        FAIL [   0.069s] ( 26/328) rust_verify_test::ProveArraySeqMtEph arrayseqmteph_for_borrow_into
        FAIL [   0.069s] ( 27/328) rust_verify_test::ProveArraySeqMtEph arrayseqmteph_for_iter
        FAIL [   0.067s] ( 28/328) rust_verify_test::ProveArraySeqMtEph arrayseqmteph_loop_borrow_into
        FAIL [   0.055s] ( 29/328) rust_verify_test::ProveArraySeqMtEph arrayseqmteph_loop_consume
        FAIL [   0.055s] ( 30/328) rust_verify_test::ProveArraySeqMtEph arrayseqmteph_loop_loop
        FAIL [   0.076s] ( 31/328) rust_verify_test::ProveArraySeqMtPer arrayseqmtper_for_borrow_into
        FAIL [   0.066s] ( 32/328) rust_verify_test::ProveArraySeqMtPer arrayseqmtper_for_consume
        FAIL [   0.057s] ( 33/328) rust_verify_test::ProveArraySeqMtPer arrayseqmtper_for_iter
        FAIL [   0.060s] ( 34/328) rust_verify_test::ProveArraySeqMtPer arrayseqmtper_loop_borrow_into
        FAIL [   0.058s] ( 35/328) rust_verify_test::ProveArraySeqMtPer arrayseqmtper_loop_consume
        FAIL [   0.058s] ( 36/328) rust_verify_test::ProveArraySeqMtPer arrayseqmtper_loop_loop
        FAIL [   0.062s] ( 37/328) rust_verify_test::ProveArraySeqStEph arrayseqsteph_for_borrow_into
        FAIL [   0.069s] ( 38/328) rust_verify_test::ProveArraySeqStEph arrayseqsteph_for_borrow_iter
        FAIL [   0.072s] ( 39/328) rust_verify_test::ProveArraySeqStEph arrayseqsteph_loop_borrow_into
        FAIL [   0.072s] ( 40/328) rust_verify_test::ProveArraySeqStEph arrayseqsteph_for_consume
        FAIL [   0.055s] ( 41/328) rust_verify_test::ProveArraySeqStEph arrayseqsteph_loop_consume
        FAIL [   0.070s] ( 42/328) rust_verify_test::ProveArraySeqStEph arrayseqsteph_loop_borrow_iter
        FAIL [   0.062s] ( 43/328) rust_verify_test::ProveArraySeqStPer arrayseqstper_loop_loop
        FAIL [   0.062s] ( 44/328) rust_verify_test::ProveArraySeqStPer arrayseqstper_for_iter
        FAIL [   0.056s] ( 45/328) rust_verify_test::ProveArraySetStEph arraysetseph_loop_borrow_iter
        FAIL [   0.062s] ( 46/328) rust_verify_test::ProveArraySetStEph arraysetseph_for_borrow_iter
        FAIL [   0.062s] ( 47/328) rust_verify_test::ProveBFSMtEph chap54_bfsmteph_bottom_up_for
        FAIL [   0.066s] ( 48/328) rust_verify_test::ProveBFSMtEph chap54_bfsmteph_bottom_up_loop
        FAIL [   0.074s] ( 49/328) rust_verify_test::ProveBFSMtEph chap54_bfsmteph_top_down_for
        FAIL [   0.075s] ( 50/328) rust_verify_test::ProveBFSMtEph chap54_bfsmteph_top_down_loop
        FAIL [   0.072s] ( 51/328) rust_verify_test::ProveBFSStEph chap54_bfssteph_bottom_up_loop
        FAIL [   0.076s] ( 52/328) rust_verify_test::ProveBFSStEph chap54_bfssteph_bottom_up_for
        FAIL [   0.064s] ( 53/328) rust_verify_test::ProveBFSStEph chap54_bfssteph_top_down_for
        FAIL [   0.075s] ( 54/328) rust_verify_test::ProveBFSStEph chap54_bfssteph_top_down_loop
        FAIL [   0.069s] ( 55/328) rust_verify_test::ProveBSTKeyValueStEph bstkeyvaluesteph_loop_borrow_iter
        FAIL [   0.069s] ( 56/328) rust_verify_test::ProveBSTKeyValueStEph bstkeyvaluesteph_for_borrow_iter
        FAIL [   0.077s] ( 57/328) rust_verify_test::ProveBSTParaTreapMtEph bstparatreapmteph_for_borrow_iter
        FAIL [   0.065s] ( 58/328) rust_verify_test::ProveBSTParaTreapMtEph bstparatreapmteph_loop_borrow_iter
        FAIL [   0.062s] ( 59/328) rust_verify_test::ProveBSTPlainMtEph bstplainmteph_loop_borrow_iter
        FAIL [   0.065s] ( 60/328) rust_verify_test::ProveBSTPlainMtEph bstplainmteph_for_borrow_iter
        FAIL [   0.065s] ( 62/328) rust_verify_test::ProveBSTRBMtEph bstrbmteph_for_borrow_iter
        FAIL [   0.065s] ( 63/328) rust_verify_test::ProveBSTRBMtEph bstrbmteph_loop_borrow_iter
        FAIL [   0.063s] ( 64/328) rust_verify_test::ProveBSTReducedStEph bstreducedsteph_for_borrow_iter
        FAIL [   0.060s] ( 65/328) rust_verify_test::ProveBSTReducedStEph bstreducedsteph_loop_borrow_iter
        FAIL [   0.061s] ( 66/328) rust_verify_test::ProveBSTSetAVLMtEph bstsetavlmteph_for_borrow_iter
        FAIL [   0.063s] ( 67/328) rust_verify_test::ProveBSTSetAVLMtEph bstsetavlmteph_loop_borrow_iter
        FAIL [   0.072s] ( 68/328) rust_verify_test::ProveBSTSetBBAlphaMtEph bstsetbbalphamteph_for_borrow_iter
        FAIL [   0.069s] ( 69/328) rust_verify_test::ProveBSTSetBBAlphaMtEph bstsetbbalphamteph_loop_borrow_iter
        FAIL [   0.074s] ( 70/328) rust_verify_test::ProveBSTSetPlainMtEph bstsetplainmteph_for_borrow_iter
        FAIL [   0.061s] ( 71/328) rust_verify_test::ProveBSTSetPlainMtEph bstsetplainmteph_loop_borrow_iter
        FAIL [   0.069s] ( 73/328) rust_verify_test::ProveBSTSetRBMtEph bstsetrbmteph_for_borrow_iter
        FAIL [   0.061s] ( 74/328) rust_verify_test::ProveBSTSetRBMtEph bstsetrbmteph_loop_borrow_iter
        FAIL [   0.061s] ( 75/328) rust_verify_test::ProveBSTSetSplayMtEph bstsetsplaymteph_loop_borrow_iter
        FAIL [   0.066s] ( 76/328) rust_verify_test::ProveBSTSetSplayMtEph bstsetsplaymteph_for_borrow_iter
        FAIL [   0.077s] ( 77/328) rust_verify_test::ProveBSTSetTreapMtEph bstsettreapmteph_for_borrow_iter
        FAIL [   0.066s] ( 78/328) rust_verify_test::ProveBSTSetTreapMtEph bstsettreapmteph_loop_borrow_iter
        FAIL [   0.075s] ( 79/328) rust_verify_test::ProveBSTSizeStEph bstsizesteph_for_borrow_iter
        FAIL [   0.075s] ( 80/328) rust_verify_test::ProveBSTSizeStEph bstsizesteph_loop_borrow_iter
        FAIL [   0.073s] ( 81/328) rust_verify_test::ProveBSTSplayStEph bstsplaysteph_loop_borrow_iter
        FAIL [   0.073s] ( 82/328) rust_verify_test::ProveBSTSplayStEph bstsplaysteph_for_borrow_iter
        FAIL [   0.062s] ( 83/328) rust_verify_test::ProveBSTTreapStEph bsttreapsteph_for_borrow_iter
        FAIL [   0.067s] ( 84/328) rust_verify_test::ProveBSTTreapStEph bsttreapsteph_loop_borrow_iter
        FAIL [   0.078s] ( 85/328) rust_verify_test::ProveBSTTreapMtEph bsttreapmteph_for_borrow_into
        FAIL [   0.078s] ( 86/328) rust_verify_test::ProveBSTTreapMtEph bsttreapmteph_loop_borrow_into
        FAIL [   0.089s] ( 87/328) rust_verify_test::ProveBalBinTreeStEph balbintree_for_postorder
        FAIL [   0.089s] ( 88/328) rust_verify_test::ProveBalBinTreeStEph balbintree_for_inorder
        FAIL [   0.061s] ( 89/328) rust_verify_test::ProveBalBinTreeStEph balbintree_leaf_traversals_empty
        FAIL [   0.062s] ( 90/328) rust_verify_test::ProveBalBinTreeStEph balbintree_leaf_iter_exhausted
        FAIL [   0.070s] ( 91/328) rust_verify_test::ProveBalBinTreeStEph balbintree_inorder_spec_match
        FAIL [   0.111s] ( 92/328) rust_verify_test::ProveBalBinTreeStEph balbintree_for_preorder
        FAIL [   0.075s] ( 93/328) rust_verify_test::ProveBalBinTreeStEph balbintree_postorder_spec_match
        FAIL [   0.089s] ( 94/328) rust_verify_test::ProveBalBinTreeStEph balbintree_loop_postorder
        FAIL [   0.078s] ( 95/328) rust_verify_test::ProveBalBinTreeStEph balbintree_preorder_spec_match
        FAIL [   0.089s] ( 96/328) rust_verify_test::ProveBalBinTreeStEph balbintree_loop_preorder
        FAIL [   0.120s] ( 97/328) rust_verify_test::ProveBalBinTreeStEph balbintree_loop_inorder
        FAIL [   0.084s] ( 98/328) rust_verify_test::ProveChap18ArraySeqMtEphSlice chap18_arrayseqmtephslice_for_borrow_into
        FAIL [   0.066s] ( 99/328) rust_verify_test::ProveChap18ArraySeqMtEphSlice chap18_arrayseqmtephslice_for_borrow_iter
        FAIL [   0.060s] (100/328) rust_verify_test::ProveChap19ArraySeqMtEph chap19_arrayseqmteph_for_borrow_into
        FAIL [   0.069s] (101/328) rust_verify_test::ProveChap18ArraySeqMtEphSlice chap18_arrayseqmtephslice_loop_borrow_iter
        FAIL [   0.076s] (102/328) rust_verify_test::ProveChap18ArraySeqMtEphSlice chap18_arrayseqmtephslice_loop_borrow_into
        FAIL [   0.076s] (103/328) rust_verify_test::ProveChap19ArraySeqMtEph chap19_arrayseqmteph_for_borrow_iter
        FAIL [   0.077s] (104/328) rust_verify_test::ProveChap19ArraySeqMtEph chap19_arrayseqmteph_for_consume
        FAIL [   0.075s] (105/328) rust_verify_test::ProveChap19ArraySeqMtEph chap19_arrayseqmteph_loop_borrow_into
        FAIL [   0.061s] (106/328) rust_verify_test::ProveChap19ArraySeqMtEph chap19_arrayseqmteph_loop_consume
        FAIL [   0.065s] (107/328) rust_verify_test::ProveChap19ArraySeqMtEphSlice slice_for_borrow_into
        FAIL [   0.075s] (108/328) rust_verify_test::ProveChap19ArraySeqMtEph chap19_arrayseqmteph_loop_borrow_iter
        FAIL [   0.059s] (109/328) rust_verify_test::ProveChap19ArraySeqMtEphSlice slice_for_borrow_iter
        FAIL [   0.073s] (110/328) rust_verify_test::ProveChap19ArraySeqMtEphSlice slice_iter_over_subslice
        FAIL [   0.061s] (111/328) rust_verify_test::ProveChap19ArraySeqStEph chap19_arrayseqsteph_for_borrow_iter
        FAIL [   0.065s] (112/328) rust_verify_test::ProveChap19ArraySeqStEph chap19_arrayseqsteph_for_borrow_into
        FAIL [   0.075s] (113/328) rust_verify_test::ProveChap19ArraySeqMtEphSlice slice_loop_borrow_iter
        FAIL [   0.067s] (114/328) rust_verify_test::ProveChap19ArraySeqStEph chap19_arrayseqsteph_for_consume
        FAIL [   0.059s] (115/328) rust_verify_test::ProveChap19ArraySeqStEph chap19_arrayseqsteph_loop_borrow_iter
        FAIL [   0.074s] (116/328) rust_verify_test::ProveChap19ArraySeqStEph chap19_arrayseqsteph_loop_borrow_into
        FAIL [   0.063s] (117/328) rust_verify_test::ProveChap19ArraySeqStPer chap19_arrayseqstper_for_borrow_into
        FAIL [   0.073s] (118/328) rust_verify_test::ProveChap19ArraySeqStEph chap19_arrayseqsteph_loop_consume
        FAIL [   0.143s] (119/328) rust_verify_test::ProveChap19ArraySeqMtEphSlice slice_operations
        FAIL [   0.079s] (120/328) rust_verify_test::ProveChap19ArraySeqStPer chap19_arrayseqstper_for_borrow_iter
        FAIL [   0.059s] (121/328) rust_verify_test::ProveChap19ArraySeqStPer chap19_arrayseqstper_loop_consume
        FAIL [   0.076s] (122/328) rust_verify_test::ProveChap19ArraySeqStPer chap19_arrayseqstper_for_consume
        FAIL [   0.067s] (123/328) rust_verify_test::ProveChap19ArraySeqStPer chap19_arrayseqstper_loop_borrow_iter
        FAIL [   0.070s] (124/328) rust_verify_test::ProveChap19ArraySeqStPer chap19_arrayseqstper_loop_borrow_into
        FAIL [   0.788s] (125/328) rust_verify_test::ProveDirGraphMtEph dirgraphmteph_for_borrow_iter_vertices
        FAIL [   0.774s] (126/328) rust_verify_test::ProveDirGraphMtEph dirgraphmteph_loop_borrow_iter_arcs
        FAIL [   0.963s] (127/328) rust_verify_test::ProveDirGraphMtEph dirgraphmteph_loop_borrow_iter_vertices
        FAIL [   1.046s] (128/328) rust_verify_test::ProveDirGraphMtEph dirgraphmteph_for_borrow_iter_arcs
        FAIL [   0.801s] (134/328) rust_verify_test::ProveLabDirGraphMtEph labdirgraphmteph_for_borrow_iter_arcs
        FAIL [   0.824s] (137/328) rust_verify_test::ProveLabDirGraphMtEph labdirgraphmteph_for_borrow_iter_vertices
        FAIL [   0.764s] (138/328) rust_verify_test::ProveLabDirGraphMtEph labdirgraphmteph_loop_borrow_iter_vertices
        FAIL [   0.991s] (139/328) rust_verify_test::ProveLabDirGraphMtEph labdirgraphmteph_loop_borrow_iter_arcs
        FAIL [   0.810s] (143/328) rust_verify_test::ProveLabUnDirGraphMtEph labundirgraphmteph_for_borrow_iter_edges
        FAIL [   0.795s] (144/328) rust_verify_test::ProveLabUnDirGraphMtEph labundirgraphmteph_for_borrow_iter_vertices
        FAIL [   0.788s] (146/328) rust_verify_test::ProveLabUnDirGraphMtEph labundirgraphmteph_loop_borrow_iter_edges
        FAIL [   0.079s] (147/328) rust_verify_test::ProveLinkedListStEph linkedliststeph_for_iter
        FAIL [   0.769s] (148/328) rust_verify_test::ProveLabUnDirGraphMtEph labundirgraphmteph_loop_borrow_iter_vertices
        FAIL [   0.068s] (149/328) rust_verify_test::ProveLinkedListStEph linkedliststeph_loop_loop
        FAIL [   0.065s] (150/328) rust_verify_test::ProveLinkedListStPer linkedliststper_for_iter
        FAIL [   0.071s] (151/328) rust_verify_test::ProveLinkedListStPer linkedliststper_loop_loop
        FAIL [   0.058s] (155/328) rust_verify_test::ProveMathSeq mathseq_for_borrow_into
        FAIL [   0.062s] (156/328) rust_verify_test::ProveMathSeq mathseq_for_borrow_iter
        FAIL [   0.061s] (158/328) rust_verify_test::ProveMathSeq mathseq_for_consume
        FAIL [   0.072s] (159/328) rust_verify_test::ProveMathSeq mathseq_loop_borrow_into
        FAIL [   0.059s] (160/328) rust_verify_test::ProveMathSeq mathseq_loop_borrow_iter
        FAIL [   0.068s] (161/328) rust_verify_test::ProveOrdKeyMap ordkeymap_for_borrow_iter
        FAIL [   0.069s] (162/328) rust_verify_test::ProveMathSeq mathseq_loop_consume
        FAIL [   0.063s] (163/328) rust_verify_test::ProveOrdKeyMap ordkeymap_loop_borrow_iter
        FAIL [   0.077s] (164/328) rust_verify_test::ProveOrderedSetMtEph orderedsetmteph_for_borrow_iter
        FAIL [   0.066s] (166/328) rust_verify_test::ProveOrderedSetMtEph orderedsetmteph_loop_borrow_iter
        FAIL [   0.072s] (167/328) rust_verify_test::ProveOrderedSetStEph chap43_orderedsetsteph_for_borrow_iter
        FAIL [   0.065s] (169/328) rust_verify_test::ProveOrderedSetStEph chap43_orderedsetsteph_loop_borrow_iter
        FAIL [   0.059s] (170/328) rust_verify_test::ProveOrderedSetStPer chap43_orderedsetstper_for_borrow_iter
        FAIL [   0.056s] (171/328) rust_verify_test::ProveOrderedSetStPer chap43_orderedsetstper_loop_borrow_iter
        FAIL [   0.061s] (172/328) rust_verify_test::ProveOrderedTableMtEph chap43_orderedtablemteph_for_borrow_iter
        FAIL [   0.068s] (173/328) rust_verify_test::ProveOrderedTableMtEph chap43_orderedtablemteph_loop_borrow_iter
        FAIL [   0.077s] (174/328) rust_verify_test::ProveOrderedTableMtPer orderedtablemtper_for_borrow_iter
        FAIL [   0.071s] (175/328) rust_verify_test::ProveOrderedTableMtPer orderedtablemtper_loop_borrow_iter
        FAIL [   0.060s] (176/328) rust_verify_test::ProveOrderedTableStEph chap43_orderedtablesteph_loop_borrow_iter
        FAIL [   0.073s] (177/328) rust_verify_test::ProveOrderedTableStEph chap43_orderedtablesteph_for_borrow_iter
        FAIL [   0.076s] (178/328) rust_verify_test::ProveOrderedTableStPer chap43_orderedtablestper_for_borrow_iter
        FAIL [   0.055s] (179/328) rust_verify_test::ProveParamBSTStEph parambststeph_for_borrow_iter
        FAIL [   0.069s] (180/328) rust_verify_test::ProveOrderedTableStPer chap43_orderedtablestper_loop_borrow_iter
        FAIL [   0.058s] (181/328) rust_verify_test::ProveParamBSTStEph parambststeph_loop_borrow_iter
        FAIL [   0.074s] (182/328) rust_verify_test::ProvePrimTreeSeqStPer primtreeseq_for_borrow_iter
        FAIL [   0.075s] (183/328) rust_verify_test::ProvePrimTreeSeqStPer primtreeseq_for_borrow_into
        FAIL [   0.071s] (184/328) rust_verify_test::ProvePrimTreeSeqStPer primtreeseq_loop_borrow_into
        FAIL [   0.072s] (185/328) rust_verify_test::ProvePrimTreeSeqStPer primtreeseq_for_consume
        FAIL [   0.070s] (186/328) rust_verify_test::ProvePrimTreeSeqStPer primtreeseq_loop_consume
        FAIL [   0.070s] (187/328) rust_verify_test::ProvePrimTreeSeqStPer primtreeseq_loop_borrow_iter
        FAIL [   0.803s] (190/328) rust_verify_test::ProveSetMtEph set_mt_eph_for_borrow_iter
        FAIL [   0.932s] (191/328) rust_verify_test::ProveSetMtEph set_mt_eph_for_borrow_into
        FAIL [   0.798s] (196/328) rust_verify_test::ProveSetMtEph set_mt_eph_loop_borrow_into
        FAIL [   0.081s] (197/328) rust_verify_test::ProveTableMtEph tablemteph_for_borrow_iter
        FAIL [   0.766s] (198/328) rust_verify_test::ProveSetMtEph set_mt_eph_loop_borrow_iter
        FAIL [   0.066s] (199/328) rust_verify_test::ProveTableMtEph tablemteph_loop_borrow_iter
        FAIL [   0.076s] (200/328) rust_verify_test::ProveTableStEph tablesteph_for_borrow_into
        FAIL [   0.056s] (201/328) rust_verify_test::ProveTableStEph tablesteph_for_borrow_iter
        FAIL [   0.060s] (202/328) rust_verify_test::ProveTableStEph tablesteph_loop_borrow_into
        FAIL [   0.061s] (203/328) rust_verify_test::ProveTableStEph tablesteph_loop_borrow_iter
        FAIL [   0.064s] (204/328) rust_verify_test::ProveTableStPer tablestper_for_borrow_into
        FAIL [   0.070s] (205/328) rust_verify_test::ProveTableStPer tablestper_for_borrow_iter
        FAIL [   0.071s] (206/328) rust_verify_test::ProveTableStPer tablestper_loop_borrow_into
        FAIL [   0.072s] (207/328) rust_verify_test::ProveTableStPer tablestper_loop_borrow_iter
        FAIL [   0.796s] (212/328) rust_verify_test::ProveUnDirGraphMtEph undirgraphmteph_for_borrow_iter_edges
        FAIL [   0.821s] (213/328) rust_verify_test::ProveUnDirGraphMtEph undirgraphmteph_for_borrow_iter_vertices
        FAIL [   0.820s] (214/328) rust_verify_test::ProveUnDirGraphMtEph undirgraphmteph_loop_borrow_iter_vertices
        FAIL [   1.097s] (215/328) rust_verify_test::ProveUnDirGraphMtEph undirgraphmteph_loop_borrow_iter_edges
        FAIL [   0.066s] (263/328) rust_verify_test::Provedeep_view_standard deep_view_standard_for_borrow_into
        FAIL [   0.068s] (265/328) rust_verify_test::Provedeep_view_standard deep_view_standard_for_borrow_iter
        FAIL [   0.060s] (266/328) rust_verify_test::Provedeep_view_standard deep_view_standard_for_consume
        FAIL [   0.062s] (267/328) rust_verify_test::Provedeep_view_standard deep_view_standard_loop_borrow_into
        FAIL [   0.061s] (268/328) rust_verify_test::Provedeep_view_standard deep_view_standard_loop_borrow_iter
        FAIL [   0.061s] (269/328) rust_verify_test::Provedeep_view_standard deep_view_standard_loop_consume
        FAIL [   0.055s] (270/328) rust_verify_test::Provedeep_view_standard deep_view_standard_simple
        FAIL [   0.074s] (271/328) rust_verify_test::Proveiterators_standard iterators_standard_for_borrow_into
        FAIL [   0.060s] (272/328) rust_verify_test::Proveiterators_standard iterators_standard_for_borrow_iter
        FAIL [   0.069s] (273/328) rust_verify_test::Proveiterators_standard iterators_standard_for_consume
        FAIL [   0.063s] (274/328) rust_verify_test::Proveiterators_standard iterators_standard_loop_borrow_into
        FAIL [   0.064s] (275/328) rust_verify_test::Proveiterators_standard iterators_standard_loop_consume
        FAIL [   0.071s] (276/328) rust_verify_test::Proveiterators_standard iterators_standard_loop_borrow_iter
        FAIL [   0.060s] (277/328) rust_verify_test::Provemod_standard mod_standard_for_borrow_iter
        FAIL [   0.060s] (278/328) rust_verify_test::Provemod_standard mod_standard_for_borrow_into
        FAIL [   0.061s] (279/328) rust_verify_test::Provemod_standard mod_standard_for_consume
        FAIL [   0.069s] (280/328) rust_verify_test::Provemod_standard mod_standard_loop_borrow_into
        FAIL [   0.065s] (281/328) rust_verify_test::Provemod_standard mod_standard_loop_borrow_iter
        FAIL [   0.067s] (282/328) rust_verify_test::Provemod_standard mod_standard_loop_consume
        FAIL [   0.059s] (284/328) rust_verify_test::Proveprophetic_iterators_standard prophetic_iterators_standard_for_borrow_iter
        FAIL [   0.072s] (285/328) rust_verify_test::Proveprophetic_iterators_standard prophetic_iterators_standard_for_borrow_into
        FAIL [   0.052s] (286/328) rust_verify_test::Proveprophetic_iterators_standard prophetic_iterators_standard_for_custom
        FAIL [   0.073s] (287/328) rust_verify_test::Proveprophetic_iterators_standard prophetic_iterators_standard_for_consume
        FAIL [   0.069s] (288/328) rust_verify_test::Proveprophetic_iterators_standard prophetic_iterators_standard_loop_borrow
        FAIL [   0.072s] (290/328) rust_verify_test::Proveprophetic_iterators_standard prophetic_iterators_standard_loop_consume
        FAIL [   0.071s] (291/328) rust_verify_test::Proveprophetic_iterators_standard prophetic_iterators_standard_loop_custom
        FAIL [   0.072s] (292/328) rust_verify_test::Provetable_of_contents_standard toc_standard_for_borrow_into
        FAIL [   0.076s] (293/328) rust_verify_test::Provetable_of_contents_standard toc_standard_for_borrow_iter
        FAIL [   0.076s] (295/328) rust_verify_test::Provetable_of_contents_standard toc_standard_for_consume
        FAIL [   0.070s] (296/328) rust_verify_test::Provetable_of_contents_standard toc_standard_loop_borrow_into
        FAIL [   0.074s] (297/328) rust_verify_test::Provetable_of_contents_standard toc_standard_loop_borrow_iter
        FAIL [   0.074s] (298/328) rust_verify_test::Provetable_of_contents_standard toc_standard_loop_consume
        FAIL [   0.078s] (299/328) rust_verify_test::Proveusing_closures_standard closures_ghost_spec_fn
        FAIL [   0.069s] (300/328) rust_verify_test::Proveusing_closures_standard closures_inline_requires_ensures
        FAIL [   0.069s] (301/328) rust_verify_test::Proveusing_closures_standard closures_let_bind_ensures
        FAIL [   0.072s] (302/328) rust_verify_test::Proveusing_closures_standard closures_map_apply
        FAIL [   0.062s] (303/328) rust_verify_test::Proveview_standard view_standard_collection
        FAIL [   0.056s] (304/328) rust_verify_test::Proveview_standard view_standard_for_borrow_into
        FAIL [   0.065s] (306/328) rust_verify_test::Proveview_standard view_standard_for_borrow_iter
        FAIL [   0.064s] (307/328) rust_verify_test::Proveview_standard view_standard_for_consume
        FAIL [   0.062s] (308/328) rust_verify_test::Proveview_standard view_standard_loop_borrow_into
        FAIL [   0.063s] (309/328) rust_verify_test::Proveview_standard view_standard_loop_borrow_iter
        FAIL [   0.064s] (310/328) rust_verify_test::Proveview_standard view_standard_loop_consume
        FAIL [   0.064s] (311/328) rust_verify_test::Proveview_standard view_standard_simple
        FAIL [   0.070s] (312/328) rust_verify_test::Provewrapping_iterators_standard wrapping_for_adapted
        FAIL [   0.074s] (313/328) rust_verify_test::Provewrapping_iterators_standard wrapping_for_borrow_into
        FAIL [   0.060s] (314/328) rust_verify_test::Provewrapping_iterators_standard wrapping_loop_adapted
        FAIL [   0.068s] (315/328) rust_verify_test::Provewrapping_iterators_standard wrapping_for_borrow_iter
        FAIL [   0.069s] (316/328) rust_verify_test::Provewrapping_iterators_standard wrapping_loop_borrow_into
        FAIL [   0.070s] (317/328) rust_verify_test::Provewrapping_iterators_standard wrapping_loop_borrow_iter
        FAIL [   0.819s] (318/328) rust_verify_test::SetMtEph set_mt_eph_for_iter
        FAIL [   0.972s] (319/328) rust_verify_test::SetMtEph set_mt_eph_from_vec
        FAIL [   0.949s] (320/328) rust_verify_test::SetMtEph set_mt_eph_loop_loop
error: test run failed
Elapsed: 102s
