Starting RTT (cargo test --release --no-fail-fast; cargo-nextest is not installed, scripts/rtt.sh exits 'no such command: nextest') at 15:22:15
warning: unexpected `cfg` condition name: `never`
   --> src/Chap43/OrderedTableStEph.rs:793:15
    |
793 |         #[cfg(never)] fn union_bypassed_r158() { let ghost old_tree = self.tree.inner@;
    |               ^^^^^
    |
    = help: expected names are: `docsrs`, `feature`, `test`, `verus_keep_ghost`, and `verus_keep_ghost_body` and 32 more
    = help: consider using a Cargo feature instead
    = help: or consider adding in `Cargo.toml` the `check-cfg` lint config for the lint:
             [lints.rust]
             unexpected_cfgs = { level = "warn", check-cfg = ['cfg(never)'] }
    = help: or consider adding `println!("cargo::rustc-check-cfg=cfg(never)");` to the top of the `build.rs`
    = note: see <https://doc.rust-lang.org/nightly/rustc/check-cfg/cargo-specifics.html> for more information about checking conditional configuration
    = note: requested on the command line with `-W unexpected-cfgs`

warning: variable does not need to be mutable
    --> src/Chap18/ArraySeqMtEph.rs:1338:17
     |
1338 |             let mut left: Vec<(usize, T)> = Vec::new();
     |                 ----^^^^
     |                 |
     |                 help: remove this `mut`
     |
     = note: `#[warn(unused_mut)]` (part of `#[warn(unused)]`) on by default

warning: negative impls are experimental
   --> src/vstdplus/threads_plus.rs:105:10
    |
105 |     impl !Sync for IsThreadPlus {}
    |          ^
    |
    = note: see issue #68318 <https://github.com/rust-lang/rust/issues/68318> for more information
    = warning: unstable syntax can change at any point in the future, causing a hard error!
    = note: for more information, see issue #154045 <https://github.com/rust-lang/rust/issues/154045>

warning: negative impls are experimental
   --> src/vstdplus/threads_plus.rs:108:10
    |
108 |     impl !Send for IsThreadPlus {}
    |          ^
    |
    = note: see issue #68318 <https://github.com/rust-lang/rust/issues/68318> for more information
    = warning: unstable syntax can change at any point in the future, causing a hard error!
    = note: for more information, see issue #154045 <https://github.com/rust-lang/rust/issues/154045>

warning: `apas-verus` (lib) generated 4 warnings (run `cargo fix --lib -p apas-verus` to apply 1 suggestion)
warning: unexpected `cfg` condition value: `all_chapters`
 --> tests/Chap65/TestUnionFindPCStEph.rs:1:8
  |
1 | #![cfg(feature = "all_chapters")]
  |        ^^^^^^^^^^^^^^^^^^^^^^^^
  |
  = note: expected values for `feature` are: `Chap02`, `Chap03`, `Chap05`, `Chap06`, `Chap11`, `Chap12`, `Chap17`, `Chap18`, `Chap19`, `Chap21`, `Chap23`, `Chap26`, `Chap27`, `Chap28`, `Chap30`, `Chap35`, `Chap36`, `Chap37`, `Chap38`, `Chap39`, `Chap40`, `Chap41`, `Chap42`, `Chap43`, `Chap44`, `Chap45`, `Chap47`, `Chap49`, `Chap50`, `Chap51`, `Chap52`, `Chap53`, `Chap54`, `Chap55`, and `Chap56` and 12 more
  = help: consider adding `all_chapters` as a feature in `Cargo.toml`
  = note: see <https://doc.rust-lang.org/nightly/rustc/check-cfg/cargo-specifics.html> for more information about checking conditional configuration
  = note: requested on the command line with `-W unexpected-cfgs`

warning: unexpected `cfg` condition value: `all_chapters`
 --> tests/Chap64/TestTSPApproxStEph.rs:1:8
  |
1 | #![cfg(feature = "all_chapters")]
  |        ^^^^^^^^^^^^^^^^^^^^^^^^
  |
  = note: expected values for `feature` are: `Chap02`, `Chap03`, `Chap05`, `Chap06`, `Chap11`, `Chap12`, `Chap17`, `Chap18`, `Chap19`, `Chap21`, `Chap23`, `Chap26`, `Chap27`, `Chap28`, `Chap30`, `Chap35`, `Chap36`, `Chap37`, `Chap38`, `Chap39`, `Chap40`, `Chap41`, `Chap42`, `Chap43`, `Chap44`, `Chap45`, `Chap47`, `Chap49`, `Chap50`, `Chap51`, `Chap52`, `Chap53`, `Chap54`, `Chap55`, and `Chap56` and 12 more
  = help: consider adding `all_chapters` as a feature in `Cargo.toml`
  = note: see <https://doc.rust-lang.org/nightly/rustc/check-cfg/cargo-specifics.html> for more information about checking conditional configuration
  = note: requested on the command line with `-W unexpected-cfgs`

warning: unexpected `cfg` condition value: `all_chapters`
 --> tests/Chap52/TestAdjTableGraphMtPer.rs:1:8
  |
1 | #![cfg(feature = "all_chapters")]
  |        ^^^^^^^^^^^^^^^^^^^^^^^^
  |
  = note: expected values for `feature` are: `Chap02`, `Chap03`, `Chap05`, `Chap06`, `Chap11`, `Chap12`, `Chap17`, `Chap18`, `Chap19`, `Chap21`, `Chap23`, `Chap26`, `Chap27`, `Chap28`, `Chap30`, `Chap35`, `Chap36`, `Chap37`, `Chap38`, `Chap39`, `Chap40`, `Chap41`, `Chap42`, `Chap43`, `Chap44`, `Chap45`, `Chap47`, `Chap49`, `Chap50`, `Chap51`, `Chap52`, `Chap53`, `Chap54`, `Chap55`, and `Chap56` and 12 more
  = help: consider adding `all_chapters` as a feature in `Cargo.toml`
  = note: see <https://doc.rust-lang.org/nightly/rustc/check-cfg/cargo-specifics.html> for more information about checking conditional configuration
  = note: requested on the command line with `-W unexpected-cfgs`

warning: `apas-verus` (test "TestUnionFindPCStEph") generated 1 warning
warning: `apas-verus` (test "TestTSPApproxStEph") generated 1 warning
warning: `apas-verus` (test "TestAdjTableGraphMtPer") generated 1 warning
warning: unexpected `cfg` condition value: `all_chapters`
 --> tests/Chap56/TestExample56_1.rs:1:8
  |
1 | #![cfg(feature = "all_chapters")]
  |        ^^^^^^^^^^^^^^^^^^^^^^^^
  |
  = note: expected values for `feature` are: `Chap02`, `Chap03`, `Chap05`, `Chap06`, `Chap11`, `Chap12`, `Chap17`, `Chap18`, `Chap19`, `Chap21`, `Chap23`, `Chap26`, `Chap27`, `Chap28`, `Chap30`, `Chap35`, `Chap36`, `Chap37`, `Chap38`, `Chap39`, `Chap40`, `Chap41`, `Chap42`, `Chap43`, `Chap44`, `Chap45`, `Chap47`, `Chap49`, `Chap50`, `Chap51`, `Chap52`, `Chap53`, `Chap54`, `Chap55`, and `Chap56` and 12 more
  = help: consider adding `all_chapters` as a feature in `Cargo.toml`
  = note: see <https://doc.rust-lang.org/nightly/rustc/check-cfg/cargo-specifics.html> for more information about checking conditional configuration
  = note: requested on the command line with `-W unexpected-cfgs`

warning: unexpected `cfg` condition value: `all_chapters`
 --> tests/Chap65/TestKruskalStEph.rs:1:8
  |
1 | #![cfg(feature = "all_chapters")]
  |        ^^^^^^^^^^^^^^^^^^^^^^^^
  |
  = note: expected values for `feature` are: `Chap02`, `Chap03`, `Chap05`, `Chap06`, `Chap11`, `Chap12`, `Chap17`, `Chap18`, `Chap19`, `Chap21`, `Chap23`, `Chap26`, `Chap27`, `Chap28`, `Chap30`, `Chap35`, `Chap36`, `Chap37`, `Chap38`, `Chap39`, `Chap40`, `Chap41`, `Chap42`, `Chap43`, `Chap44`, `Chap45`, `Chap47`, `Chap49`, `Chap50`, `Chap51`, `Chap52`, `Chap53`, `Chap54`, `Chap55`, and `Chap56` and 12 more
  = help: consider adding `all_chapters` as a feature in `Cargo.toml`
  = note: see <https://doc.rust-lang.org/nightly/rustc/check-cfg/cargo-specifics.html> for more information about checking conditional configuration
  = note: requested on the command line with `-W unexpected-cfgs`

warning: unexpected `cfg` condition value: `all_chapters`
 --> tests/Chap37/TestBSTMtEph.rs:1:8
  |
1 | #![cfg(feature = "all_chapters")]
  |        ^^^^^^^^^^^^^^^^^^^^^^^^
  |
  = note: expected values for `feature` are: `Chap02`, `Chap03`, `Chap05`, `Chap06`, `Chap11`, `Chap12`, `Chap17`, `Chap18`, `Chap19`, `Chap21`, `Chap23`, `Chap26`, `Chap27`, `Chap28`, `Chap30`, `Chap35`, `Chap36`, `Chap37`, `Chap38`, `Chap39`, `Chap40`, `Chap41`, `Chap42`, `Chap43`, `Chap44`, `Chap45`, `Chap47`, `Chap49`, `Chap50`, `Chap51`, `Chap52`, `Chap53`, `Chap54`, `Chap55`, and `Chap56` and 12 more
  = help: consider adding `all_chapters` as a feature in `Cargo.toml`
  = note: see <https://doc.rust-lang.org/nightly/rustc/check-cfg/cargo-specifics.html> for more information about checking conditional configuration
  = note: requested on the command line with `-W unexpected-cfgs`

warning: `apas-verus` (test "TestExample56_1") generated 1 warning
warning: `apas-verus` (test "TestKruskalStEph") generated 1 warning
warning: `apas-verus` (test "TestBSTMtEph") generated 1 warning
warning: unexpected `cfg` condition value: `all_chapters`
 --> tests/Chap65/TestUnionFindArrayStEph.rs:1:8
  |
1 | #![cfg(feature = "all_chapters")]
  |        ^^^^^^^^^^^^^^^^^^^^^^^^
  |
  = note: expected values for `feature` are: `Chap02`, `Chap03`, `Chap05`, `Chap06`, `Chap11`, `Chap12`, `Chap17`, `Chap18`, `Chap19`, `Chap21`, `Chap23`, `Chap26`, `Chap27`, `Chap28`, `Chap30`, `Chap35`, `Chap36`, `Chap37`, `Chap38`, `Chap39`, `Chap40`, `Chap41`, `Chap42`, `Chap43`, `Chap44`, `Chap45`, `Chap47`, `Chap49`, `Chap50`, `Chap51`, `Chap52`, `Chap53`, `Chap54`, `Chap55`, and `Chap56` and 12 more
  = help: consider adding `all_chapters` as a feature in `Cargo.toml`
  = note: see <https://doc.rust-lang.org/nightly/rustc/check-cfg/cargo-specifics.html> for more information about checking conditional configuration
  = note: requested on the command line with `-W unexpected-cfgs`

warning: unexpected `cfg` condition value: `all_chapters`
 --> tests/Chap56/TestExample56_3.rs:1:8
  |
1 | #![cfg(feature = "all_chapters")]
  |        ^^^^^^^^^^^^^^^^^^^^^^^^
  |
  = note: expected values for `feature` are: `Chap02`, `Chap03`, `Chap05`, `Chap06`, `Chap11`, `Chap12`, `Chap17`, `Chap18`, `Chap19`, `Chap21`, `Chap23`, `Chap26`, `Chap27`, `Chap28`, `Chap30`, `Chap35`, `Chap36`, `Chap37`, `Chap38`, `Chap39`, `Chap40`, `Chap41`, `Chap42`, `Chap43`, `Chap44`, `Chap45`, `Chap47`, `Chap49`, `Chap50`, `Chap51`, `Chap52`, `Chap53`, `Chap54`, `Chap55`, and `Chap56` and 12 more
  = help: consider adding `all_chapters` as a feature in `Cargo.toml`
  = note: see <https://doc.rust-lang.org/nightly/rustc/check-cfg/cargo-specifics.html> for more information about checking conditional configuration
  = note: requested on the command line with `-W unexpected-cfgs`

warning: `apas-verus` (test "TestUnionFindArrayStEph") generated 1 warning
warning: `apas-verus` (test "TestExample56_3") generated 1 warning
warning: unexpected `cfg` condition value: `all_chapters`
 --> tests/Chap65/TestPrimStEph.rs:1:8
  |
1 | #![cfg(feature = "all_chapters")]
  |        ^^^^^^^^^^^^^^^^^^^^^^^^
  |
  = note: expected values for `feature` are: `Chap02`, `Chap03`, `Chap05`, `Chap06`, `Chap11`, `Chap12`, `Chap17`, `Chap18`, `Chap19`, `Chap21`, `Chap23`, `Chap26`, `Chap27`, `Chap28`, `Chap30`, `Chap35`, `Chap36`, `Chap37`, `Chap38`, `Chap39`, `Chap40`, `Chap41`, `Chap42`, `Chap43`, `Chap44`, `Chap45`, `Chap47`, `Chap49`, `Chap50`, `Chap51`, `Chap52`, `Chap53`, `Chap54`, `Chap55`, and `Chap56` and 12 more
  = help: consider adding `all_chapters` as a feature in `Cargo.toml`
  = note: see <https://doc.rust-lang.org/nightly/rustc/check-cfg/cargo-specifics.html> for more information about checking conditional configuration
  = note: requested on the command line with `-W unexpected-cfgs`

warning: unexpected `cfg` condition value: `all_chapters`
 --> tests/Chap64/TestSpanTreeMtEph.rs:1:8
  |
1 | #![cfg(feature = "all_chapters")]
  |        ^^^^^^^^^^^^^^^^^^^^^^^^
  |
  = note: expected values for `feature` are: `Chap02`, `Chap03`, `Chap05`, `Chap06`, `Chap11`, `Chap12`, `Chap17`, `Chap18`, `Chap19`, `Chap21`, `Chap23`, `Chap26`, `Chap27`, `Chap28`, `Chap30`, `Chap35`, `Chap36`, `Chap37`, `Chap38`, `Chap39`, `Chap40`, `Chap41`, `Chap42`, `Chap43`, `Chap44`, `Chap45`, `Chap47`, `Chap49`, `Chap50`, `Chap51`, `Chap52`, `Chap53`, `Chap54`, `Chap55`, and `Chap56` and 12 more
  = help: consider adding `all_chapters` as a feature in `Cargo.toml`
  = note: see <https://doc.rust-lang.org/nightly/rustc/check-cfg/cargo-specifics.html> for more information about checking conditional configuration
  = note: requested on the command line with `-W unexpected-cfgs`

warning: unexpected `cfg` condition value: `all_chapters`
 --> tests/Chap36/TestQuickSortMtEphSlice.rs:1:8
  |
1 | #![cfg(feature = "all_chapters")]
  |        ^^^^^^^^^^^^^^^^^^^^^^^^
  |
  = note: expected values for `feature` are: `Chap02`, `Chap03`, `Chap05`, `Chap06`, `Chap11`, `Chap12`, `Chap17`, `Chap18`, `Chap19`, `Chap21`, `Chap23`, `Chap26`, `Chap27`, `Chap28`, `Chap30`, `Chap35`, `Chap36`, `Chap37`, `Chap38`, `Chap39`, `Chap40`, `Chap41`, `Chap42`, `Chap43`, `Chap44`, `Chap45`, `Chap47`, `Chap49`, `Chap50`, `Chap51`, `Chap52`, `Chap53`, `Chap54`, `Chap55`, and `Chap56` and 12 more
  = help: consider adding `all_chapters` as a feature in `Cargo.toml`
  = note: see <https://doc.rust-lang.org/nightly/rustc/check-cfg/cargo-specifics.html> for more information about checking conditional configuration
  = note: requested on the command line with `-W unexpected-cfgs`

warning: `apas-verus` (test "TestPrimStEph") generated 1 warning
warning: `apas-verus` (test "TestSpanTreeMtEph") generated 1 warning
warning: `apas-verus` (test "TestQuickSortMtEphSlice") generated 1 warning
warning: unexpected `cfg` condition value: `all_chapters`
 --> tests/Chap52/TestEdgeSetGraphMtPer.rs:1:8
  |
1 | #![cfg(feature = "all_chapters")]
  |        ^^^^^^^^^^^^^^^^^^^^^^^^
  |
  = note: expected values for `feature` are: `Chap02`, `Chap03`, `Chap05`, `Chap06`, `Chap11`, `Chap12`, `Chap17`, `Chap18`, `Chap19`, `Chap21`, `Chap23`, `Chap26`, `Chap27`, `Chap28`, `Chap30`, `Chap35`, `Chap36`, `Chap37`, `Chap38`, `Chap39`, `Chap40`, `Chap41`, `Chap42`, `Chap43`, `Chap44`, `Chap45`, `Chap47`, `Chap49`, `Chap50`, `Chap51`, `Chap52`, `Chap53`, `Chap54`, `Chap55`, and `Chap56` and 12 more
  = help: consider adding `all_chapters` as a feature in `Cargo.toml`
  = note: see <https://doc.rust-lang.org/nightly/rustc/check-cfg/cargo-specifics.html> for more information about checking conditional configuration
  = note: requested on the command line with `-W unexpected-cfgs`

warning: unexpected `cfg` condition value: `all_chapters`
 --> tests/Chap65/TestUnionFindNoPCStEph.rs:1:8
  |
1 | #![cfg(feature = "all_chapters")]
  |        ^^^^^^^^^^^^^^^^^^^^^^^^
  |
  = note: expected values for `feature` are: `Chap02`, `Chap03`, `Chap05`, `Chap06`, `Chap11`, `Chap12`, `Chap17`, `Chap18`, `Chap19`, `Chap21`, `Chap23`, `Chap26`, `Chap27`, `Chap28`, `Chap30`, `Chap35`, `Chap36`, `Chap37`, `Chap38`, `Chap39`, `Chap40`, `Chap41`, `Chap42`, `Chap43`, `Chap44`, `Chap45`, `Chap47`, `Chap49`, `Chap50`, `Chap51`, `Chap52`, `Chap53`, `Chap54`, `Chap55`, and `Chap56` and 12 more
  = help: consider adding `all_chapters` as a feature in `Cargo.toml`
  = note: see <https://doc.rust-lang.org/nightly/rustc/check-cfg/cargo-specifics.html> for more information about checking conditional configuration
  = note: requested on the command line with `-W unexpected-cfgs`

warning: `apas-verus` (test "TestEdgeSetGraphMtPer") generated 1 warning
warning: `apas-verus` (test "TestUnionFindNoPCStEph") generated 1 warning
warning: unexpected `cfg` condition value: `all_chapters`
 --> tests/Chap53/TestGraphSearchMtPer.rs:1:8
  |
1 | #![cfg(feature = "all_chapters")]
  |        ^^^^^^^^^^^^^^^^^^^^^^^^
  |
  = note: expected values for `feature` are: `Chap02`, `Chap03`, `Chap05`, `Chap06`, `Chap11`, `Chap12`, `Chap17`, `Chap18`, `Chap19`, `Chap21`, `Chap23`, `Chap26`, `Chap27`, `Chap28`, `Chap30`, `Chap35`, `Chap36`, `Chap37`, `Chap38`, `Chap39`, `Chap40`, `Chap41`, `Chap42`, `Chap43`, `Chap44`, `Chap45`, `Chap47`, `Chap49`, `Chap50`, `Chap51`, `Chap52`, `Chap53`, `Chap54`, `Chap55`, and `Chap56` and 12 more
  = help: consider adding `all_chapters` as a feature in `Cargo.toml`
  = note: see <https://doc.rust-lang.org/nightly/rustc/check-cfg/cargo-specifics.html> for more information about checking conditional configuration
  = note: requested on the command line with `-W unexpected-cfgs`

warning: `apas-verus` (lib test) generated 4 warnings (4 duplicates)
warning: `apas-verus` (test "TestGraphSearchMtPer") generated 1 warning
    Finished `release` profile [optimized] target(s) in 0.13s
     Running unittests src/lib.rs (target/release/deps/apas_verus-1cec9fa652ab7084)

running 0 tests

test result: ok. 0 passed; 0 failed; 0 ignored; 0 measured; 0 filtered out; finished in 0.00s

     Running tests/Chap36/BenchQuickSort.rs (target/release/deps/BenchQuickSort-2ac975e31eba87b0)

running 1 test
test bench_quicksort_st_vs_mt ... ok

test result: ok. 1 passed; 0 failed; 0 ignored; 0 measured; 0 filtered out; finished in 0.02s

     Running tests/Chap37/TestAVLTreeSeq.rs (target/release/deps/TestAVLTreeSeq-ded23d6c8d065e74)

running 53 tests
test test_avltreeseq_alternating_operations ... ok
test test_avltreeseq_debug_display ... ok
test test_avltreeseq_contains_value_comprehensive ... ok
test test_avltreeseq_complex_rotation_patterns ... ok
test test_avltreeseq_delete_all_elements ... ok
test test_avltreeseq_default_trait ... ok
test test_avltreeseq_delete_value_multiple ... ok
test test_avltreeseq_empty_constructor ... ok
test test_avltreeseq_empty_operations_comprehensive ... ok
test test_avltreeseq_eq_trait ... ok
test test_avltreeseq_equality_comparison ... ok
test test_avltreeseq_equality_comprehensive ... ok
test test_avltreeseq_from_vec_empty ... ok
test test_avltreeseq_insert_at_boundaries ... ok
test test_avltreeseq_iterator ... ok
test test_avltreeseq_large_subseq_operations ... ok
test test_avltreeseq_large_tree ... ok
test test_avltreeseq_length_method ... ok
test test_avltreeseq_mixed_operations ... ok
test test_avltreeseq_multiple_equality_checks ... ok
test test_avltreeseq_new_constructor ... ok
test test_avltreeseq_nth_method ... ok
test test_avltreeseq_predicates ... ok
test test_avltreeseq_nth_panic_empty - should panic ... ok
test test_avltreeseq_nth_panic_outofbounds - should panic ... ok
test test_avltreeseq_push_back_multiple ... ok
test test_avltreeseq_push_back_to_empty ... ok
test test_avltreeseq_reverse_insertion_order ... ok
test test_avltreeseq_set_all_indices ... ok
test test_avltreeseq_set_method ... ok
test test_avltreeseq_set_multiple_elements ... ok
test test_avltreeseq_singleton_constructor ... ok
test test_avltreeseq_subseq_copy ... ok
test test_avltreeseq_subseq_multiple_elements ... ok
test test_avltreeseq_to_arrayseq_empty ... ok
test test_avltreeseq_trigger_left_right_rotation ... ok
test test_avltreeseq_trigger_left_rotation ... ok
test test_avltreeseq_trigger_right_left_rotation ... ok
test test_avltreeseq_trigger_right_rotation ... ok
test test_avltreeseq_update_chain ... ok
test test_avltreeseq_values_in_order_comprehensive ... ok
test test_avltreeseq_zero_length_operations ... ok
test test_avltreeseq_very_large_tree ... ok
test test_contains_value ... ok
test test_delete_value ... ok
test test_from_vec ... ok
test test_insert_value ... ok
test test_is_tree_empty ... ok
test test_new_root ... ok
test test_push_back ... ok
test test_to_arrayseq ... ok
test test_update ... ok
test test_values_in_order ... ok

test result: ok. 53 passed; 0 failed; 0 ignored; 0 measured; 0 filtered out; finished in 0.00s

     Running tests/Chap37/TestAVLTreeSeqMtPer.rs (target/release/deps/TestAVLTreeSeqMtPer-e0e6de01d37b6ee8)

running 44 tests
test test_alternating_sets ... ok
test test_clone ... ok
test test_debug_trait ... ok
test test_deep_rotation_cascade ... ok
test test_default_trait ... ok
test test_empty_operations ... ok
test test_empty ... ok
test test_empty_subseq ... ok
test test_eq ... ok
test test_equality_comprehensive ... ok
test test_extreme_imbalance_scenarios ... ok
test test_force_all_rotation_cases ... ok
test test_from_vec ... ok
test test_isempty ... ok
test test_issingleton ... ok
test test_iter ... ok
test test_iterator_comprehensive ... ok
test test_large_sequence ... ok
test test_left_right_rotation ... ok
test test_large_tree_rotations ... ok
test test_length ... ok
test test_multiple_sets ... ok
test test_multiple_structural_sharing ... ok
test test_new ... ok
test test_nth ... ok
test test_persistence ... ok
test test_reverse_insertion_order ... ok
test test_right_left_rotation ... ok
test test_rotation_left_heavy ... ok
test test_rotation_right_heavy ... ok
test test_sequential_insertions_causing_rotations ... ok
test test_set ... ok
test test_set_at_index_zero_empty ... ok
test test_set_boundary ... ok
test test_set_out_of_bounds ... ok
test test_singleton ... ok
test test_trigger_rotations ... ok
test test_values_in_order_comprehensive ... ok
test test_values_in_order ... ok
test test_very_large_sequence ... ok
test test_subseq_then_modify ... ok
test test_singleton_operations ... ok
test test_subseq_copy ... ok
test test_subseq_copy_comprehensive ... ok

test result: ok. 44 passed; 0 failed; 0 ignored; 0 measured; 0 filtered out; finished in 0.00s

     Running tests/Chap37/TestAVLTreeSeqStEph.rs (target/release/deps/TestAVLTreeSeqStEph-d0b9ab63e9f872a5)

running 22 tests
test test_clone_impl ... ok
test test_contains_value ... ok
test test_default_impl ... ok
test test_empty ... ok
test test_delete_value ... ok
test test_eq_impl ... ok
test test_insert_value ... ok
test test_from_vec ... ok
test test_isEmpty ... ok
test test_isSingleton ... ok
test test_iter ... ok
test test_length ... ok
test test_new ... ok
test test_new_root ... ok
test test_nth ... ok
test test_partialeq_impl ... ok
test test_push_back ... ok
test test_set ... ok
test test_singleton ... ok
test test_subseq_copy ... ok
test test_to_arrayseq ... ok
test test_update ... ok

test result: ok. 22 passed; 0 failed; 0 ignored; 0 measured; 0 filtered out; finished in 0.00s

     Running tests/Chap37/TestAVLTreeSeqStEph18.rs (target/release/deps/TestAVLTreeSeqStEph18-a7003040735c18f5)

running 4 tests
test test_append_union ... ok
test test_filter_even ... ok
test test_map_increment ... ok
test test_tabulate_inorder ... ok

test result: ok. 4 passed; 0 failed; 0 ignored; 0 measured; 0 filtered out; finished in 0.00s

     Running tests/Chap37/TestAVLTreeSeqStEphChap37.rs (target/release/deps/TestAVLTreeSeqStEphChap37-22efe0f497eccba7)

running 24 tests
test test_avl_contains_value ... ok
test test_avl_delete_value ... ok
test test_avl_empty_constructor ... ok
test test_avl_ephemeral_basic ... ok
test test_avl_from_vec_constructor ... ok
test test_avl_equality ... ok
test test_avl_insert_value ... ok
test test_avl_iterator ... ok
test test_avl_large_tree_operations ... ok
test test_avl_macro_literal ... ok
test test_avl_push_back ... ok
test test_avl_set_method ... ok
test test_avl_singleton_constructor ... ok
test test_avl_nth_out_of_bounds_panics - should panic ... ok
test test_avl_stress_operations ... ok
test test_avl_subseq_copy ... ok
test test_avl_to_arrayseq ... ok
test test_avl_update_method ... ok
test test_clone ... ok
test test_default_trait ... ok
test test_deflate_and_filter ... ok
test test_select_and_append ... ok
test test_tabulate_and_map ... ok
test test_very_large_tree_with_deletions ... ok

test result: ok. 24 passed; 0 failed; 0 ignored; 0 measured; 0 filtered out; finished in 0.00s

     Running tests/Chap37/TestAVLTreeSeqStPer.rs (target/release/deps/TestAVLTreeSeqStPer-51a5bceac5ed4705)

running 33 tests
test test_alternating_access_pattern ... ok
test test_avl_empty_and_singleton_edge_cases ... ok
test test_avl_equality_and_debug ... ok
test test_avl_large_tree_balancing ... ok
test test_avl_left_heavy_rebalancing ... ok
test test_avl_left_right_rotation ... ok
test test_avl_right_heavy_rebalancing ... ok
test test_avl_nth_out_of_bounds_panics - should panic ... ok
test test_avl_right_left_rotation ... ok
test test_avl_sequential_modifications ... ok
test test_avl_set_out_of_bounds_error ... ok
test test_avl_stress_balancing ... ok
test test_avl_subseq_balancing ... ok
test test_avl_to_arrayseq_conversion ... ok
test test_clone_preserves_structure ... ok
test test_debug_formatting ... ok
test test_equality_comprehensive ... ok
test test_from_vec_empty ... ok
test test_from_vec_large ... ok
test test_iterator_empty ... ok
test test_iterator_inorder_values ... ok
test test_iterator_singleton ... ok
test test_iterator_large_tree ... ok
test test_macro_variants ... ok
test test_persistence_verification ... ok
test test_persistent_set_does_not_mutate ... ok
test test_set_on_empty_at_zero ... ok
test test_subseq_copy_edge_cases ... ok
test test_to_arrayseq_empty ... ok
test test_to_arrayseq_singleton ... ok
test test_values_in_order_empty ... ok
test test_values_in_order_large ... ok
test test_very_large_tree ... ok

test result: ok. 33 passed; 0 failed; 0 ignored; 0 measured; 0 filtered out; finished in 0.00s

     Running tests/Chap37/TestAVLTreeSeqStPer18.rs (target/release/deps/TestAVLTreeSeqStPer18-08bc869f17b6b345)

running 4 tests
test test_append_union ... ok
test test_filter_even ... ok
test test_map_increment ... ok
test test_tabulate_inorder ... ok

test result: ok. 4 passed; 0 failed; 0 ignored; 0 measured; 0 filtered out; finished in 0.00s

     Running tests/Chap37/TestAVLTreeSeqStPer19.rs (target/release/deps/TestAVLTreeSeqStPer19-57df531af6d4e86b)

running 3 tests
test test_deflate_and_filter_ch19 ... ok
test test_tabulate_and_map_ch19 ... ok
test test_select_and_append_ch19 ... ok

test result: ok. 3 passed; 0 failed; 0 ignored; 0 measured; 0 filtered out; finished in 0.00s

     Running tests/Chap41/TestAVLTreeSetMtEph.rs (target/release/deps/TestAVLTreeSetMtEph-55bb47715be2dfa6)

running 40 tests
test test_avltreesetmtephlit_macro_functionality ... ok
test test_clone ... ok
test test_debug_trait ... ok
test test_delete ... ok
test test_delete_nonexistent ... ok
test test_delete_all_elements ... ok
test test_difference_empty_sets ... ok
test test_equality_via_elements ... ok
test test_filter_empty ... ok
test test_filter_all_match ... ok
test test_filter_none_match ... ok
test test_empty ... ok
test test_intersection_empty_sets ... ok
test test_from_seq_singleton ... ok
test test_insert_duplicate ... ok
test test_insert_find ... ok
test test_difference_disjoint_sets ... ok
test test_to_seq ... ok
test test_to_seq_empty ... ok
test test_to_seq_singleton ... ok
test test_intersection_disjoint_sets ... ok
test test_union_empty_sets ... ok
test test_union_disjoint_sets ... ok
test test_union_identical_sets ... ok
test test_union_small ... ok
test test_singleton ... ok
test test_string_set ... ok
test test_filter_small ... ok
test test_difference_identical_sets ... ok
test test_intersection_identical_sets ... ok
test test_from_seq ... ok
test test_from_seq_all_duplicates ... ok
test test_intersection_small ... ok
test test_from_seq_empty ... ok
test test_difference ... ok
test test_mixed_operations_comprehensive ... ok
test test_intersection_large_parallel ... ok
test test_filter_large_parallel ... ok
test test_large_set_operations ... ok
test test_union_large_parallel ... ok

test result: ok. 40 passed; 0 failed; 0 ignored; 0 measured; 0 filtered out; finished in 0.19s

     Running tests/Chap41/TestAVLTreeSetMtPer.rs (target/release/deps/TestAVLTreeSetMtPer-0b78aae5b4aa1ba8)

running 37 tests
test test_avltreesetmtperlit_macro_type_safety ... ok
test test_clone ... ok
test test_delete ... ok
test test_default_trait ... ok
test test_debug_trait ... ok
test test_delete_multiple ... ok
test test_delete_operation ... ok
test test_display_trait ... ok
test test_empty_set ... ok
test test_duplicate_insert ... ok
test test_filter_empty_result ... ok
test test_filter_operation ... ok
test test_filter_parallel_path ... ok
test test_find_missing ... ok
test test_difference_operation ... ok
test test_insert_multiple ... ok
test test_difference_empty ... ok
test test_insert ... ok
test test_into_iter_collects_all_elements ... ok
test test_intersection_empty ... ok
test test_negative_numbers ... ok
test test_into_iter_for_loop ... ok
test test_into_iter_singleton ... ok
test test_singleton_set ... ok
test test_to_seq ... ok
test test_partial_ord_trait ... ok
test test_persistence_delete ... ok
test test_into_iter_empty ... ok
test test_singleton_operation ... ok
test test_intersection_parallel_path ... ok
test test_intersection_operation ... ok
test test_ord_trait ... ok
test test_union_self ... ok
test test_union_operation ... ok
test test_from_seq_operation ... ok
test test_from_seq_parallel_sort ... ok
test test_large_set ... ok

test result: ok. 37 passed; 0 failed; 0 ignored; 0 measured; 0 filtered out; finished in 0.00s

     Running tests/Chap41/TestAVLTreeSetStEph.rs (target/release/deps/TestAVLTreeSetStEph-41b2dd6e66fe50cf)

running 42 tests
test test_avl_tree_set_basic_operations ... ok
test test_avl_tree_set_bulk_operations ... ok
test test_avl_tree_set_macro ... ok
test test_avl_tree_set_filter ... ok
test test_avl_tree_set_from_seq ... ok
test test_avl_tree_set_ordering ... ok
test test_avl_tree_set_to_seq ... ok
test test_avltreesetstephlit_macro_functionality ... ok
test test_clone_impl ... ok
test test_clone_set ... ok
test test_debug_impl ... ok
test test_debug_trait ... ok
test test_default_impl ... ok
test test_delete_all_elements ... ok
test test_delete_nonexistent ... ok
test test_difference_disjoint_sets ... ok
test test_difference_empty_sets ... ok
test test_difference_identical_sets ... ok
test test_display_impl ... ok
test test_equality ... ok
test test_filter_all_match ... ok
test test_filter_empty_set ... ok
test test_example_41_1_avl_cases ... ok
test test_filter_none_match ... ok
test test_from_seq_all_duplicates ... ok
test test_from_seq_empty ... ok
test test_from_seq_singleton ... ok
test test_insert_duplicate ... ok
test test_intersection_disjoint_sets ... ok
test test_intersection_empty_sets ... ok
test test_intersection_identical_sets ... ok
test test_into_iter_collects_all_elements ... ok
test test_into_iter_empty ... ok
test test_into_iter_for_loop ... ok
test test_mixed_operations_comprehensive ... ok
test test_string_set ... ok
test test_to_seq_empty ... ok
test test_to_seq_singleton ... ok
test test_union_disjoint_sets ... ok
test test_union_empty_sets ... ok
test test_union_identical_sets ... ok
test test_large_set_operations ... ok

test result: ok. 42 passed; 0 failed; 0 ignored; 0 measured; 0 filtered out; finished in 0.06s

     Running tests/Chap41/TestAVLTreeSetStPer.rs (target/release/deps/TestAVLTreeSetStPer-0848980bd22bdd8c)

running 14 tests
test test_avl_tree_set_per_filter ... ok
test test_avl_tree_set_per_bulk_operations ... ok
test test_avl_tree_set_per_from_seq ... ok
test test_avl_tree_set_per_basic_operations ... ok
test test_avl_tree_set_per_macro ... ok
test test_avl_tree_set_per_persistence ... ok
test test_avl_tree_set_per_to_seq ... ok
test test_clone_impl ... ok
test test_avltreesetstperlit_macro_functionality ... ok
test test_default_impl ... ok
test test_display_impl ... ok
test test_into_iter_collects_all_elements ... ok
test test_into_iter_empty ... ok
test test_into_iter_for_loop ... ok

test result: ok. 14 passed; 0 failed; 0 ignored; 0 measured; 0 filtered out; finished in 0.00s

     Running tests/Chap52/TestAdjMatrixGraphMtEph.rs (target/release/deps/TestAdjMatrixGraphMtEph-3c5be4b43357e1f5)

running 13 tests
test test_complement_empty_graph ... ok
test test_complement_idempotence ... ok
test test_complement_single_vertex ... ok
test test_has_edge_empty_graph ... ok
test test_complement_zero_vertices ... ok
test test_has_edge_out_of_bounds ... ok
test test_multiple_vertices_all_operations ... ok
test test_new_empty_graph ... ok
test test_num_vertices ... ok
test test_out_degree_empty_graph ... ok
test test_out_neighbors_empty_graph ... ok
test test_set_edge ... ok
test test_set_edge_multiple ... ok

test result: ok. 13 passed; 0 failed; 0 ignored; 0 measured; 0 filtered out; finished in 0.00s

     Running tests/Chap52/TestAdjMatrixGraphMtPer.rs (target/release/deps/TestAdjMatrixGraphMtPer-13250093e9402872)

running 17 tests
test test_clone ... ok
test test_complement_idempotence ... ok
test test_complement_empty_graph ... ok
test test_complement_zero_vertices ... ok
test test_complement_single_vertex ... ok
test test_has_edge_empty_graph ... ok
test test_has_edge_out_of_bounds ... ok
test test_multiple_vertices_all_operations ... ok
test test_new_empty_graph ... ok
test test_num_edges_sequential ... ok
test test_num_vertices ... ok
test test_out_degree_after_complement ... ok
test test_out_degree_empty_graph ... ok
test test_out_degree_out_of_bounds ... ok
test test_out_neighbors_after_complement ... ok
test test_out_neighbors_empty_graph ... ok
test test_out_neighbors_out_of_bounds ... ok

test result: ok. 17 passed; 0 failed; 0 ignored; 0 measured; 0 filtered out; finished in 0.00s

     Running tests/Chap52/TestAdjMatrixGraphStEph.rs (target/release/deps/TestAdjMatrixGraphStEph-f8d63636b6ced9e5)

running 12 tests
test test_complement ... ok
test test_complete_graph ... ok
test test_empty_graph ... ok
test test_has_edge ... ok
test test_new ... ok
test test_from_matrix ... ok
test test_num_edges ... ok
test test_num_edges_large ... ok
test test_out_degree ... ok
test test_out_neighbors ... ok
test test_self_loop ... ok
test test_set_edge ... ok

test result: ok. 12 passed; 0 failed; 0 ignored; 0 measured; 0 filtered out; finished in 0.00s

     Running tests/Chap52/TestAdjMatrixGraphStPer.rs (target/release/deps/TestAdjMatrixGraphStPer-155b5d579b8ae721)

running 9 tests
test test_complement ... ok
test test_from_matrix ... ok
test test_new ... ok
test test_has_edge ... ok
test test_num_edges ... ok
test test_out_degree ... ok
test test_out_neighbors ... ok
test test_persistent_semantics ... ok
test test_set_edge ... ok

test result: ok. 9 passed; 0 failed; 0 ignored; 0 measured; 0 filtered out; finished in 0.00s

     Running tests/Chap52/TestAdjSeqGraphMtEph.rs (target/release/deps/TestAdjSeqGraphMtEph-77b63f1b8f731088)

running 12 tests
test test_has_edge_empty_graph ... ok
test test_has_edge_in_bounds_no_edges ... ok
test test_has_edge_linear_search ... ok
test test_multiple_vertices_all_operations ... ok
test test_num_vertices ... ok
test test_new_empty_graph ... ok
test test_out_degree_empty_graph ... ok
test test_out_neighbors_boundary ... ok
test test_out_neighbors_empty_graph ... ok
test test_set_edge ... ok
test test_single_vertex ... ok
test test_zero_vertices ... ok

test result: ok. 12 passed; 0 failed; 0 ignored; 0 measured; 0 filtered out; finished in 0.00s

     Running tests/Chap52/TestAdjSeqGraphMtPer.rs (target/release/deps/TestAdjSeqGraphMtPer-76dc1d5c18519a04)

running 12 tests
test test_clone ... ok
test test_has_edge_empty_graph ... ok
test test_has_edge_in_bounds_no_edges ... ok
test test_has_edge_linear_search ... ok
test test_multiple_vertices_all_operations ... ok
test test_new_empty_graph ... ok
test test_num_vertices ... ok
test test_out_degree_empty_graph ... ok
test test_out_neighbors_boundary ... ok
test test_out_neighbors_empty_graph ... ok
test test_single_vertex ... ok
test test_zero_vertices ... ok

test result: ok. 12 passed; 0 failed; 0 ignored; 0 measured; 0 filtered out; finished in 0.00s

     Running tests/Chap52/TestAdjSeqGraphStEph.rs (target/release/deps/TestAdjSeqGraphStEph-b27e68345881c9a9)

running 11 tests
test test_empty_graph ... ok
test test_from_seq ... ok
test test_has_edge ... ok
test test_new ... ok
test test_num_edges ... ok
test test_out_degree ... ok
test test_out_neighbors ... ok
test test_remove_edge ... ok
test test_self_loop ... ok
test test_set_edge ... ok
test test_set_neighbors ... ok

test result: ok. 11 passed; 0 failed; 0 ignored; 0 measured; 0 filtered out; finished in 0.00s

     Running tests/Chap52/TestAdjSeqGraphStPer.rs (target/release/deps/TestAdjSeqGraphStPer-5a8fc327099a2534)

running 9 tests
test test_delete_edge ... ok
test test_empty_graph ... ok
test test_has_edge ... ok
test test_insert_edge ... ok
test test_new ... ok
test test_num_edges ... ok
test test_out_degree ... ok
test test_out_neighbors ... ok
test test_persistent_semantics ... ok

test result: ok. 9 passed; 0 failed; 0 ignored; 0 measured; 0 filtered out; finished in 0.00s

     Running tests/Chap52/TestAdjTableGraphMtPer.rs (target/release/deps/TestAdjTableGraphMtPer-800b899210cbeea9)

running 0 tests

test result: ok. 0 passed; 0 failed; 0 ignored; 0 measured; 0 filtered out; finished in 0.00s

     Running tests/Chap52/TestAdjTableGraphStEph.rs (target/release/deps/TestAdjTableGraphStEph-f83392bbfd21741c)

running 9 tests
test test_delete_edge ... ok
test test_empty ... ok
test test_delete_vertex ... ok
test test_insert_edge ... ok
test test_insert_vertex ... ok
test test_out_degree ... ok
test test_out_neighbors ... ok
test test_self_loop ... ok
test test_vertices ... ok

test result: ok. 9 passed; 0 failed; 0 ignored; 0 measured; 0 filtered out; finished in 0.00s

     Running tests/Chap52/TestAdjTableGraphStPer.rs (target/release/deps/TestAdjTableGraphStPer-1edc807e2f661c87)

running 14 tests
test test_complex_graph ... ok
test test_delete_edge ... ok
test test_delete_edge_nonexistent ... ok
test test_delete_vertex ... ok
test test_empty ... ok
test test_has_edge ... ok
test test_insert_edge ... ok
test test_insert_edge_creates_vertices ... ok
test test_insert_vertex ... ok
test test_num_edges ... ok
test test_num_vertices ... ok
test test_out_degree ... ok
test test_out_neighbors ... ok
test test_vertices ... ok

test result: ok. 14 passed; 0 failed; 0 ignored; 0 measured; 0 filtered out; finished in 0.00s

     Running tests/Chap56/TestAllPairsResultStEphF64.rs (target/release/deps/TestAllPairsResultStEphF64-f8af9efceecd5eef)

running 5 tests
test test_extract_path ... ok
test test_extract_path_unreachable ... ok
test test_new ... ok
test test_set_distance ... ok
test test_set_predecessor ... ok

test result: ok. 5 passed; 0 failed; 0 ignored; 0 measured; 0 filtered out; finished in 0.00s

     Running tests/Chap56/TestAllPairsResultStEphI64.rs (target/release/deps/TestAllPairsResultStEphI64-d4d1ad0fe5b7180f)

running 5 tests
test test_extract_path ... ok
test test_extract_path_unreachable ... ok
test test_new ... ok
test test_set_predecessor ... ok
test test_set_distance ... ok

test result: ok. 5 passed; 0 failed; 0 ignored; 0 measured; 0 filtered out; finished in 0.00s

     Running tests/Chap56/TestAllPairsResultStPerF64.rs (target/release/deps/TestAllPairsResultStPerF64-8065bbcf53d2e9cb)

running 5 tests
test test_extract_path ... ok
test test_extract_path_unreachable ... ok
test test_new ... ok
test test_set_predecessor ... ok
test test_set_distance ... ok

test result: ok. 5 passed; 0 failed; 0 ignored; 0 measured; 0 filtered out; finished in 0.00s

     Running tests/Chap56/TestAllPairsResultStPerI64.rs (target/release/deps/TestAllPairsResultStPerI64-c3ac3f1f660da049)

running 5 tests
test test_extract_path ... ok
test test_extract_path_unreachable ... ok
test test_new ... ok
test test_set_predecessor ... ok
test test_set_distance ... ok

test result: ok. 5 passed; 0 failed; 0 ignored; 0 measured; 0 filtered out; finished in 0.00s

     Running tests/Chap18/TestArraySeq.rs (target/release/deps/TestArraySeq-abb3bf1a153c5f3e)

running 21 tests
test test_clone ... ok
test test_debug ... ok
test test_display ... ok
test test_empty ... ok
test test_from_vec ... ok
test test_into_iterator ... ok
test test_into_iterator_mut ... ok
test test_into_iterator_owned ... ok
test test_is_empty ... ok
test test_is_singleton ... ok
test test_iter ... ok
test test_iter_mut ... ok
test test_length ... ok
test test_map ... ok
test test_new ... ok
test test_nth ... ok
test test_partial_eq ... ok
test test_set ... ok
test test_set_out_of_bounds ... ok
test test_singleton ... ok
test test_tabulate ... ok

test result: ok. 21 passed; 0 failed; 0 ignored; 0 measured; 0 filtered out; finished in 0.00s

     Running tests/Chap18/TestArraySeqMtEph.rs (target/release/deps/TestArraySeqMtEph-1b21f8c1008cf584)

running 27 tests
test test_basic_operations ... ok
test test_filter_par_empty ... ok
test test_filter_par_singleton_drop ... ok
test test_filter_par_singleton_keep ... ok
test test_map_par_small ... ok
test test_reduce_par ... ok
test test_map_par ... ok
test test_filter_par_all_pass ... ok
test test_map_par_medium ... ok
test test_map_sequential ... ok
test test_reduce_par_singleton ... ok
test test_reduce_sequential ... ok
test test_set_mutation ... ok
test test_reduce_par_small ... ok
test test_map_par_singleton ... ok
test test_map_par_empty ... ok
test test_reduce_par_empty ... ok
test test_filter_par_small ... ok
test test_filter_par_none_pass ... ok
test test_reduce_par_medium ... ok
test test_map_par_odd_size ... ok
test test_filter_par_medium ... ok
test test_filter_par ... ok
test test_reduce_par_odd_size ... ok
test test_filter_par_large ... ok
test test_reduce_par_large ... ok
test test_map_par_large ... ok

test result: ok. 27 passed; 0 failed; 0 ignored; 0 measured; 0 filtered out; finished in 0.02s

     Running tests/Chap18/TestArraySeqMtPer.rs (target/release/deps/TestArraySeqMtPer-7e774c9fd5ef0e7f)

running 27 tests
test test_basic_operations ... ok
test test_filter_par_empty ... ok
test test_filter_par_singleton_drop ... ok
test test_filter_par_singleton_keep ... ok
test test_filter_par_small ... ok
test test_map_par_empty ... ok
test test_map_par ... ok
test test_map_par_singleton ... ok
test test_map_sequential ... ok
test test_reduce_par_empty ... ok
test test_filter_par_none_pass ... ok
test test_reduce_par_odd_size ... ok
test test_reduce_par_singleton ... ok
test test_filter_par ... ok
test test_map_par_small ... ok
test test_filter_par_medium ... ok
test test_reduce_sequential ... ok
test test_reduce_par_small ... ok
test test_map_par_odd_size ... ok
test test_map_par_medium ... ok
test test_filter_par_all_pass ... ok
test test_reduce_par ... ok
test test_reduce_par_medium ... ok
test test_subseq_copy ... ok
test test_filter_par_large ... ok
test test_reduce_par_large ... ok
test test_map_par_large ... ok

test result: ok. 27 passed; 0 failed; 0 ignored; 0 measured; 0 filtered out; finished in 0.01s

     Running tests/Chap18/TestArraySeqStEph.rs (target/release/deps/TestArraySeqStEph-df32b83825ebe2c3)

running 15 tests
test test_append ... ok
test test_clone ... ok
test test_debug ... ok
test test_empty ... ok
test test_display ... ok
test test_iter ... ok
test test_from_vec ... ok
test test_map ... ok
test test_new ... ok
test test_partial_eq ... ok
test test_set ... ok
test test_singleton ... ok
test test_subseq ... ok
test test_tabulate ... ok
test test_update ... ok

test result: ok. 15 passed; 0 failed; 0 ignored; 0 measured; 0 filtered out; finished in 0.00s

     Running tests/Chap18/TestArraySeqStPer.rs (target/release/deps/TestArraySeqStPer-0fc689f231843413)

running 14 tests
test test_append ... ok
test test_clone ... ok
test test_debug ... ok
test test_display ... ok
test test_from_vec ... ok
test test_iter ... ok
test test_empty ... ok
test test_map ... ok
test test_new ... ok
test test_partial_eq ... ok
test test_singleton ... ok
test test_subseq ... ok
test test_tabulate ... ok
test test_update ... ok

test result: ok. 14 passed; 0 failed; 0 ignored; 0 measured; 0 filtered out; finished in 0.00s

     Running tests/Chap41/TestArraySetEnumMtEph.rs (target/release/deps/TestArraySetEnumMtEph-834fa5939b691bc0)

running 9 tests
test test_array_set_enum_mt_basic_operations ... ok
test test_array_set_enum_mt_bulk_operations ... ok
test test_array_set_enum_mt_filter ... ok
test test_array_set_enum_mt_macro ... ok
test test_array_set_enum_mt_from_seq ... ok
test test_array_set_enum_mt_to_seq ... ok
test test_array_set_enum_mt_universe_bounds ... ok
test test_arraysetenummtephlit_macro_type_safety ... ok
test test_array_set_enum_mt_thread_safety ... ok

test result: ok. 9 passed; 0 failed; 0 ignored; 0 measured; 0 filtered out; finished in 0.00s

     Running tests/Chap41/TestArraySetStEph.rs (target/release/deps/TestArraySetStEph-55010e3fcda5eec2)

running 18 tests
test test_array_set_basic_operations ... ok
test test_array_set_bulk_operations ... ok
test test_array_set_filter ... ok
test test_array_set_macro ... ok
test test_array_set_to_seq ... ok
test test_array_set_from_seq ... ok
test test_arraysetstephlit_macro_functionality ... ok
test test_delete_all_elements ... ok
test test_delete_nonexistent ... ok
test test_difference_with_self ... ok
test test_filter_all_match ... ok
test test_filter_none_match ... ok
test test_intersection_disjoint ... ok
test test_into_iter_collects_all_elements ... ok
test test_into_iter_empty ... ok
test test_into_iter_for_loop ... ok
test test_union_with_empty ... ok
test test_large_set_operations ... ok

test result: ok. 18 passed; 0 failed; 0 ignored; 0 measured; 0 filtered out; finished in 0.00s

     Running tests/Chap43/TestAugOrderedTableMtEph.rs (target/release/deps/TestAugOrderedTableMtEph-e92a9fdee336d3fe)

running 31 tests
test test_collect_operation ... ok
test test_delete_nonexistent ... ok
test test_delete_operation ... ok
test test_display_and_debug_multithreaded ... ok
test test_difference_operation ... ok
test test_empty_table ... ok
test test_filter_operation_multithreaded ... ok
test test_domain_operation ... ok
test test_intersection_operation_multithreaded ... ok
test test_insert_and_reduce_val ... ok
test test_macro_construction_multithreaded ... ok
test test_key_navigation ... ok
test test_get_key_range ... ok
test test_map_operation_multithreaded ... ok
test test_ordering_operations_multithreaded ... ok
test test_reduce_operation_multithreaded ... ok
test test_rank_and_select ... ok
test test_restrict_operation ... ok
test test_singleton_table ... ok
test test_split_rank_key ... ok
test test_union_operation_multithreaded ... ok
test test_string_concatenation_multithreaded ... ok
test test_split_and_join_multithreaded ... ok
test test_tabulate_operation ... ok
test test_subtract_operation ... ok
test test_sum_reducer_multithreaded ... ok
test test_thread_safety_basic ... ok
test test_concurrent_reads ... ok
test test_complex_multithreaded_scenario ... ok
test test_parallel_range_reduction ... ok
test test_qadsan_multithreaded_scenario ... ok

test result: ok. 31 passed; 0 failed; 0 ignored; 0 measured; 0 filtered out; finished in 0.21s

     Running tests/Chap43/TestAugOrderedTableStEph.rs (target/release/deps/TestAugOrderedTableStEph-e186df396d494c72)

running 30 tests
test test_collect_operation ... ok
test test_delete_nonexistent ... ok
test test_difference_operation ... ok
test test_delete_and_reduce_val ... ok
test test_display_and_debug ... ok
test test_domain_operation ... ok
test test_insert_and_reduce_val ... ok
test test_intersection_operation ... ok
test test_empty_table ... ok
test test_get_key_range ... ok
test test_key_navigation ... ok
test test_macro_construction ... ok
test test_min_reducer ... ok
test test_map_operation ... ok
test test_filter_operation ... ok
test test_mutable_operations ... ok
test test_reduce_operation ... ok
test test_rank_and_select ... ok
test test_range_operations ... ok
test test_singleton_table ... ok
test test_split_and_join ... ok
test test_qadsan_stock_scenario ... ok
test test_ordering_operations ... ok
test test_tabulate_operation ... ok
test test_union_operation ... ok
test test_restrict_operation ... ok
test test_subtract_operation ... ok
test test_string_concatenation_reducer ... ok
test test_split_rank_key ... ok
test test_complex_qadsan_scenario ... ok

test result: ok. 30 passed; 0 failed; 0 ignored; 0 measured; 0 filtered out; finished in 0.01s

     Running tests/Chap43/TestAugOrderedTableStPer.rs (target/release/deps/TestAugOrderedTableStPer-baee471059ef42e2)

running 26 tests
test test_collect_operation ... ok
test test_delete_and_reduce_val ... ok
test test_display_and_debug ... ok
test test_delete_nonexistent ... ok
test test_difference_operation ... ok
test test_empty_table ... ok
test test_insert_and_reduce_val ... ok
test test_filter_operation ... ok
test test_domain_operation ... ok
test test_macro_construction ... ok
test test_intersection_operation ... ok
test test_map_operation ... ok
test test_get_key_range ... ok
test test_max_reducer ... ok
test test_ordering_operations ... ok
test test_singleton_table ... ok
test test_split_and_join ... ok
test test_range_operations ... ok
test test_split_rank_key ... ok
test test_restrict_operation ... ok
test test_string_concatenation_reducer ... ok
test test_tabulate_operation ... ok
test test_union_operation ... ok
test test_tramlaw_sales_scenario ... ok
test test_subtract_operation ... ok
test test_complex_tramlaw_scenario ... ok

test result: ok. 26 passed; 0 failed; 0 ignored; 0 measured; 0 filtered out; finished in 0.01s

     Running tests/Chap54/TestBFSMtEph.rs (target/release/deps/TestBFSMtEph-5e6a927d70b65277)

running 13 tests
test test_cycle ... ok
test test_line_graph ... ok
test test_single_vertex ... ok
test test_self_loop ... ok
test test_tree_bottom_up_iteration ... ok
test test_tree_line_graph ... ok
test test_star_graph ... ok
test test_tree_single_vertex ... ok
test test_tree_unreachable ... ok
test test_tree_top_down_iteration ... ok
test test_unreachable ... ok
test test_dag ... ok
test test_tree_dag ... ok

test result: ok. 13 passed; 0 failed; 0 ignored; 0 measured; 0 filtered out; finished in 0.00s

     Running tests/Chap54/TestBFSMtPer.rs (target/release/deps/TestBFSMtPer-2339c9e1205e47a5)

running 10 tests
test test_cycle ... ok
test test_line_graph ... ok
test test_tree_bottom_up_iteration ... ok
test test_single_vertex ... ok
test test_tree_line_graph ... ok
test test_tree_single_vertex ... ok
test test_tree_top_down_iteration ... ok
test test_tree_unreachable ... ok
test test_unreachable ... ok
test test_dag ... ok

test result: ok. 10 passed; 0 failed; 0 ignored; 0 measured; 0 filtered out; finished in 0.00s

     Running tests/Chap54/TestBFSStEph.rs (target/release/deps/TestBFSStEph-52d63dc83069816b)

running 17 tests
test test_bfs_cycle ... ok
test test_bfs_from_middle ... ok
test test_complete_graph ... ok
test test_complete_graph_distances ... ok
test test_cycle ... ok
test test_dag ... ok
test test_line_graph ... ok
test test_self_loop ... ok
test test_single_vertex ... ok
test test_star_graph ... ok
test test_tree_bottom_up_iteration ... ok
test test_tree_dag ... ok
test test_tree_line_graph ... ok
test test_tree_single_vertex ... ok
test test_tree_top_down_iteration ... ok
test test_tree_unreachable ... ok
test test_unreachable ... ok

test result: ok. 17 passed; 0 failed; 0 ignored; 0 measured; 0 filtered out; finished in 0.00s

     Running tests/Chap54/TestBFSStPer.rs (target/release/deps/TestBFSStPer-6caccb5d6003dfb2)

running 13 tests
test test_bfs_from_middle ... ok
test test_cycle ... ok
test test_dag ... ok
test test_self_loop ... ok
test test_line_graph ... ok
test test_single_vertex ... ok
test test_star_graph ... ok
test test_tree_bottom_up_iteration ... ok
test test_tree_line_graph ... ok
test test_tree_single_vertex ... ok
test test_tree_top_down_iteration ... ok
test test_tree_unreachable ... ok
test test_unreachable ... ok

test result: ok. 13 passed; 0 failed; 0 ignored; 0 measured; 0 filtered out; finished in 0.00s

     Running tests/Chap37/TestBSTAVLMtEph.rs (target/release/deps/TestBSTAVLMtEph-ab33c286bc91d619)

running 11 tests
test test_bstavlmtephlit_macro_functionality ... ok
test test_contains ... ok
test test_duplicate_insert ... ok
test test_insert_and_contains ... ok
test test_height ... ok
test test_insert_sequential ... ok
test test_is_empty ... ok
test test_new_empty ... ok
test test_size ... ok
test test_trait_insert_direct ... ok
test test_trait_new_direct ... ok

test result: ok. 11 passed; 0 failed; 0 ignored; 0 measured; 0 filtered out; finished in 0.00s

     Running tests/Chap37/TestBSTAVLStEph.rs (target/release/deps/TestBSTAVLStEph-5d4e219ebad77bc0)

running 9 tests
test test_avl_balancing_ascending ... ok
test test_avl_height ... ok
test test_avl_contains ... ok
test test_avl_duplicate_insert ... ok
test test_avl_insert_and_find ... ok
test test_avl_size ... ok
test test_bstavlstephlit_macro_empty ... ok
test test_avl_new_empty ... ok
test test_bstavlstephlit_macro_with_elements ... ok

test result: ok. 9 passed; 0 failed; 0 ignored; 0 measured; 0 filtered out; finished in 0.00s

     Running tests/Chap37/TestBSTBBAlphaMtEph.rs (target/release/deps/TestBSTBBAlphaMtEph-4425a8fb8f8346bc)

running 11 tests
test test_bstbbalphamtephlit_macro_functionality ... ok
test test_contains ... ok
test test_duplicate_insert ... ok
test test_height ... ok
test test_insert_and_contains ... ok
test test_insert_sequential ... ok
test test_new_empty ... ok
test test_is_empty ... ok
test test_size ... ok
test test_trait_insert_direct ... ok
test test_trait_new_direct ... ok

test result: ok. 11 passed; 0 failed; 0 ignored; 0 measured; 0 filtered out; finished in 0.00s

     Running tests/Chap37/TestBSTBBAlphaStEph.rs (target/release/deps/TestBSTBBAlphaStEph-76959258c1203e05)

running 14 tests
test test_bstbbalphastephlit_macro_empty ... ok
test test_balancing_ascending ... ok
test test_bstbbalphastephlit_macro_with_elements ... ok
test test_delete_nonexistent ... ok
test test_delete_root ... ok
test test_delete_all ... ok
test test_delete_leaf ... ok
test test_delete_with_children ... ok
test test_contains ... ok
test test_duplicate_insert ... ok
test test_height ... ok
test test_insert_and_find ... ok
test test_new_empty ... ok
test test_size ... ok

test result: ok. 14 passed; 0 failed; 0 ignored; 0 measured; 0 filtered out; finished in 0.00s

     Running tests/Chap40/TestBSTKeyValueStEph.rs (target/release/deps/TestBSTKeyValueStEph-efb956fff5d56d4b)

running 21 tests
test key_value_bst_basic_operations ... ok
test key_value_bst_collections ... ok
test key_value_bst_delete_all ... ok
test key_value_bst_delete_absent_key ... ok
test key_value_bst_delete_basic ... ok
test key_value_bst_delete_all_keys ... ok
test key_value_bst_delete_nonexistent ... ok
test key_value_bst_empty_operations ... ok
test key_value_bst_insert_delete_insert ... ok
test key_value_bst_height_stays_reasonable ... ok
test key_value_bst_insert_duplicate_key_updates_value ... ok
test key_value_bst_keys_order ... ok
test key_value_bst_macro_literal ... ok
test key_value_bst_large_sequential_insert ... ok
test key_value_bst_min_max_track_correctly ... ok
test key_value_bst_single_element ... ok
test key_value_bst_string_keys ... ok
test key_value_bst_update_existing_key ... ok
test test_into_iter_collects_keys ... ok
test test_into_iter_empty ... ok
test test_into_iter_for_loop ... ok

test result: ok. 21 passed; 0 failed; 0 ignored; 0 measured; 0 filtered out; finished in 0.00s

     Running tests/Chap37/TestBSTMtEph.rs (target/release/deps/TestBSTMtEph-10504991860c7172)

running 0 tests

test result: ok. 0 passed; 0 failed; 0 ignored; 0 measured; 0 filtered out; finished in 0.00s

     Running tests/Chap38/TestBSTParaMtEph.rs (target/release/deps/TestBSTParaMtEph-2c3b52e34d6163a5)

running 22 tests
test para_basic_insert_find ... ok
test para_delete_nonexistent_key ... ok
test para_concurrent_expose_join_mid ... ok
test para_join_mid_expose_roundtrip ... ok
test para_mt_clone_independence ... ok
test para_mt_duplicate_insert ... ok
test para_mt_join_pair_disjoint ... ok
test para_singleton ... ok
test para_mt_in_order_sorted ... ok
test para_ops_on_empty_tree ... ok
test para_split_nonexistent_key ... ok
test para_split_and_join_pair ... ok
test para_union_and_delete ... ok
test para_intersect_and_difference ... ok
test para_filter_and_reduce ... ok
test para_concurrent_set_operations ... ok
test para_filter_and_reduce_edge_cases ... ok
test para_concurrent_split_join ... ok
test para_concurrent_filter_reduce ... ok
test para_sequential_insert_delete ... ok
test para_union_large_balanced ... ok
test para_intersect_and_difference_large ... ok

test result: ok. 22 passed; 0 failed; 0 ignored; 0 measured; 0 filtered out; finished in 0.03s

     Running tests/Chap38/TestBSTParaStEph.rs (target/release/deps/TestBSTParaStEph-d2afba0177d2a514)

running 31 tests
test para_basic_insert_find ... ok
test para_clone_independence ... ok
test para_delete_all_elements ... ok
test para_delete_nonexistent_key ... ok
test para_delete_root ... ok
test para_duplicate_insert ... ok
test para_difference_with_self ... ok
test para_filter_all_match ... ok
test para_filter_and_reduce ... ok
test para_filter_none_match ... ok
test para_intersect_and_difference ... ok
test para_in_order_sorted ... ok
test para_intersect_with_self ... ok
test para_join_mid_expose_roundtrip ... ok
test para_ops_on_empty_tree ... ok
test para_join_pair_disjoint ... ok
test para_singleton ... ok
test para_reduce_product ... ok
test para_split_and_join_pair ... ok
test para_split_nonexistent_key ... ok
test para_split_at_min_and_max ... ok
test para_union_with_self ... ok
test para_union_and_delete ... ok
test test_into_iter_empty ... ok
test test_into_iter_for_loop ... ok
test test_into_iter_collects_all_elements ... ok
test test_parambstlit_macro_functionality ... ok
test para_filter_and_reduce_edge_cases ... ok
test para_large_union ... ok
test para_insert_descending_order ... ok
test para_intersect_and_difference_large ... ok

test result: ok. 31 passed; 0 failed; 0 ignored; 0 measured; 0 filtered out; finished in 0.03s

     Running tests/Chap39/TestBSTParaTreapMtEph.rs (target/release/deps/TestBSTParaTreapMtEph-29d69846be4d2dc0)

running 30 tests
test test_delete ... ok
test test_delete_nonexistent ... ok
test test_expose ... ok
test test_duplicate_insert ... ok
test test_filter ... ok
test test_filter_all ... ok
test test_filter_none ... ok
test test_find ... ok
test test_insert ... ok
test test_into_iter_for_loop ... ok
test test_difference ... ok
test test_join_mid ... ok
test test_into_iter_collects_all_elements ... ok
test test_join_pair ... ok
test test_intersect_empty ... ok
test test_new ... ok
test test_paramtreaplit_macro_functionality ... ok
test test_reduce_empty ... ok
test test_split ... ok
test test_split_boundaries ... ok
test test_split_empty ... ok
test test_sequential_operations ... ok
test test_string_keys ... ok
test test_difference_complete ... ok
test test_into_iter_empty ... ok
test test_reduce ... ok
test test_intersect ... ok
test test_union ... ok
test test_union_disjoint ... ok
test test_large_tree ... ok

test result: ok. 30 passed; 0 failed; 0 ignored; 0 measured; 0 filtered out; finished in 0.01s

     Running tests/Chap37/TestBSTPlainMtEph.rs (target/release/deps/TestBSTPlainMtEph-4a411defb1c6020d)

running 11 tests
test test_bstplainmtephlit_macro_functionality ... ok
test test_contains ... ok
test test_duplicate_insert ... ok
test test_insert_and_contains ... ok
test test_height ... ok
test test_insert_sequential ... ok
test test_is_empty ... ok
test test_new_empty ... ok
test test_size ... ok
test test_trait_insert_direct ... ok
test test_trait_new_direct ... ok

test result: ok. 11 passed; 0 failed; 0 ignored; 0 measured; 0 filtered out; finished in 0.00s

     Running tests/Chap37/TestBSTPlainStEph.rs (target/release/deps/TestBSTPlainStEph-bc82c96235bf0cd7)

running 14 tests
test test_bstplainstephlit_macro_empty ... ok
test test_bstplainstephlit_macro_with_elements ... ok
test test_contains ... ok
test test_delete_all ... ok
test test_delete_leaf ... ok
test test_delete_nonexistent ... ok
test test_delete_root ... ok
test test_delete_with_children ... ok
test test_duplicate_insert ... ok
test test_height ... ok
test test_insert_and_find ... ok
test test_is_empty ... ok
test test_new_empty ... ok
test test_size ... ok

test result: ok. 14 passed; 0 failed; 0 ignored; 0 measured; 0 filtered out; finished in 0.00s

     Running tests/Chap37/TestBSTRBMtEph.rs (target/release/deps/TestBSTRBMtEph-eb2f234b464cf726)

running 25 tests
test test_bstrbmtephlit_macro_functionality ... ok
test test_default ... ok
test test_contains ... ok
test test_duplicate_insert ... ok
test test_filter ... ok
test test_filter_all ... ok
test test_filter_none ... ok
test test_from_sorted_slice ... ok
test test_from_sorted_slice_empty ... ok
test test_height ... ok
test test_in_order_traversal ... ok
test test_insert_and_find ... ok
test test_is_empty ... ok
test test_minimum_maximum ... ok
test test_new_empty ... ok
test test_pre_order_traversal ... ok
test test_rb_balancing ... ok
test test_reduce_empty ... ok
test test_reduce_max ... ok
test test_reduce_product ... ok
test test_reduce_sum ... ok
test test_size ... ok
test test_trait_from_sorted ... ok
test test_trait_methods_direct ... ok
test test_trait_new ... ok

test result: ok. 25 passed; 0 failed; 0 ignored; 0 measured; 0 filtered out; finished in 0.00s

     Running tests/Chap37/TestBSTRBStEph.rs (target/release/deps/TestBSTRBStEph-3da0bdc5c3de5c6f)

running 9 tests
test test_bstrbstephlit_macro_empty ... ok
test test_bstrbstephlit_macro_with_elements ... ok
test test_rb_contains ... ok
test test_rb_balancing_ascending ... ok
test test_rb_duplicate_insert ... ok
test test_rb_height ... ok
test test_rb_insert_and_find ... ok
test test_rb_new_empty ... ok
test test_rb_size ... ok

test result: ok. 9 passed; 0 failed; 0 ignored; 0 measured; 0 filtered out; finished in 0.00s

     Running tests/Chap40/TestBSTReducedStEph.rs (target/release/deps/TestBSTReducedStEph-223fc133d7e0e63c)

running 22 tests
test reduced_bst_collections ... ok
test reduced_bst_count_operations ... ok
test reduced_bst_height_stays_reasonable ... ok
test reduced_bst_range_queries ... ok
test reduced_bst_macro_literal ... ok
test reduced_bst_string_keys ... ok
test reduced_bst_update_existing_key ... ok
test reduced_bst_sum_operations ... ok
test test_contains_method ... ok
test test_count_reducer_all_operations ... ok
test test_countop_trait ... ok
test test_duplicate_keys_overwrite ... ok
test test_edge_case_ranges ... ok
test test_empty_tree_operations ... ok
test test_get_method ... ok
test test_into_iter_collects_keys ... ok
test test_into_iter_empty ... ok
test test_into_iter_for_loop ... ok
test test_minimum_maximum_keys ... ok
test test_large_tree_with_all_operations ... ok
test test_single_element_operations ... ok
test test_sumop_trait ... ok

test result: ok. 22 passed; 0 failed; 0 ignored; 0 measured; 0 filtered out; finished in 0.00s

     Running tests/Chap37/TestBSTSetAVLMtEph.rs (target/release/deps/TestBSTSetAVLMtEph-8c3f16dbe93a0b58)

running 42 tests
test test_as_tree ... ok
test test_bstsetavlmtephlit_macro_functionality ... ok
test test_delete_multiple ... ok
test test_delete ... ok
test test_empty ... ok
test test_duplicate_insert ... ok
test test_balanced_after_inserts ... ok
test test_filter ... ok
test test_insert_and_contains ... ok
test test_iter_in_order ... ok
test test_join_m ... ok
test test_join_m_with_empty ... ok
test test_join_pair ... ok
test test_negative_numbers ... ok
test test_minimum_maximum ... ok
test test_intersection_disjoint ... ok
test test_singleton ... ok
test test_reduce ... ok
test test_split ... ok
test test_difference ... ok
test test_large_set ... ok
test test_trait_impl_as_tree ... ok
test test_trait_impl_contains ... ok
test test_trait_impl_delete ... ok
test test_trait_impl_empty ... ok
test test_trait_impl_filter ... ok
test test_intersection ... ok
test test_trait_impl_find ... ok
test test_trait_impl_insert ... ok
test test_trait_impl_iter_in_order ... ok
test test_trait_impl_join_pair ... ok
test test_trait_impl_join_m ... ok
test test_trait_impl_maximum ... ok
test test_trait_impl_minimum ... ok
test test_trait_impl_reduce ... ok
test test_trait_impl_singleton ... ok
test test_trait_impl_difference ... ok
test test_trait_impl_split ... ok
test test_union_empty ... ok
test test_trait_impl_intersection ... ok
test test_trait_impl_union ... ok
test test_union ... ok

test result: ok. 42 passed; 0 failed; 0 ignored; 0 measured; 0 filtered out; finished in 0.00s

     Running tests/Chap37/TestBSTSetBBAlphaMtEph.rs (target/release/deps/TestBSTSetBBAlphaMtEph-c53044878c1b5271)

running 42 tests
test test_as_tree ... ok
test test_bstsetbbalphamtephlit_macro_functionality ... ok
test test_delete ... ok
test test_delete_multiple ... ok
test test_duplicate_insert ... ok
test test_filter ... ok
test test_empty ... ok
test test_balanced_after_inserts ... ok
test test_insert_and_contains ... ok
test test_iter_in_order ... ok
test test_join_pair ... ok
test test_join_m ... ok
test test_minimum_maximum ... ok
test test_difference ... ok
test test_negative_numbers ... ok
test test_reduce ... ok
test test_singleton ... ok
test test_split ... ok
test test_join_m_with_empty ... ok
test test_trait_impl_contains ... ok
test test_large_set ... ok
test test_trait_impl_empty ... ok
test test_trait_impl_as_tree ... ok
test test_trait_impl_filter ... ok
test test_trait_impl_find ... ok
test test_trait_impl_insert ... ok
test test_trait_impl_delete ... ok
test test_intersection_disjoint ... ok
test test_intersection ... ok
test test_trait_impl_join_pair ... ok
test test_trait_impl_iter_in_order ... ok
test test_trait_impl_maximum ... ok
test test_trait_impl_minimum ... ok
test test_trait_impl_reduce ... ok
test test_trait_impl_singleton ... ok
test test_trait_impl_difference ... ok
test test_trait_impl_join_m ... ok
test test_trait_impl_split ... ok
test test_trait_impl_intersection ... ok
test test_union_empty ... ok
test test_trait_impl_union ... ok
test test_union ... ok

test result: ok. 42 passed; 0 failed; 0 ignored; 0 measured; 0 filtered out; finished in 0.00s

     Running tests/Chap37/TestBSTSetPlainMtEph.rs (target/release/deps/TestBSTSetPlainMtEph-7464cd2a9d3e92cc)

running 49 tests
test test_as_tree ... ok
test test_bstsetplainmtephlit_macro_functionality ... ok
test test_delete_multiple ... ok
test test_delete_nonexistent ... ok
test test_delete ... ok
test test_difference_empty ... ok
test test_duplicate_insert ... ok
test test_empty ... ok
test test_filter ... ok
test test_filter_empty_result ... ok
test test_find_returns_value ... ok
test test_insert_and_contains ... ok
test test_iter_in_order ... ok
test test_join_m ... ok
test test_intersection_empty ... ok
test test_join_m_with_empty ... ok
test test_join_pair ... ok
test test_maximum ... ok
test test_difference ... ok
test test_negative_numbers ... ok
test test_minimum ... ok
test test_intersection ... ok
test test_intersection_disjoint ... ok
test test_reduce ... ok
test test_singleton ... ok
test test_split ... ok
test test_split_not_found ... ok
test test_trait_impl_as_tree ... ok
test test_trait_impl_contains ... ok
test test_trait_impl_delete ... ok
test test_large_set ... ok
test test_trait_impl_empty ... ok
test test_trait_impl_filter ... ok
test test_trait_impl_find ... ok
test test_trait_impl_insert ... ok
test test_trait_impl_difference ... ok
test test_trait_impl_iter_in_order ... ok
test test_trait_impl_join_m ... ok
test test_trait_impl_join_pair ... ok
test test_trait_impl_maximum ... ok
test test_trait_impl_intersection ... ok
test test_trait_impl_minimum ... ok
test test_trait_impl_reduce ... ok
test test_trait_impl_singleton ... ok
test test_trait_impl_split ... ok
test test_trait_impl_union ... ok
test test_union_empty ... ok
test test_union ... ok
test test_union_with_overlap ... ok

test result: ok. 49 passed; 0 failed; 0 ignored; 0 measured; 0 filtered out; finished in 0.00s

     Running tests/Chap37/TestBSTSetRBMtEph.rs (target/release/deps/TestBSTSetRBMtEph-4cfa904892d7ae66)

running 42 tests
test test_as_tree ... ok
test test_delete ... ok
test test_bstsetrbmtephlit_macro_functionality ... ok
test test_balanced_after_inserts ... ok
test test_delete_multiple ... ok
test test_duplicate_insert ... ok
test test_empty ... ok
test test_filter ... ok
test test_insert_and_contains ... ok
test test_iter_in_order ... ok
test test_difference ... ok
test test_join_m ... ok
test test_join_pair ... ok
test test_join_m_with_empty ... ok
test test_large_set ... ok
test test_minimum_maximum ... ok
test test_intersection_disjoint ... ok
test test_reduce ... ok
test test_singleton ... ok
test test_split ... ok
test test_negative_numbers ... ok
test test_trait_impl_as_tree ... ok
test test_trait_impl_contains ... ok
test test_trait_impl_delete ... ok
test test_intersection ... ok
test test_trait_impl_empty ... ok
test test_trait_impl_filter ... ok
test test_trait_impl_find ... ok
test test_trait_impl_insert ... ok
test test_trait_impl_difference ... ok
test test_trait_impl_iter_in_order ... ok
test test_trait_impl_join_m ... ok
test test_trait_impl_join_pair ... ok
test test_trait_impl_maximum ... ok
test test_trait_impl_intersection ... ok
test test_trait_impl_minimum ... ok
test test_trait_impl_reduce ... ok
test test_trait_impl_singleton ... ok
test test_trait_impl_split ... ok
test test_union_empty ... ok
test test_trait_impl_union ... ok
test test_union ... ok

test result: ok. 42 passed; 0 failed; 0 ignored; 0 measured; 0 filtered out; finished in 0.00s

     Running tests/Chap37/TestBSTSetSplayMtEph.rs (target/release/deps/TestBSTSetSplayMtEph-52612d1487f49558)

running 42 tests
test test_as_tree ... ok
test test_bstsetsplaymtephlit_macro_functionality ... ok
test test_balanced_after_inserts ... ok
test test_delete ... ok
test test_delete_multiple ... ok
test test_duplicate_insert ... ok
test test_empty ... ok
test test_filter ... ok
test test_insert_and_contains ... ok
test test_iter_in_order ... ok
test test_join_m ... ok
test test_join_m_with_empty ... ok
test test_difference ... ok
test test_reduce ... ok
test test_negative_numbers ... ok
test test_singleton ... ok
test test_join_pair ... ok
test test_minimum_maximum ... ok
test test_large_set ... ok
test test_intersection_disjoint ... ok
test test_trait_impl_as_tree ... ok
test test_split ... ok
test test_trait_impl_contains ... ok
test test_trait_impl_delete ... ok
test test_trait_impl_empty ... ok
test test_trait_impl_filter ... ok
test test_trait_impl_find ... ok
test test_trait_impl_insert ... ok
test test_trait_impl_iter_in_order ... ok
test test_trait_impl_join_m ... ok
test test_trait_impl_join_pair ... ok
test test_trait_impl_maximum ... ok
test test_intersection ... ok
test test_trait_impl_minimum ... ok
test test_trait_impl_reduce ... ok
test test_trait_impl_singleton ... ok
test test_trait_impl_split ... ok
test test_union_empty ... ok
test test_trait_impl_intersection ... ok
test test_trait_impl_difference ... ok
test test_trait_impl_union ... ok
test test_union ... ok

test result: ok. 42 passed; 0 failed; 0 ignored; 0 measured; 0 filtered out; finished in 0.00s

     Running tests/Chap39/TestBSTSetTreapMtEph.rs (target/release/deps/TestBSTSetTreapMtEph-d32b130f5e933d95)

running 45 tests
test test_as_tree ... ok
test test_bstsettreapmtephlit_macro_functionality ... ok
test test_delete ... ok
test test_duplicate_insert ... ok
test test_delete_multiple ... ok
test test_empty ... ok
test test_insert_and_contains ... ok
test test_filter ... ok
test test_into_iter_collects_all_elements ... ok
test test_into_iter_empty ... ok
test test_into_iter_for_loop ... ok
test test_difference ... ok
test test_iter_in_order ... ok
test test_join_pair ... ok
test test_intersection ... ok
test test_intersection_disjoint ... ok
test test_minimum_maximum ... ok
test test_negative_numbers ... ok
test test_join_m ... ok
test test_join_m_with_empty ... ok
test test_singleton ... ok
test test_split ... ok
test test_trait_impl_as_tree ... ok
test test_trait_impl_delete ... ok
test test_trait_impl_empty ... ok
test test_trait_impl_filter ... ok
test test_trait_impl_find ... ok
test test_trait_impl_insert ... ok
test test_trait_impl_iter_in_order ... ok
test test_trait_impl_join_m ... ok
test test_reduce ... ok
test test_trait_impl_maximum ... ok
test test_trait_impl_difference ... ok
test test_trait_impl_singleton ... ok
test test_trait_impl_split ... ok
test test_trait_impl_union ... ok
test test_trait_impl_reduce ... ok
test test_union_empty ... ok
test test_trait_impl_contains ... ok
test test_trait_impl_minimum ... ok
test test_trait_impl_join_pair ... ok
test test_union ... ok
test test_trait_impl_intersection ... ok
test test_balanced_after_inserts ... ok
test test_large_set ... ok

test result: ok. 45 passed; 0 failed; 0 ignored; 0 measured; 0 filtered out; finished in 0.00s

     Running tests/Chap40/TestBSTSizeStEph.rs (target/release/deps/TestBSTSizeStEph-79418d6e19125a70)

running 11 tests
test size_bst_basic_operations ... ok
test size_bst_duplicate_insert_is_idempotent ... ok
test size_bst_macro_literal ... ok
test size_bst_rank_operations ... ok
test size_bst_rank_select_consistency ... ok
test size_bst_select_operations ... ok
test size_bst_split_rank_operations ... ok
test test_into_iter_collects_all_elements ... ok
test test_into_iter_empty ... ok
test test_into_iter_for_loop ... ok
test size_bst_large_dataset_performance ... ok

test result: ok. 11 passed; 0 failed; 0 ignored; 0 measured; 0 filtered out; finished in 0.00s

     Running tests/Chap37/TestBSTSplayMtEph.rs (target/release/deps/TestBSTSplayMtEph-b33c0718efa6a53c)

running 23 tests
test test_contains ... ok
test test_bstsplaymtephlit_macro_functionality ... ok
test test_default ... ok
test test_duplicate_insert ... ok
test test_default_trait ... ok
test test_filter ... ok
test test_filter_all ... ok
test test_filter_none ... ok
test test_from_sorted_slice ... ok
test test_from_sorted_slice_empty ... ok
test test_height ... ok
test test_in_order_traversal ... ok
test test_insert_and_find ... ok
test test_is_empty ... ok
test test_minimum_maximum ... ok
test test_new_empty ... ok
test test_pre_order_traversal ... ok
test test_reduce_empty ... ok
test test_reduce_max ... ok
test test_reduce_product ... ok
test test_reduce_sum ... ok
test test_size ... ok
test test_trait_new ... ok

test result: ok. 23 passed; 0 failed; 0 ignored; 0 measured; 0 filtered out; finished in 0.00s

     Running tests/Chap37/TestBSTSplayStEph.rs (target/release/deps/TestBSTSplayStEph-a29275dfe65c7aed)

running 13 tests
test splay_basic_behaviour ... ok
test splay_duplicate_insert_is_idempotent ... ok
test test_empty ... ok
test test_bstsplaystephlit_macro_functionality ... ok
test test_into_iter_collects_all_elements ... ok
test test_height ... ok
test test_into_iter_empty ... ok
test test_into_iter_for_loop ... ok
test test_large_tree ... ok
test test_negative_numbers ... ok
test test_pre_order ... ok
test test_reverse_insert ... ok
test test_singleton ... ok

test result: ok. 13 passed; 0 failed; 0 ignored; 0 measured; 0 filtered out; finished in 0.00s

     Running tests/Chap39/TestBSTTreapMtEph.rs (target/release/deps/TestBSTTreapMtEph-9da68cbfd4df3d2e)

running 40 tests
test test_clone_independent_copy ... ok
test test_contains ... ok
test test_contains_step_pattern ... ok
test test_debug_format ... ok
test test_default ... ok
test test_delete_all ... ok
test test_delete_from_empty ... ok
test test_delete_leaf ... ok
test test_concurrent_readers ... ok
test test_delete_basic ... ok
test test_delete_nonexistent ... ok
test test_delete_root ... ok
test test_delete_then_reinsert ... ok
test test_duplicate_insert ... ok
test test_empty_operations ... ok
test test_extremes ... ok
test test_find ... ok
test test_height ... ok
test test_height_balanced ... ok
test test_in_order ... ok
test test_insert_and_size ... ok
test test_into_iter_collects_all_elements ... ok
test test_into_iter_empty ... ok
test test_into_iter_for_loop ... ok
test test_is_empty ... ok
test test_macro_empty ... ok
test test_large_tree ... ok
test test_macro_with_elements ... ok
test test_maximum ... ok
test test_minimum ... ok
test test_mixed_positive_negative ... ok
test test_negative_numbers ... ok
test test_new_empty ... ok
test test_pre_order ... ok
test test_reverse_order_insert ... ok
test test_single_element ... ok
test test_singleton_traversal ... ok
test test_string_keys ... ok
test test_traversal_empty ... ok
test test_concurrent_readers_after_build ... ok

test result: ok. 40 passed; 0 failed; 0 ignored; 0 measured; 0 filtered out; finished in 0.00s

     Running tests/Chap39/TestBSTTreapStEph.rs (target/release/deps/TestBSTTreapStEph-46a2aba75ff1b36f)

running 33 tests
test test_bsttreapstephlit_macro_functionality ... ok
test test_contains ... ok
test test_delete_requires_left_recursion_after_rotation ... ok
test test_contains_after_many_inserts ... ok
test test_duplicate_insert ... ok
test test_empty ... ok
test test_empty_operations ... ok
test test_extremes ... ok
test test_find ... ok
test test_find_missing ... ok
test test_height ... ok
test test_height_balanced ... ok
test test_in_order ... ok
test test_in_order_traversal ... ok
test test_insert_and_size ... ok
test test_into_iter_collects_all_elements ... ok
test test_into_iter_empty ... ok
test test_into_iter_for_loop ... ok
test test_is_empty ... ok
test test_minimum_maximum ... ok
test test_large_tree ... ok
test test_mixed_positive_negative ... ok
test test_negative_numbers ... ok
test test_pre_order ... ok
test test_pre_order_traversal ... ok
test test_random_order_inserts ... ok
test test_reverse_order_insert ... ok
test test_sequential_inserts ... ok
test test_single_element ... ok
test test_singleton_traversal ... ok
test test_string_treap ... ok
test test_traversal_empty_tree ... ok
test test_zero_value ... ok

test result: ok. 33 passed; 0 failed; 0 ignored; 0 measured; 0 filtered out; finished in 0.00s

     Running tests/Chap23/TestBalBinTreeStEph.rs (target/release/deps/TestBalBinTreeStEph-8326448368189d61)

running 26 tests
test balbintree_complex_structure ... ok
test balbintree_clone ... ok
test balbintree_debug ... ok
test balbintree_height_calculation ... ok
test balbintree_empty_leaf_operations ... ok
test balbintree_is_leaf_check ... ok
test balbintree_large_balanced_tree ... ok
test balbintree_only_left_children ... ok
test balbintree_only_right_children ... ok
test balbintree_single_node_operations ... ok
test balbintree_size_calculation ... ok
test balbintree_trait_methods ... ok
test balbintree_traversal_consistency ... ok
test balbintree_unbalanced_left ... ok
test balbintree_unbalanced_right ... ok
test inorder_and_preorder_traversals_match_definitions ... ok
test inorder_iter_collects_correctly ... ok
test inorder_iter_complex ... ok
test inorder_iter_leaf_is_empty ... ok
test inorder_iter_manual_next ... ok
test inorder_iter_single_node ... ok
test preorder_iter_collects_correctly ... ok
test preorder_iter_leaf_is_empty ... ok
test preorder_iter_complex ... ok
test preorder_iter_manual_next ... ok
test preorder_iter_single_node ... ok

test result: ok. 26 passed; 0 failed; 0 ignored; 0 measured; 0 filtered out; finished in 0.00s

     Running tests/Chap45/TestBalancedTreePQ.rs (target/release/deps/TestBalancedTreePQ-dd25ef4e1db861c7)

running 43 tests
test test_balancedtreepqlit_macro_functionality ... ok
test test_contains ... ok
test test_contains_empty ... ok
test test_default ... ok
test test_delete_max ... ok
test test_delete_max_empty ... ok
test test_delete_min ... ok
test test_delete_min_empty ... ok
test test_display ... ok
test test_duplicate_elements ... ok
test test_empty_priority_queue ... ok
test test_extract_all_sorted ... ok
test test_filter ... ok
test test_filter_empty_result ... ok
test test_find_max ... ok
test test_from_seq ... ok
test test_from_vec ... ok
test test_insert_all ... ok
test test_height ... ok
test test_insert_and_find_min ... ok
test test_is_sorted ... ok
test test_is_sorted_empty ... ok
test test_join ... ok
test test_map ... ok
test test_map_to_string ... ok
test test_meld_two_priority_queues ... ok
test test_meld_multiple ... ok
test test_meld_with_empty ... ok
test test_persistent_semantics ... ok
test test_priority_queue_ordering ... ok
test test_range ... ok
test test_range_empty_result ... ok
test test_remove ... ok
test test_remove_not_found ... ok
test test_sequential_delete_min_all ... ok
test test_singleton_priority_queue ... ok
test test_split ... ok
test test_split_not_found ... ok
test test_string_priority_queue ... ok
test test_to_seq ... ok
test test_to_sorted_vec ... ok
test test_to_vec ... ok
test test_large_priority_queue ... ok

test result: ok. 43 passed; 0 failed; 0 ignored; 0 measured; 0 filtered out; finished in 0.00s

     Running tests/Chap58/TestBellmanFordStEphF64.rs (target/release/deps/TestBellmanFordStEphF64-6866470939ba57cc)

running 13 tests
test test_basic_path ... ok
test test_chain_4_vertices ... ok
test test_diamond_graph ... ok
test test_negative_cycle ... ok
test test_fractional_weights ... ok
test test_negative_edges ... ok
test test_longer_path_cheaper ... ok
test test_path_extraction_f64 ... ok
test test_predecessor_f64 ... ok
test test_single_vertex ... ok
test test_unreachable ... ok
test test_two_negative_edges_no_cycle ... ok
test test_zero_weight_edges ... ok

test result: ok. 13 passed; 0 failed; 0 ignored; 0 measured; 0 filtered out; finished in 0.00s

     Running tests/Chap58/TestBellmanFordStEphI64.rs (target/release/deps/TestBellmanFordStEphI64-b4e2cd848211c77b)

running 28 tests
test test_all_negative_edges_no_cycle ... ok
test test_bidirectional_edges ... ok
test test_chain_5_vertices ... ok
test test_convergence_early_termination ... ok
test test_complete_graph_4 ... ok
test test_currency_exchange_example_58_1 ... ok
test test_diamond_graph ... ok
test test_example_58_2_dijkstra_fails ... ok
test test_example_58_3_k_hop_distances ... ok
test test_example_58_4_algorithm_steps ... ok
test test_get_predecessor ... ok
test test_is_reachable ... ok
test test_large_positive_weights ... ok
test test_longer_path_cheaper ... ok
test test_longer_path_with_negatives ... ok
test test_multiple_negative_edges_no_cycle ... ok
test test_multiple_shortest_paths_same_cost ... ok
test test_negative_cycle_detection ... ok
test test_negative_cycle_reachable ... ok
test test_parallel_paths ... ok
test test_path_extraction_chain ... ok
test test_path_extraction_source ... ok
test test_self_loop_zero_weight ... ok
test test_single_vertex ... ok
test test_star_graph ... ok
test test_two_vertices_bidirectional ... ok
test test_unreachable_vertices ... ok
test test_zero_weight_edges ... ok

test result: ok. 28 passed; 0 failed; 0 ignored; 0 measured; 0 filtered out; finished in 0.00s

     Running tests/Chap45/TestBinaryHeapPQ.rs (target/release/deps/TestBinaryHeapPQ-37d79c1786e13d99)

running 33 tests
test test_ascending_insertion ... ok
test test_binaryheappqlit_macro_functionality ... ok
test test_default ... ok
test test_delete_min ... ok
test test_delete_min_empty ... ok
test test_descending_insertion ... ok
test test_display ... ok
test test_duplicate_elements ... ok
test test_empty ... ok
test test_find_min ... ok
test test_extract_all_sorted ... ok
test test_from_seq ... ok
test test_from_vec ... ok
test test_heap_property_after_operations ... ok
test test_heapsort_via_extract ... ok
test test_height ... ok
test test_insert_all ... ok
test test_insert_maintains_heap_property ... ok
test test_is_valid_heap ... ok
test test_level_elements ... ok
test test_macro_type_check ... ok
test test_meld ... ok
test test_meld_multiple ... ok
test test_meld_with_empty ... ok
test test_persistent_semantics ... ok
test test_large_heap ... ok
test test_sequential_delete_all ... ok
test test_single_element_operations ... ok
test test_singleton ... ok
test test_string_heap ... ok
test test_to_seq ... ok
test test_to_sorted_vec ... ok
test test_to_vec ... ok

test result: ok. 33 passed; 0 failed; 0 ignored; 0 measured; 0 filtered out; finished in 0.00s

     Running tests/Chap66/TestBoruvkaMtEph.rs (target/release/deps/TestBoruvkaMtEph-b7fceca7516fdc74)

running 17 tests
test test_boruvka_mst_mt_empty ... ok
test test_boruvka_mt_single_vertex ... ok
test test_boruvka_mt_square ... ok
test test_boruvka_mt_two_vertices ... ok
test test_vertex_bridges_mt_empty ... ok
test test_vertex_bridges_mt_triangle ... ok
test test_boruvka_mt_star ... ok
test test_bridge_star_partition_mt ... ok
test test_boruvka_mt_cycle_5 ... ok
test test_boruvka_mst_mt_direct ... ok
test test_boruvka_mt_complete_4 ... ok
test test_boruvka_mt_path ... ok
test test_boruvka_mt_equal_weights ... ok
test test_boruvka_mt_k5_complete ... ok
test test_boruvka_mt_triangle ... ok
test test_boruvka_mt_larger_graph ... ok
test test_boruvka_mt_deterministic_across_seeds ... ok

test result: ok. 17 passed; 0 failed; 0 ignored; 0 measured; 0 filtered out; finished in 0.01s

     Running tests/Chap66/TestBoruvkaStEph.rs (target/release/deps/TestBoruvkaStEph-df57ba0f0e2777d9)

running 23 tests
test test_boruvka_complete_4 ... ok
test test_boruvka_cycle_5 ... ok
test test_boruvka_deterministic_across_seeds ... ok
test test_boruvka_equal_weights ... ok
test test_boruvka_larger_8v ... ok
test test_boruvka_larger_graph ... ok
test test_boruvka_mst_direct ... ok
test test_boruvka_k5_complete ... ok
test test_boruvka_mst_direct_empty ... ok
test test_boruvka_mst_weight_empty ... ok
test test_boruvka_parallel_edges_different_weights ... ok
test test_boruvka_path ... ok
test test_boruvka_single_vertex ... ok
test test_boruvka_square ... ok
test test_boruvka_star ... ok
test test_boruvka_triangle ... ok
test test_boruvka_two_vertices ... ok
test test_bridge_star_partition ... ok
test test_bridge_star_partition_single_vertex ... ok
test test_vertex_bridges_empty ... ok
test test_vertex_bridges_single_edge ... ok
test test_vertex_bridges_star ... ok
test test_vertex_bridges_triangle ... ok

test result: ok. 23 passed; 0 failed; 0 ignored; 0 measured; 0 filtered out; finished in 0.00s

     Running tests/Chap51/TestBottomUpDPMtEph.rs (target/release/deps/TestBottomUpDPMtEph-c40149c1cd647fa3)

running 11 tests
test test_default ... ok
test test_is_empty_true ... ok
test test_display ... ok
test test_med_bottom_up_parallel_empty ... ok
test test_is_empty_false ... ok
test test_med_bottom_up_parallel_identical ... ok
test test_med_bottom_up_parallel_textbook ... ok
test test_new ... ok
test test_partial_eq ... ok
test test_s_length ... ok
test test_t_length ... ok

test result: ok. 11 passed; 0 failed; 0 ignored; 0 measured; 0 filtered out; finished in 0.00s

     Running tests/Chap51/TestBottomUpDPMtPer.rs (target/release/deps/TestBottomUpDPMtPer-4c9ff047589adbdc)

running 12 tests
test test_default ... ok
test test_display ... ok
test test_is_empty_false ... ok
test test_is_empty_true ... ok
test test_med_bottom_up_parallel_empty ... ok
test test_med_bottom_up_parallel_identical ... ok
test test_med_bottom_up_parallel_textbook ... ok
test test_med_bottom_up_parallel_one_empty ... ok
test test_new ... ok
test test_partial_eq ... ok
test test_s_length ... ok
test test_t_length ... ok

test result: ok. 12 passed; 0 failed; 0 ignored; 0 measured; 0 filtered out; finished in 0.00s

     Running tests/Chap51/TestBottomUpDPStEph.rs (target/release/deps/TestBottomUpDPStEph-dea3ba5896a703c1)

running 13 tests
test test_default ... ok
test test_display ... ok
test test_is_empty_true ... ok
test test_is_empty_false ... ok
test test_med_bottom_up_empty ... ok
test test_med_bottom_up_identical ... ok
test test_med_bottom_up_textbook ... ok
test test_new ... ok
test test_partial_eq ... ok
test test_s_length ... ok
test test_set_s ... ok
test test_set_t ... ok
test test_t_length ... ok

test result: ok. 13 passed; 0 failed; 0 ignored; 0 measured; 0 filtered out; finished in 0.00s

     Running tests/Chap51/TestBottomUpDPStPer.rs (target/release/deps/TestBottomUpDPStPer-5415020cd1d33801)

running 15 tests
test test_default ... ok
test test_display ... ok
test test_med_bottom_up_empty ... ok
test test_med_bottom_up_identical ... ok
test test_is_empty_false ... ok
test test_med_bottom_up_one_empty ... ok
test test_med_bottom_up_single_char_different ... ok
test test_is_empty_true ... ok
test test_med_bottom_up_single_char_same ... ok
test test_med_bottom_up_textbook ... ok
test test_new ... ok
test test_partial_eq_false ... ok
test test_partial_eq_true ... ok
test test_s_length ... ok
test test_t_length ... ok

test result: ok. 15 passed; 0 failed; 0 ignored; 0 measured; 0 filtered out; finished in 0.00s

     Running tests/Chap18/TestArraySeqMtEphSlice.rs (target/release/deps/TestChap18ArraySeqMtEphSlice-dadc9b2000f6709a)

running 37 tests
test test_append_basic ... ok
test test_append_empty_left ... ok
test test_append_empty_right ... ok
test test_display ... ok
test test_debug ... ok
test test_empty ... ok
test test_from_vec ... ok
test test_inject_basic ... ok
test test_inject_empty_updates ... ok
test test_is_empty_false ... ok
test test_is_empty_true ... ok
test test_is_singleton_false_empty ... ok
test test_is_singleton_true ... ok
test test_is_singleton_false_many ... ok
test test_new ... ok
test test_ninject_basic ... ok
test test_reduce_empty ... ok
test test_iter_for_loop ... ok
test test_slice_then_iter ... ok
test test_iter ... ok
test test_slice_then_reduce ... ok
test test_singleton ... ok
test test_slice_basic ... ok
test test_to_vec ... ok
test test_update_first ... ok
test test_update_last ... ok
test test_tabulate_small ... ok
test test_large_sequence ... ok
test test_scan_small ... ok
test test_reduce_small ... ok
test test_slice_full ... ok
test test_map_small ... ok
test test_slice_empty ... ok
test test_update_basic ... ok
test test_flatten_multiple ... ok
test test_filter_some_pass ... ok
test test_reduce_large ... ok

test result: ok. 37 passed; 0 failed; 0 ignored; 0 measured; 0 filtered out; finished in 0.01s

     Running tests/Chap19/TestArraySeqMtEph.rs (target/release/deps/TestChap19ArraySeqMtEph-032f473360d476ba)

running 43 tests
test test_append ... ok
test test_clone ... ok
test test_debug ... ok
test test_display ... ok
test test_empty ... ok
test test_filter_par_empty ... ok
test test_filter_par_singleton_keep ... ok
test test_for_loop ... ok
test test_flatten ... ok
test test_is_empty_singleton ... ok
test test_filter_par_singleton_drop ... ok
test test_map ... ok
test test_large_sequence ... ok
test test_map_par_empty ... ok
test test_inject ... ok
test test_map_par ... ok
test test_map_par_odd_size ... ok
test test_map_par_singleton ... ok
test test_map_par_small ... ok
test test_new ... ok
test test_partial_eq ... ok
test test_map_par_medium ... ok
test test_reduce_par ... ok
test test_reduce_par_empty ... ok
test test_reduce_par_medium ... ok
test test_reduce_par_odd_size ... ok
test test_reduce_par_singleton ... ok
test test_reduce_par_small ... ok
test test_set ... ok
test test_singleton ... ok
test test_tabulate ... ok
test test_iter ... ok
test test_from_vec ... ok
test test_subseq ... ok
test test_filter_par_small ... ok
test test_filter_par ... ok
test test_update ... ok
test test_filter_par_none_pass ... ok
test test_filter_par_all_pass ... ok
test test_filter_par_medium ... ok
test test_filter_par_large ... ok
test test_reduce_par_large ... ok
test test_map_par_large ... ok

test result: ok. 43 passed; 0 failed; 0 ignored; 0 measured; 0 filtered out; finished in 0.01s

     Running tests/Chap19/TestArraySeqMtEphSlice.rs (target/release/deps/TestChap19ArraySeqMtEphSlice-3ef7a0705b3256de)

running 70 tests
test test_append_basic ... ok
test test_append_both_empty ... ok
test test_append_empty_left ... ok
test test_debug ... ok
test test_append_empty_right ... ok
test test_empty ... ok
test test_display ... ok
test test_filter_empty ... ok
test test_flatten_empty ... ok
test test_flatten_single ... ok
test test_from_vec ... ok
test test_inject_multiple_updates ... ok
test test_inject_single_update ... ok
test test_inject_empty_updates ... ok
test test_inject_out_of_bounds_ignored ... ok
test test_is_empty_true ... ok
test test_is_singleton_false_empty ... ok
test test_is_empty_false ... ok
test test_is_singleton_false_multi ... ok
test test_large_sequence ... ok
test test_iter_for_loop ... ok
test test_iter ... ok
test test_map_small ... ok
test test_new ... ok
test test_ninject_basic ... ok
test test_reduce_empty ... ok
test test_map_then_reduce ... ok
test test_reduce_product ... ok
test test_is_singleton_true ... ok
test test_reduce_singleton ... ok
test test_reduce_small ... ok
test test_scan_empty ... ok
test test_map_empty ... ok
test test_scan_sliced ... ok
test test_scan_medium ... ok
test test_scan_small ... ok
test test_filter_then_reduce ... ok
test test_set_first ... ok
test test_set_last ... ok
test test_set_preserves_length ... ok
test test_singleton ... ok
test test_subseq_copy ... ok
test test_tabulate_empty ... ok
test test_flatten_multiple ... ok
test test_flatten_large ... ok
test test_scan_product ... ok
test test_scan_singleton ... ok
test test_slice_then_iter ... ok
test test_slice_empty ... ok
test test_slice_full ... ok
test test_slice_then_reduce ... ok
test test_tabulate_singleton ... ok
test test_tabulate_then_map ... ok
test test_to_vec ... ok
test test_update_basic ... ok
test test_tabulate_small ... ok
test test_filter_some_pass ... ok
test test_filter_none_pass ... ok
test test_map_singleton ... ok
test test_ninject_empty_updates ... ok
test test_flatten_with_empties ... ok
test test_filter_all_pass ... ok
test test_reduce_medium ... ok
test test_slice_basic ... ok
test test_tabulate_identity ... ok
test test_filter_large ... ok
test test_reduce_large ... ok
test test_scan_large ... ok
test test_map_large ... ok
test test_tabulate_large ... ok

test result: ok. 70 passed; 0 failed; 0 ignored; 0 measured; 0 filtered out; finished in 0.03s

     Running tests/Chap19/TestArraySeqStEph.rs (target/release/deps/TestChap19ArraySeqStEph-35312d051971a1f3)

running 23 tests
test test_append ... ok
test test_clone ... ok
test test_debug ... ok
test test_display ... ok
test test_flatten ... ok
test test_for_loop ... ok
test test_for_loop_iter ... ok
test test_empty ... ok
test test_inject ... ok
test test_from_vec ... ok
test test_is_empty_singleton ... ok
test test_iter ... ok
test test_large_from_vec ... ok
test test_large_sequence ... ok
test test_map ... ok
test test_map_identity ... ok
test test_new ... ok
test test_partial_eq ... ok
test test_set ... ok
test test_singleton ... ok
test test_subseq ... ok
test test_tabulate ... ok
test test_update ... ok

test result: ok. 23 passed; 0 failed; 0 ignored; 0 measured; 0 filtered out; finished in 0.00s

     Running tests/Chap19/TestArraySeqStPer.rs (target/release/deps/TestChap19ArraySeqStPer-310e44d2edaa9e79)

running 20 tests
test test_append ... ok
test test_clone ... ok
test test_debug ... ok
test test_empty ... ok
test test_display ... ok
test test_flatten ... ok
test test_for_loop_iter ... ok
test test_from_vec ... ok
test test_inject ... ok
test test_is_empty_singleton ... ok
test test_iter ... ok
test test_large_sequence ... ok
test test_map ... ok
test test_new ... ok
test test_partial_eq ... ok
test test_singleton ... ok
test test_subseq ... ok
test test_subseq_copy ... ok
test test_tabulate ... ok
test test_update ... ok

test result: ok. 20 passed; 0 failed; 0 ignored; 0 measured; 0 filtered out; finished in 0.00s

     Running tests/Chap21/TestChap21.rs (target/release/deps/TestChap21-8b71d8ec61722fa9)

running 46 tests
test all_contiguous_subseqs_empty ... ok
test all_contiguous_subseqs_singleton ... ok
test all_contiguous_subseqs_small ... ok
test cartesian_loops_basic ... ok
test cartesian_loops_singleton ... ok
test cartesian_loops_empty ... ok
test cartesian_matches ... ok
test cartesian_tab_flat_basic ... ok
test cartesian_tab_flat_empty_both ... ok
test is_divisible_edge_cases ... ok
test is_divisible_tests ... ok
test is_even_tests ... ok
test is_prime_boundary ... ok
test is_prime_known_composites ... ok
test is_prime_known_primes ... ok
test is_vowel_tests ... ok
test pair_even_with_vowels_basic ... ok
test pair_even_with_vowels_no_evens ... ok
test pair_even_with_vowels_no_vowels ... ok
test points2d_matches_tab_flat ... ok
test points2d_n0 ... ok
test points2d_n1 ... ok
test points2d_n3 ... ok
test points2d_tab_flat_n0 ... ok
test points2d_tab_flat_n1 ... ok
test points2d_tab_flat_n2 ... ok
test points2d_tab_flat_n3 ... ok
test points2d_tab_flat_n5 ... ok
test points3d_loops_bounds ... ok
test points3d_loops_matches_tab_flat ... ok
test points3d_loops_n0 ... ok
test points3d_loops_n1 ... ok
test points3d_loops_n3 ... ok
test points3d_tab_flat_n0 ... ok
test points3d_tab_flat_n1 ... ok
test points3d_tab_flat_n3 ... ok
test prime_sieve_n0 ... ok
test prime_sieve_n10 ... ok
test prime_sieve_matches_primes_bf ... ok
test prime_sieve_n100 ... ok
test prime_sieve_n2 ... ok
test prime_sieve_n20 ... ok
test primes_bf_n0 ... ok
test primes_bf_n10 ... ok
test primes_bf_n2 ... ok
test primes_bf_n20 ... ok

test result: ok. 46 passed; 0 failed; 0 ignored; 0 measured; 0 filtered out; finished in 0.00s

     Running tests/Chap63/TestConnectivityMtEph.rs (target/release/deps/TestConnectivityMtEph-8e76f6e7f6902a1b)

running 16 tests
test test_connected_components_hof_mt_isolated ... ok
test test_connected_components_mt_two_disconnected ... ok
test test_count_components_mt_isolated ... ok
test test_count_components_mt_empty ... ok
test test_count_components_mt_star ... ok
test test_count_components_mt_single_vertex ... ok
test test_count_components_mt_multiple ... ok
test test_connected_components_mt_complete ... ok
test test_connected_components_mt_multiple ... ok
test test_count_components_hof_mt_star ... ok
test test_count_components_mt_two_triangles ... ok
test test_count_components_mt_single ... ok
test test_connected_components_mt_single ... ok
test test_count_components_mt_path ... ok
test test_connected_components_hof_mt ... ok
test test_count_components_hof_mt ... ok

test result: ok. 16 passed; 0 failed; 0 ignored; 0 measured; 0 filtered out; finished in 0.01s

     Running tests/Chap63/TestConnectivityStEph.rs (target/release/deps/TestConnectivityStEph-7250e631691d7185)

running 24 tests
test test_connected_components_complete_graph ... ok
test test_connected_components_hof ... ok
test test_connected_components_isolated_vertices ... ok
test test_connected_components_single ... ok
test test_connected_components_hof_isolated ... ok
test test_connected_components_star_graph ... ok
test test_connected_components_hof_single ... ok
test test_count_components_empty ... ok
test test_connected_components_multiple ... ok
test test_count_components_grid_connected ... ok
test test_count_components_hof ... ok
test test_count_components_hof_empty ... ok
test test_count_components_hof_single ... ok
test test_count_components_isolated_vertices ... ok
test test_count_components_many_singletons ... ok
test test_count_components_multiple ... ok
test test_count_components_large_cycle ... ok
test test_count_components_path_graph ... ok
test test_count_components_single ... ok
test test_count_components_single_vertex ... ok
test test_count_components_star_graph ... ok
test test_count_components_two_triangles ... ok
test test_count_components_two_vertices_connected ... ok
test test_count_components_two_vertices_disconnected ... ok

test result: ok. 24 passed; 0 failed; 0 ignored; 0 measured; 0 filtered out; finished in 0.00s

     Running tests/Chap55/TestCycleDetectStEph.rs (target/release/deps/TestCycleDetectStEph-b4a3ec5178b1aa6d)

running 7 tests
test test_cycle_in_dag_structure ... ok
test test_dag_no_cycle ... ok
test test_no_cycle_empty_graph ... ok
test test_no_cycle_linear ... ok
test test_no_cycle_single_node ... ok
test test_self_loop ... ok
test test_simple_cycle ... ok

test result: ok. 7 passed; 0 failed; 0 ignored; 0 measured; 0 filtered out; finished in 0.00s

     Running tests/Chap55/TestCycleDetectStPer.rs (target/release/deps/TestCycleDetectStPer-e2468e74a411c3e0)

running 7 tests
test test_dag_no_cycle ... ok
test test_no_cycle_empty_graph ... ok
test test_no_cycle_linear ... ok
test test_cycle_in_dag_structure ... ok
test test_no_cycle_single_node ... ok
test test_self_loop ... ok
test test_simple_cycle ... ok

test result: ok. 7 passed; 0 failed; 0 ignored; 0 measured; 0 filtered out; finished in 0.00s

     Running tests/Chap55/TestDFSStEph.rs (target/release/deps/TestDFSStEph-80f134237e8f945e)

running 5 tests
test test_cycle ... ok
test test_single_vertex ... ok
test test_dag ... ok
test test_line_graph ... ok
test test_disconnected ... ok

test result: ok. 5 passed; 0 failed; 0 ignored; 0 measured; 0 filtered out; finished in 0.00s

     Running tests/Chap55/TestDFSStPer.rs (target/release/deps/TestDFSStPer-df96d3af82665a8e)

running 5 tests
test test_dag ... ok
test test_cycle ... ok
test test_single_vertex ... ok
test test_disconnected ... ok
test test_line_graph ... ok

test result: ok. 5 passed; 0 failed; 0 ignored; 0 measured; 0 filtered out; finished in 0.00s

     Running tests/Chap57/TestDijkstraStEphF64.rs (target/release/deps/TestDijkstraStEphF64-d88fbc6f7841c200)

running 14 tests
test test_all_unreachable ... ok
test test_example_57_1 ... ok
test test_example_57_3 ... ok
test test_diamond_graph ... ok
test test_diamond_graph_fractional ... ok
test test_is_reachable ... ok
test test_get_predecessor ... ok
test test_fractional_weights ... ok
test test_larger_graph ... ok
test test_multiple_paths_same_weight ... ok
test test_path_extraction ... ok
test test_single_vertex ... ok
test test_unreachable_vertices ... ok
test test_zero_weight_edges ... ok

test result: ok. 14 passed; 0 failed; 0 ignored; 0 measured; 0 filtered out; finished in 0.00s

     Running tests/Chap57/TestDijkstraStEphU64.rs (target/release/deps/TestDijkstraStEphU64-b0746464002e3bf3)

running 16 tests
test test_all_unreachable ... ok
test test_chain_10 ... ok
test test_diamond_graph ... ok
test test_example_57_3 ... ok
test test_example_57_1 ... ok
test test_get_predecessor ... ok
test test_is_reachable ... ok
test test_larger_graph ... ok
test test_multiple_paths_same_weight ... ok
test test_path_extraction ... ok
test test_self_loop ... ok
test test_single_vertex ... ok
test test_star_graph ... ok
test test_two_vertices_one_edge ... ok
test test_unreachable_vertices ... ok
test test_zero_weight_edges ... ok

test result: ok. 16 passed; 0 failed; 0 ignored; 0 measured; 0 filtered out; finished in 0.00s

     Running tests/Chap06/TestDirGraphMtEph.rs (target/release/deps/TestDirGraphMtEph-e3f4e2bcbc772880)

running 41 tests
test test_clone ... ok
test test_dirgraphmteph_basic_operations ... ok
test test_debug_trait ... ok
test test_dirgraphmteph_empty ... ok
test test_dirgraphmteph_incident ... ok
test test_display_trait ... ok
test test_equality ... ok
test test_inequality ... ok
test test_isolated_vertex ... ok
test test_dirgraphmteph_neighbor ... ok
test test_nminus_empty_arcs ... ok
test test_dirgraphmteph_ng ... ok
test test_dirgraphmteph_nplusofvertices ... ok
test test_nplus_empty_arcs ... ok
test test_dirgraphmteph_nminus ... ok
test test_minimal_parallel_nminus ... ok
test test_dirgraphmteph_degree ... ok
test test_dirgraphmteph_nplus ... ok
test test_nminusofvertices_empty_query ... ok
test test_minimal_parallel_nplus ... ok
test test_minimal_parallel_nplusofvertices ... ok
test test_empty_graph_operations ... ok
test test_dirgraphmtephlit_macro_functionality ... ok
test test_nminus_large_parallel ... ok
test test_dirgraphmteph_ngofvertices ... ok
test test_dirgraphmteph_outdegree ... ok
test test_minimal_parallel_nminusofvertices ... ok
test test_nplus_large_parallel ... ok
test test_dirgraphmteph_nminusofvertices ... ok
test test_nplusofvertices_empty_query ... ok
test test_minimal_parallel_ngofvertices ... ok
test test_ngofvertices_empty_query ... ok
test test_dirgraphmteph_thread_safety ... ok
test test_dirgraphmteph_indegree ... ok
test test_dirgraphmteph_concurrent_access ... ok
test test_nminusofvertices_large_parallel ... ok
test test_race_condition_verification_mixed_graph_operations ... ok
test test_ngofvertices_large_parallel ... ok
test test_nplusofvertices_large_parallel ... ok
test test_race_condition_verification_concurrent_graph_reads ... ok
test test_deadlock_prevention_concurrent_graph_operations ... ok

test result: ok. 41 passed; 0 failed; 0 ignored; 0 measured; 0 filtered out; finished in 2.00s

     Running tests/Chap06/TestDirGraphStEph.rs (target/release/deps/TestDirGraphStEph-10e8bdac1737c137)

running 23 tests
test test_digraph_vertices_and_arcs ... ok
test test_dirgraph_clone ... ok
test test_dirgraph_empty ... ok
test test_dirgraph_debug_display ... ok
test test_dirgraph_equality ... ok
test test_dirgraph_degree ... ok
test test_dirgraph_empty_graph_edge_cases ... ok
test test_dirgraph_extreme_vertex_references_graceful ... ok
test test_dirgraph_indegree ... ok
test test_dirgraph_incident ... ok
test test_dirgraph_neighbor ... ok
test test_dirgraph_ng ... ok
test test_dirgraph_ngofvertices ... ok
test test_dirgraph_nminus ... ok
test test_dirgraph_nminusofvertices ... ok
test test_dirgraph_nonexistent_vertex_edge_cases ... ok
test test_dirgraph_nplus ... ok
test test_dirgraph_nplusofvertices ... ok
test test_dirgraph_outdegree ... ok
test test_dirgraph_selfloop_edge_cases ... ok
test test_dirgraph_single_vertex_edge_cases ... ok
test test_dirgraph_large_graph_stress ... ok
test test_dirgraphstephlit_macro_functionality ... ok

test result: ok. 23 passed; 0 failed; 0 ignored; 0 measured; 0 filtered out; finished in 0.00s

     Running tests/Chap26/TestDivConReduceMtPer.rs (target/release/deps/TestDivConReduceMtPer-d614b6e785329d46)

running 8 tests
test test_all_parallel_false ... ok
test test_all_parallel_true ... ok
test test_any_parallel_true ... ok
test test_any_parallel_false ... ok
test test_max_element_parallel ... ok
test test_max_element_parallel_empty ... ok
test test_product_parallel ... ok
test test_sum_parallel ... ok

test result: ok. 8 passed; 0 failed; 0 ignored; 0 measured; 0 filtered out; finished in 0.00s

     Running tests/Chap26/TestDivConReduceStPer.rs (target/release/deps/TestDivConReduceStPer-365212a5aae1b41d)

running 8 tests
test test_all_false ... ok
test test_all_true ... ok
test test_any_false ... ok
test test_max_element ... ok
test test_any_true ... ok
test test_max_element_empty ... ok
test test_product ... ok
test test_sum ... ok

test result: ok. 8 passed; 0 failed; 0 ignored; 0 measured; 0 filtered out; finished in 0.00s

     Running tests/Chap44/TestDocumentIndex.rs (target/release/deps/TestDocumentIndex-e5bd41973ca77f09)

running 25 tests
test test_case_insensitive_tokenization ... ok
test test_algorithmic_costs_verification ... ok
test test_display ... ok
test test_empty_index ... ok
test test_duplicate_words_in_document ... ok
test test_documentcollectionlit_macro_functionality ... ok
test test_clone_eq ... ok
test test_empty_index_operations ... ok
test test_complex_query_combinations ... ok
test test_create_finder ... ok
test test_empty_query_results ... ok
test test_find_operation ... ok
test test_make_index_basic ... ok
test test_query_and ... ok
test test_single_document_index ... ok
test test_query_and_not_all_excluded ... ok
test test_query_and_not ... ok
test test_query_builder ... ok
test test_query_or ... ok
test test_tokens_edge_cases ... ok
test test_tokens_function ... ok
test test_size_operation ... ok
test test_tokens_numbers_and_special ... ok
test test_to_seq_operation ... ok
test test_large_document_collection ... ok

test result: ok. 25 passed; 0 failed; 0 ignored; 0 measured; 0 filtered out; finished in 0.08s

     Running tests/Chap47/TestDoubleHashFlatHashTable.rs (target/release/deps/TestDoubleHashFlatHashTable-84dbdf2fce024b24)

running 15 tests
test test_delete_maintains_probe_chain ... ok
test test_find_slot ... ok
test test_different_probe_sequences_for_colliding_keys ... ok
test test_delete ... ok
test test_high_load_factor ... ok
test test_load_and_size ... ok
test test_probe_visits_all_slots_prime_size ... ok
test test_insert_and_lookup ... ok
test test_lookup_nonexistent_key ... ok
test test_probe_double_hash_sequence ... ok
test test_resize_empty_table ... ok
test test_second_hash_is_odd ... ok
test test_resize_with_elements ... ok
test test_second_hash_nonzero ... ok
test test_update_existing_key ... ok

test result: ok. 15 passed; 0 failed; 0 ignored; 0 measured; 0 filtered out; finished in 0.00s

     Running tests/Chap26/TestETSPMtEph.rs (target/release/deps/TestETSPMtEph-4caab6a88a9169cb)

running 7 tests
test test_etsp_parallel_larger ... ok
test test_etsp_parallel_three_points ... ok
test test_etsp_parallel_collinear_points ... ok
test test_etsp_parallel_tour_length_reasonable ... ok
test test_etsp_parallel_two_points ... ok
test test_etsp_parallel_four_points_square ... ok
test test_etsp_parallel_20_random_points ... ok

test result: ok. 7 passed; 0 failed; 0 ignored; 0 measured; 0 filtered out; finished in 0.00s

     Running tests/Chap26/TestETSPStEph.rs (target/release/deps/TestETSPStEph-64672cf8c06d4caf)

running 7 tests
test test_etsp_20_random_points ... ok
test test_etsp_collinear_points ... ok
test test_etsp_three_points ... ok
test test_etsp_four_points_square ... ok
test test_etsp_tour_length_reasonable ... ok
test test_etsp_larger ... ok
test test_etsp_two_points ... ok

test result: ok. 7 passed; 0 failed; 0 ignored; 0 measured; 0 filtered out; finished in 0.00s

     Running tests/Chap61/TestEdgeContractionMtEph.rs (target/release/deps/TestEdgeContractionMtEph-7ca25846212e0a5a)

running 7 tests
test test_edge_contract_mt_single_edge ... ok
test test_edge_contract_mt_cycle ... ok
test test_edge_contract_mt_star ... ok
test test_edge_contract_mt_empty_matching ... ok
test test_contract_round_mt_reduces_vertices ... ok
test test_contract_round_mt_correctness ... ok
test test_contract_round_mt_complete_graph ... ok

test result: ok. 7 passed; 0 failed; 0 ignored; 0 measured; 0 filtered out; finished in 0.00s

     Running tests/Chap61/TestEdgeContractionStEph.rs (target/release/deps/TestEdgeContractionStEph-26d8a38ce79193f7)

running 12 tests
test test_contract_round_cycle ... ok
test test_contract_round_large_cycle ... ok
test test_contract_round_small_complete ... ok
test test_contract_round_star ... ok
test test_edge_contract_cycle ... ok
test test_edge_contract_disconnected ... ok
test test_edge_contract_empty_matching ... ok
test test_edge_contract_path_graph ... ok
test test_edge_contract_preserves_unmatched ... ok
test test_edge_contract_single_edge_graph ... ok
test test_edge_contract_star ... ok
test test_edge_contract_triangle ... ok

test result: ok. 12 passed; 0 failed; 0 ignored; 0 measured; 0 filtered out; finished in 0.00s

     Running tests/Chap52/TestEdgeSetGraphMtEph.rs (target/release/deps/TestEdgeSetGraphMtEph-b27f11f9c41b7906)

running 16 tests
test test_default ... ok
test test_delete_edge ... ok
test test_edges_accessor ... ok
test test_delete_nonexistent ... ok
test test_empty_graph ... ok
test test_delete_vertex_removes_incident_edges ... ok
test test_idempotent_insert ... ok
test test_from_vertices_and_edges ... ok
test test_insert_edge ... ok
test test_insert_vertex ... ok
test test_out_degree ... ok
test test_vertices_accessor ... ok
test test_insert_edge_adds_vertices ... ok
test test_out_neighbors ... ok
test test_shared_graph_concurrent_reads ... ok
test test_concurrent_build_stress ... ok

test result: ok. 16 passed; 0 failed; 0 ignored; 0 measured; 0 filtered out; finished in 0.01s

     Running tests/Chap52/TestEdgeSetGraphMtPer.rs (target/release/deps/TestEdgeSetGraphMtPer-9366a90d8b018cb1)

running 0 tests

test result: ok. 0 passed; 0 failed; 0 ignored; 0 measured; 0 filtered out; finished in 0.00s

     Running tests/Chap52/TestEdgeSetGraphStEph.rs (target/release/deps/TestEdgeSetGraphStEph-e25c4e680d86629a)

running 7 tests
test test_delete_edge ... ok
test test_delete_vertex ... ok
test test_empty_graph ... ok
test test_insert_edge ... ok
test test_out_degree ... ok
test test_insert_vertex ... ok
test test_out_neighbors ... ok

test result: ok. 7 passed; 0 failed; 0 ignored; 0 measured; 0 filtered out; finished in 0.00s

     Running tests/Chap52/TestEdgeSetGraphStPer.rs (target/release/deps/TestEdgeSetGraphStPer-d3b00ef7384070b5)

running 7 tests
test test_delete_edge ... ok
test test_delete_vertex ... ok
test test_empty_graph ... ok
test test_insert_edge ... ok
test test_insert_vertex ... ok
test test_out_degree ... ok
test test_out_neighbors ... ok

test result: ok. 7 passed; 0 failed; 0 ignored; 0 measured; 0 filtered out; finished in 0.00s

     Running tests/Chap41/TestExample41_3.rs (target/release/deps/TestExample41_3-4fcd00e617dcf093)

running 4 tests
test test_additional_set_operations ... ok
test test_example_41_1_array_set ... ok
test test_example_41_3_from_seq_demonstration ... ok
test test_example_41_1_avl_set ... ok

test result: ok. 4 passed; 0 failed; 0 ignored; 0 measured; 0 filtered out; finished in 0.00s

     Running tests/Chap42/TestExample42_1.rs (target/release/deps/TestExample42_1-f4fe5b668dfb6dc9)

running 2 tests
test test_example_42_1_runs ... ok
test test_performance_comparison_runs ... ok

test result: ok. 2 passed; 0 failed; 0 ignored; 0 measured; 0 filtered out; finished in 0.07s

     Running tests/Chap43/TestExample43_1.rs (target/release/deps/TestExample43_1-e2bbc707e51bf5bf)

running 2 tests
test test_run_integer_example ... ok
test test_run_example43_1 ... ok

test result: ok. 2 passed; 0 failed; 0 ignored; 0 measured; 0 filtered out; finished in 0.00s

     Running tests/Chap44/TestExample44_1.rs (target/release/deps/TestExample44_1-c2c8e8d9a425370d)

running 20 tests
test test_create_tweet_collection ... ok
test test_algorithmic_complexity_verification ... ok
test test_complex_query_fun_and_food_or_chess ... ok
test test_case_insensitive_search ... ok
test test_count_fun_but_not_chess ... ok
test test_create_tweet_index ... ok
test test_get_word_count ... ok
test test_index_statistics ... ok
test test_tokenization_demo ... ok
test test_performance_comparison_demo ... ok
test test_search_food_or_fun ... ok
test test_query_builder_example ... ok
test test_search_party_and_food ... ok
test test_staged_computation_pattern ... ok
test test_empty_search_results ... ok
test test_single_word_documents ... ok
test test_query_combinations ... ok
test test_get_all_words ... ok
test test_verify_textbook_examples ... ok
test test_tweet_query_examples ... ok

test result: ok. 20 passed; 0 failed; 0 ignored; 0 measured; 0 filtered out; finished in 0.00s

     Running tests/Chap45/TestExample45_2.rs (target/release/deps/TestExample45_2-49bdece2f1320e12)

running 8 tests
test test_efficiency_demonstration ... ok
test test_already_sorted ... ok
test test_empty ... ok
test test_duplicates ... ok
test test_single_element ... ok
test test_reverse_sorted ... ok
test test_textbook_example ... ok
test test_run_example_45_2 ... ok

test result: ok. 8 passed; 0 failed; 0 ignored; 0 measured; 0 filtered out; finished in 0.00s

     Running tests/Chap56/TestExample56_1.rs (target/release/deps/TestExample56_1-39c747d1fb725cac)

running 0 tests

test result: ok. 0 passed; 0 failed; 0 ignored; 0 measured; 0 filtered out; finished in 0.00s

     Running tests/Chap56/TestExample56_3.rs (target/release/deps/TestExample56_3-cae0129676f940c0)

running 0 tests

test result: ok. 0 passed; 0 failed; 0 ignored; 0 measured; 0 filtered out; finished in 0.00s

     Running tests/Chap11/TestFibonacciMt.rs (target/release/deps/TestFibonacciMt-39e90812d7d14764)

running 27 tests
test test_fib_adjacent_coprime ... ok
test test_fib_base_cases ... ok
test test_fib_boundary_values ... ok
test test_fib_cassini_identity ... ok
test test_fib_consecutive_sum_property ... ok
test test_fib_difference_identity ... ok
test test_fib_divisibility_property ... ok
test test_fib_even_indices_divisible_by_fib2 ... ok
test test_fib_iterative_large_values ... ok
test test_fib_gcd_property ... ok
test test_fib_known_values ... ok
test test_fib_large ... ok
test test_fib_last_digit_pisano_period ... ok
test test_fib_medium ... ok
test test_fib_monotonically_increasing ... ok
test test_fib_parity_pattern ... ok
test test_fib_ratio_approaches_golden ... ok
test test_fib_recursive_base_case_zero ... ok
test test_fib_recursive_base_cases ... ok
test test_fib_recursive_small ... ok
test test_fib_recursive_medium ... ok
test test_fib_small ... ok
test test_fib_squares_sum ... ok
test test_fib_sum_of_first_n ... ok
test test_fib_recursive_agrees_with_iterative ... ok
test test_fib_recursive_boundary ... ok
test test_fib_recursive_agrees_larger ... ok

test result: ok. 27 passed; 0 failed; 0 ignored; 0 measured; 0 filtered out; finished in 0.01s

     Running tests/Chap53/TestGraphSearchMtPer.rs (target/release/deps/TestGraphSearchMtPer-3c653667cb2fa2f3)

running 0 tests

test result: ok. 0 passed; 0 failed; 0 ignored; 0 measured; 0 filtered out; finished in 0.00s

     Running tests/Chap53/TestGraphSearchStEph.rs (target/release/deps/TestGraphSearchStEph-77ac089682291ca6)

running 12 tests
test test_cycle_detection ... ok
test test_diamond_graph ... ok
test test_empty_graph ... ok
test test_disconnected_graph ... ok
test test_graph_search_multi_source ... ok
test test_graph_search_single_source ... ok
test test_reachable_simple_path ... ok
test test_linear_chain ... ok
test test_reachable_single_node ... ok
test test_select_one_strategy ... ok
test test_self_loop ... ok
test test_star_graph ... ok

test result: ok. 12 passed; 0 failed; 0 ignored; 0 measured; 0 filtered out; finished in 0.00s

     Running tests/Chap53/TestGraphSearchStPer.rs (target/release/deps/TestGraphSearchStPer-1386e82523631357)

running 11 tests
test test_cycle ... ok
test test_disconnected_component ... ok
test test_dag ... ok
test test_linear_chain ... ok
test test_empty_graph ... ok
test test_multi_source ... ok
test test_reachable ... ok
test test_select_one_dfs_style ... ok
test test_self_loop ... ok
test test_single_edge ... ok
test test_star_graph ... ok

test result: ok. 11 passed; 0 failed; 0 ignored; 0 measured; 0 filtered out; finished in 0.00s

     Running tests/Chap45/TestHeapsortExample.rs (target/release/deps/TestHeapsortExample-fc0afe2f3afdb9ff)

running 25 tests
test test_already_sorted_example ... ok
test test_complexity_analysis ... ok
test test_compare_all_heapsorts ... ok
test test_efficiency_demonstration ... ok
test test_empty_example ... ok
test test_generate_test_sequences ... ok
test test_duplicates_example ... ok
test test_heapsort_already_sorted ... ok
test test_heapsort_balanced_tree_basic ... ok
test test_correctness_verification ... ok
test test_heapsort_binary_heap_basic ... ok
test test_heapsort_duplicates ... ok
test test_heapsort_empty ... ok
test test_heapsort_leftist_heap_basic ... ok
test test_heapsort_reverse_sorted ... ok
test test_heapsort_single_element ... ok
test test_heapsort_sorted_list_basic ... ok
test test_heapsort_unsorted_list_basic ... ok
test test_is_sorted_utility ... ok
test test_large_example ... ok
test test_single_element_example ... ok
test test_reverse_sorted_example ... ok
test test_vec_to_array_seq ... ok
test test_textbook_example ... ok
test test_vec_to_avl_seq ... ok

test result: ok. 25 passed; 0 failed; 0 ignored; 0 measured; 0 filtered out; finished in 0.00s

     Running tests/Chap03/TestInsertionSortStEph.rs (target/release/deps/TestInsertionSortStEph-c26af6b0df46c600)

running 40 tests
test insertion_sort_all_same_elements ... ok
test insertion_sort_already_sorted ... ok
test insertion_sort_alternating_pattern ... ok
test insertion_sort_descending_10 ... ok
test insertion_sort_even_length ... ok
test insertion_sort_consecutive_integers ... ok
test insertion_sort_fibonacci_values ... ok
test insertion_sort_four_elements_all_permutations ... ok
test insertion_sort_handles_empty ... ok
test insertion_sort_head_is_minimum ... ok
test insertion_sort_interleaved_high_low ... ok
test insertion_sort_large_values_spread ... ok
test insertion_sort_many_duplicates ... ok
test insertion_sort_max_values ... ok
test insertion_sort_mod_3_pattern ... ok
test insertion_sort_nearly_sorted ... ok
test insertion_sort_nearly_sorted_one_swap ... ok
test insertion_sort_odd_length ... ok
test insertion_sort_one_distinct_rest_same ... ok
test insertion_sort_organ_pipe ... ok
test insertion_sort_plateau_then_drop ... ok
test insertion_sort_powers_of_two ... ok
test insertion_sort_preserves_length ... ok
test insertion_sort_random_slice ... ok
test insertion_sort_repeated_min_max ... ok
test insertion_sort_returns_same_slice ... ok
test insertion_sort_reverse_order ... ok
test insertion_sort_sawtooth_pattern ... ok
test insertion_sort_single_element ... ok
test insertion_sort_single_repeated ... ok
test insertion_sort_sorted_pairs ... ok
test insertion_sort_stability_like_behavior ... ok
test insertion_sort_tail_is_maximum ... ok
test insertion_sort_three_elements ... ok
test insertion_sort_two_elements ... ok
test insertion_sort_two_elements_sorted ... ok
test insertion_sort_with_duplicates ... ok
test insertion_sort_with_zeros ... ok
test insertion_sort_medium_random_stress ... ok
test insertion_sort_large_input_stress_test ... ok

test result: ok. 40 passed; 0 failed; 0 ignored; 0 measured; 0 filtered out; finished in 0.24s

     Running tests/Chap59/TestJohnsonMtEphF64.rs (target/release/deps/TestJohnsonMtEphF64-2ab09a07ca877e61)

running 8 tests
test test_mt_single_vertex ... ok
test test_mt_two_vertices ... ok
test test_mt_cycle ... ok
test test_mt_negative_weights ... ok
test test_mt_diamond ... ok
test test_mt_disconnected ... ok
test test_mt_zero_weights ... ok
test test_mt_simple_graph ... ok

test result: ok. 8 passed; 0 failed; 0 ignored; 0 measured; 0 filtered out; finished in 0.00s

     Running tests/Chap59/TestJohnsonMtEphI64.rs (target/release/deps/TestJohnsonMtEphI64-dccf1d39b745cc14)

running 12 tests
test test_empty_graph ... ok
test test_single_vertex ... ok
test test_mt_st_agree ... ok
test test_negative_cycle ... ok
test test_self_distance_zero ... ok
test test_chain_graph ... ok
test test_disconnected_graph ... ok
test test_example_59_1 ... ok
test test_mt_diamond ... ok
test test_negative_weights ... ok
test test_bidirectional_edges ... ok
test test_simple_graph ... ok

test result: ok. 12 passed; 0 failed; 0 ignored; 0 measured; 0 filtered out; finished in 0.00s

     Running tests/Chap59/TestJohnsonStEphF64.rs (target/release/deps/TestJohnsonStEphF64-b1fb176b9966c089)

running 6 tests
test test_diamond ... ok
test test_disconnected_graph ... ok
test test_negative_weights ... ok
test test_two_vertices ... ok
test test_single_vertex ... ok
test test_simple_graph ... ok

test result: ok. 6 passed; 0 failed; 0 ignored; 0 measured; 0 filtered out; finished in 0.00s

     Running tests/Chap59/TestJohnsonStEphI64.rs (target/release/deps/TestJohnsonStEphI64-41abf13505d6bcef)

running 15 tests
test test_bidirectional_negative_weights ... ok
test test_chain_graph ... ok
test test_complete_graph_4 ... ok
test test_disconnected_graph ... ok
test test_diamond ... ok
test test_cycle_no_negative ... ok
test test_negative_cycle ... ok
test test_negative_weights ... ok
test test_example_59_1 ... ok
test test_path_extraction ... ok
test test_self_distance_zero ... ok
test test_simple_graph ... ok
test test_single_vertex ... ok
test test_star_out_graph ... ok
test test_two_vertices_one_edge ... ok

test result: ok. 15 passed; 0 failed; 0 ignored; 0 measured; 0 filtered out; finished in 0.00s

     Running tests/Chap05/TestKleeneStPer.rs (target/release/deps/TestKleeneStPer-9cf9a4484ddc0857)

running 10 tests
test test_alphabet_accessor ... ok
test test_empty_alphabet ... ok
test test_integer_alphabet ... ok
test test_plus_multi_element_strings ... ok
test test_plus_rejects_empty_string ... ok
test test_plus_single_element ... ok
test test_singleton_alphabet ... ok
test test_star_empty_string_always_accepted ... ok
test test_star_multi_element_strings ... ok
test test_star_single_element ... ok

test result: ok. 10 passed; 0 failed; 0 ignored; 0 measured; 0 filtered out; finished in 0.00s

     Running tests/Chap65/TestKruskalStEph.rs (target/release/deps/TestKruskalStEph-541983915a15f292)

running 0 tests

test result: ok. 0 passed; 0 failed; 0 ignored; 0 measured; 0 filtered out; finished in 0.00s

     Running tests/Chap06/TestLabDirGraphMtEph.rs (target/release/deps/TestLabDirGraphMtEph-6c235d9652f64613)

running 15 tests
test test_labdirgraphmteph_arcs_conversion ... ok
test test_labdirgraphmteph_clone ... ok
test test_labdirgraphmteph_display_trait ... ok
test test_labdirgraphmteph_debug_trait ... ok
test test_labdirgraphmteph_edge_cases ... ok
test test_labdirgraphmteph_empty ... ok
test test_labdirgraphmteph_mutable_operations ... ok
test test_labdirgraphmteph_nonexistent_vertex ... ok
test test_labdirgraphmteph_parallel_n_plus ... ok
test test_labdirgraphmteph_basic_operations ... ok
test test_labdirgraphmteph_parallel_n_minus ... ok
test test_labdirgraphmtephlit_macro_functionality ... ok
test test_labdirgraphmteph_parallel_mixed ... ok
test test_labdirgraphmteph_concurrent_access ... ok
test test_labdirgraphmteph_neighbors ... ok

test result: ok. 15 passed; 0 failed; 0 ignored; 0 measured; 0 filtered out; finished in 0.00s

     Running tests/Chap06/TestLabDirGraphStEph.rs (target/release/deps/TestLabDirGraphStEph-bd25b278a12bba83)

running 12 tests
test test_labdirgraphstephlit_macro_functionality ... ok
test test_labelled_dir_graph_add_labeled_arc ... ok
test test_labelled_dir_graph_add_vertex ... ok
test test_labelled_dir_graph_arcs ... ok
test test_labelled_dir_graph_debug ... ok
test test_labelled_dir_graph_different_label_types ... ok
test test_labelled_dir_graph_display ... ok
test test_labelled_dir_graph_empty ... ok
test test_labelled_dir_graph_macro_empty ... ok
test test_labelled_dir_graph_macro_with_data ... ok
test test_labelled_dir_graph_neighbors ... ok
test test_labelled_dir_graph_self_loop ... ok

test result: ok. 12 passed; 0 failed; 0 ignored; 0 measured; 0 filtered out; finished in 0.00s

     Running tests/Chap06/TestLabUnDirGraphMtEph.rs (target/release/deps/TestLabUnDirGraphMtEph-fd56401535f3402f)

running 12 tests
test test_add_labeled_edge ... ok
test test_add_vertex ... ok
test test_edges ... ok
test test_empty_graph_operations ... ok
test test_empty ... ok
test test_from_vertices_and_labeled_edges ... ok
test test_get_edge_label ... ok
test test_has_edge ... ok
test test_labeled_edges ... ok
test test_multiple_edges ... ok
test test_vertices ... ok
test test_neighbors ... ok

test result: ok. 12 passed; 0 failed; 0 ignored; 0 measured; 0 filtered out; finished in 0.00s

     Running tests/Chap06/TestLabUnDirGraphStEph.rs (target/release/deps/TestLabUnDirGraphStEph-805bb64f4e63a342)

running 15 tests
test test_add_labeled_edge ... ok
test test_add_vertex ... ok
test test_clone ... ok
test test_debug_fmt ... ok
test test_display_fmt ... ok
test test_edges ... ok
test test_empty ... ok
test test_empty_graph_operations ... ok
test test_from_vertices_and_labeled_edges ... ok
test test_get_edge_label ... ok
test test_has_edge ... ok
test test_labeled_edges ... ok
test test_multiple_edges ... ok
test test_neighbors ... ok
test test_vertices ... ok

test result: ok. 15 passed; 0 failed; 0 ignored; 0 measured; 0 filtered out; finished in 0.00s

     Running tests/Chap45/TestLeftistHeapPQ.rs (target/release/deps/TestLeftistHeapPQ-a40da6ed3ec8b230)

running 34 tests
test test_ascending_insertion ... ok
test test_delete_min ... ok
test test_descending_insertion ... ok
test test_default ... ok
test test_delete_min_empty ... ok
test test_duplicate_elements ... ok
test test_display ... ok
test test_empty ... ok
test test_efficient_multi_way_merge ... ok
test test_extract_all_sorted ... ok
test test_find_min ... ok
test test_from_seq ... ok
test test_from_vec ... ok
test test_height ... ok
test test_insert ... ok
test test_is_valid_leftist_heap ... ok
test test_leftist_property_after_meld ... ok
test test_leftistheappqlit_macro_functionality ... ok
test test_meld ... ok
test test_meld_efficiency ... ok
test test_meld_multiple ... ok
test test_meld_multiple_empty ... ok
test test_meld_with_empty ... ok
test test_parallel_heap_construction ... ok
test test_persistent_semantics ... ok
test test_root_rank ... ok
test test_sequential_delete_all ... ok
test test_single_element_operations ... ok
test test_singleton ... ok
test test_split ... ok
test test_string_heap ... ok
test test_to_sorted_vec ... ok
test test_to_vec ... ok
test test_large_heap ... ok

test result: ok. 34 passed; 0 failed; 0 ignored; 0 measured; 0 filtered out; finished in 0.00s

     Running tests/Chap47/TestLinProbFlatHashTable.rs (target/release/deps/TestLinProbFlatHashTable-82847d5b06d9f36a)

running 26 tests
test test_default_insert_with_probe ... ok
test test_default_lookup ... ok
test test_delete_exhaustive_probe ... ok
test test_delete ... ok
test test_find_slot ... ok
test test_delete_not_found ... ok
test test_find_slot_table_full_fallback ... ok
test test_find_slot_with_occupied_matching_key ... ok
test test_flat_entry_clone ... ok
test test_flat_entry_debug ... ok
test test_flat_entry_delete ... ok
test test_flat_entry_insert ... ok
test test_flat_entry_lookup ... ok
test test_flat_entry_new ... ok
test test_flat_entry_partial_eq ... ok
test test_insert_and_lookup ... ok
test test_insert_into_deleted_slot ... ok
test test_insert_update_existing_key ... ok
test test_load_and_size ... ok
test test_lookup_exhaustive_probe ... ok
test test_lookup_through_deleted_entries ... ok
test test_probe ... ok
test test_resize_empty_table ... ok
test test_resize_preserves_deleted_not_reinserted ... ok
test test_resize_smaller ... ok
test test_resize_with_elements ... ok

test result: ok. 26 passed; 0 failed; 0 ignored; 0 measured; 0 filtered out; finished in 0.00s

     Running tests/Chap47/TestLinkedListChainedHashTable.rs (target/release/deps/TestLinkedListChainedHashTable-8a384b33d1ec1115)

running 13 tests
test test_collision_handling ... ok
test test_entry_delete_not_found ... ok
test test_linkedlist_chained_delete ... ok
test test_entry_lookup_not_found ... ok
test test_linkedlist_chained_insert_lookup ... ok
test test_linkedlist_entry_delete ... ok
test test_linkedlist_entry_insert ... ok
test test_linkedlist_entry_new ... ok
test test_linkedlist_entry_update ... ok
test test_load_and_size ... ok
test test_resize_empty_table ... ok
test test_resize_with_elements ... ok
test test_update_existing_key ... ok

test result: ok. 13 passed; 0 failed; 0 ignored; 0 measured; 0 filtered out; finished in 0.00s

     Running tests/Chap18/TestLinkedListStEph.rs (target/release/deps/TestLinkedListStEph-54ce65009de9b1e9)

running 15 tests
test test_append ... ok
test test_clone ... ok
test test_debug ... ok
test test_display ... ok
test test_empty ... ok
test test_from_vec ... ok
test test_iter ... ok
test test_map ... ok
test test_new ... ok
test test_partial_eq ... ok
test test_set ... ok
test test_singleton ... ok
test test_subseq ... ok
test test_tabulate ... ok
test test_update ... ok

test result: ok. 15 passed; 0 failed; 0 ignored; 0 measured; 0 filtered out; finished in 0.00s

     Running tests/Chap18/TestLinkedListStPer.rs (target/release/deps/TestLinkedListStPer-b9b36d9e92703721)

running 14 tests
test test_append ... ok
test test_clone ... ok
test test_debug ... ok
test test_display ... ok
test test_empty ... ok
test test_from_vec ... ok
test test_iter ... ok
test test_map ... ok
test test_new ... ok
test test_singleton ... ok
test test_partial_eq ... ok
test test_subseq ... ok
test test_tabulate ... ok
test test_update ... ok

test result: ok. 14 passed; 0 failed; 0 ignored; 0 measured; 0 filtered out; finished in 0.00s

     Running tests/Chap05/TestMappingStEph.rs (target/release/deps/TestMappingStEph-90f4eb0886f400c2)

running 16 tests
test test_domain_and_range ... ok
test test_empty_mapping ... ok
test test_empty_mapping_trait ... ok
test test_empty_mapping_operations ... ok
test test_from_relation ... ok
test test_from_relation_empty_edge ... ok
test test_from_vec_basic ... ok
test test_iter ... ok
test test_mapping_clone ... ok
test test_from_vec_duplicate_keys - should panic ... ok
test test_mapping_debug_display ... ok
test test_mapping_equality ... ok
test test_mapping_extreme_values_graceful ... ok
test test_mappinglit_macro_functionality ... ok
test test_mem_comprehensive ... ok
test test_mapping_large_dataset_stress ... ok

test result: ok. 16 passed; 0 failed; 0 ignored; 0 measured; 0 filtered out; finished in 0.00s

     Running tests/Chap17/TestMathSeq.rs (target/release/deps/TestMathSeq-0d4803b0a206339d)

running 40 tests
test test_add_last ... ok
test test_add_last_then_delete_last_roundtrip ... ok
test test_clone ... ok
test test_debug ... ok
test test_delete_last ... ok
test test_display ... ok
test test_domain_empty ... ok
test test_domain ... ok
test test_empty ... ok
test test_for_loop_borrow ... ok
test test_from_vec ... ok
test test_into_iterator_by_mut_ref ... ok
test test_into_iterator_by_ref ... ok
test test_into_iterator_by_value ... ok
test test_is_empty ... ok
test test_is_singleton ... ok
test test_iter ... ok
test test_iter_mut ... ok
test test_large_sequence ... ok
test test_length ... ok
test test_macro_empty ... ok
test test_macro_list ... ok
test test_macro_repeat ... ok
test test_multiset_range ... ok
test test_new ... ok
test test_nth ... ok
test test_partial_eq ... ok
test test_partial_eq_different_lengths ... ok
test test_partial_eq_empty ... ok
test test_range ... ok
test test_range_all_same ... ok
test test_range_empty ... ok
test test_set ... ok
test test_set_all_elements ... ok
test test_set_out_of_bounds ... ok
test test_singleton ... ok
test test_subseq ... ok
test test_subseq_copy ... ok
test test_subseq_edge_cases ... ok
test test_with_len ... ok

test result: ok. 40 passed; 0 failed; 0 ignored; 0 measured; 0 filtered out; finished in 0.00s

     Running tests/Chap50/TestMatrixChainMtEph.rs (target/release/deps/TestMatrixChainMtEph-5fd0c6c5481ee11b)

running 22 tests
test test_clear_memo ... ok
test test_clone ... ok
test test_dimension_consistency ... ok
test test_display ... ok
test test_dimensions ... ok
test test_empty_chain ... ok
test test_equality ... ok
test test_four_matrices ... ok
test test_from_dim_pairs ... ok
test test_from_dimensions ... ok
test test_large_chain ... ok
test test_matrixchainmtephlit_macro_functionality ... ok
test test_matrixdim_equality ... ok
test test_memo_size ... ok
test test_memoization_reuse ... ok
test test_new ... ok
test test_optimal_cost_three_matrices ... ok
test test_optimal_cost_two_matrices ... ok
test test_set_dimension ... ok
test test_single_matrix ... ok
test test_update_dimension ... ok
test test_parallel_execution ... ok

test result: ok. 22 passed; 0 failed; 0 ignored; 0 measured; 0 filtered out; finished in 0.00s

     Running tests/Chap50/TestMatrixChainMtPer.rs (target/release/deps/TestMatrixChainMtPer-da289fe45677bd9d)

running 20 tests
test test_clone ... ok
test test_dimension_consistency ... ok
test test_dimensions ... ok
test test_empty_chain ... ok
test test_equality ... ok
test test_display ... ok
test test_four_matrices ... ok
test test_from_dim_pairs ... ok
test test_from_dimensions ... ok
test test_large_chain ... ok
test test_concurrent_reads ... ok
test test_matrixchainmtperlit_macro_functionality ... ok
test test_matrixdim_clone ... ok
test test_new ... ok
test test_num_matrices ... ok
test test_optimal_cost_three_matrices ... ok
test test_optimal_cost_two_matrices ... ok
test test_persistent_semantics ... ok
test test_single_matrix ... ok
test test_parallel_execution ... ok

test result: ok. 20 passed; 0 failed; 0 ignored; 0 measured; 0 filtered out; finished in 0.00s

     Running tests/Chap50/TestMatrixChainStEph.rs (target/release/deps/TestMatrixChainStEph-08864e768a77e3d7)

running 18 tests
test test_display_matrix_chain ... ok
test test_display_matrix_dim ... ok
test test_from_dim_pairs ... ok
test test_into_iterator_ref ... ok
test test_macro_empty ... ok
test test_into_iterator_mut_ref ... ok
test test_macro_with_dims ... ok
test test_matrix_chain_st_eph_empty ... ok
test test_matrix_chain_st_eph_iteration ... ok
test test_matrix_chain_st_eph_mutation ... ok
test test_matrix_chain_st_eph_single_matrix ... ok
test test_memoization ... ok
test test_optimal_cost_four_matrices ... ok
test test_optimal_cost_three_matrices ... ok
test test_optimal_cost_two_matrices ... ok
test test_update_dimension ... ok
test test_set_dimension_out_of_bounds - should panic ... ok
test test_update_dimension_out_of_bounds - should panic ... ok

test result: ok. 18 passed; 0 failed; 0 ignored; 0 measured; 0 filtered out; finished in 0.00s

     Running tests/Chap50/TestMatrixChainStPer.rs (target/release/deps/TestMatrixChainStPer-bba17ec48bfe8213)

running 14 tests
test test_into_iter_by_ref ... ok
test test_dimensions_accessor ... ok
test test_matrix_chain_display ... ok
test test_matrix_chain_large_example ... ok
test test_matrix_chain_macro ... ok
test test_matrix_chain_multiply_cost ... ok
test test_matrix_chain_st_per_empty ... ok
test test_matrix_chain_st_per_from_dim_pairs ... ok
test test_matrix_chain_st_per_iteration ... ok
test test_matrix_chain_st_per_single_matrix ... ok
test test_matrix_chain_st_per_three_matrices ... ok
test test_matrix_chain_st_per_two_matrices ... ok
test test_matrix_dim_display ... ok
test test_memo_size ... ok

test result: ok. 14 passed; 0 failed; 0 ignored; 0 measured; 0 filtered out; finished in 0.00s

     Running tests/Chap28/TestMaxContigSubSumBruteStEph.rs (target/release/deps/TestMaxContigSubSumBruteStEph-be31c4ced3c4f0df)

running 9 tests
test test_all_negative ... ok
test test_all_positive ... ok
test test_empty ... ok
test test_ends_negative ... ok
test test_single_negative ... ok
test test_example_from_book ... ok
test test_single_positive ... ok
test test_starts_negative ... ok
test test_zero_elements ... ok

test result: ok. 9 passed; 0 failed; 0 ignored; 0 measured; 0 filtered out; finished in 0.00s

     Running tests/Chap28/TestMaxContigSubSumDivConMtEph.rs (target/release/deps/TestMaxContigSubSumDivConMtEph-f1e9aa18cfda4511)

running 6 tests
test test_all_negative ... ok
test test_all_positive ... ok
test test_crossing_middle ... ok
test test_empty ... ok
test test_example_from_book ... ok
test test_single_positive ... ok

test result: ok. 6 passed; 0 failed; 0 ignored; 0 measured; 0 filtered out; finished in 0.00s

     Running tests/Chap28/TestMaxContigSubSumDivConOptMtEph.rs (target/release/deps/TestMaxContigSubSumDivConOptMtEph-4a21e2dca374e644)

running 6 tests
test test_all_negative ... ok
test test_all_positive ... ok
test test_empty ... ok
test test_example_from_book ... ok
test test_larger_example ... ok
test test_single_positive ... ok

test result: ok. 6 passed; 0 failed; 0 ignored; 0 measured; 0 filtered out; finished in 0.00s

     Running tests/Chap28/TestMaxContigSubSumDivConOptStEph.rs (target/release/deps/TestMaxContigSubSumDivConOptStEph-a23307fd5467aed5)

running 6 tests
test test_all_negative ... ok
test test_all_positive ... ok
test test_empty ... ok
test test_example_from_book ... ok
test test_larger_example ... ok
test test_single_positive ... ok

test result: ok. 6 passed; 0 failed; 0 ignored; 0 measured; 0 filtered out; finished in 0.00s

     Running tests/Chap28/TestMaxContigSubSumDivConStEph.rs (target/release/deps/TestMaxContigSubSumDivConStEph-cbd98d4356a51ba5)

running 6 tests
test test_all_negative ... ok
test test_all_positive ... ok
test test_crossing_middle ... ok
test test_empty ... ok
test test_single_positive ... ok
test test_example_from_book ... ok

test result: ok. 6 passed; 0 failed; 0 ignored; 0 measured; 0 filtered out; finished in 0.00s

     Running tests/Chap28/TestMaxContigSubSumIterStEph.rs (target/release/deps/TestMaxContigSubSumIterStEph-6446a622a083cf1e)

running 9 tests
test test_all_negative ... ok
test test_all_positive ... ok
test test_example_from_book ... ok
test test_empty ... ok
test test_ends_negative ... ok
test test_larger_example ... ok
test test_single_negative ... ok
test test_single_positive ... ok
test test_starts_negative ... ok

test result: ok. 9 passed; 0 failed; 0 ignored; 0 measured; 0 filtered out; finished in 0.00s

     Running tests/Chap28/TestMaxContigSubSumOptMtEph.rs (target/release/deps/TestMaxContigSubSumOptMtEph-57ca29e7220ae352)

running 6 tests
test test_all_negative ... ok
test test_all_positive ... ok
test test_empty ... ok
test test_larger_example ... ok
test test_example_from_book ... ok
test test_single_positive ... ok

test result: ok. 6 passed; 0 failed; 0 ignored; 0 measured; 0 filtered out; finished in 0.00s

     Running tests/Chap28/TestMaxContigSubSumOptStEph.rs (target/release/deps/TestMaxContigSubSumOptStEph-2741bf665cdaccf3)

running 6 tests
test test_all_negative ... ok
test test_all_positive ... ok
test test_example_from_book ... ok
test test_empty ... ok
test test_larger_example ... ok
test test_single_positive ... ok

test result: ok. 6 passed; 0 failed; 0 ignored; 0 measured; 0 filtered out; finished in 0.00s

     Running tests/Chap28/TestMaxContigSubSumReducedMcsseStEph.rs (target/release/deps/TestMaxContigSubSumReducedMcsseStEph-9e3d86461d0fcaa0)

running 9 tests
test test_all_negative ... ok
test test_ends_negative ... ok
test test_example_from_book ... ok
test test_larger_example ... ok
test test_single_negative ... ok
test test_all_positive ... ok
test test_single_positive ... ok
test test_empty ... ok
test test_starts_negative ... ok

test result: ok. 9 passed; 0 failed; 0 ignored; 0 measured; 0 filtered out; finished in 0.00s

     Running tests/Chap28/TestMaxContigSubSumReducedStEph.rs (target/release/deps/TestMaxContigSubSumReducedStEph-f0b06f78024c0747)

running 5 tests
test test_all_negative ... ok
test test_all_positive ... ok
test test_empty ... ok
test test_example_from_book ... ok
test test_single_positive ... ok

test result: ok. 5 passed; 0 failed; 0 ignored; 0 measured; 0 filtered out; finished in 0.00s

     Running tests/Chap26/TestMergeSortMtPer.rs (target/release/deps/TestMergeSortMtPer-ca11125f01863b60)

running 10 tests
test test_merge_parallel_empty_left ... ok
test test_merge_parallel_empty_right ... ok
test test_merge_sort_parallel_empty ... ok
test test_merge_sort_parallel_single ... ok
test test_merge_parallel ... ok
test test_merge_sort_parallel_sorted ... ok
test test_merge_sort_parallel_all_same ... ok
test test_merge_sort_parallel_reverse ... ok
test test_merge_sort_parallel_duplicates ... ok
test test_merge_sort_parallel_large ... ok

test result: ok. 10 passed; 0 failed; 0 ignored; 0 measured; 0 filtered out; finished in 0.01s

     Running tests/Chap26/TestMergeSortStPer.rs (target/release/deps/TestMergeSortStPer-912f693444d13070)

running 8 tests
test test_merge_empty ... ok
test test_merge_one_empty ... ok
test test_merge_sort_duplicates ... ok
test test_merge_sort_reverse ... ok
test test_merge_sort_empty ... ok
test test_merge_sort_single ... ok
test test_merge_sort_sorted ... ok
test test_merge_sorted ... ok

test result: ok. 8 passed; 0 failed; 0 ignored; 0 measured; 0 filtered out; finished in 0.00s

     Running tests/Chap49/TestMinEditDistMtEph.rs (target/release/deps/TestMinEditDistMtEph-ad35839c9e8eb562)

running 22 tests
test test_constructors ... ok
test test_display_trait ... ok
test test_getters ... ok
test test_identical_sequences ... ok
test test_mutable_getters ... ok
test test_clear_memo ... ok
test test_min_edit_distance_mt_eph_empty ... ok
test test_min_edit_distance_mt_eph_mutation ... ok
test test_prefix_match ... ok
test test_single_insert ... ok
test test_macro_usage ... ok
test test_suffix_match ... ok
test test_single_substitute ... ok
test test_with_integers ... ok
test test_memo_size ... ok
test test_multiple_calls ... ok
test test_set_methods ... ok
test test_single_delete ... ok
test test_kitten_to_sitting ... ok
test test_completely_different ... ok
test test_min_edit_distance_mt_eph_basic ... ok
test test_mutation_clears_cache ... ok

test result: ok. 22 passed; 0 failed; 0 ignored; 0 measured; 0 filtered out; finished in 0.00s

     Running tests/Chap49/TestMinEditDistMtPer.rs (target/release/deps/TestMinEditDistMtPer-4a220a18a4cae13e)

running 13 tests
test test_min_edit_distance_mt_per_display ... ok
test test_min_edit_distance_mt_per_empty ... ok
test test_min_edit_distance_mt_per_identical ... ok
test test_min_edit_distance_mt_per_partial_eq ... ok
test test_min_edit_distance_mt_per_target_getter ... ok
test test_min_edit_distance_mt_per_source_getter ... ok
test test_min_edit_distance_mt_per_single_char ... ok
test test_min_edit_distance_mt_per_from_sequences ... ok
test test_min_edit_distance_mt_per_new ... ok
test test_min_edit_distance_mt_per_completely_different ... ok
test test_min_edit_distance_mt_per_clone ... ok
test test_min_edit_distance_mt_per_basic ... ok
test test_min_edit_distance_mt_per_memo_size ... ok

test result: ok. 13 passed; 0 failed; 0 ignored; 0 measured; 0 filtered out; finished in 0.00s

     Running tests/Chap49/TestMinEditDistStEph.rs (target/release/deps/TestMinEditDistStEph-665d2142e55a3d40)

running 20 tests
test test_completely_different ... ok
test test_display ... ok
test test_empty_sequences ... ok
test test_empty_source ... ok
test test_empty_target ... ok
test test_from_sequences ... ok
test test_identical_sequences ... ok
test test_into_iterator ... ok
test test_into_iterator_mut_ref ... ok
test test_into_iterator_ref ... ok
test test_longer_sequences ... ok
test test_macro_empty ... ok
test test_memoization ... ok
test test_min_edit_distance_eph_mutation ... ok
test test_min_edit_distance_st_eph_basic ... ok
test test_new ... ok
test test_set_source_clears_memo ... ok
test test_set_target_clears_memo ... ok
test test_source_target_getters ... ok
test test_source_target_mut ... ok

test result: ok. 20 passed; 0 failed; 0 ignored; 0 measured; 0 filtered out; finished in 0.00s

     Running tests/Chap49/TestMinEditDistStPer.rs (target/release/deps/TestMinEditDistStPer-d871ab1b1fde90ea)

running 19 tests
test test_completely_different ... ok
test test_display ... ok
test test_from_sequences ... ok
test test_into_iterator ... ok
test test_into_iterator_ref ... ok
test test_identical_sequences ... ok
test test_longer_sequences ... ok
test test_macro_empty ... ok
test test_memo_size ... ok
test test_min_edit_distance_st_per_basic ... ok
test test_min_edit_distance_st_per_example_49_3 ... ok
test test_min_edit_distance_st_per_single_operations ... ok
test test_multiple_calls ... ok
test test_new ... ok
test test_persistent_immutability ... ok
test test_prefix_suffix ... ok
test test_single_char_difference ... ok
test test_source_target_getters ... ok
test test_with_integers ... ok

test result: ok. 19 passed; 0 failed; 0 ignored; 0 measured; 0 filtered out; finished in 0.00s

     Running tests/Chap50/TestOBSTMtEph.rs (target/release/deps/TestOBSTMtEph-efa54e03c297f646)

running 25 tests
test test_clone ... ok
test test_display ... ok
test test_empty_tree ... ok
test test_from_keys_probs ... ok
test test_from_key_probs ... ok
test test_equality ... ok
test test_into_iter ... ok
test test_into_iter_ref ... ok
test test_clear_memo ... ok
test test_keyprob_display ... ok
test test_keys_method ... ok
test test_new ... ok
test test_num_keys ... ok
test test_memo_size ... ok
test test_num_keys_method ... ok
test test_optimal_cost_single_key ... ok
test test_obstmtephlit_macro_functionality ... ok
test test_set_key_prob ... ok
test test_update_prob ... ok
test test_skewed_probabilities ... ok
test test_parallel_execution ... ok
test test_uniform_probabilities ... ok
test test_optimal_cost_two_keys ... ok
test test_optimal_cost_three_keys ... ok
test test_large_tree ... ok

test result: ok. 25 passed; 0 failed; 0 ignored; 0 measured; 0 filtered out; finished in 0.00s

     Running tests/Chap50/TestOBSTMtPer.rs (target/release/deps/TestOBSTMtPer-6a7d47079b190b6e)

running 14 tests
test test_keyprob_display ... ok
test test_obst_display ... ok
test test_obst_empty ... ok
test test_obst_equality ... ok
test test_obst_iterability ... ok
test test_obst_single_key ... ok
test test_obst_skewed_probabilities ... ok
test test_obst_from_key_probs ... ok
test test_obst_from_keys_probs ... ok
test test_obst_two_keys ... ok
test test_obst_three_keys ... ok
test test_obst_five_keys ... ok
test test_obst_memo_cache ... ok
test test_obst_four_keys_equal_probs ... ok

test result: ok. 14 passed; 0 failed; 0 ignored; 0 measured; 0 filtered out; finished in 0.00s

     Running tests/Chap50/TestOptBinSearchTreeStEph.rs (target/release/deps/TestOptBinSearchTreeStEph-0d7f3aebd33a49ad)

running 18 tests
test test_display_key_prob ... ok
test test_display_obst ... ok
test test_from_key_probs ... ok
test test_four_keys ... ok
test test_into_iterator ... ok
test test_into_iterator_mut_ref ... ok
test test_into_iterator_ref ... ok
test test_keys_getter ... ok
test test_keys_mut ... ok
test test_macro_empty ... ok
test test_memoization ... ok
test test_obst_st_eph_empty ... ok
test test_obst_st_eph_single_key ... ok
test test_obst_st_eph_mutation ... ok
test test_set_key_prob ... ok
test test_three_keys ... ok
test test_two_keys ... ok
test test_update_prob ... ok

test result: ok. 18 passed; 0 failed; 0 ignored; 0 measured; 0 filtered out; finished in 0.00s

     Running tests/Chap50/TestOptBinSearchTreeStPer.rs (target/release/deps/TestOptBinSearchTreeStPer-c7c93ca963105ff3)

running 12 tests
test test_obst_macro ... ok
test test_obst_st_per_display ... ok
test test_obst_st_per_empty ... ok
test test_obst_st_per_from_key_probs ... ok
test test_obst_st_per_into_iter_owned ... ok
test test_obst_st_per_into_iter_ref ... ok
test test_obst_st_per_key_prob_display ... ok
test test_obst_st_per_keys_getter ... ok
test test_obst_st_per_memo_size ... ok
test test_obst_st_per_single_key ... ok
test test_obst_st_per_three_keys ... ok
test test_obst_st_per_two_keys ... ok

test result: ok. 12 passed; 0 failed; 0 ignored; 0 measured; 0 filtered out; finished in 0.00s

     Running tests/Chap41/TestOrdKeyMap.rs (target/release/deps/TestOrdKeyMap-1779ed8bb187c245)

running 86 tests
test test_ordkeymap_clone_empty ... ok
test test_ordkeymap_clone_equals_original ... ok
test test_ordkeymap_collect_after_filter ... ok
test test_ordkeymap_clone_modify_clone_no_effect_on_original ... ok
test test_ordkeymap_clone_filter_map_values_independent ... ok
test test_ordkeymap_collect_empty ... ok
test test_ordkeymap_collect_singleton ... ok
test test_ordkeymap_collect_sorted_order ... ok
test test_ordkeymap_collect_values_correct ... ok
test test_ordkeymap_collect_roundtrip ... ok
test test_ordkeymap_delete ... ok
test test_ordkeymap_delete_nonexistent ... ok
test test_ordkeymap_filter_by_value ... ok
test test_ordkeymap_filter_empty_map ... ok
test test_ordkeymap_filter_keep_all ... ok
test test_ordkeymap_filter_keep_none ... ok
test test_ordkeymap_filter_keep_some ... ok
test test_ordkeymap_first_key_empty ... ok
test test_ordkeymap_first_key_is_minimum ... ok
test test_ordkeymap_first_key_multiple ... ok
test test_ordkeymap_first_key_singleton ... ok
test test_ordkeymap_first_last_key_singleton_equal ... ok
test test_ordkeymap_get_key_range_all_keys ... ok
test test_ordkeymap_get_key_range_empty_map ... ok
test test_ordkeymap_get_key_range_exact_boundaries ... ok
test test_ordkeymap_get_key_range_no_keys_in_bounds ... ok
test test_ordkeymap_get_key_range_subset ... ok
test test_ordkeymap_get_key_range_values_preserved ... ok
test test_ordkeymap_insert_find ... ok
test test_ordkeymap_insert_overwrite ... ok
test test_ordkeymap_intersect_with_disjoint ... ok
test test_ordkeymap_intersect_with_empty ... ok
test test_ordkeymap_intersect_with_left_wins ... ok
test test_ordkeymap_intersect_with_overlap_sum ... ok
test test_ordkeymap_last_key_empty ... ok
test test_ordkeymap_last_key_is_maximum ... ok
test test_ordkeymap_last_key_multiple ... ok
test test_ordkeymap_last_key_singleton ... ok
test test_ordkeymap_map_values_double ... ok
test test_ordkeymap_map_values_empty ... ok
test test_ordkeymap_map_values_key_dependent ... ok
test test_ordkeymap_map_values_keys_unchanged ... ok
test test_ordkeymap_new_empty ... ok
test test_ordkeymap_next_key_after_all ... ok
test test_ordkeymap_next_key_basic ... ok
test test_ordkeymap_next_key_before_all ... ok
test test_ordkeymap_next_key_between_keys ... ok
test test_ordkeymap_next_key_empty ... ok
test test_ordkeymap_next_key_last_element ... ok
test test_ordkeymap_prev_key_after_all ... ok
test test_ordkeymap_next_prev_walk ... ok
test test_ordkeymap_prev_key_before_all ... ok
test test_ordkeymap_prev_key_basic ... ok
test test_ordkeymap_prev_key_between_keys ... ok
test test_ordkeymap_prev_key_empty ... ok
test test_ordkeymap_prev_key_first_element ... ok
test test_ordkeymap_rank_key_empty ... ok
test test_ordkeymap_rank_key_basic ... ok
test test_ordkeymap_rank_key_missing ... ok
test test_ordkeymap_rank_select_roundtrip ... ok
test test_ordkeymap_reduce_empty ... ok
test test_ordkeymap_reduce_after_map_values ... ok
test test_ordkeymap_reduce_max ... ok
test test_ordkeymap_reduce_singleton ... ok
test test_ordkeymap_reduce_sum ... ok
test test_ordkeymap_select_key_basic ... ok
test test_ordkeymap_select_key_empty ... ok
test test_ordkeymap_select_key_out_of_range ... ok
test test_ordkeymap_split ... ok
test test_ordkeymap_split_missing_key ... ok
test test_ordkeymap_split_rank_key_at_middle ... ok
test test_ordkeymap_split_rank_key_at_size ... ok
test test_ordkeymap_split_rank_key_at_zero ... ok
test test_ordkeymap_split_rank_key_disjoint_doms ... ok
test test_ordkeymap_split_rank_key_ordering ... ok
test test_ordkeymap_split_rank_key_singleton_left ... ok
test test_ordkeymap_split_rank_key_sizes_sum ... ok
test test_ordkeymap_union_with_disjoint ... ok
test test_ordkeymap_union_with_empty_left ... ok
test test_ordkeymap_union_with_empty_right ... ok
test test_ordkeymap_union_with_overlap_left_wins ... ok
test test_ordkeymap_union_with_overlap_right_wins ... ok
test test_ordkeymap_union_with_overlap_sum ... ok
test test_ordkeymap_stress_union_intersect ... ok
test test_ordkeymap_stress_insert_delete_find ... ok
test test_ordkeymap_stress_200_entries ... ok

test result: ok. 86 passed; 0 failed; 0 ignored; 0 measured; 0 filtered out; finished in 0.35s

     Running tests/Chap35/TestOrderStatSelectMtEph.rs (target/release/deps/TestOrderStatSelectMtEph-a6d306cd3dd0788b)

running 15 tests
test test_empty ... ok
test test_already_sorted ... ok
test test_duplicates ... ok
test test_mixed ... ok
test test_reverse_sorted ... ok
test test_out_of_bounds ... ok
test test_alternating_values ... ok
test test_single ... ok
test test_min_max_values ... ok
test test_two_elements ... ok
test test_select_median ... ok
test test_negative ... ok
test test_small ... ok
test test_concurrent_select ... ok
test test_large ... ok

test result: ok. 15 passed; 0 failed; 0 ignored; 0 measured; 0 filtered out; finished in 0.01s

     Running tests/Chap35/TestOrderStatSelectMtPer.rs (target/release/deps/TestOrderStatSelectMtPer-b5a9866ce6e8d118)

running 14 tests
test test_empty ... ok
test test_out_of_bounds ... ok
test test_select_median ... ok
test test_negative ... ok
test test_single ... ok
test test_already_sorted ... ok
test test_min_max_values ... ok
test test_two_elements ... ok
test test_duplicates ... ok
test test_reverse_sorted ... ok
test test_alternating_values ... ok
test test_mixed ... ok
test test_small ... ok
test test_large ... ok

test result: ok. 14 passed; 0 failed; 0 ignored; 0 measured; 0 filtered out; finished in 0.02s

     Running tests/Chap35/TestOrderStatSelectStEph.rs (target/release/deps/TestOrderStatSelectStEph-a6819bad640e6c65)

running 15 tests
test test_all_same_select_minimum ... ok
test test_alternating_two_values ... ok
test test_already_sorted ... ok
test test_duplicates ... ok
test test_empty ... ok
test test_min_max_values ... ok
test test_mixed ... ok
test test_negative ... ok
test test_large ... ok
test test_out_of_bounds_various_sizes ... ok
test test_reverse_sorted ... ok
test test_select_median ... ok
test test_single ... ok
test test_small ... ok
test test_two_elements ... ok

test result: ok. 15 passed; 0 failed; 0 ignored; 0 measured; 0 filtered out; finished in 0.00s

     Running tests/Chap35/TestOrderStatSelectStPer.rs (target/release/deps/TestOrderStatSelectStPer-60e0760d2bcf3bc7)

running 14 tests
test test_already_sorted ... ok
test test_alternating_values ... ok
test test_empty ... ok
test test_min_max_values ... ok
test test_duplicates ... ok
test test_negative ... ok
test test_mixed ... ok
test test_out_of_bounds ... ok
test test_reverse_sorted ... ok
test test_select_median ... ok
test test_single ... ok
test test_small ... ok
test test_two_elements ... ok
test test_large ... ok

test result: ok. 14 passed; 0 failed; 0 ignored; 0 measured; 0 filtered out; finished in 0.00s

     Running tests/Chap43/TestOrderedSetMtEph.rs (target/release/deps/TestOrderedSetMtEph-8bc852a9b7c547c6)

running 23 tests
test test_delete ... ok
test test_difference ... ok
test test_empty ... ok
test test_filter ... ok
test test_ephemeral_semantics ... ok
test test_first_and_last ... ok
test test_get_range ... ok
test test_insert_and_find ... ok
test test_intersection ... ok
test test_join ... ok
test test_next ... ok
test test_ordered_set_mt_eph_lit_macro ... ok
test test_previous ... ok
test test_rank ... ok
test test_select ... ok
test test_singleton ... ok
test test_split ... ok
test test_split_rank ... ok
test test_string_ordering ... ok
test test_union ... ok
test test_thread_safety ... ok
test test_parallel_operations ... ok
test test_large_dataset_performance ... ok

test result: ok. 23 passed; 0 failed; 0 ignored; 0 measured; 0 filtered out; finished in 0.00s

     Running tests/Chap43/TestOrderedSetStEph.rs (target/release/deps/TestOrderedSetStEph-1b4649751a7fed84)

running 21 tests
test test_delete ... ok
test test_difference ... ok
test test_empty ... ok
test test_filter ... ok
test test_ephemeral_semantics ... ok
test test_first_and_last ... ok
test test_from_sorted_elements ... ok
test test_get_range ... ok
test test_insert_and_find ... ok
test test_intersection ... ok
test test_join ... ok
test test_ordered_set_st_eph_lit_macro ... ok
test test_next ... ok
test test_previous ... ok
test test_rank ... ok
test test_singleton ... ok
test test_select ... ok
test test_split ... ok
test test_split_rank ... ok
test test_string_ordering ... ok
test test_union ... ok

test result: ok. 21 passed; 0 failed; 0 ignored; 0 measured; 0 filtered out; finished in 0.00s

     Running tests/Chap43/TestOrderedSetStPer.rs (target/release/deps/TestOrderedSetStPer-3715d07697877d65)

running 21 tests
test test_delete ... ok
test test_difference ... ok
test test_empty ... ok
test test_first_and_last ... ok
test test_filter ... ok
test test_from_sorted_elements ... ok
test test_get_range ... ok
test test_insert_and_find ... ok
test test_intersection ... ok
test test_join ... ok
test test_next ... ok
test test_ordered_set_st_per_lit_macro ... ok
test test_persistence ... ok
test test_previous ... ok
test test_rank ... ok
test test_select ... ok
test test_singleton ... ok
test test_split ... ok
test test_split_rank ... ok
test test_string_ordering ... ok
test test_union ... ok

test result: ok. 21 passed; 0 failed; 0 ignored; 0 measured; 0 filtered out; finished in 0.00s

     Running tests/Chap43/TestOrderedTableMtEph.rs (target/release/deps/TestOrderedTableMtEph-91c07ce7cea32381)

running 40 tests
test test_delete_nonexistent ... ok
test test_ordered_table_mt_eph_clone ... ok
test test_ordered_table_mt_eph_collect ... ok
test test_ordered_table_mt_eph_difference ... ok
test test_ordered_table_mt_eph_difference_empty ... ok
test test_ordered_table_mt_eph_delete ... ok
test test_ordered_table_mt_eph_domain ... ok
test test_ordered_table_mt_eph_domain_empty ... ok
test test_ordered_table_mt_eph_empty_operations ... ok
test test_ordered_table_mt_eph_ephemeral_semantics ... ok
test test_ordered_table_mt_eph_find ... ok
test test_ordered_table_mt_eph_first_key ... ok
test test_ordered_table_mt_eph_from_sorted_entries ... ok
test test_ordered_table_mt_eph_insert_and_lookup ... ok
test test_ordered_table_mt_eph_get_key_range ... ok
test test_ordered_table_mt_eph_intersection ... ok
test test_ordered_table_mt_eph_intersection_disjoint ... ok
test test_ordered_table_mt_eph_join_key ... ok
test test_ordered_table_mt_eph_last_key ... ok
test test_ordered_table_mt_eph_new ... ok
test test_ordered_table_mt_eph_next_key ... ok
test test_ordered_table_mt_eph_previous_key ... ok
test test_ordered_table_mt_eph_rank_key ... ok
test test_ordered_table_mt_eph_reduce_empty ... ok
test test_ordered_table_mt_eph_reduce_sum ... ok
test test_ordered_table_mt_eph_restrict ... ok
test test_ordered_table_mt_eph_restrict_empty_keys ... ok
test test_ordered_table_mt_eph_select_key ... ok
test test_ordered_table_mt_eph_singleton ... ok
test test_ordered_table_mt_eph_split_key ... ok
test test_ordered_table_mt_eph_split_rank_key ... ok
test test_ordered_table_mt_eph_subtract ... ok
test test_ordered_table_mt_eph_subtract_empty_keys ... ok
test test_ordered_table_mt_eph_tabulate ... ok
test test_ordered_table_mt_eph_tabulate_empty ... ok
test test_ordered_table_mt_eph_union ... ok
test test_ordered_table_mt_eph_union_empty ... ok
test test_ordered_table_mt_eph_thread_safety ... ok
test test_ordered_table_mt_eph_parallel_operations ... ok
test test_ordered_table_mt_eph_large_dataset_parallel ... ok

test result: ok. 40 passed; 0 failed; 0 ignored; 0 measured; 0 filtered out; finished in 0.04s

     Running tests/Chap43/TestOrderedTableMtPer.rs (target/release/deps/TestOrderedTableMtPer-08a4f590076ca7d0)

running 14 tests
test test_ordered_table_mt_per_delete ... ok
test test_ordered_table_mt_per_domain ... ok
test test_ordered_table_mt_per_insert_and_find ... ok
test test_ordered_table_mt_per_persistence ... ok
test test_ordered_table_mt_per_first_last_key ... ok
test test_ordered_table_mt_per_previous_next_key ... ok
test test_ordered_table_mt_per_new ... ok
test test_ordered_table_mt_per_filter ... ok
test test_ordered_table_mt_per_get_key_range ... ok
test test_ordered_table_mt_per_singleton ... ok
test test_ordered_table_mt_per_split_rank_key ... ok
test test_ordered_table_mt_per_rank_select_key ... ok
test test_ordered_table_mt_per_split_key ... ok
test test_ordered_table_mt_per_join_key ... ok

test result: ok. 14 passed; 0 failed; 0 ignored; 0 measured; 0 filtered out; finished in 0.00s

     Running tests/Chap43/TestOrderedTableStEph.rs (target/release/deps/TestOrderedTableStEph-1cbe557ff0230f89)

running 41 tests
test test_delete_nonexistent ... ok
test test_ordered_table_st_eph_clone ... ok
test test_ordered_table_st_eph_delete ... ok
test test_ordered_table_st_eph_collect ... ok
test test_ordered_table_st_eph_difference ... ok
test test_ordered_table_st_eph_difference_empty ... ok
test test_ordered_table_st_eph_domain_empty ... ok
test test_ordered_table_st_eph_domain ... ok
test test_ordered_table_st_eph_empty_operations ... ok
test test_ordered_table_st_eph_ephemeral_semantics ... ok
test test_ordered_table_st_eph_filter ... ok
test test_ordered_table_st_eph_find ... ok
test test_ordered_table_st_eph_first_key ... ok
test test_ordered_table_st_eph_from_sorted_entries ... ok
test test_ordered_table_st_eph_insert_and_lookup ... ok
test test_ordered_table_st_eph_get_key_range ... ok
test test_ordered_table_st_eph_intersection ... ok
test test_ordered_table_st_eph_intersection_disjoint ... ok
test test_ordered_table_st_eph_join_key ... ok
test test_ordered_table_st_eph_last_key ... ok
test test_ordered_table_st_eph_map ... ok
test test_ordered_table_st_eph_new ... ok
test test_ordered_table_st_eph_next_key ... ok
test test_ordered_table_st_eph_previous_key ... ok
test test_ordered_table_st_eph_rank_key ... ok
test test_ordered_table_st_eph_reduce ... ok
test test_ordered_table_st_eph_reduce_empty ... ok
test test_ordered_table_st_eph_reduce_sum ... ok
test test_ordered_table_st_eph_restrict ... ok
test test_ordered_table_st_eph_restrict_empty_keys ... ok
test test_ordered_table_st_eph_select_key ... ok
test test_ordered_table_st_eph_singleton ... ok
test test_ordered_table_st_eph_split_key ... ok
test test_ordered_table_st_eph_split_rank_key ... ok
test test_ordered_table_st_eph_subtract ... ok
test test_ordered_table_st_eph_subtract_empty_keys ... ok
test test_ordered_table_st_eph_tabulate ... ok
test test_ordered_table_st_eph_tabulate_empty ... ok
test test_ordered_table_st_eph_union ... ok
test test_ordered_table_st_eph_union_empty ... ok
test test_ordered_table_st_eph_large_dataset ... ok

test result: ok. 41 passed; 0 failed; 0 ignored; 0 measured; 0 filtered out; finished in 0.03s

     Running tests/Chap43/TestOrderedTableStPer.rs (target/release/deps/TestOrderedTableStPer-f98b522ccd5cafdd)

running 30 tests
test test_collect ... ok
test test_delete ... ok
test test_empty ... ok
test test_delete_nonexistent ... ok
test test_difference ... ok
test test_empty_operations ... ok
test test_first_key_and_last_key ... ok
test test_domain ... ok
test test_get_key_range ... ok
test test_insert_and_find ... ok
test test_insert_duplicate_key ... ok
test test_intersection ... ok
test test_filter ... ok
test test_join_key ... ok
test test_map ... ok
test test_ordered_table_st_per_lit_macro ... ok
test test_next_key ... ok
test test_persistence ... ok
test test_previous_key ... ok
test test_rank_key ... ok
test test_restrict ... ok
test test_singleton ... ok
test test_select_key ... ok
test test_split_key ... ok
test test_string_key_ordering ... ok
test test_split_rank_key ... ok
test test_subtract ... ok
test test_tabulate ... ok
test test_union ... ok
test test_large_dataset ... ok

test result: ok. 30 passed; 0 failed; 0 ignored; 0 measured; 0 filtered out; finished in 0.01s

     Running tests/Chap53/TestPQMinStEph.rs (target/release/deps/TestPQMinStEph-25137ae778c44445)

running 16 tests
test test_pq_min_custom_priority ... ok
test test_pq_min_binary_tree ... ok
test test_pq_min_complete_graph ... ok
test test_pq_min_cycle ... ok
test test_pq_min_empty_graph ... ok
test test_pq_min_diamond ... ok
test test_pq_min_dag ... ok
test test_pq_min_disconnected_graph ... ok
test test_pq_min_multi_disconnected ... ok
test test_pq_min_linear_chain ... ok
test test_pq_min_multi_source ... ok
test test_pq_min_priority_order ... ok
test test_pq_min_reversed_priority ... ok
test test_pq_min_self_loop ... ok
test test_pq_min_single_edge ... ok
test test_pq_min_star_graph ... ok

test result: ok. 16 passed; 0 failed; 0 ignored; 0 measured; 0 filtered out; finished in 0.00s

     Running tests/Chap53/TestPQMinStPer.rs (target/release/deps/TestPQMinStPer-ad85c4c483e4f098)

running 7 tests
test test_pq_min_cycle ... ok
test test_pq_min_empty_graph ... ok
test test_pq_min_dag ... ok
test test_pq_min_linear_chain ... ok
test test_pq_min_multi_source ... ok
test test_pq_min_priority_order ... ok
test test_pq_min_single_edge ... ok

test result: ok. 7 passed; 0 failed; 0 ignored; 0 measured; 0 filtered out; finished in 0.00s

     Running tests/Chap47/TestParaHashTableStEph.rs (target/release/deps/TestParaHashTableStEph-6316b6f130784c1b)

running 4 tests
test test_createtable ... ok
test test_loadandsize_empty ... ok
test test_metrics ... ok
test test_loadandsize_with_elements ... ok

test result: ok. 4 passed; 0 failed; 0 ignored; 0 measured; 0 filtered out; finished in 0.00s

     Running tests/Chap11/TestParaPairs.rs (target/release/deps/TestParaPairs-343c72bd67d6e9ea)

running 13 tests
test test_para_pair_heavy_compute ... ok
test test_para_pair_compute ... ok
test test_para_pair_closure_captures ... ok
test test_para_pair_max_values ... ok
test test_para_pair_strings ... ok
test test_set_parallelism ... ok
test test_para_pair_zero_values ... ok
test test_para_pair_different_types ... ok
test test_para_pair_simple ... ok
test test_para_pair_vec_results ... ok
test test_para_pair_bool_results ... ok
test test_para_pair_nested ... ok
test test_para_pair_option_results ... ok

test result: ok. 13 passed; 0 failed; 0 ignored; 0 measured; 0 filtered out; finished in 0.00s

     Running tests/Chap56/TestPathWeightUtilsStEph.rs (target/release/deps/TestPathWeightUtilsStEph-c192e35bee61a2b1)

running 5 tests
test test_path_weight_float_simple ... ok
test test_path_weight_int_negative ... ok
test test_validate_subpath_float ... ok
test test_path_weight_int_simple ... ok
test test_validate_subpath_int ... ok

test result: ok. 5 passed; 0 failed; 0 ignored; 0 measured; 0 filtered out; finished in 0.00s

     Running tests/Chap56/TestPathWeightUtilsStPer.rs (target/release/deps/TestPathWeightUtilsStPer-1c64bd3f0cf3f7ed)

running 5 tests
test test_path_weight_float_simple ... ok
test test_path_weight_int_negative ... ok
test test_path_weight_int_simple ... ok
test test_validate_subpath_float ... ok
test test_validate_subpath_int ... ok

test result: ok. 5 passed; 0 failed; 0 ignored; 0 measured; 0 filtered out; finished in 0.00s

     Running tests/Chap65/TestPrimStEph.rs (target/release/deps/TestPrimStEph-bd68e2e18614e8da)

running 0 tests

test result: ok. 0 passed; 0 failed; 0 ignored; 0 measured; 0 filtered out; finished in 0.00s

     Running tests/Chap23/TestPrimTreeSeqStPer.rs (target/release/deps/TestPrimTreeSeqStPer-c85da6ab70ef735f)

running 66 tests
test expose_one_returns_one ... ok
test expose_then_join_roundtrip ... ok
test expose_two_splits_sequence ... ok
test expose_zero_returns_zero ... ok
test join_two_concatenates_sequences ... ok
test join_zero_creates_empty_sequence ... ok
test test_append ... ok
test test_append_empty_left ... ok
test test_append_empty_right ... ok
test test_as_slice ... ok
test test_as_slice_view ... ok
test test_clone_functionality ... ok
test test_debug_format ... ok
test test_drop_all ... ok
test test_drop_none ... ok
test test_drop_some ... ok
test test_empty ... ok
test test_empty_constructor ... ok
test test_equality_comparison ... ok
test test_expose_edge_cases ... ok
test test_filter ... ok
test test_filter_all ... ok
test test_filter_none ... ok
test test_flatten_basic ... ok
test test_flatten_empty_outers ... ok
test test_flatten_with_empty_inner ... ok
test test_from_vec ... ok
test test_from_vec_constructor ... ok
test test_generic_expose_empty ... ok
test test_generic_expose_one ... ok
test test_generic_expose_two ... ok
test test_generic_length ... ok
test test_into_vec ... ok
test test_into_vec_conversion ... ok
test test_join_empty_sequences ... ok
test test_join_mixed_sizes ... ok
test test_join_one_variant ... ok
test test_large_sequence_expose_join ... ok
test test_length ... ok
test test_length_method ... ok
test test_map ... ok
test test_map_to_string ... ok
test test_nth ... ok
test test_singleton ... ok
test test_singleton_constructor ... ok
test test_subseq ... ok
test test_subseq_empty ... ok
test test_subseq_full ... ok
test test_tabulate ... ok
test test_tabulate_empty ... ok
test test_trait_as_slice ... ok
test test_trait_empty ... ok
test test_trait_expose_one ... ok
test test_trait_expose_two ... ok
test test_trait_expose_zero ... ok
test test_trait_from_vec ... ok
test test_trait_into_vec ... ok
test test_trait_join_one ... ok
test test_trait_join_two ... ok
test test_trait_join_zero ... ok
test test_trait_length ... ok
test test_trait_singleton ... ok
test test_tree_enum_equality ... ok
test test_update ... ok
test test_update_first ... ok
test test_update_last ... ok

test result: ok. 66 passed; 0 failed; 0 ignored; 0 measured; 0 filtered out; finished in 0.00s

     Running tests/Chap50/TestProbability.rs (target/release/deps/TestProbability-b1488b5164cb776c)

running 24 tests
test test_add ... ok
test test_clone ... ok
test test_copy_trait ... ok
test test_debug ... ok
test test_default ... ok
test test_display ... ok
test test_div ... ok
test test_eq ... ok
test test_from_f64 ... ok
test test_hash ... ok
test test_infinity ... ok
test test_infinity_operations ... ok
test test_into_f64 ... ok
test test_mul ... ok
test test_new ... ok
test test_ord ... ok
test test_ordering_equal ... ok
test test_ordering_greater ... ok
test test_ordering_less ... ok
test test_partial_cmp ... ok
test test_prob_macro ... ok
test test_sub ... ok
test test_zero ... ok
test test_zero_operations ... ok

test result: ok. 24 passed; 0 failed; 0 ignored; 0 measured; 0 filtered out; finished in 0.00s

     Running tests/Chap47/TestQuadProbFlatHashTable.rs (target/release/deps/TestQuadProbFlatHashTable-be134fef6e4d6409)

running 12 tests
test test_delete ... ok
test test_delete_maintains_probe_chain ... ok
test test_insert_and_lookup ... ok
test test_find_slot ... ok
test test_load_and_size ... ok
test test_lookup_stops_at_max_attempts ... ok
test test_prime_size_guarantees ... ok
test test_probe_quadratic_sequence ... ok
test test_resize_empty_table ... ok
test test_max_attempts_ceiling_m_over_2 ... ok
test test_resize_with_elements ... ok
test test_update_existing_key ... ok

test result: ok. 12 passed; 0 failed; 0 ignored; 0 measured; 0 filtered out; finished in 0.00s

     Running tests/Chap36/TestQuickSortMtEph.rs (target/release/deps/TestQuickSortMtEph-28bf99f8b0f8ea7e)

running 8 tests
test quick_sort_mt_all_same ... ok
test quick_sort_mt_preserves_multiset ... ok
test quick_sort_mt_variants_produce_sorted_output ... ok
test quick_sort_mt_three_elements_all_permutations ... ok
test quick_sort_mt_concurrent_execution ... ok
test quick_sort_mt_negative_values ... ok
test quick_sort_mt_edge_cases ... ok
test quick_sort_mt_large_inputs ... ok

test result: ok. 8 passed; 0 failed; 0 ignored; 0 measured; 0 filtered out; finished in 0.00s

     Running tests/Chap36/TestQuickSortMtEphSlice.rs (target/release/deps/TestQuickSortMtEphSlice-3011ef253fdea534)

running 0 tests

test result: ok. 0 passed; 0 failed; 0 ignored; 0 measured; 0 filtered out; finished in 0.00s

     Running tests/Chap36/TestQuickSortStEph.rs (target/release/deps/TestQuickSortStEph-af834b9c41457b67)

running 15 tests
test quick_sort_all_same_elements ... ok
test quick_sort_all_same_large ... ok
test quick_sort_alternating_high_low ... ok
test quick_sort_handles_edge_cases ... ok
test quick_sort_min_max_values ... ok
test quick_sort_negative_values ... ok
test quick_sort_organ_pipe ... ok
test quick_sort_plateau ... ok
test quick_sort_preserves_multiset ... ok
test quick_sort_large_ascending ... ok
test quick_sort_sorted_then_one_wrong ... ok
test quick_sort_three_elements_all_permutations ... ok
test quick_sort_two_elements_all_variants ... ok
test quick_sort_variants_produce_sorted_output ... ok
test quick_sort_large_descending ... ok

test result: ok. 15 passed; 0 failed; 0 ignored; 0 measured; 0 filtered out; finished in 0.00s

     Running tests/Chap27/TestReduceContractMtEph.rs (target/release/deps/TestReduceContractMtEph-816d022f2fa8fe16)

running 12 tests
test test_reduce_contract_parallel_empty ... ok
test test_reduce_contract_parallel_single ... ok
test test_reduce_contract_parallel_two_elements ... ok
test test_reduce_contract_parallel_min ... ok
test test_reduce_contract_parallel_max ... ok
test test_reduce_contract_parallel_sum ... ok
test test_reduce_contract_parallel_product ... ok
test test_reduce_contract_parallel_odd_length ... ok
test test_reduce_contract_parallel_even_length ... ok
test test_reduce_contract_parallel_three_elements ... ok
test test_reduce_contract_parallel_large ... ok
test test_reduce_contract_parallel_power_of_2 ... ok

test result: ok. 12 passed; 0 failed; 0 ignored; 0 measured; 0 filtered out; finished in 0.00s

     Running tests/Chap27/TestReduceContractStEph.rs (target/release/deps/TestReduceContractStEph-5dc440cc8c5beb21)

running 13 tests
test test_reduce_contract_all_same ... ok
test test_reduce_contract_empty ... ok
test test_reduce_contract_even_length ... ok
test test_reduce_contract_max ... ok
test test_reduce_contract_large ... ok
test test_reduce_contract_min ... ok
test test_reduce_contract_odd_length ... ok
test test_reduce_contract_power_of_2 ... ok
test test_reduce_contract_product ... ok
test test_reduce_contract_single ... ok
test test_reduce_contract_sum ... ok
test test_reduce_contract_three_elements ... ok
test test_reduce_contract_two_elements ... ok

test result: ok. 13 passed; 0 failed; 0 ignored; 0 measured; 0 filtered out; finished in 0.00s

     Running tests/Chap05/TestRelationStEph.rs (target/release/deps/TestRelationStEph-2a951ef0c2c6c8f2)

running 16 tests
test test_empty_relation_domain_range ... ok
test test_relation_clone ... ok
test test_relation_debug_display ... ok
test test_relation_domain_empty_edge ... ok
test test_relation_empty ... ok
test test_relation_domain_range_and_mem ... ok
test test_relation_equality ... ok
test test_relation_fromvec ... ok
test test_relation_iter ... ok
test test_relation_iterator_boundaries ... ok
test test_relation_mem_empty_edge ... ok
test test_relation_range_empty_edge ... ok
test test_relation_size ... ok
test test_relationlit_macro_direct ... ok
test test_relationlit_macro_functionality ... ok
test test_relation_maximum_size_boundary ... ok

test result: ok. 16 passed; 0 failed; 0 ignored; 0 measured; 0 filtered out; finished in 0.01s

     Running tests/Chap55/TestSCCStEph.rs (target/release/deps/TestSCCStEph-65ebe692cb9a6f15)

running 7 tests
test test_complex_graph ... ok
test test_linear_dag ... ok
test test_self_loop ... ok
test test_single_node ... ok
test test_simple_cycle ... ok
test test_two_nodes_no_edges ... ok
test test_two_separate_sccs ... ok

test result: ok. 7 passed; 0 failed; 0 ignored; 0 measured; 0 filtered out; finished in 0.00s

     Running tests/Chap55/TestSCCStPer.rs (target/release/deps/TestSCCStPer-b1d8a80b4cf297dd)

running 7 tests
test test_complex_graph ... ok
test test_linear_dag ... ok
test test_self_loop ... ok
test test_single_node ... ok
test test_simple_cycle ... ok
test test_two_nodes_no_edges ... ok
test test_two_separate_sccs ... ok

test result: ok. 7 passed; 0 failed; 0 ignored; 0 measured; 0 filtered out; finished in 0.00s

     Running tests/Chap56/TestSSSPResultStEphF64.rs (target/release/deps/TestSSSPResultStEphF64-0077c556b303594c)

running 5 tests
test test_extract_path ... ok
test test_extract_path_unreachable ... ok
test test_new ... ok
test test_set_distance ... ok
test test_set_predecessor ... ok

test result: ok. 5 passed; 0 failed; 0 ignored; 0 measured; 0 filtered out; finished in 0.00s

     Running tests/Chap56/TestSSSPResultStEphI64.rs (target/release/deps/TestSSSPResultStEphI64-d15d94dbc9cbd167)

running 9 tests
test test_distances_array ... ok
test test_extract_path ... ok
test test_extract_path_source ... ok
test test_is_reachable ... ok
test test_extract_path_unreachable ... ok
test test_new ... ok
test test_set_distance ... ok
test test_overwrite_distance ... ok
test test_set_predecessor ... ok

test result: ok. 9 passed; 0 failed; 0 ignored; 0 measured; 0 filtered out; finished in 0.00s

     Running tests/Chap56/TestSSSPResultStPerF64.rs (target/release/deps/TestSSSPResultStPerF64-eef55dfdeadebb04)

running 5 tests
test test_extract_path ... ok
test test_extract_path_unreachable ... ok
test test_new ... ok
test test_set_distance ... ok
test test_set_predecessor ... ok

test result: ok. 5 passed; 0 failed; 0 ignored; 0 measured; 0 filtered out; finished in 0.00s

     Running tests/Chap56/TestSSSPResultStPerI64.rs (target/release/deps/TestSSSPResultStPerI64-7dad89b1df90d0d6)

running 5 tests
test test_extract_path ... ok
test test_extract_path_unreachable ... ok
test test_new ... ok
test test_set_distance ... ok
test test_set_predecessor ... ok

test result: ok. 5 passed; 0 failed; 0 ignored; 0 measured; 0 filtered out; finished in 0.00s

     Running tests/Chap27/TestScanContractMtEph.rs (target/release/deps/TestScanContractMtEph-45ca10ea1194e6db)

running 11 tests
test test_scan_contract_parallel_empty ... ok
test test_scan_contract_parallel_single ... ok
test test_scan_contract_parallel_odd_length ... ok
test test_scan_contract_parallel_product ... ok
test test_scan_contract_parallel_even_length ... ok
test test_scan_contract_parallel_sum ... ok
test test_scan_contract_parallel_all_same ... ok
test test_scan_contract_parallel_three_elements ... ok
test test_scan_contract_parallel_two_elements ... ok
test test_scan_contract_parallel_large ... ok
test test_scan_contract_parallel_power_of_2 ... ok

test result: ok. 11 passed; 0 failed; 0 ignored; 0 measured; 0 filtered out; finished in 0.00s

     Running tests/Chap27/TestScanContractStEph.rs (target/release/deps/TestScanContractStEph-c1cf31c3df76df34)

running 12 tests
test test_scan_contract_empty ... ok
test test_scan_contract_all_same ... ok
test test_scan_contract_even_length ... ok
test test_scan_contract_max ... ok
test test_scan_contract_large ... ok
test test_scan_contract_odd_length ... ok
test test_scan_contract_power_of_2 ... ok
test test_scan_contract_product ... ok
test test_scan_contract_single ... ok
test test_scan_contract_sum ... ok
test test_scan_contract_three_elements ... ok
test test_scan_contract_two_elements ... ok

test result: ok. 12 passed; 0 failed; 0 ignored; 0 measured; 0 filtered out; finished in 0.00s

     Running tests/Chap26/TestScanDCMtPer.rs (target/release/deps/TestScanDCMtPer-4b909040a0d0f467)

running 5 tests
test test_prefix_sums_dc_parallel_empty ... ok
test test_prefix_sums_dc_parallel_singleton ... ok
test test_prefix_sums_dc_parallel_consecutive ... ok
test test_prefix_sums_dc_parallel_small ... ok
test test_prefix_sums_dc_parallel_large ... ok

test result: ok. 5 passed; 0 failed; 0 ignored; 0 measured; 0 filtered out; finished in 0.00s

     Running tests/Chap26/TestScanDCStPer.rs (target/release/deps/TestScanDCStPer-c8ca724ce1551dba)

running 6 tests
test test_prefix_sums_dc_consecutive ... ok
test test_prefix_sums_dc_singleton ... ok
test test_prefix_sums_dc_empty ... ok
test test_prefix_sums_dc_small ... ok
test test_prefix_sums_dc_tabulate ... ok
test test_prefix_sums_dc_large ... ok

test result: ok. 6 passed; 0 failed; 0 ignored; 0 measured; 0 filtered out; finished in 0.00s

     Running tests/Chap05/TestSetMtEph.rs (target/release/deps/TestSetMtEph-d3a5fa9eff8e2d35)

running 14 tests
test test_set_basic ... ok
test test_set_empty ... ok
test test_cartesian_product ... ok
test test_set_intersection_disjoint ... ok
test test_set_iter ... ok
test test_set_large_intersection ... ok
test test_set_large_union ... ok
test test_set_union ... ok
test test_set_union_with_empty ... ok
test test_set_intersection ... ok
test test_set_from_vec_deduplicates ... ok
test test_set_insert ... ok
test test_cartesian_product_empty ... ok
test test_cartesian_product_larger ... ok

test result: ok. 14 passed; 0 failed; 0 ignored; 0 measured; 0 filtered out; finished in 0.00s

     Running tests/Chap05/TestSetStEph.rs (target/release/deps/TestSetStEph-95f927270ffd7fce)

running 33 tests
test test_cartesian_product_empty_edge ... ok
test test_cartesian_product_example_5_1 ... ok
test test_debug_trait ... ok
test test_display_trait ... ok
test test_empty_set_intersection ... ok
test test_empty_set_union ... ok
test test_partition_example_5_2_false_due_to_overlap ... ok
test test_partition_example_5_2_true ... ok
test test_partition_false_due_to_missing_element ... ok
test test_set_empty ... ok
test test_set_fromvec ... ok
test test_set_insert ... ok
test test_set_intersection ... ok
test test_set_iter ... ok
test test_set_iterator_boundaries ... ok
test test_set_mem_comprehensive ... ok
test test_set_single_element_boundary ... ok
test test_set_size_comprehensive ... ok
test test_set_singleton ... ok
test test_set_union ... ok
test test_setlit_macro_direct ... ok
test test_setlit_macro_functionality ... ok
test test_setlit_macro_type_safety ... ok
test test_trait_cartesian_product ... ok
test test_trait_empty ... ok
test test_trait_from_vec ... ok
test test_trait_insert ... ok
test test_trait_intersection ... ok
test test_trait_partition ... ok
test test_trait_singleton ... ok
test test_trait_union ... ok
test test_set_large_operations_stress ... ok
test test_set_maximum_size_boundary ... ok

test result: ok. 33 passed; 0 failed; 0 ignored; 0 measured; 0 filtered out; finished in 0.12s

     Running tests/Chap45/TestSortedListPQ.rs (target/release/deps/TestSortedListPQ-26103f6288453d44)

running 38 tests
test test_debug_trait ... ok
test test_delete_min_from_empty ... ok
test test_delete_max ... ok
test test_delete_min ... ok
test test_empty_priority_queue ... ok
test test_duplicate_elements ... ok
test test_delete_min_from_singleton ... ok
test test_extract_all_sorted ... ok
test test_default_trait ... ok
test test_display_trait ... ok
test test_from_empty_seq ... ok
test test_equality ... ok
test test_find_max ... ok
test test_from_seq ... ok
test test_from_seq_with_duplicates ... ok
test test_from_vec ... ok
test test_insert_all ... ok
test test_insert_and_find_min ... ok
test test_insert_maintains_order ... ok
test test_is_sorted ... ok
test test_macro_with_values ... ok
test test_large_sequence ... ok
test test_meld_large_queues ... ok
test test_meld_priority_queues ... ok
test test_meld_same_elements ... ok
test test_meld_with_empty ... ok
test test_mixed_positive_negative ... ok
test test_multiple_inserts_and_deletes ... ok
test test_negative_numbers ... ok
test test_persistent_nature ... ok
test test_singleton_priority_queue ... ok
test test_sortedlistpqlit_macro_functionality ... ok
test test_string_elements ... ok
test test_to_seq_conversion ... ok
test test_to_seq_empty ... ok
test test_to_sorted_vec ... ok
test test_to_vec ... ok
test test_zero_value ... ok

test result: ok. 38 passed; 0 failed; 0 ignored; 0 measured; 0 filtered out; finished in 0.00s

     Running tests/Chap64/TestSpanTreeMtEph.rs (target/release/deps/TestSpanTreeMtEph-79848d62c5d5e055)

running 0 tests

test result: ok. 0 passed; 0 failed; 0 ignored; 0 measured; 0 filtered out; finished in 0.00s

     Running tests/Chap64/TestSpanTreeStEph.rs (target/release/deps/TestSpanTreeStEph-479c56bd8258f294)

running 24 tests
test test_spanning_tree_barbell ... ok
test test_spanning_tree_binary_tree_topology ... ok
test test_spanning_tree_complete_5 ... ok
test test_spanning_tree_connected ... ok
test test_spanning_tree_complete_graph_4 ... ok
test test_spanning_tree_cycle ... ok
test test_spanning_tree_disconnected_pair ... ok
test test_spanning_tree_double_cycle ... ok
test test_spanning_tree_empty ... ok
test test_spanning_tree_grid_2x3 ... ok
test test_spanning_tree_path_graph ... ok
test test_spanning_tree_large_path ... ok
test test_spanning_tree_petersen_like ... ok
test test_spanning_tree_large_cycle ... ok
test test_spanning_tree_single_vertex ... ok
test test_spanning_tree_three_isolated ... ok
test test_spanning_tree_star_graph ... ok
test test_spanning_tree_triangle ... ok
test test_spanning_tree_two_vertices ... ok
test test_spanning_tree_wheel_graph ... ok
test test_verify_spanning_tree ... ok
test test_verify_spanning_tree_empty_tree_on_connected ... ok
test test_verify_spanning_tree_too_many_edges ... ok
test test_verify_spanning_tree_wrong_edge ... ok

test result: ok. 24 passed; 0 failed; 0 ignored; 0 measured; 0 filtered out; finished in 0.00s

     Running tests/Chap57/TestStackStEph.rs (target/release/deps/TestStackStEph-22712a7dce00f1e4)

running 18 tests
test test_default_trait ... ok
test test_clone ... ok
test test_empty_after_drain ... ok
test test_large_stack ... ok
test test_display ... ok
test test_multiple_operations ... ok
test test_lifo_order ... ok
test test_new_stack_is_empty ... ok
test test_peek ... ok
test test_peek_does_not_change_size ... ok
test test_pop_from_empty ... ok
test test_push_and_pop ... ok
test test_push_pop_interleave ... ok
test test_push_pop_interleaved ... ok
test test_push_pop_one_by_one ... ok
test test_push_single_element ... ok
test test_size_tracking ... ok
test test_string_stack ... ok

test result: ok. 18 passed; 0 failed; 0 ignored; 0 measured; 0 filtered out; finished in 0.00s

     Running tests/Chap62/TestStarContractionMtEph.rs (target/release/deps/TestStarContractionMtEph-3c02167a8e1786fb)

running 9 tests
test test_empty_graph_contraction_mt ... ok
test test_single_vertex_mt ... ok
test test_single_edge_mt ... ok
test test_triangle_mt ... ok
test test_complete_graph_mt ... ok
test test_contract_to_vertices_mt_cycle ... ok
test test_path_graph_mt ... ok
test test_determinism_mt ... ok
test test_large_cycle_mt ... ok

test result: ok. 9 passed; 0 failed; 0 ignored; 0 measured; 0 filtered out; finished in 0.01s

     Running tests/Chap62/TestStarContractionStEph.rs (target/release/deps/TestStarContractionStEph-aaffa46cd20c916f)

running 11 tests
test test_complete_graph_contraction ... ok
test test_contract_to_vertices_cycle ... ok
test test_contract_with_base_expand ... ok
test test_disconnected_contraction ... ok
test test_empty_graph_contraction ... ok
test test_large_cycle_contraction ... ok
test test_single_edge_contraction ... ok
test test_path_contraction ... ok
test test_single_vertex_contraction ... ok
test test_star_graph_contraction ... ok
test test_triangle_contraction ... ok

test result: ok. 11 passed; 0 failed; 0 ignored; 0 measured; 0 filtered out; finished in 0.00s

     Running tests/Chap62/TestStarPartitionMtEph.rs (target/release/deps/TestStarPartitionMtEph-7f6624c17edc1cbf)

running 7 tests
test test_single_vertex_mt ... ok
test test_empty_graph_mt ... ok
test test_parallel_star_partition_cycle ... ok
test test_complete_graph_mt ... ok
test test_partition_validity ... ok
test test_parallel_star_partition_star ... ok
test test_determinism ... ok

test result: ok. 7 passed; 0 failed; 0 ignored; 0 measured; 0 filtered out; finished in 0.00s

     Running tests/Chap62/TestStarPartitionStEph.rs (target/release/deps/TestStarPartitionStEph-71ad1b6a3894b8c6)

running 12 tests
test test_complete_graph ... ok
test test_empty_graph ... ok
test test_partition_properties ... ok
test test_large_cycle ... ok
test test_path_graph ... ok
test test_single_vertex ... ok
test test_sequential_star_partition_cycle ... ok
test test_sequential_star_partition_star ... ok
test test_three_isolated ... ok
test test_two_vertices_connected ... ok
test test_two_vertices_disconnected ... ok
test test_wheel_graph ... ok

test result: ok. 12 passed; 0 failed; 0 ignored; 0 measured; 0 filtered out; finished in 0.00s

     Running tests/Chap47/TestStructChainedHashTable.rs (target/release/deps/TestStructChainedHashTable-07539e9542764f0c)

running 16 tests
test test_chainlist_default ... ok
test test_chainlist_delete ... ok
test test_chainlist_delete_all ... ok
test test_chainlist_delete_head ... ok
test test_chainlist_delete_not_found ... ok
test test_chainlist_insert ... ok
test test_chainlist_insert_multiple ... ok
test test_chainlist_new ... ok
test test_chainlist_update ... ok
test test_node_clone ... ok
test test_struct_chained_delete ... ok
test test_struct_chained_insert_lookup ... ok
test test_struct_chained_lookup_nonexistent ... ok
test test_struct_chained_overwrite ... ok
test test_struct_chained_resize ... ok
test test_struct_chained_many_elements ... ok

test result: ok. 16 passed; 0 failed; 0 ignored; 0 measured; 0 filtered out; finished in 0.00s

     Running tests/Chap49/TestSubsetSumMtEph.rs (target/release/deps/TestSubsetSumMtEph-eb491c45d7000c49)

running 12 tests
test test_subset_sum_mt_eph_display ... ok
test test_subset_sum_mt_eph_empty ... ok
test test_subset_sum_mt_eph_multiset_getter ... ok
test test_subset_sum_mt_eph_multiset_mut ... ok
test test_subset_sum_mt_eph_new ... ok
test test_subset_sum_mt_eph_clone ... ok
test test_subset_sum_mt_eph_set_mutation ... ok
test test_subset_sum_mt_eph_clear_memo ... ok
test test_subset_sum_mt_eph_from_multiset ... ok
test test_subset_sum_mt_eph_memo_size ... ok
test test_subset_sum_mt_eph_basic ... ok
test test_subset_sum_mt_eph_mutation ... ok

test result: ok. 12 passed; 0 failed; 0 ignored; 0 measured; 0 filtered out; finished in 0.00s

     Running tests/Chap49/TestSubsetSumMtPer.rs (target/release/deps/TestSubsetSumMtPer-cc3bbc2ce8f8cb0b)

running 10 tests
test test_subset_sum_mt_per_empty ... ok
test test_subset_sum_mt_per_display ... ok
test test_subset_sum_mt_per_multiset_getter ... ok
test test_subset_sum_mt_per_new ... ok
test test_subset_sum_mt_per_partial_eq ... ok
test test_subset_sum_mt_per_memo_size ... ok
test test_subset_sum_mt_per_clone ... ok
test test_subset_sum_mt_per_from_multiset ... ok
test test_subset_sum_mt_per_example ... ok
test test_subset_sum_mt_per_basic ... ok

test result: ok. 10 passed; 0 failed; 0 ignored; 0 measured; 0 filtered out; finished in 0.00s

     Running tests/Chap49/TestSubsetSumStEph.rs (target/release/deps/TestSubsetSumStEph-c50ac295a5ac2806)

running 24 tests
test test_all_same_value ... ok
test test_clear_memo ... ok
test test_display ... ok
test test_from_multiset ... ok
test test_into_iterator ... ok
test test_into_iterator_mut ... ok
test test_into_iterator_ref ... ok
test test_larger_multiset ... ok
test test_macro_empty ... ok
test test_memo_size ... ok
test test_multiset_getter ... ok
test test_multiset_mut_getter ... ok
test test_mutation_preserves_functionality ... ok
test test_new ... ok
test test_set_clears_memo ... ok
test test_single_element ... ok
test test_subset_sum_exact_match ... ok
test test_subset_sum_impossible ... ok
test test_subset_sum_multiple_solutions ... ok
test test_subset_sum_negative_target ... ok
test test_subset_sum_st_eph_basic ... ok
test test_subset_sum_st_eph_empty ... ok
test test_subset_sum_st_eph_mutation ... ok
test test_subset_sum_zero_target ... ok

test result: ok. 24 passed; 0 failed; 0 ignored; 0 measured; 0 filtered out; finished in 0.00s

     Running tests/Chap49/TestSubsetSumStPer.rs (target/release/deps/TestSubsetSumStPer-9290f1226be6891c)

running 16 tests
test test_subset_sum_st_per_all_combinations ... ok
test test_subset_sum_st_per_basic ... ok
test test_subset_sum_st_per_display ... ok
test test_subset_sum_st_per_clone ... ok
test test_subset_sum_st_per_empty ... ok
test test_subset_sum_st_per_duplicates ... ok
test test_subset_sum_st_per_example_49_2 ... ok
test test_subset_sum_st_per_from_multiset ... ok
test test_subset_sum_st_per_into_iter_owned ... ok
test test_subset_sum_st_per_into_iter_ref ... ok
test test_subset_sum_st_per_large_values ... ok
test test_subset_sum_st_per_memo_size ... ok
test test_subset_sum_st_per_multiset_getter ... ok
test test_subset_sum_st_per_negative_target ... ok
test test_subset_sum_st_per_new ... ok
test test_subset_sum_st_per_singleton ... ok

test result: ok. 16 passed; 0 failed; 0 ignored; 0 measured; 0 filtered out; finished in 0.00s

     Running tests/Chap64/TestTSPApproxStEph.rs (target/release/deps/TestTSPApproxStEph-d7c0cf739f9de9bd)

running 0 tests

test result: ok. 0 passed; 0 failed; 0 ignored; 0 measured; 0 filtered out; finished in 0.00s

     Running tests/Chap42/TestTableMtEph.rs (target/release/deps/TestTableMtEph-1a1eab940245047f)

running 19 tests
test test_table_delete_ephemeral ... ok
test test_table_difference_ephemeral ... ok
test test_table_domain ... ok
test test_table_empty ... ok
test test_table_ephemeral_semantics ... ok
test test_table_filter_ephemeral ... ok
test test_table_find ... ok
test test_table_insert_ephemeral ... ok
test test_table_intersection_ephemeral ... ok
test test_table_mteph_lit_macro ... ok
test test_table_restrict_ephemeral ... ok
test test_table_subtract_ephemeral ... ok
test test_table_singleton ... ok
test test_table_map_ephemeral ... ok
test test_tablemtephlit_macro_functionality ... ok
test test_table_union_ephemeral ... ok
test test_table_tabulate ... ok
test test_table_parallel_operations ... ok
test test_table_parallel_tabulate ... ok

test result: ok. 19 passed; 0 failed; 0 ignored; 0 measured; 0 filtered out; finished in 0.00s

     Running tests/Chap42/TestTableStEph.rs (target/release/deps/TestTableStEph-370e2d9a9d89638d)

running 24 tests
test table_delete_nonexistent_key ... ok
test table_insert_duplicate_key_combines ... ok
test table_insert_then_delete_same ... ok
test test_into_iter_collects_all_pairs ... ok
test test_into_iter_empty ... ok
test test_into_iter_for_loop ... ok
test test_table_delete_ephemeral ... ok
test test_table_difference_ephemeral ... ok
test test_table_domain ... ok
test test_table_empty ... ok
test test_table_ephemeral_semantics ... ok
test test_table_filter_ephemeral ... ok
test test_table_find ... ok
test test_table_insert_ephemeral ... ok
test test_table_intersection_ephemeral ... ok
test test_table_map_ephemeral ... ok
test test_table_restrict_ephemeral ... ok
test test_table_singleton ... ok
test test_table_steph_lit_macro ... ok
test test_table_subtract_ephemeral ... ok
test test_table_tabulate ... ok
test test_table_union_ephemeral ... ok
test test_tablestephlit_macro_functionality ... ok
test test_table_large_operations ... ok

test result: ok. 24 passed; 0 failed; 0 ignored; 0 measured; 0 filtered out; finished in 0.00s

     Running tests/Chap42/TestTableStPer.rs (target/release/deps/TestTableStPer-c57db81860c5ace9)

running 21 tests
test test_into_iter_collects_all_pairs ... ok
test test_into_iter_empty ... ok
test test_into_iter_for_loop ... ok
test test_table_difference ... ok
test test_table_domain ... ok
test test_table_delete ... ok
test test_table_empty_and_size ... ok
test test_table_empty_operations ... ok
test test_table_filter ... ok
test test_table_insert_and_find ... ok
test test_table_insert_with_combine ... ok
test test_table_intersection ... ok
test test_table_macro ... ok
test test_table_map ... ok
test test_table_persistence ... ok
test test_table_restrict ... ok
test test_table_singleton ... ok
test test_table_subtract ... ok
test test_table_tabulate ... ok
test test_table_union ... ok
test test_tablestperlit_macro_functionality ... ok

test result: ok. 21 passed; 0 failed; 0 ignored; 0 measured; 0 filtered out; finished in 0.00s

     Running tests/Chap51/TestTopDownDPMtEph.rs (target/release/deps/TestTopDownDPMtEph-59c3f4246aa7eee6)

running 14 tests
test test_default ... ok
test test_display ... ok
test test_is_empty_true ... ok
test test_is_empty_false ... ok
test test_med_memoized_concurrent_empty ... ok
test test_med_memoized_concurrent_identical ... ok
test test_med_memoized_concurrent_textbook ... ok
test test_new ... ok
test test_partial_eq ... ok
test test_s_length ... ok
test test_set_s ... ok
test test_set_t ... ok
test test_t_length ... ok
test test_med_memoized_parallel ... ok

test result: ok. 14 passed; 0 failed; 0 ignored; 0 measured; 0 filtered out; finished in 0.00s

     Running tests/Chap51/TestTopDownDPMtPer.rs (target/release/deps/TestTopDownDPMtPer-bb8d0a6ba26457f7)

running 12 tests
test test_default ... ok
test test_display ... ok
test test_is_empty_false ... ok
test test_is_empty_true ... ok
test test_med_memoized_concurrent_empty ... ok
test test_med_memoized_concurrent_identical ... ok
test test_med_memoized_concurrent_textbook ... ok
test test_new ... ok
test test_partial_eq ... ok
test test_s_length ... ok
test test_t_length ... ok
test test_med_memoized_parallel ... ok

test result: ok. 12 passed; 0 failed; 0 ignored; 0 measured; 0 filtered out; finished in 0.00s

     Running tests/Chap51/TestTopDownDPStEph.rs (target/release/deps/TestTopDownDPStEph-57d45d643ce22019)

running 17 tests
test test_clear_memo ... ok
test test_default ... ok
test test_display ... ok
test test_insert_memo ... ok
test test_get_memoized ... ok
test test_insert_memo_overwrite ... ok
test test_is_empty_false ... ok
test test_is_empty_true ... ok
test test_is_memoized ... ok
test test_med_memoized_empty ... ok
test test_med_memoized_identical ... ok
test test_med_memoized_textbook ... ok
test test_memo_size ... ok
test test_new ... ok
test test_partial_eq ... ok
test test_s_length ... ok
test test_t_length ... ok

test result: ok. 17 passed; 0 failed; 0 ignored; 0 measured; 0 filtered out; finished in 0.00s

     Running tests/Chap51/TestTopDownDPStPer.rs (target/release/deps/TestTopDownDPStPer-ef0fc78106caf063)

running 15 tests
test test_clear_memo ... ok
test test_default ... ok
test test_get_memoized ... ok
test test_display ... ok
test test_is_empty_false ... ok
test test_is_empty_true ... ok
test test_is_memoized ... ok
test test_med_memoized_empty ... ok
test test_med_memoized_identical ... ok
test test_med_memoized_textbook ... ok
test test_memo_size ... ok
test test_new ... ok
test test_partial_eq ... ok
test test_s_length ... ok
test test_t_length ... ok

test result: ok. 15 passed; 0 failed; 0 ignored; 0 measured; 0 filtered out; finished in 0.00s

     Running tests/Chap55/TestTopoSortStEph.rs (target/release/deps/TestTopoSortStEph-dac6ab78c718b2aa)

running 10 tests
test test_cycle_returns_none ... ok
test test_dag_with_branches ... ok
test test_empty_graph ... ok
test test_disconnected_components ... ok
test test_self_loop_returns_none ... ok
test test_linear_dag ... ok
test test_single_node ... ok
test test_topo_sort_disconnected ... ok
test test_topo_sort_empty ... ok
test test_topo_sort_simple ... ok

test result: ok. 10 passed; 0 failed; 0 ignored; 0 measured; 0 filtered out; finished in 0.00s

     Running tests/Chap55/TestTopoSortStPer.rs (target/release/deps/TestTopoSortStPer-e965662b234f7461)

running 10 tests
test test_cycle_returns_none ... ok
test test_dag_with_branches ... ok
test test_disconnected_components ... ok
test test_empty_graph ... ok
test test_linear_dag ... ok
test test_self_loop_returns_none ... ok
test test_single_node ... ok
test test_topo_sort_disconnected ... ok
test test_topo_sort_empty ... ok
test test_topo_sort_simple ... ok

test result: ok. 10 passed; 0 failed; 0 ignored; 0 measured; 0 filtered out; finished in 0.00s

     Running tests/Chap06/TestUnDirGraphMtEph.rs (target/release/deps/TestUnDirGraphMtEph-2c7c3e390ce512c9)

running 39 tests
test test_arcs ... ok
test test_clone ... ok
test test_clone_graph ... ok
test test_debug_format ... ok
test test_display_format ... ok
test test_empty_graph_all_operations ... ok
test test_edge_order_symmetry ... ok
test test_incident ... ok
test test_equality ... ok
test test_multiple_self_loops ... ok
test test_disconnected_components ... ok
test test_ng_of_vertices_empty_set ... ok
test test_isolated_vertices ... ok
test test_ng_single_edge ... ok
test test_sizea ... ok
test test_undirgraphmteph_basic_operations ... ok
test test_undirgraphmteph_edge_cases ... ok
test test_undirgraphmteph_empty ... ok
test test_undirgraphmteph_incident_operations ... ok
test test_undirgraphmteph_nonexistent_vertex ... ok
test test_undirgraphmteph_nplusminusofvertices ... ok
test test_ng_parallel_with_many_edges ... ok
test test_nminus ... ok
test test_cycle_graph ... ok
test test_nminusofvertices ... ok
test test_indegree ... ok
test test_ng_of_vertices_parallel ... ok
test test_star_graph ... ok
test test_undirgraphmteph_ngofvertices ... ok
test test_outdegree ... ok
test test_ngofvertices_empty_subset ... ok
test test_nplusofvertices ... ok
test test_nplus ... ok
test test_undirgraphmtephlit_macro_functionality ... ok
test test_large_parallel_graph ... ok
test test_ng_of_vertices_large_set ... ok
test test_path_graph ... ok
test test_undirgraphmteph_complete_graph ... ok
test test_undirgraphmteph_concurrent_access ... ok

test result: ok. 39 passed; 0 failed; 0 ignored; 0 measured; 0 filtered out; finished in 0.00s

     Running tests/Chap06/TestUnDirGraphStEph.rs (target/release/deps/TestUnDirGraphStEph-61b10df65ca53e93)

running 27 tests
test test_arcs ... ok
test test_clone ... ok
test test_complete_graph ... ok
test test_cycle_graph ... ok
test test_debug ... ok
test test_degree ... ok
test test_disconnected_graph ... ok
test test_display ... ok
test test_empty ... ok
test test_equality ... ok
test test_incident ... ok
test test_indegree ... ok
test test_isolated_vertex ... ok
test test_neighbor ... ok
test test_ng ... ok
test test_ngofvertices ... ok
test test_nminus ... ok
test test_nminusofvertices ... ok
test test_nplus ... ok
test test_nplusofvertices ... ok
test test_outdegree ... ok
test test_path_graph ... ok
test test_self_loop ... ok
test test_sizea ... ok
test test_star_graph ... ok
test test_undigraph_vertices_and_edges ... ok
test test_undirgraphstephlit_macro_functionality ... ok

test result: ok. 27 passed; 0 failed; 0 ignored; 0 measured; 0 filtered out; finished in 0.00s

     Running tests/Chap65/TestUnionFindArrayStEph.rs (target/release/deps/TestUnionFindArrayStEph-af83a20af8ae7b4e)

running 0 tests

test result: ok. 0 passed; 0 failed; 0 ignored; 0 measured; 0 filtered out; finished in 0.00s

     Running tests/Chap65/TestUnionFindNoPCStEph.rs (target/release/deps/TestUnionFindNoPCStEph-56130ffee2c3f527)

running 0 tests

test result: ok. 0 passed; 0 failed; 0 ignored; 0 measured; 0 filtered out; finished in 0.00s

     Running tests/Chap65/TestUnionFindPCStEph.rs (target/release/deps/TestUnionFindPCStEph-fe904c23ab6dceef)

running 0 tests

test result: ok. 0 passed; 0 failed; 0 ignored; 0 measured; 0 filtered out; finished in 0.00s

     Running tests/Chap45/TestUnsortedListPQ.rs (target/release/deps/TestUnsortedListPQ-6b4006afeadd8181)

running 29 tests
test test_delete_min_sequence ... ok
test test_complexity_characteristics ... ok
test test_display_formatting ... ok
test test_duplicate_elements ... ok
test test_edge_cases ... ok
test test_empty_constructor ... ok
test test_empty_priority_queue ... ok
test test_from_seq ... ok
test test_from_vec_convenience ... ok
test test_insert_after_delete ... ok
test test_insert_all ... ok
test test_insert_and_find_min ... ok
test test_macro_creation ... ok
test test_meld_multiple ... ok
test test_meld_operation ... ok
test test_meld_with_empty ... ok
test test_mixed_positive_negative ... ok
test test_negative_numbers ... ok
test test_persistent_behavior ... ok
test test_roundtrip_vec ... ok
test test_singleton_constructor ... ok
test test_singleton_priority_queue ... ok
test test_string_elements ... ok
test test_to_seq ... ok
test test_to_seq_empty ... ok
test test_to_vec ... ok
test test_to_vec_empty ... ok
test test_unsortedlistpqlit_macro_functionality ... ok
test test_large_dataset ... ok

test result: ok. 29 passed; 0 failed; 0 ignored; 0 measured; 0 filtered out; finished in 0.00s

     Running tests/Chap47/TestVecChainedHashTable.rs (target/release/deps/TestVecChainedHashTable-f9d3118d7de4b7e3)

running 16 tests
test test_vec_chained_delete ... ok
test test_vec_chained_delete_nonexistent ... ok
test test_vec_chained_hash_index ... ok
test test_vec_chained_insert_lookup ... ok
test test_vec_chained_insert_then_delete_then_lookup ... ok
test test_vec_chained_lookup_nonexistent ... ok
test test_vec_chained_overwrite_value ... ok
test test_vec_chained_many_collisions ... ok
test test_vec_chained_resize ... ok
test test_vec_entry_delete ... ok
test test_vec_entry_delete_all ... ok
test test_vec_entry_delete_nonexistent ... ok
test test_vec_entry_insert ... ok
test test_vec_entry_multiple_inserts ... ok
test test_vec_entry_new ... ok
test test_vec_entry_update ... ok

test result: ok. 16 passed; 0 failed; 0 ignored; 0 measured; 0 filtered out; finished in 0.00s

     Running tests/Chap61/TestVertexMatchingMtEph.rs (target/release/deps/TestVertexMatchingMtEph-ca97ca483a9ceca1)

running 6 tests
test test_parallel_matching_mt_empty ... ok
test test_parallel_matching_mt_single_edge ... ok
test test_parallel_matching_mt_star ... ok
test test_parallel_matching_mt_correctness ... ok
test test_parallel_matching_mt_cycle ... ok
test test_parallel_matching_mt_different_seeds ... ok

test result: ok. 6 passed; 0 failed; 0 ignored; 0 measured; 0 filtered out; finished in 0.00s

     Running tests/Chap61/TestVertexMatchingStEph.rs (target/release/deps/TestVertexMatchingStEph-1e4087f998c3818d)

running 15 tests
test test_greedy_matching_complete_graph ... ok
test test_greedy_matching_cycle ... ok
test test_greedy_matching_empty_graph ... ok
test test_greedy_matching_isolated_vertices ... ok
test test_greedy_matching_path ... ok
test test_greedy_matching_single_edge ... ok
test test_greedy_matching_two_edges_share_vertex ... ok
test test_greedy_matching_star ... ok
test test_matching_properties ... ok
test test_parallel_matching_st_cycle ... ok
test test_parallel_matching_st_empty ... ok
test test_parallel_matching_st_determinism ... ok
test test_parallel_matching_st_large_cycle ... ok
test test_parallel_matching_st_single_edge ... ok
test test_parallel_matching_st_star ... ok

test result: ok. 15 passed; 0 failed; 0 ignored; 0 measured; 0 filtered out; finished in 0.00s

     Running tests/Chap06/TestWeightedDirGraphStEphI128.rs (target/release/deps/TestWeightedDirGraphStEphI128-b126ef92235cae24)

running 7 tests
test test_add_weighed_edge ... ok
test test_clone ... ok
test test_empty_graph ... ok
test test_max_weight ... ok
test test_multiple_edges_same_source ... ok
test test_from_weighed_edges ... ok
test test_self_loop ... ok

test result: ok. 7 passed; 0 failed; 0 ignored; 0 measured; 0 filtered out; finished in 0.00s

     Running tests/Chap06/TestWeightedDirGraphStEphI16.rs (target/release/deps/TestWeightedDirGraphStEphI16-3534d1bdb6f9b71d)

running 7 tests
test test_add_weighed_edge ... ok
test test_clone ... ok
test test_empty_graph ... ok
test test_from_weighed_edges ... ok
test test_max_weight ... ok
test test_multiple_edges_same_source ... ok
test test_self_loop ... ok

test result: ok. 7 passed; 0 failed; 0 ignored; 0 measured; 0 filtered out; finished in 0.00s

     Running tests/Chap06/TestWeightedDirGraphStEphI32.rs (target/release/deps/TestWeightedDirGraphStEphI32-9fb36859f7c22981)

running 7 tests
test test_add_weighed_edge ... ok
test test_clone ... ok
test test_empty_graph ... ok
test test_from_weighed_edges ... ok
test test_max_weight ... ok
test test_multiple_edges_same_source ... ok
test test_self_loop ... ok

test result: ok. 7 passed; 0 failed; 0 ignored; 0 measured; 0 filtered out; finished in 0.00s

     Running tests/Chap06/TestWeightedDirGraphStEphI64.rs (target/release/deps/TestWeightedDirGraphStEphI64-6d06109345e480b4)

running 7 tests
test test_add_weighed_edge ... ok
test test_clone ... ok
test test_empty_graph ... ok
test test_from_weighed_edges ... ok
test test_max_weight ... ok
test test_multiple_edges_same_source ... ok
test test_self_loop ... ok

test result: ok. 7 passed; 0 failed; 0 ignored; 0 measured; 0 filtered out; finished in 0.00s

     Running tests/Chap06/TestWeightedDirGraphStEphI8.rs (target/release/deps/TestWeightedDirGraphStEphI8-34c624f47f051bb8)

running 7 tests
test test_add_weighed_edge ... ok
test test_clone ... ok
test test_from_weighed_edges ... ok
test test_empty_graph ... ok
test test_max_weight ... ok
test test_multiple_edges_same_source ... ok
test test_self_loop ... ok

test result: ok. 7 passed; 0 failed; 0 ignored; 0 measured; 0 filtered out; finished in 0.00s

     Running tests/Chap06/TestWeightedDirGraphStEphIsize.rs (target/release/deps/TestWeightedDirGraphStEphIsize-b4b386ac6bc113ba)

running 7 tests
test test_add_weighed_edge ... ok
test test_clone ... ok
test test_empty_graph ... ok
test test_from_weighed_edges ... ok
test test_max_weight ... ok
test test_multiple_edges_same_source ... ok
test test_self_loop ... ok

test result: ok. 7 passed; 0 failed; 0 ignored; 0 measured; 0 filtered out; finished in 0.00s

     Running tests/Chap06/TestWeightedDirGraphStEphU128.rs (target/release/deps/TestWeightedDirGraphStEphU128-cd5eab5bb473e9ff)

running 7 tests
test test_add_weighed_edge ... ok
test test_clone ... ok
test test_empty_graph ... ok
test test_max_weight ... ok
test test_from_weighed_edges ... ok
test test_multiple_edges_same_source ... ok
test test_self_loop ... ok

test result: ok. 7 passed; 0 failed; 0 ignored; 0 measured; 0 filtered out; finished in 0.00s

     Running tests/Chap06/TestWeightedDirGraphStEphU16.rs (target/release/deps/TestWeightedDirGraphStEphU16-d4fe1b6728a64cf1)

running 7 tests
test test_add_weighed_edge ... ok
test test_clone ... ok
test test_empty_graph ... ok
test test_from_weighed_edges ... ok
test test_max_weight ... ok
test test_multiple_edges_same_source ... ok
test test_self_loop ... ok

test result: ok. 7 passed; 0 failed; 0 ignored; 0 measured; 0 filtered out; finished in 0.00s

     Running tests/Chap06/TestWeightedDirGraphStEphU32.rs (target/release/deps/TestWeightedDirGraphStEphU32-d9b21ec266f31c67)

running 14 tests
test test_add_weighed_edge ... ok
test test_complete_graph_weighted ... ok
test test_from_weighed_edges ... ok
test test_empty_graph ... ok
test test_get_edge_weight ... ok
test test_in_neighbors_weighed ... ok
test test_isolated_vertex ... ok
test test_no_edges_graph ... ok
test test_out_neighbors_weighed ... ok
test test_self_loop ... ok
test test_weighed_edges ... ok
test test_weighted_path ... ok
test test_weighted_star ... ok
test test_zero_weight ... ok

test result: ok. 14 passed; 0 failed; 0 ignored; 0 measured; 0 filtered out; finished in 0.00s

     Running tests/Chap06/TestWeightedDirGraphStEphU64.rs (target/release/deps/TestWeightedDirGraphStEphU64-acd4538ecc671ab3)

running 7 tests
test test_add_weighed_edge ... ok
test test_clone ... ok
test test_empty_graph ... ok
test test_from_weighed_edges ... ok
test test_max_weight ... ok
test test_multiple_edges_same_source ... ok
test test_self_loop ... ok

test result: ok. 7 passed; 0 failed; 0 ignored; 0 measured; 0 filtered out; finished in 0.00s

     Running tests/Chap06/TestWeightedDirGraphStEphU8.rs (target/release/deps/TestWeightedDirGraphStEphU8-647b5e50e63bad82)

running 7 tests
test test_add_weighed_edge ... ok
test test_clone ... ok
test test_empty_graph ... ok
test test_from_weighed_edges ... ok
test test_max_weight ... ok
test test_multiple_edges_same_source ... ok
test test_self_loop ... ok

test result: ok. 7 passed; 0 failed; 0 ignored; 0 measured; 0 filtered out; finished in 0.00s

     Running tests/Chap06/TestWeightedDirGraphStEphUsize.rs (target/release/deps/TestWeightedDirGraphStEphUsize-3b10ba90b725ec1f)

running 7 tests
test test_add_weighed_edge ... ok
test test_clone ... ok
test test_from_weighed_edges ... ok
test test_empty_graph ... ok
test test_max_weight ... ok
test test_multiple_edges_same_source ... ok
test test_self_loop ... ok

test result: ok. 7 passed; 0 failed; 0 ignored; 0 measured; 0 filtered out; finished in 0.00s

     Running tests/standards/Testdeep_view_standard.rs (target/release/deps/Testdeep_view_standard-078c218b71dfc461)

running 3 tests
test test_collection_construction ... ok
test test_simple_none ... ok
test test_simple_some ... ok

test result: ok. 3 passed; 0 failed; 0 ignored; 0 measured; 0 filtered out; finished in 0.00s

     Running tests/standards/Testiterators_standard.rs (target/release/deps/Testiterators_standard-18ad9a97bdc6b55b)

running 5 tests
test test_into_iter_borrow ... ok
test test_into_iter_consume ... ok
test test_iter_empty ... ok
test test_iter ... ok
test test_new ... ok

test result: ok. 5 passed; 0 failed; 0 ignored; 0 measured; 0 filtered out; finished in 0.00s

     Running tests/standards/Testmod_standard.rs (target/release/deps/Testmod_standard-296009a291bc1be5)

running 2 tests
test test_new ... ok
test test_new_empty ... ok

test result: ok. 2 passed; 0 failed; 0 ignored; 0 measured; 0 filtered out; finished in 0.00s

     Running tests/standards/Testmulti_struct_standard.rs (target/release/deps/Testmulti_struct_standard-c3f552f9a592a1ae)

running 6 tests
test test_interior_new ... ok
test test_interior_set_key ... ok
test test_leaf_new ... ok
test test_leaf_set_key ... ok
test test_tree_new_empty ... ok
test test_tree_with_leaf ... ok

test result: ok. 6 passed; 0 failed; 0 ignored; 0 measured; 0 filtered out; finished in 0.00s

     Running tests/standards/Testmut_standard.rs (target/release/deps/Testmut_standard-9b2d3b8ab79d5918)

running 10 tests
test test_collect_range ... ok
test test_counter_add ... ok
test test_counter_inc ... ok
test test_increment_ref ... ok
test test_counter_new ... ok
test test_pair_new ... ok
test test_pair_set_fst ... ok
test test_pair_set_snd ... ok
test test_pair_swap ... ok
test test_replace_item ... ok

test result: ok. 10 passed; 0 failed; 0 ignored; 0 measured; 0 filtered out; finished in 0.00s

     Running tests/standards/Testspec_naming_convention.rs (target/release/deps/Testspec_naming_convention-017233a29bc3fb3d)

running 3 tests
test test_bounded_counter_bound_preserved ... ok
test test_bounded_counter_err_when_full ... ok
test test_bounded_counter_increment_to_full ... ok

test result: ok. 3 passed; 0 failed; 0 ignored; 0 measured; 0 filtered out; finished in 0.00s

     Running tests/standards/Testtable_of_contents_standard.rs (target/release/deps/Testtable_of_contents_standard-bdaaa6227d4baef9)

running 11 tests
test test_clone ... ok
test test_debug ... ok
test test_display ... ok
test test_into_iter_borrow ... ok
test test_into_iter_consume ... ok
test test_is_empty ... ok
test test_iter ... ok
test test_lit_empty ... ok
test test_lit_values ... ok
test test_new ... ok
test test_partial_eq ... ok

test result: ok. 11 passed; 0 failed; 0 ignored; 0 measured; 0 filtered out; finished in 0.00s

     Running tests/standards/Testtoplevel_coarse_rwlocks_for_mt_modules.rs (target/release/deps/Testtoplevel_coarse_rwlocks_for_mt_modules-6d5d79fa50efbd01)

running 3 tests
test test_countdown_err_at_zero ... ok
test test_countdown_new_zero ... ok
test test_countdown_to_zero ... ok

test result: ok. 3 passed; 0 failed; 0 ignored; 0 measured; 0 filtered out; finished in 0.00s

     Running tests/standards/Testusing_closures_standard.rs (target/release/deps/Testusing_closures_standard-90d63e957e756c17)

running 3 tests
test test_display ... ok
test test_map_apply ... ok
test test_tabulate ... ok

test result: ok. 3 passed; 0 failed; 0 ignored; 0 measured; 0 filtered out; finished in 0.00s

     Running tests/standards/Testview_standard.rs (target/release/deps/Testview_standard-1a8c84fe42fc50da)

running 4 tests
test test_collection_empty ... ok
test test_collection_length ... ok
test test_collection_nth ... ok
test test_simple_new_get ... ok

test result: ok. 4 passed; 0 failed; 0 ignored; 0 measured; 0 filtered out; finished in 0.00s

     Running tests/standards/Testwrapping_iterators_standard.rs (target/release/deps/Testwrapping_iterators_standard-937545962555270f)

running 4 tests
test test_display ... ok
test test_inner_new_and_iter ... ok
test test_outer_into_iter ... ok
test test_outer_new_and_iter ... ok

test result: ok. 4 passed; 0 failed; 0 ignored; 0 measured; 0 filtered out; finished in 0.00s

     Running tests/Chap12/test_exercise12_1.rs (target/release/deps/test_exercise12_1-bcc870a48b40dbfc)

running 14 tests
test spin_lock_with_lock_executes_body ... ok
test test_lock_unlock_sequential ... ok
test test_default_trait ... ok
test test_with_lock_nested_computation ... ok
test test_with_lock_returns_value ... ok
test test_with_lock_string_return ... ok
test test_with_lock_vec_mutation ... ok
test parallel_increment_counts_all_iterations ... ok
test test_parallel_increment_zero ... ok
test spin_lock_excludes_parallel_threads ... ok
test test_parallel_increment_one ... ok
test test_spin_lock_multiple_threads_stress ... ok
test spin_lock_is_non_reentrant ... ok
test test_parallel_increment_large ... ok

test result: ok. 14 passed; 0 failed; 0 ignored; 0 measured; 0 filtered out; finished in 0.01s

     Running tests/Chap12/test_exercise12_2.rs (target/release/deps/test_exercise12_2-fe1958442839b888)

running 9 tests
test fetch_add_cas_large_delta ... ok
test fetch_add_cas_returns_monotonically_increasing ... ok
test fetch_add_cas_sequential_accumulation ... ok
test fetch_add_cas_returns_previous_value ... ok
test fetch_add_cas_zero_delta ... ok
test fetch_add_cas_wrapping ... ok
test trait_impl_works ... ok
test fetch_add_cas_is_thread_safe ... ok
test fetch_add_cas_multiple_threads_stress ... ok

test result: ok. 9 passed; 0 failed; 0 ignored; 0 measured; 0 filtered out; finished in 0.00s

     Running tests/Chap12/test_exercise12_5.rs (target/release/deps/test_exercise12_5-0e6507e7e4c98422)

running 17 tests
test pop_on_empty_returns_none ... ok
test push_pop_lifo_single_thread ... ok
test test_default_trait ... ok
test test_drain ... ok
test test_drain_empty_stack ... ok
test test_is_empty_after_operations ... ok
test test_drain_twice ... ok
test test_string_values ... ok
test test_interleaved_push_pop ... ok
test test_push_many_pop_all ... ok
test test_drain_preserves_all_elements ... ok
test test_pop_on_empty_multiple_times ... ok
test test_multiple_push_pop_cycles ... ok
test test_concurrent_push_pop_interleaved ... ok
test multi_thread_push_collects_all_items ... ok
test multi_thread_pop_consumes_all_elements ... ok
test test_push_large_count ... ok

test result: ok. 17 passed; 0 failed; 0 ignored; 0 measured; 0 filtered out; finished in 0.00s

     Running tests/vstdplus/test_feq.rs (target/release/deps/test_feq-d48dcc3f87adf4de)

running 19 tests
test test_clone_bool ... ok
test test_clone_u64 ... ok
test test_is_sorted_empty ... ok
test test_clone_i32 ... ok
test test_is_sorted_equal_elements ... ok
test test_clone_vec ... ok
test test_is_sorted_false_beginning ... ok
test test_is_sorted_false_end ... ok
test test_is_sorted_false_middle ... ok
test test_is_sorted_large_vec ... ok
test test_is_sorted_negative_numbers ... ok
test test_is_sorted_large_vec_unsorted ... ok
test test_is_sorted_single ... ok
test test_is_sorted_true ... ok
test test_is_sorted_two_elements_sorted ... ok
test test_is_sorted_two_elements_unsorted ... ok
test test_reflexive_u64 ... ok
test test_symmetric_u64 ... ok
test test_transitive_u64 ... ok

test result: ok. 19 passed; 0 failed; 0 ignored; 0 measured; 0 filtered out; finished in 0.00s

     Running tests/Chap02/test_fibonacci_scheduler.rs (target/release/deps/test_fibonacci_scheduler-468aad90e7abb709)

running 15 tests
test test_fib_par_base_cases ... ok
test test_fib_par_n10 ... ok
test test_fib_par_n2 ... ok
test test_fib_seq_base_cases ... ok
test test_fib_seq ... ok
test test_fib_seq_monotonic ... ok
test test_fib_seq_n10 ... ok
test test_fib_seq_n2 ... ok
test test_fib_seq_strictly_increasing_from_n2 ... ok
test test_fib_seq_recurrence ... ok
test test_fib_par ... ok
test test_fib_par_recurrence ... ok
test test_fib_par_larger ... ok
test test_fib_seq_par_agree ... ok
test test_fib_known_large ... ok

test result: ok. 15 passed; 0 failed; 0 ignored; 0 measured; 0 filtered out; finished in 7.03s

     Running tests/Chap02/test_hf_scheduler.rs (target/release/deps/test_hf_scheduler-e369aa1440062944)

running 17 tests
test test_join_simple ... ok
test test_join_closures_capture ... ok
test test_spawn_join_identity ... ok
test test_join_large_result ... ok
test test_join_heavy ... ok
test test_spawn_join_zero_computation ... ok
test test_spawn_join_different_types ... ok
test test_join_returns_correct_types ... ok
test test_spawn_wait_vec_result ... ok
test test_spawn_join_with_computation ... ok
test test_spawn_join_simple ... ok
test test_spawn_wait_n_tasks ... ok
test test_spawn_wait_simple ... ok
test test_spawn_wait_string ... ok
test test_spawn_join_nested ... ok
test test_spawn_wait_chained ... ok
test test_spawn_wait_parallel ... ok

test result: ok. 17 passed; 0 failed; 0 ignored; 0 measured; 0 filtered out; finished in 0.05s

     Running tests/Chap02/test_threads_plus.rs (target/release/deps/test_threads_plus-eb25a669cd9c71f8)

running 9 tests
test test_single_thread_with_computation ... ok
test test_thread_returns_vec ... ok
test test_single_thread_returns_value ... ok
test test_two_threads_parallel ... ok
test test_thread_returns_string ... ok
test test_three_threads_parallel ... ok
test test_many_threads ... ok
test test_is_finished_eventually_true ... ok
test test_thread_with_sleep ... ok

test result: ok. 9 passed; 0 failed; 0 ignored; 0 measured; 0 filtered out; finished in 0.01s

     Running tests/vstdplus/test_total_order.rs (target/release/deps/test_total_order-a3ab98bc23cd1179)

running 4 tests
test test_total_order_i32 ... ok
test test_total_order_i64 ... ok
test test_total_order_u8 ... ok
test test_total_order_u64 ... ok

test result: ok. 4 passed; 0 failed; 0 ignored; 0 measured; 0 filtered out; finished in 0.00s

   Doc-tests apas_verus
warning: negative impls are experimental
   --> src/vstdplus/threads_plus.rs:105:10
    |
105 |     impl !Sync for IsThreadPlus {}
    |          ^
    |
    = note: see issue #68318 <https://github.com/rust-lang/rust/issues/68318> for more information
    = warning: unstable syntax can change at any point in the future, causing a hard error!
    = note: for more information, see issue #154045 <https://github.com/rust-lang/rust/issues/154045>

warning: negative impls are experimental
   --> src/vstdplus/threads_plus.rs:108:10
    |
108 |     impl !Send for IsThreadPlus {}
    |          ^
    |
    = note: see issue #68318 <https://github.com/rust-lang/rust/issues/68318> for more information
    = warning: unstable syntax can change at any point in the future, causing a hard error!
    = note: for more information, see issue #154045 <https://github.com/rust-lang/rust/issues/154045>

warning: 2 warnings emitted


running 13 tests
test src/standards/partial_eq_eq_clone_standard.rs - standards::partial_eq_eq_clone_standard (line 76) ... FAILED
test src/standards/partial_eq_eq_clone_standard.rs - standards::partial_eq_eq_clone_standard (line 144) ... FAILED
test src/standards/spec_wf_standard.rs - standards::spec_wf_standard (line 65) ... FAILED
test src/standards/partial_eq_eq_clone_standard.rs - standards::partial_eq_eq_clone_standard (line 153) ... FAILED
test src/standards/partial_eq_eq_clone_standard.rs - standards::partial_eq_eq_clone_standard (line 171) ... FAILED
test src/standards/partial_eq_eq_clone_standard.rs - standards::partial_eq_eq_clone_standard (line 47) ... FAILED
test src/standards/spec_wf_standard.rs - standards::spec_wf_standard (line 42) ... FAILED
test src/standards/partial_eq_eq_clone_standard.rs - standards::partial_eq_eq_clone_standard (line 91) ... FAILED
test src/standards/partial_eq_eq_clone_standard.rs - standards::partial_eq_eq_clone_standard (line 133) ... FAILED
test src/standards/partial_eq_eq_clone_standard.rs - standards::partial_eq_eq_clone_standard (line 101) ... FAILED
test src/standards/partial_eq_eq_clone_standard.rs - standards::partial_eq_eq_clone_standard (line 116) ... FAILED
test src/standards/partial_eq_eq_clone_standard.rs - standards::partial_eq_eq_clone_standard (line 166) ... ok
test src/standards/partial_eq_eq_clone_standard.rs - standards::partial_eq_eq_clone_standard (line 70) ... FAILED

failures:

---- src/standards/partial_eq_eq_clone_standard.rs - standards::partial_eq_eq_clone_standard (line 76) stdout ----
error: expected one of `!` or `::`, found keyword `use`
  --> src/standards/partial_eq_eq_clone_standard.rs:77:11
   |
77 | broadcast use crate::vstdplus::feq::feq::group_feq_axioms;
   |           ^^^ expected one of `!` or `::`

error: aborting due to 1 previous error

Couldn't compile the test.
---- src/standards/partial_eq_eq_clone_standard.rs - standards::partial_eq_eq_clone_standard (line 144) stdout ----
error: expected one of `!` or `::`, found `spec`
   --> src/standards/partial_eq_eq_clone_standard.rs:145:6
    |
145 | open spec fn spec_orderedsetsteph_wf(&self) -> bool {
    |      ^^^^ expected one of `!` or `::`

error: aborting due to 1 previous error

Couldn't compile the test.
---- src/standards/spec_wf_standard.rs - standards::spec_wf_standard (line 65) stdout ----
error: expected one of `->`, `where`, or `{`, found `requires`
  --> src/standards/spec_wf_standard.rs:67:5
   |
66 | fn insert(&mut self, key: K, val: V)
   |                                     - expected one of `->`, `where`, or `{`
67 |     requires
   |     ^^^^^^^^ unexpected token

error: aborting due to 1 previous error

Couldn't compile the test.
---- src/standards/partial_eq_eq_clone_standard.rs - standards::partial_eq_eq_clone_standard (line 153) stdout ----
error: expected one of `!` or `::`, found `spec`
   --> src/standards/partial_eq_eq_clone_standard.rs:154:6
    |
154 | open spec fn spec_tablesteph_wf(&self) -> bool {
    |      ^^^^ expected one of `!` or `::`

error: aborting due to 1 previous error

Couldn't compile the test.
---- src/standards/partial_eq_eq_clone_standard.rs - standards::partial_eq_eq_clone_standard (line 171) stdout ----
error: expected one of `!` or `::`, found keyword `use`
   --> src/standards/partial_eq_eq_clone_standard.rs:172:11
    |
172 | broadcast use crate::vstdplus::feq::feq::group_feq_axioms;
    |           ^^^ expected one of `!` or `::`

error: aborting due to 1 previous error

Couldn't compile the test.
---- src/standards/partial_eq_eq_clone_standard.rs - standards::partial_eq_eq_clone_standard (line 47) stdout ----
error: expected one of `!`, `(`, `)`, `+`, `,`, `::`, or `<`, found `:`
  --> src/standards/partial_eq_eq_clone_standard.rs:49:41
   |
49 | fn rotate_right(y: Arc<Node<T>>) -> (out: Arc<Node<T>>)
   |                                         ^ expected one of 7 possible tokens

error: aborting due to 1 previous error

Couldn't compile the test.
---- src/standards/spec_wf_standard.rs - standards::spec_wf_standard (line 42) stdout ----
error: visibility `pub` is not followed by an item
  --> src/standards/spec_wf_standard.rs:43:1
   |
43 | pub open spec fn spec_<mod>_wf_generic<V: Bounds>(s: &MyType<V>) -> bool {
   | ^^^ the visibility
   |
   = help: you likely meant to define an item, e.g., `pub fn foo() {}`

error: expected item, found `open`
  --> src/standards/spec_wf_standard.rs:43:5
   |
43 | pub open spec fn spec_<mod>_wf_generic<V: Bounds>(s: &MyType<V>) -> bool {
   |     ^^^^ expected item
   |
   = note: for a full list of items that can appear in modules, see <https://doc.rust-lang.org/reference/items.html>

error: aborting due to 2 previous errors

Couldn't compile the test.
---- src/standards/partial_eq_eq_clone_standard.rs - standards::partial_eq_eq_clone_standard (line 91) stdout ----
error: expected one of `!`, `(`, `)`, `+`, `,`, `::`, or `<`, found `:`
  --> src/standards/partial_eq_eq_clone_standard.rs:94:36
   |
93 | pub trait ClonePreservesView: Clone + View {
   |                                            - while parsing this item list starting here
94 |     fn clone_view(&self) -> (result: Self)
   |                                    ^ expected one of 7 possible tokens
95 |         ensures result@ == self@;
96 | }
   | - the item list ends here

error[E0405]: cannot find trait `View` in this scope
  --> src/standards/partial_eq_eq_clone_standard.rs:93:39
   |
93 | pub trait ClonePreservesView: Clone + View {
   |                                       ^^^^ not found in this scope

error: aborting due to 2 previous errors

For more information about this error, try `rustc --explain E0405`.
Couldn't compile the test.
---- src/standards/partial_eq_eq_clone_standard.rs - standards::partial_eq_eq_clone_standard (line 133) stdout ----
error[E0433]: cannot find `vstdplus` in `crate`
   --> src/standards/partial_eq_eq_clone_standard.rs:134:12
    |
134 | use crate::vstdplus::clone_view::clone_view::*;
    |            ^^^^^^^^ could not find `vstdplus` in the crate root

error: aborting due to 1 previous error

For more information about this error, try `rustc --explain E0433`.
Couldn't compile the test.
---- src/standards/partial_eq_eq_clone_standard.rs - standards::partial_eq_eq_clone_standard (line 101) stdout ----
error: expected one of `!`, `(`, `)`, `+`, `,`, `::`, or `<`, found `:`
   --> src/standards/partial_eq_eq_clone_standard.rs:103:36
    |
102 | impl ClonePreservesView for usize {
    |                                   - while parsing this item list starting here
103 |     fn clone_view(&self) -> (result: Self)
    |                                    ^ expected one of 7 possible tokens
...
110 | }
    | - the item list ends here

error[E0405]: cannot find trait `ClonePreservesView` in this scope
   --> src/standards/partial_eq_eq_clone_standard.rs:102:6
    |
102 | impl ClonePreservesView for usize {
    |      ^^^^^^^^^^^^^^^^^^ not found in this scope

error: aborting due to 2 previous errors

For more information about this error, try `rustc --explain E0405`.
Couldn't compile the test.
---- src/standards/partial_eq_eq_clone_standard.rs - standards::partial_eq_eq_clone_standard (line 116) stdout ----
error: `...` is not supported for non-extern functions
   --> src/standards/partial_eq_eq_clone_standard.rs:117:55
    |
117 | fn build_quotient_graph<V: HashOrd>(graph: &Graph<V>, ...) -> Graph<V>
    |                                                       ^^^
    |
    = help: only `extern "C"` and `extern "C-unwind"` functions may have a C variable argument list

error[E0405]: cannot find trait `HashOrd` in this scope
   --> src/standards/partial_eq_eq_clone_standard.rs:117:28
    |
117 | fn build_quotient_graph<V: HashOrd>(graph: &Graph<V>, ...) -> Graph<V>
    |                            ^^^^^^^ not found in this scope

error[E0425]: cannot find type `Graph` in this scope
   --> src/standards/partial_eq_eq_clone_standard.rs:117:45
    |
117 | fn build_quotient_graph<V: HashOrd>(graph: &Graph<V>, ...) -> Graph<V>
    |                                             ^^^^^ not found in this scope

error[E0425]: cannot find type `Graph` in this scope
   --> src/standards/partial_eq_eq_clone_standard.rs:117:63
    |
117 | fn build_quotient_graph<V: HashOrd>(graph: &Graph<V>, ...) -> Graph<V>
    |                                                               ^^^^^ not found in this scope

error[E0425]: cannot find value `vertex` in this scope
   --> src/standards/partial_eq_eq_clone_standard.rs:120:13
    |
120 |     let v = vertex.clone_view();  // v@ == vertex@ is now provable
    |             ^^^^^^ not found in this scope

error[E0425]: cannot find value `quotient` in this scope
   --> src/standards/partial_eq_eq_clone_standard.rs:121:5
    |
121 |     quotient.add_vertex(v);       // graph wf follows from view equality
    |     ^^^^^^^^ not found in this scope

error[E0658]: C-variadic functions are unstable
   --> src/standards/partial_eq_eq_clone_standard.rs:117:1
    |
117 | / fn build_quotient_graph<V: HashOrd>(graph: &Graph<V>, ...) -> Graph<V>
118 | | // HashOrd: StT + Hash + Ord + ClonePreservesView
119 | | {
120 | |     let v = vertex.clone_view();  // v@ == vertex@ is now provable
121 | |     quotient.add_vertex(v);       // graph wf follows from view equality
122 | | }
    | |_^
    |
    = note: see issue #44930 <https://github.com/rust-lang/rust/issues/44930> for more information

error: missing pattern for `...` argument
   --> src/standards/partial_eq_eq_clone_standard.rs:117:55
    |
117 | fn build_quotient_graph<V: HashOrd>(graph: &Graph<V>, ...) -> Graph<V>
    |                                                       ^^^
    |
    = warning: this was previously accepted by the compiler but is being phased out; it will become a hard error in a future release!
    = note: for more information, see issue #145544 <https://github.com/rust-lang/rust/issues/145544>
    = note: `#[deny(varargs_without_pattern)]` (part of `#[deny(future_incompatible)]`) on by default
help: name the argument, or use `_` to continue ignoring it
    |
117 | fn build_quotient_graph<V: HashOrd>(graph: &Graph<V>, _: ...) -> Graph<V>
    |                                                       ++

error: aborting due to 8 previous errors

Some errors have detailed explanations: E0405, E0425, E0658.
For more information about an error, try `rustc --explain E0405`.
Couldn't compile the test.
---- src/standards/partial_eq_eq_clone_standard.rs - standards::partial_eq_eq_clone_standard (line 70) stdout ----
error[E0433]: cannot find `vstdplus` in `crate`
  --> src/standards/partial_eq_eq_clone_standard.rs:71:12
   |
71 | use crate::vstdplus::feq::feq::feq;
   |            ^^^^^^^^ could not find `vstdplus` in the crate root

error: aborting due to 1 previous error

For more information about this error, try `rustc --explain E0433`.
Couldn't compile the test.

failures:
    src/standards/partial_eq_eq_clone_standard.rs - standards::partial_eq_eq_clone_standard (line 101)
    src/standards/partial_eq_eq_clone_standard.rs - standards::partial_eq_eq_clone_standard (line 116)
    src/standards/partial_eq_eq_clone_standard.rs - standards::partial_eq_eq_clone_standard (line 133)
    src/standards/partial_eq_eq_clone_standard.rs - standards::partial_eq_eq_clone_standard (line 144)
    src/standards/partial_eq_eq_clone_standard.rs - standards::partial_eq_eq_clone_standard (line 153)
    src/standards/partial_eq_eq_clone_standard.rs - standards::partial_eq_eq_clone_standard (line 171)
    src/standards/partial_eq_eq_clone_standard.rs - standards::partial_eq_eq_clone_standard (line 47)
    src/standards/partial_eq_eq_clone_standard.rs - standards::partial_eq_eq_clone_standard (line 70)
    src/standards/partial_eq_eq_clone_standard.rs - standards::partial_eq_eq_clone_standard (line 76)
    src/standards/partial_eq_eq_clone_standard.rs - standards::partial_eq_eq_clone_standard (line 91)
    src/standards/spec_wf_standard.rs - standards::spec_wf_standard (line 42)
    src/standards/spec_wf_standard.rs - standards::spec_wf_standard (line 65)

test result: FAILED. 1 passed; 12 failed; 0 ignored; 0 measured; 0 filtered out; finished in 0.07s

all doctests ran in 0.14s; merged doctests compilation took 0.07s
error: doctest failed, to rerun pass `--doc`
error: 1 target failed:
    `--doc`
EXIT: 101
