warning: negative impls are experimental
   --> src/vstdplus/threads_plus.rs:105:10
    |
105 |     impl !Sync for IsThreadPlus {}
    |          ^
    |
    = note: see issue #68318 <https://github.com/rust-lang/rust/issues/68318> for more information
    = warning: unstable syntax can change at any point in the future, causing a hard error!
    = note: for more information, see issue #154045 <https://github.com/rust-lang/rust/issues/154045>

warning: negative impls are experimental
   --> src/vstdplus/threads_plus.rs:108:10
    |
108 |     impl !Send for IsThreadPlus {}
    |          ^
    |
    = note: see issue #68318 <https://github.com/rust-lang/rust/issues/68318> for more information
    = warning: unstable syntax can change at any point in the future, causing a hard error!
    = note: for more information, see issue #154045 <https://github.com/rust-lang/rust/issues/154045>

warning: `apas-verus` (lib) generated 2 warnings
   Compiling apas-verus v0.1.0 (/home/milnes/projects/APAS-VERUS)
warning: `apas-verus` (lib test) generated 2 warnings (2 duplicates)
    Finished `release` profile [optimized] target(s) in 7.01s
────────────
 Nextest run ID aae1fa13-7f57-48e4-9eaf-4dab1f7b9486 with nextest profile: default
    Starting 4337 tests across 264 binaries
        PASS [   0.004s] (   1/4337) apas-verus::TestAVLTreeSeq test_avltreeseq_complex_rotation_patterns
        PASS [   0.004s] (   2/4337) apas-verus::TestAVLTreeSeq test_avltreeseq_alternating_operations
        PASS [   0.004s] (   3/4337) apas-verus::TestAVLTreeSeq test_avltreeseq_default_trait
        PASS [   0.005s] (   4/4337) apas-verus::TestAVLTreeSeq test_avltreeseq_debug_display
        PASS [   0.005s] (   5/4337) apas-verus::TestAVLTreeSeq test_avltreeseq_contains_value_comprehensive
        PASS [   0.003s] (   6/4337) apas-verus::TestAVLTreeSeq test_avltreeseq_empty_operations_comprehensive
        PASS [   0.004s] (   7/4337) apas-verus::TestAVLTreeSeq test_avltreeseq_delete_value_multiple
        PASS [   0.004s] (   8/4337) apas-verus::TestAVLTreeSeq test_avltreeseq_delete_all_elements
        PASS [   0.004s] (   9/4337) apas-verus::TestAVLTreeSeq test_avltreeseq_empty_constructor
        PASS [   0.003s] (  10/4337) apas-verus::TestAVLTreeSeq test_avltreeseq_eq_trait
        PASS [   0.003s] (  11/4337) apas-verus::TestAVLTreeSeq test_avltreeseq_insert_at_boundaries
        PASS [   0.003s] (  12/4337) apas-verus::TestAVLTreeSeq test_avltreeseq_equality_comprehensive
        PASS [   0.004s] (  13/4337) apas-verus::TestAVLTreeSeq test_avltreeseq_iterator
        PASS [   0.004s] (  14/4337) apas-verus::TestAVLTreeSeq test_avltreeseq_from_vec_empty
        PASS [   0.004s] (  15/4337) apas-verus::TestAVLTreeSeq test_avltreeseq_equality_comparison
        PASS [   0.003s] (  16/4337) apas-verus::TestAVLTreeSeq test_avltreeseq_large_tree
        PASS [   0.003s] (  17/4337) apas-verus::TestAVLTreeSeq test_avltreeseq_length_method
        PASS [   0.004s] (  18/4337) apas-verus::TestAVLTreeSeq test_avltreeseq_large_subseq_operations
        PASS [   0.004s] (  19/4337) apas-verus::TestAVLTreeSeq test_avltreeseq_multiple_equality_checks
        PASS [   0.004s] (  20/4337) apas-verus::TestAVLTreeSeq test_avltreeseq_mixed_operations
        PASS [   0.003s] (  21/4337) apas-verus::TestAVLTreeSeq test_avltreeseq_new_constructor
        PASS [   0.003s] (  22/4337) apas-verus::TestAVLTreeSeq test_avltreeseq_nth_method
        PASS [   0.003s] (  23/4337) apas-verus::TestAVLTreeSeq test_avltreeseq_nth_panic_empty
        PASS [   0.019s] (  24/4337) apas-verus::BenchQuickSort bench_quicksort_st_vs_mt
        PASS [   0.003s] (  25/4337) apas-verus::TestAVLTreeSeq test_avltreeseq_nth_panic_outofbounds
        PASS [   0.003s] (  26/4337) apas-verus::TestAVLTreeSeq test_avltreeseq_push_back_multiple
        PASS [   0.004s] (  27/4337) apas-verus::TestAVLTreeSeq test_avltreeseq_predicates
        PASS [   0.003s] (  28/4337) apas-verus::TestAVLTreeSeq test_avltreeseq_reverse_insertion_order
        PASS [   0.002s] (  29/4337) apas-verus::TestAVLTreeSeq test_avltreeseq_set_method
        PASS [   0.004s] (  30/4337) apas-verus::TestAVLTreeSeq test_avltreeseq_push_back_to_empty
        PASS [   0.004s] (  31/4337) apas-verus::TestAVLTreeSeq test_avltreeseq_set_all_indices
        PASS [   0.004s] (  32/4337) apas-verus::TestAVLTreeSeq test_avltreeseq_set_multiple_elements
        PASS [   0.003s] (  33/4337) apas-verus::TestAVLTreeSeq test_avltreeseq_subseq_multiple_elements
        PASS [   0.004s] (  34/4337) apas-verus::TestAVLTreeSeq test_avltreeseq_singleton_constructor
        PASS [   0.004s] (  35/4337) apas-verus::TestAVLTreeSeq test_avltreeseq_subseq_copy
        PASS [   0.003s] (  36/4337) apas-verus::TestAVLTreeSeq test_avltreeseq_to_arrayseq_empty
        PASS [   0.004s] (  37/4337) apas-verus::TestAVLTreeSeq test_avltreeseq_trigger_left_right_rotation
        PASS [   0.004s] (  38/4337) apas-verus::TestAVLTreeSeq test_avltreeseq_trigger_left_rotation
        PASS [   0.004s] (  39/4337) apas-verus::TestAVLTreeSeq test_avltreeseq_trigger_right_left_rotation
        PASS [   0.004s] (  40/4337) apas-verus::TestAVLTreeSeq test_avltreeseq_trigger_right_rotation
        PASS [   0.004s] (  41/4337) apas-verus::TestAVLTreeSeq test_avltreeseq_update_chain
        PASS [   0.004s] (  42/4337) apas-verus::TestAVLTreeSeq test_avltreeseq_values_in_order_comprehensive
        PASS [   0.004s] (  43/4337) apas-verus::TestAVLTreeSeq test_avltreeseq_very_large_tree
        PASS [   0.004s] (  44/4337) apas-verus::TestAVLTreeSeq test_avltreeseq_zero_length_operations
        PASS [   0.003s] (  45/4337) apas-verus::TestAVLTreeSeq test_contains_value
        PASS [   0.004s] (  46/4337) apas-verus::TestAVLTreeSeq test_from_vec
        PASS [   0.004s] (  47/4337) apas-verus::TestAVLTreeSeq test_delete_value
        PASS [   0.003s] (  48/4337) apas-verus::TestAVLTreeSeq test_insert_value
        PASS [   0.003s] (  49/4337) apas-verus::TestAVLTreeSeq test_push_back
        PASS [   0.004s] (  50/4337) apas-verus::TestAVLTreeSeq test_is_tree_empty
        PASS [   0.003s] (  51/4337) apas-verus::TestAVLTreeSeq test_new_root
        PASS [   0.004s] (  52/4337) apas-verus::TestAVLTreeSeq test_update
        PASS [   0.004s] (  53/4337) apas-verus::TestAVLTreeSeq test_to_arrayseq
        PASS [   0.003s] (  54/4337) apas-verus::TestAVLTreeSeq test_values_in_order
        PASS [   0.004s] (  55/4337) apas-verus::TestAVLTreeSeqMtPer test_alternating_sets
        PASS [   0.004s] (  56/4337) apas-verus::TestAVLTreeSeqMtPer test_clone
        PASS [   0.003s] (  57/4337) apas-verus::TestAVLTreeSeqMtPer test_debug_trait
        PASS [   0.004s] (  58/4337) apas-verus::TestAVLTreeSeqMtPer test_default_trait
        PASS [   0.004s] (  59/4337) apas-verus::TestAVLTreeSeqMtPer test_empty
        PASS [   0.004s] (  60/4337) apas-verus::TestAVLTreeSeqMtPer test_deep_rotation_cascade
        PASS [   0.003s] (  61/4337) apas-verus::TestAVLTreeSeqMtPer test_empty_operations
        PASS [   0.004s] (  62/4337) apas-verus::TestAVLTreeSeqMtPer test_empty_subseq
        PASS [   0.004s] (  63/4337) apas-verus::TestAVLTreeSeqMtPer test_eq
        PASS [   0.004s] (  64/4337) apas-verus::TestAVLTreeSeqMtPer test_extreme_imbalance_scenarios
        PASS [   0.004s] (  65/4337) apas-verus::TestAVLTreeSeqMtPer test_equality_comprehensive
        PASS [   0.004s] (  66/4337) apas-verus::TestAVLTreeSeqMtPer test_from_vec
        PASS [   0.004s] (  67/4337) apas-verus::TestAVLTreeSeqMtPer test_force_all_rotation_cases
        PASS [   0.004s] (  68/4337) apas-verus::TestAVLTreeSeqMtPer test_issingleton
        PASS [   0.004s] (  69/4337) apas-verus::TestAVLTreeSeqMtPer test_isempty
        PASS [   0.004s] (  70/4337) apas-verus::TestAVLTreeSeqMtPer test_iterator_comprehensive
        PASS [   0.004s] (  71/4337) apas-verus::TestAVLTreeSeqMtPer test_iter
        PASS [   0.004s] (  72/4337) apas-verus::TestAVLTreeSeqMtPer test_large_tree_rotations
        PASS [   0.004s] (  73/4337) apas-verus::TestAVLTreeSeqMtPer test_large_sequence
        PASS [   0.004s] (  74/4337) apas-verus::TestAVLTreeSeqMtPer test_left_right_rotation
        PASS [   0.004s] (  75/4337) apas-verus::TestAVLTreeSeqMtPer test_length
        PASS [   0.004s] (  76/4337) apas-verus::TestAVLTreeSeqMtPer test_nth
        PASS [   0.004s] (  77/4337) apas-verus::TestAVLTreeSeqMtPer test_multiple_structural_sharing
        PASS [   0.004s] (  78/4337) apas-verus::TestAVLTreeSeqMtPer test_reverse_insertion_order
        PASS [   0.004s] (  79/4337) apas-verus::TestAVLTreeSeqMtPer test_new
        PASS [   0.004s] (  80/4337) apas-verus::TestAVLTreeSeqMtPer test_multiple_sets
        PASS [   0.004s] (  81/4337) apas-verus::TestAVLTreeSeqMtPer test_persistence
        PASS [   0.004s] (  82/4337) apas-verus::TestAVLTreeSeqMtPer test_right_left_rotation
        PASS [   0.004s] (  83/4337) apas-verus::TestAVLTreeSeqMtPer test_set
        PASS [   0.004s] (  84/4337) apas-verus::TestAVLTreeSeqMtPer test_rotation_left_heavy
        PASS [   0.004s] (  85/4337) apas-verus::TestAVLTreeSeqMtPer test_rotation_right_heavy
        PASS [   0.004s] (  86/4337) apas-verus::TestAVLTreeSeqMtPer test_sequential_insertions_causing_rotations
        PASS [   0.004s] (  87/4337) apas-verus::TestAVLTreeSeqMtPer test_set_at_index_zero_empty
        PASS [   0.004s] (  88/4337) apas-verus::TestAVLTreeSeqMtPer test_set_out_of_bounds
        PASS [   0.004s] (  89/4337) apas-verus::TestAVLTreeSeqMtPer test_singleton_operations
        PASS [   0.004s] (  90/4337) apas-verus::TestAVLTreeSeqMtPer test_set_boundary
        PASS [   0.004s] (  91/4337) apas-verus::TestAVLTreeSeqMtPer test_singleton
        PASS [   0.004s] (  92/4337) apas-verus::TestAVLTreeSeqMtPer test_subseq_copy
        PASS [   0.005s] (  93/4337) apas-verus::TestAVLTreeSeqMtPer test_subseq_copy_comprehensive
        PASS [   0.004s] (  94/4337) apas-verus::TestAVLTreeSeqStEph test_clone_impl
        PASS [   0.004s] (  95/4337) apas-verus::TestAVLTreeSeqMtPer test_trigger_rotations
        PASS [   0.004s] (  96/4337) apas-verus::TestAVLTreeSeqMtPer test_values_in_order_comprehensive
        PASS [   0.004s] (  97/4337) apas-verus::TestAVLTreeSeqMtPer test_values_in_order
        PASS [   0.004s] (  98/4337) apas-verus::TestAVLTreeSeqMtPer test_very_large_sequence
        PASS [   0.004s] (  99/4337) apas-verus::TestAVLTreeSeqMtPer test_subseq_then_modify
        PASS [   0.004s] ( 100/4337) apas-verus::TestAVLTreeSeqStEph test_from_vec
        PASS [   0.004s] ( 101/4337) apas-verus::TestAVLTreeSeqStEph test_default_impl
        PASS [   0.004s] ( 102/4337) apas-verus::TestAVLTreeSeqStEph test_eq_impl
        PASS [   0.004s] ( 103/4337) apas-verus::TestAVLTreeSeqStEph test_contains_value
        PASS [   0.004s] ( 104/4337) apas-verus::TestAVLTreeSeqStEph test_delete_value
        PASS [   0.004s] ( 105/4337) apas-verus::TestAVLTreeSeqStEph test_empty
        PASS [   0.003s] ( 106/4337) apas-verus::TestAVLTreeSeqStEph test_length
        PASS [   0.004s] ( 107/4337) apas-verus::TestAVLTreeSeqStEph test_new
        PASS [   0.004s] ( 108/4337) apas-verus::TestAVLTreeSeqStEph test_iter
        PASS [   0.004s] ( 109/4337) apas-verus::TestAVLTreeSeqStEph test_insert_value
        PASS [   0.004s] ( 110/4337) apas-verus::TestAVLTreeSeqStEph test_isSingleton
        PASS [   0.004s] ( 111/4337) apas-verus::TestAVLTreeSeqStEph test_isEmpty
        PASS [   0.004s] ( 112/4337) apas-verus::TestAVLTreeSeqStEph test_new_root
        PASS [   0.004s] ( 113/4337) apas-verus::TestAVLTreeSeqStEph test_nth
        PASS [   0.004s] ( 114/4337) apas-verus::TestAVLTreeSeqStEph test_partialeq_impl
        PASS [   0.004s] ( 115/4337) apas-verus::TestAVLTreeSeqStEph test_set
        PASS [   0.004s] ( 116/4337) apas-verus::TestAVLTreeSeqStEph test_singleton
        PASS [   0.004s] ( 117/4337) apas-verus::TestAVLTreeSeqStEph test_push_back
        PASS [   0.004s] ( 118/4337) apas-verus::TestAVLTreeSeqStEph test_to_arrayseq
        PASS [   0.004s] ( 119/4337) apas-verus::TestAVLTreeSeqStEph test_subseq_copy
        PASS [   0.004s] ( 120/4337) apas-verus::TestAVLTreeSeqStEph test_update
        PASS [   0.004s] ( 121/4337) apas-verus::TestAVLTreeSeqStEph18 test_append_union
        PASS [   0.004s] ( 122/4337) apas-verus::TestAVLTreeSeqStEph18 test_map_increment
        PASS [   0.005s] ( 123/4337) apas-verus::TestAVLTreeSeqStEph18 test_filter_even
        PASS [   0.003s] ( 124/4337) apas-verus::TestAVLTreeSeqStEph18 test_tabulate_inorder
        PASS [   0.004s] ( 125/4337) apas-verus::TestAVLTreeSeqStEphChap37 test_avl_empty_constructor
        PASS [   0.004s] ( 126/4337) apas-verus::TestAVLTreeSeqStEphChap37 test_avl_delete_value
        PASS [   0.004s] ( 127/4337) apas-verus::TestAVLTreeSeqStEphChap37 test_avl_contains_value
        PASS [   0.004s] ( 128/4337) apas-verus::TestAVLTreeSeqStEphChap37 test_avl_equality
        PASS [   0.004s] ( 129/4337) apas-verus::TestAVLTreeSeqStEphChap37 test_avl_ephemeral_basic
        PASS [   0.004s] ( 130/4337) apas-verus::TestAVLTreeSeqStEphChap37 test_avl_from_vec_constructor
        PASS [   0.004s] ( 131/4337) apas-verus::TestAVLTreeSeqStEphChap37 test_avl_large_tree_operations
        PASS [   0.003s] ( 132/4337) apas-verus::TestAVLTreeSeqStEphChap37 test_avl_macro_literal
        PASS [   0.004s] ( 133/4337) apas-verus::TestAVLTreeSeqStEphChap37 test_avl_nth_out_of_bounds_panics
        PASS [   0.005s] ( 134/4337) apas-verus::TestAVLTreeSeqStEphChap37 test_avl_insert_value
        PASS [   0.005s] ( 135/4337) apas-verus::TestAVLTreeSeqStEphChap37 test_avl_iterator
        PASS [   0.004s] ( 136/4337) apas-verus::TestAVLTreeSeqStEphChap37 test_avl_push_back
        PASS [   0.004s] ( 137/4337) apas-verus::TestAVLTreeSeqStEphChap37 test_avl_set_method
        PASS [   0.004s] ( 138/4337) apas-verus::TestAVLTreeSeqStEphChap37 test_avl_singleton_constructor
        PASS [   0.004s] ( 139/4337) apas-verus::TestAVLTreeSeqStEphChap37 test_avl_stress_operations
        PASS [   0.004s] ( 140/4337) apas-verus::TestAVLTreeSeqStEphChap37 test_avl_to_arrayseq
        PASS [   0.004s] ( 141/4337) apas-verus::TestAVLTreeSeqStEphChap37 test_avl_subseq_copy
        PASS [   0.004s] ( 142/4337) apas-verus::TestAVLTreeSeqStEphChap37 test_avl_update_method
        PASS [   0.004s] ( 143/4337) apas-verus::TestAVLTreeSeqStEphChap37 test_clone
        PASS [   0.004s] ( 144/4337) apas-verus::TestAVLTreeSeqStEphChap37 test_deflate_and_filter
        PASS [   0.004s] ( 145/4337) apas-verus::TestAVLTreeSeqStEphChap37 test_default_trait
        PASS [   0.004s] ( 146/4337) apas-verus::TestAVLTreeSeqStEphChap37 test_tabulate_and_map
        PASS [   0.004s] ( 147/4337) apas-verus::TestAVLTreeSeqStEphChap37 test_select_and_append
        PASS [   0.003s] ( 148/4337) apas-verus::TestAVLTreeSeqStPer test_avl_empty_and_singleton_edge_cases
        PASS [   0.004s] ( 149/4337) apas-verus::TestAVLTreeSeqStEphChap37 test_very_large_tree_with_deletions
        PASS [   0.003s] ( 150/4337) apas-verus::TestAVLTreeSeqStPer test_avl_equality_and_debug
        PASS [   0.004s] ( 151/4337) apas-verus::TestAVLTreeSeqStPer test_alternating_access_pattern
        PASS [   0.004s] ( 152/4337) apas-verus::TestAVLTreeSeqStPer test_avl_large_tree_balancing
        PASS [   0.004s] ( 153/4337) apas-verus::TestAVLTreeSeqStPer test_avl_left_heavy_rebalancing
        PASS [   0.002s] ( 154/4337) apas-verus::TestAVLTreeSeqStPer test_avl_left_right_rotation
        PASS [   0.003s] ( 155/4337) apas-verus::TestAVLTreeSeqStPer test_avl_right_left_rotation
        PASS [   0.004s] ( 156/4337) apas-verus::TestAVLTreeSeqStPer test_avl_right_heavy_rebalancing
        PASS [   0.004s] ( 157/4337) apas-verus::TestAVLTreeSeqStPer test_avl_nth_out_of_bounds_panics
        PASS [   0.003s] ( 158/4337) apas-verus::TestAVLTreeSeqStPer test_avl_sequential_modifications
        PASS [   0.003s] ( 159/4337) apas-verus::TestAVLTreeSeqStPer test_avl_set_out_of_bounds_error
        PASS [   0.004s] ( 160/4337) apas-verus::TestAVLTreeSeqStPer test_avl_stress_balancing
        PASS [   0.003s] ( 161/4337) apas-verus::TestAVLTreeSeqStPer test_avl_subseq_balancing
        PASS [   0.004s] ( 162/4337) apas-verus::TestAVLTreeSeqStPer test_avl_to_arrayseq_conversion
        PASS [   0.004s] ( 163/4337) apas-verus::TestAVLTreeSeqStPer test_clone_preserves_structure
        PASS [   0.004s] ( 164/4337) apas-verus::TestAVLTreeSeqStPer test_debug_formatting
        PASS [   0.004s] ( 165/4337) apas-verus::TestAVLTreeSeqStPer test_equality_comprehensive
        PASS [   0.004s] ( 166/4337) apas-verus::TestAVLTreeSeqStPer test_from_vec_empty
        PASS [   0.003s] ( 167/4337) apas-verus::TestAVLTreeSeqStPer test_from_vec_large
        PASS [   0.003s] ( 168/4337) apas-verus::TestAVLTreeSeqStPer test_iterator_large_tree
        PASS [   0.003s] ( 169/4337) apas-verus::TestAVLTreeSeqStPer test_iterator_empty
        PASS [   0.004s] ( 170/4337) apas-verus::TestAVLTreeSeqStPer test_iterator_inorder_values
        PASS [   0.003s] ( 171/4337) apas-verus::TestAVLTreeSeqStPer test_iterator_singleton
        PASS [   0.004s] ( 172/4337) apas-verus::TestAVLTreeSeqStPer test_macro_variants
        PASS [   0.004s] ( 173/4337) apas-verus::TestAVLTreeSeqStPer test_persistence_verification
        PASS [   0.004s] ( 174/4337) apas-verus::TestAVLTreeSeqStPer test_persistent_set_does_not_mutate
        PASS [   0.003s] ( 175/4337) apas-verus::TestAVLTreeSeqStPer test_set_on_empty_at_zero
        PASS [   0.004s] ( 176/4337) apas-verus::TestAVLTreeSeqStPer test_subseq_copy_edge_cases
        PASS [   0.004s] ( 177/4337) apas-verus::TestAVLTreeSeqStPer test_to_arrayseq_empty
        PASS [   0.003s] ( 178/4337) apas-verus::TestAVLTreeSeqStPer test_to_arrayseq_singleton
        PASS [   0.003s] ( 179/4337) apas-verus::TestAVLTreeSeqStPer test_values_in_order_empty
        PASS [   0.004s] ( 180/4337) apas-verus::TestAVLTreeSeqStPer test_values_in_order_large
        PASS [   0.004s] ( 181/4337) apas-verus::TestAVLTreeSeqStPer test_very_large_tree
        PASS [   0.004s] ( 182/4337) apas-verus::TestAVLTreeSeqStPer18 test_append_union
        PASS [   0.004s] ( 183/4337) apas-verus::TestAVLTreeSeqStPer18 test_filter_even
        PASS [   0.004s] ( 184/4337) apas-verus::TestAVLTreeSeqStPer18 test_map_increment
        PASS [   0.004s] ( 185/4337) apas-verus::TestAVLTreeSeqStPer18 test_tabulate_inorder
        PASS [   0.004s] ( 186/4337) apas-verus::TestAVLTreeSeqStPer19 test_tabulate_and_map_ch19
        PASS [   0.004s] ( 187/4337) apas-verus::TestAVLTreeSeqStPer19 test_select_and_append_ch19
        PASS [   0.004s] ( 188/4337) apas-verus::TestAVLTreeSeqStPer19 test_deflate_and_filter_ch19
        PASS [   0.004s] ( 189/4337) apas-verus::TestAVLTreeSetMtEph test_avltreesetmtephlit_macro_functionality
        PASS [   0.004s] ( 190/4337) apas-verus::TestAVLTreeSetMtEph test_clone
        PASS [   0.005s] ( 191/4337) apas-verus::TestAVLTreeSetMtEph test_debug_trait
        PASS [   0.004s] ( 192/4337) apas-verus::TestAVLTreeSetMtEph test_delete
        PASS [   0.004s] ( 193/4337) apas-verus::TestAVLTreeSetMtEph test_delete_all_elements
        PASS [   0.004s] ( 194/4337) apas-verus::TestAVLTreeSetMtEph test_delete_nonexistent
        PASS [   0.004s] ( 195/4337) apas-verus::TestAVLTreeSetMtEph test_difference
        PASS [   0.004s] ( 196/4337) apas-verus::TestAVLTreeSetMtEph test_difference_disjoint_sets
        PASS [   0.004s] ( 197/4337) apas-verus::TestAVLTreeSetMtEph test_difference_empty_sets
        PASS [   0.004s] ( 198/4337) apas-verus::TestAVLTreeSetMtEph test_empty
        PASS [   0.004s] ( 199/4337) apas-verus::TestAVLTreeSetMtEph test_equality_via_elements
        PASS [   0.004s] ( 200/4337) apas-verus::TestAVLTreeSetMtEph test_filter_all_match
        PASS [   0.004s] ( 201/4337) apas-verus::TestAVLTreeSetMtEph test_difference_identical_sets
        PASS [   0.004s] ( 202/4337) apas-verus::TestAVLTreeSetMtEph test_filter_empty
        PASS [   0.004s] ( 203/4337) apas-verus::TestAVLTreeSetMtEph test_filter_small
        PASS [   0.004s] ( 204/4337) apas-verus::TestAVLTreeSetMtEph test_filter_none_match
        PASS [   0.004s] ( 205/4337) apas-verus::TestAVLTreeSetMtEph test_from_seq_all_duplicates
        PASS [   0.004s] ( 206/4337) apas-verus::TestAVLTreeSetMtEph test_from_seq
        PASS [   0.004s] ( 207/4337) apas-verus::TestAVLTreeSetMtEph test_from_seq_empty
        PASS [   0.004s] ( 208/4337) apas-verus::TestAVLTreeSetMtEph test_from_seq_singleton
        PASS [   0.004s] ( 209/4337) apas-verus::TestAVLTreeSetMtEph test_insert_duplicate
        PASS [   0.004s] ( 210/4337) apas-verus::TestAVLTreeSetMtEph test_insert_find
        PASS [   0.004s] ( 211/4337) apas-verus::TestAVLTreeSetMtEph test_intersection_disjoint_sets
        PASS [   0.003s] ( 212/4337) apas-verus::TestAVLTreeSetMtEph test_intersection_empty_sets
        PASS [   0.004s] ( 213/4337) apas-verus::TestAVLTreeSetMtEph test_intersection_identical_sets
        PASS [   0.004s] ( 214/4337) apas-verus::TestAVLTreeSetMtEph test_intersection_small
        PASS [   0.004s] ( 215/4337) apas-verus::TestAVLTreeSetMtEph test_mixed_operations_comprehensive
        PASS [   0.004s] ( 216/4337) apas-verus::TestAVLTreeSetMtEph test_string_set
        PASS [   0.004s] ( 217/4337) apas-verus::TestAVLTreeSetMtEph test_singleton
        PASS [   0.003s] ( 218/4337) apas-verus::TestAVLTreeSetMtEph test_to_seq
        PASS [   0.004s] ( 219/4337) apas-verus::TestAVLTreeSetMtEph test_to_seq_singleton
        PASS [   0.004s] ( 220/4337) apas-verus::TestAVLTreeSetMtEph test_to_seq_empty
        PASS [   0.004s] ( 221/4337) apas-verus::TestAVLTreeSetMtEph test_union_disjoint_sets
        PASS [   0.004s] ( 222/4337) apas-verus::TestAVLTreeSetMtEph test_union_empty_sets
        PASS [   0.016s] ( 223/4337) apas-verus::TestAVLTreeSetMtEph test_intersection_large_parallel
        PASS [   0.004s] ( 224/4337) apas-verus::TestAVLTreeSetMtEph test_union_identical_sets
        PASS [   0.004s] ( 225/4337) apas-verus::TestAVLTreeSetMtPer test_avltreesetmtperlit_macro_type_safety
        PASS [   0.004s] ( 226/4337) apas-verus::TestAVLTreeSetMtPer test_clone
        PASS [   0.005s] ( 227/4337) apas-verus::TestAVLTreeSetMtEph test_union_small
        PASS [   0.004s] ( 228/4337) apas-verus::TestAVLTreeSetMtPer test_default_trait
        PASS [   0.004s] ( 229/4337) apas-verus::TestAVLTreeSetMtPer test_debug_trait
        PASS [   0.004s] ( 230/4337) apas-verus::TestAVLTreeSetMtPer test_delete
        PASS [   0.004s] ( 231/4337) apas-verus::TestAVLTreeSetMtPer test_delete_multiple
        PASS [   0.004s] ( 232/4337) apas-verus::TestAVLTreeSetMtPer test_delete_operation
        PASS [   0.004s] ( 233/4337) apas-verus::TestAVLTreeSetMtPer test_difference_empty
        PASS [   0.004s] ( 234/4337) apas-verus::TestAVLTreeSetMtPer test_display_trait
        PASS [   0.004s] ( 235/4337) apas-verus::TestAVLTreeSetMtPer test_difference_operation
        PASS [   0.003s] ( 236/4337) apas-verus::TestAVLTreeSetMtPer test_duplicate_insert
        PASS [   0.004s] ( 237/4337) apas-verus::TestAVLTreeSetMtPer test_empty_set
        PASS [   0.004s] ( 238/4337) apas-verus::TestAVLTreeSetMtPer test_filter_empty_result
        PASS [   0.004s] ( 239/4337) apas-verus::TestAVLTreeSetMtPer test_filter_operation
        PASS [   0.004s] ( 240/4337) apas-verus::TestAVLTreeSetMtPer test_find_missing
        PASS [   0.004s] ( 241/4337) apas-verus::TestAVLTreeSetMtPer test_filter_parallel_path
        PASS [   0.004s] ( 242/4337) apas-verus::TestAVLTreeSetMtPer test_from_seq_operation
        PASS [   0.004s] ( 243/4337) apas-verus::TestAVLTreeSetMtPer test_insert
        PASS [   0.004s] ( 244/4337) apas-verus::TestAVLTreeSetMtPer test_insert_multiple
        PASS [   0.005s] ( 245/4337) apas-verus::TestAVLTreeSetMtPer test_from_seq_parallel_sort
        PASS [   0.004s] ( 246/4337) apas-verus::TestAVLTreeSetMtPer test_intersection_empty
        PASS [   0.004s] ( 247/4337) apas-verus::TestAVLTreeSetMtPer test_intersection_operation
        PASS [   0.004s] ( 248/4337) apas-verus::TestAVLTreeSetMtPer test_intersection_parallel_path
        PASS [   0.004s] ( 249/4337) apas-verus::TestAVLTreeSetMtPer test_into_iter_collects_all_elements
        PASS [   0.004s] ( 250/4337) apas-verus::TestAVLTreeSetMtPer test_into_iter_empty
        PASS [   0.003s] ( 251/4337) apas-verus::TestAVLTreeSetMtPer test_into_iter_for_loop
        PASS [   0.004s] ( 252/4337) apas-verus::TestAVLTreeSetMtPer test_into_iter_singleton
        PASS [   0.004s] ( 253/4337) apas-verus::TestAVLTreeSetMtPer test_negative_numbers
        PASS [   0.006s] ( 254/4337) apas-verus::TestAVLTreeSetMtPer test_large_set
        PASS [   0.004s] ( 255/4337) apas-verus::TestAVLTreeSetMtPer test_ord_trait
        PASS [   0.004s] ( 256/4337) apas-verus::TestAVLTreeSetMtPer test_partial_ord_trait
        PASS [   0.004s] ( 257/4337) apas-verus::TestAVLTreeSetMtPer test_persistence_delete
        PASS [   0.004s] ( 258/4337) apas-verus::TestAVLTreeSetMtPer test_singleton_operation
        PASS [   0.003s] ( 259/4337) apas-verus::TestAVLTreeSetMtPer test_singleton_set
        PASS [   0.073s] ( 260/4337) apas-verus::TestAVLTreeSetMtEph test_filter_large_parallel
        PASS [   0.004s] ( 261/4337) apas-verus::TestAVLTreeSetMtPer test_to_seq
        PASS [   0.004s] ( 262/4337) apas-verus::TestAVLTreeSetMtPer test_union_operation
        PASS [   0.004s] ( 263/4337) apas-verus::TestAVLTreeSetMtPer test_union_self
        PASS [   0.004s] ( 264/4337) apas-verus::TestAVLTreeSetStEph test_avl_tree_set_basic_operations
        PASS [   0.004s] ( 265/4337) apas-verus::TestAVLTreeSetStEph test_avl_tree_set_bulk_operations
        PASS [   0.004s] ( 266/4337) apas-verus::TestAVLTreeSetStEph test_avl_tree_set_filter
        PASS [   0.003s] ( 267/4337) apas-verus::TestAVLTreeSetStEph test_avl_tree_set_from_seq
        PASS [   0.004s] ( 268/4337) apas-verus::TestAVLTreeSetStEph test_avl_tree_set_macro
        PASS [   0.004s] ( 269/4337) apas-verus::TestAVLTreeSetStEph test_avl_tree_set_ordering
        PASS [   0.004s] ( 270/4337) apas-verus::TestAVLTreeSetStEph test_avl_tree_set_to_seq
        PASS [   0.004s] ( 271/4337) apas-verus::TestAVLTreeSetStEph test_avltreesetstephlit_macro_functionality
        PASS [   0.004s] ( 272/4337) apas-verus::TestAVLTreeSetStEph test_clone_impl
        PASS [   0.004s] ( 273/4337) apas-verus::TestAVLTreeSetStEph test_clone_set
        PASS [   0.003s] ( 274/4337) apas-verus::TestAVLTreeSetStEph test_debug_impl
        PASS [   0.003s] ( 275/4337) apas-verus::TestAVLTreeSetStEph test_debug_trait
        PASS [   0.004s] ( 276/4337) apas-verus::TestAVLTreeSetStEph test_default_impl
        PASS [   0.003s] ( 277/4337) apas-verus::TestAVLTreeSetStEph test_delete_all_elements
        PASS [   0.003s] ( 278/4337) apas-verus::TestAVLTreeSetStEph test_difference_disjoint_sets
        PASS [   0.004s] ( 279/4337) apas-verus::TestAVLTreeSetStEph test_delete_nonexistent
        PASS [   0.004s] ( 280/4337) apas-verus::TestAVLTreeSetStEph test_difference_empty_sets
        PASS [   0.004s] ( 281/4337) apas-verus::TestAVLTreeSetStEph test_difference_identical_sets
        PASS [   0.003s] ( 282/4337) apas-verus::TestAVLTreeSetStEph test_display_impl
        PASS [   0.004s] ( 283/4337) apas-verus::TestAVLTreeSetStEph test_equality
        PASS [   0.004s] ( 284/4337) apas-verus::TestAVLTreeSetStEph test_example_41_1_avl_cases
        PASS [   0.004s] ( 285/4337) apas-verus::TestAVLTreeSetStEph test_filter_all_match
        PASS [   0.004s] ( 286/4337) apas-verus::TestAVLTreeSetStEph test_filter_none_match
        PASS [   0.004s] ( 287/4337) apas-verus::TestAVLTreeSetStEph test_filter_empty_set
        PASS [   0.004s] ( 288/4337) apas-verus::TestAVLTreeSetStEph test_from_seq_all_duplicates
        PASS [   0.004s] ( 289/4337) apas-verus::TestAVLTreeSetStEph test_from_seq_empty
        PASS [   0.003s] ( 290/4337) apas-verus::TestAVLTreeSetStEph test_insert_duplicate
        PASS [   0.004s] ( 291/4337) apas-verus::TestAVLTreeSetStEph test_from_seq_singleton
        PASS [   0.003s] ( 292/4337) apas-verus::TestAVLTreeSetStEph test_intersection_disjoint_sets
        PASS [   0.004s] ( 293/4337) apas-verus::TestAVLTreeSetStEph test_intersection_empty_sets
        PASS [   0.003s] ( 294/4337) apas-verus::TestAVLTreeSetStEph test_into_iter_collects_all_elements
        PASS [   0.004s] ( 295/4337) apas-verus::TestAVLTreeSetStEph test_intersection_identical_sets
        PASS [   0.004s] ( 296/4337) apas-verus::TestAVLTreeSetStEph test_into_iter_empty
        PASS [   0.004s] ( 297/4337) apas-verus::TestAVLTreeSetStEph test_into_iter_for_loop
        PASS [   0.004s] ( 298/4337) apas-verus::TestAVLTreeSetStEph test_mixed_operations_comprehensive
        PASS [   0.004s] ( 299/4337) apas-verus::TestAVLTreeSetStEph test_string_set
        PASS [   0.004s] ( 300/4337) apas-verus::TestAVLTreeSetStEph test_to_seq_singleton
        PASS [   0.004s] ( 301/4337) apas-verus::TestAVLTreeSetStEph test_to_seq_empty
        PASS [   0.004s] ( 302/4337) apas-verus::TestAVLTreeSetStEph test_union_disjoint_sets
        PASS [   0.004s] ( 303/4337) apas-verus::TestAVLTreeSetStEph test_union_identical_sets
        PASS [   0.004s] ( 304/4337) apas-verus::TestAVLTreeSetStEph test_union_empty_sets
        PASS [   0.004s] ( 305/4337) apas-verus::TestAVLTreeSetStPer test_avl_tree_set_per_basic_operations
        PASS [   0.004s] ( 306/4337) apas-verus::TestAVLTreeSetStPer test_avl_tree_set_per_bulk_operations
        PASS [   0.004s] ( 307/4337) apas-verus::TestAVLTreeSetStPer test_avl_tree_set_per_filter
        PASS [   0.003s] ( 308/4337) apas-verus::TestAVLTreeSetStPer test_avl_tree_set_per_from_seq
        PASS [   0.112s] ( 309/4337) apas-verus::TestAVLTreeSetMtEph test_large_set_operations
        PASS [   0.004s] ( 310/4337) apas-verus::TestAVLTreeSetStPer test_avl_tree_set_per_persistence
        PASS [   0.004s] ( 311/4337) apas-verus::TestAVLTreeSetStPer test_avl_tree_set_per_macro
        PASS [   0.003s] ( 312/4337) apas-verus::TestAVLTreeSetStPer test_avl_tree_set_per_to_seq
        PASS [   0.004s] ( 313/4337) apas-verus::TestAVLTreeSetStPer test_avltreesetstperlit_macro_functionality
        PASS [   0.004s] ( 314/4337) apas-verus::TestAVLTreeSetStPer test_clone_impl
        PASS [   0.004s] ( 315/4337) apas-verus::TestAVLTreeSetStPer test_default_impl
        PASS [   0.003s] ( 316/4337) apas-verus::TestAVLTreeSetStPer test_display_impl
        PASS [   0.004s] ( 317/4337) apas-verus::TestAVLTreeSetStPer test_into_iter_collects_all_elements
        PASS [   0.004s] ( 318/4337) apas-verus::TestAVLTreeSetStPer test_into_iter_for_loop
        PASS [   0.004s] ( 319/4337) apas-verus::TestAVLTreeSetStPer test_into_iter_empty
        PASS [   0.004s] ( 320/4337) apas-verus::TestAdjMatrixGraphMtEph test_complement_empty_graph
        PASS [   0.004s] ( 321/4337) apas-verus::TestAdjMatrixGraphMtEph test_complement_idempotence
        PASS [   0.004s] ( 322/4337) apas-verus::TestAdjMatrixGraphMtEph test_complement_zero_vertices
        PASS [   0.004s] ( 323/4337) apas-verus::TestAdjMatrixGraphMtEph test_complement_single_vertex
        PASS [   0.004s] ( 324/4337) apas-verus::TestAdjMatrixGraphMtEph test_has_edge_empty_graph
        PASS [   0.004s] ( 325/4337) apas-verus::TestAdjMatrixGraphMtEph test_has_edge_out_of_bounds
        PASS [   0.004s] ( 326/4337) apas-verus::TestAdjMatrixGraphMtEph test_multiple_vertices_all_operations
        PASS [   0.004s] ( 327/4337) apas-verus::TestAdjMatrixGraphMtEph test_new_empty_graph
        PASS [   0.004s] ( 328/4337) apas-verus::TestAdjMatrixGraphMtEph test_num_vertices
        PASS [   0.004s] ( 329/4337) apas-verus::TestAdjMatrixGraphMtEph test_out_degree_empty_graph
        PASS [   0.004s] ( 330/4337) apas-verus::TestAdjMatrixGraphMtEph test_set_edge
        PASS [   0.004s] ( 331/4337) apas-verus::TestAdjMatrixGraphMtEph test_out_neighbors_empty_graph
        PASS [   0.004s] ( 332/4337) apas-verus::TestAdjMatrixGraphMtEph test_set_edge_multiple
        PASS [   0.004s] ( 333/4337) apas-verus::TestAdjMatrixGraphMtPer test_clone
        PASS [   0.004s] ( 334/4337) apas-verus::TestAdjMatrixGraphMtPer test_complement_single_vertex
        PASS [   0.004s] ( 335/4337) apas-verus::TestAdjMatrixGraphMtPer test_complement_idempotence
        PASS [   0.004s] ( 336/4337) apas-verus::TestAdjMatrixGraphMtPer test_complement_empty_graph
        PASS [   0.004s] ( 337/4337) apas-verus::TestAdjMatrixGraphMtPer test_complement_zero_vertices
        PASS [   0.004s] ( 338/4337) apas-verus::TestAdjMatrixGraphMtPer test_has_edge_empty_graph
        PASS [   0.004s] ( 339/4337) apas-verus::TestAdjMatrixGraphMtPer test_has_edge_out_of_bounds
        PASS [   0.004s] ( 340/4337) apas-verus::TestAdjMatrixGraphMtPer test_multiple_vertices_all_operations
        PASS [   0.003s] ( 341/4337) apas-verus::TestAdjMatrixGraphMtPer test_new_empty_graph
        PASS [   0.004s] ( 342/4337) apas-verus::TestAdjMatrixGraphMtPer test_out_degree_empty_graph
        PASS [   0.004s] ( 343/4337) apas-verus::TestAdjMatrixGraphMtPer test_num_edges_sequential
        PASS [   0.004s] ( 344/4337) apas-verus::TestAdjMatrixGraphMtPer test_out_degree_after_complement
        PASS [   0.004s] ( 345/4337) apas-verus::TestAdjMatrixGraphMtPer test_num_vertices
        PASS [   0.004s] ( 346/4337) apas-verus::TestAdjMatrixGraphMtPer test_out_neighbors_after_complement
        PASS [   0.005s] ( 347/4337) apas-verus::TestAdjMatrixGraphMtPer test_out_neighbors_empty_graph
        PASS [   0.005s] ( 348/4337) apas-verus::TestAdjMatrixGraphMtPer test_out_degree_out_of_bounds
        PASS [   0.005s] ( 349/4337) apas-verus::TestAdjMatrixGraphMtPer test_out_neighbors_out_of_bounds
        PASS [   0.004s] ( 350/4337) apas-verus::TestAdjMatrixGraphStEph test_complement
        PASS [   0.004s] ( 351/4337) apas-verus::TestAdjMatrixGraphStEph test_complete_graph
        PASS [   0.004s] ( 352/4337) apas-verus::TestAdjMatrixGraphStEph test_from_matrix
        PASS [   0.004s] ( 353/4337) apas-verus::TestAdjMatrixGraphStEph test_empty_graph
        PASS [   0.004s] ( 354/4337) apas-verus::TestAdjMatrixGraphStEph test_new
        PASS [   0.004s] ( 355/4337) apas-verus::TestAdjMatrixGraphStEph test_num_edges_large
        PASS [   0.004s] ( 356/4337) apas-verus::TestAdjMatrixGraphStEph test_num_edges
        PASS [   0.004s] ( 357/4337) apas-verus::TestAdjMatrixGraphStEph test_has_edge
        PASS [   0.004s] ( 358/4337) apas-verus::TestAdjMatrixGraphStEph test_set_edge
        PASS [   0.004s] ( 359/4337) apas-verus::TestAdjMatrixGraphStEph test_self_loop
        PASS [   0.004s] ( 360/4337) apas-verus::TestAdjMatrixGraphStEph test_out_neighbors
        PASS [   0.004s] ( 361/4337) apas-verus::TestAdjMatrixGraphStEph test_out_degree
        PASS [   0.004s] ( 362/4337) apas-verus::TestAdjMatrixGraphStPer test_new
        PASS [   0.004s] ( 363/4337) apas-verus::TestAdjMatrixGraphStPer test_complement
        PASS [   0.004s] ( 364/4337) apas-verus::TestAdjMatrixGraphStPer test_has_edge
        PASS [   0.004s] ( 365/4337) apas-verus::TestAdjMatrixGraphStPer test_from_matrix
        PASS [   0.004s] ( 366/4337) apas-verus::TestAdjMatrixGraphStPer test_persistent_semantics
        PASS [   0.004s] ( 367/4337) apas-verus::TestAdjMatrixGraphStPer test_out_degree
        PASS [   0.004s] ( 368/4337) apas-verus::TestAdjMatrixGraphStPer test_out_neighbors
        PASS [   0.004s] ( 369/4337) apas-verus::TestAdjMatrixGraphStPer test_num_edges
        PASS [   0.004s] ( 370/4337) apas-verus::TestAdjSeqGraphMtEph test_has_edge_linear_search
        PASS [   0.004s] ( 371/4337) apas-verus::TestAdjMatrixGraphStPer test_set_edge
        PASS [   0.004s] ( 372/4337) apas-verus::TestAdjSeqGraphMtEph test_has_edge_in_bounds_no_edges
        PASS [   0.004s] ( 373/4337) apas-verus::TestAdjSeqGraphMtEph test_has_edge_empty_graph
        PASS [   0.003s] ( 374/4337) apas-verus::TestAdjSeqGraphMtEph test_num_vertices
        PASS [   0.003s] ( 375/4337) apas-verus::TestAdjSeqGraphMtEph test_out_degree_empty_graph
        PASS [   0.004s] ( 376/4337) apas-verus::TestAdjSeqGraphMtEph test_multiple_vertices_all_operations
        PASS [   0.004s] ( 377/4337) apas-verus::TestAdjSeqGraphMtEph test_new_empty_graph
        PASS [   0.004s] ( 378/4337) apas-verus::TestAdjSeqGraphMtEph test_out_neighbors_boundary
        PASS [   0.004s] ( 379/4337) apas-verus::TestAdjSeqGraphMtEph test_out_neighbors_empty_graph
        PASS [   0.003s] ( 380/4337) apas-verus::TestAdjSeqGraphMtEph test_single_vertex
        PASS [   0.004s] ( 381/4337) apas-verus::TestAdjSeqGraphMtEph test_set_edge
        PASS [   0.004s] ( 382/4337) apas-verus::TestAdjSeqGraphMtEph test_zero_vertices
        PASS [   0.004s] ( 383/4337) apas-verus::TestAdjSeqGraphMtPer test_has_edge_empty_graph
        PASS [   0.004s] ( 384/4337) apas-verus::TestAdjSeqGraphMtPer test_has_edge_in_bounds_no_edges
        PASS [   0.004s] ( 385/4337) apas-verus::TestAdjSeqGraphMtPer test_clone
        PASS [   0.092s] ( 386/4337) apas-verus::TestAVLTreeSetStEph test_large_set_operations
        PASS [   0.004s] ( 387/4337) apas-verus::TestAdjSeqGraphMtPer test_has_edge_linear_search
        PASS [   0.004s] ( 388/4337) apas-verus::TestAdjSeqGraphMtPer test_new_empty_graph
        PASS [   0.004s] ( 389/4337) apas-verus::TestAdjSeqGraphMtPer test_multiple_vertices_all_operations
        PASS [   0.004s] ( 390/4337) apas-verus::TestAdjSeqGraphMtPer test_num_vertices
        PASS [   0.004s] ( 391/4337) apas-verus::TestAdjSeqGraphMtPer test_out_degree_empty_graph
        PASS [   0.004s] ( 392/4337) apas-verus::TestAdjSeqGraphMtPer test_out_neighbors_boundary
        PASS [   0.003s] ( 393/4337) apas-verus::TestAdjSeqGraphMtPer test_zero_vertices
        PASS [   0.003s] ( 394/4337) apas-verus::TestAdjSeqGraphMtPer test_out_neighbors_empty_graph
        PASS [   0.004s] ( 395/4337) apas-verus::TestAdjSeqGraphMtPer test_single_vertex
        PASS [   0.004s] ( 396/4337) apas-verus::TestAdjSeqGraphStEph test_empty_graph
        PASS [   0.003s] ( 397/4337) apas-verus::TestAdjSeqGraphStEph test_has_edge
        PASS [   0.004s] ( 398/4337) apas-verus::TestAdjSeqGraphStEph test_from_seq
        PASS [   0.004s] ( 399/4337) apas-verus::TestAdjSeqGraphStEph test_new
        PASS [   0.004s] ( 400/4337) apas-verus::TestAdjSeqGraphStEph test_num_edges
        PASS [   0.004s] ( 401/4337) apas-verus::TestAdjSeqGraphStEph test_out_degree
        PASS [   0.004s] ( 402/4337) apas-verus::TestAdjSeqGraphStEph test_remove_edge
        PASS [   0.004s] ( 403/4337) apas-verus::TestAdjSeqGraphStEph test_self_loop
        PASS [   0.004s] ( 404/4337) apas-verus::TestAdjSeqGraphStEph test_out_neighbors
        PASS [   0.004s] ( 405/4337) apas-verus::TestAdjSeqGraphStEph test_set_edge
        PASS [   0.003s] ( 406/4337) apas-verus::TestAdjSeqGraphStEph test_set_neighbors
        PASS [   0.004s] ( 407/4337) apas-verus::TestAdjSeqGraphStPer test_delete_edge
        PASS [   0.004s] ( 408/4337) apas-verus::TestAdjSeqGraphStPer test_has_edge
        PASS [   0.004s] ( 409/4337) apas-verus::TestAdjSeqGraphStPer test_insert_edge
        PASS [   0.004s] ( 410/4337) apas-verus::TestAdjSeqGraphStPer test_empty_graph
        PASS [   0.004s] ( 411/4337) apas-verus::TestAdjSeqGraphStPer test_new
        PASS [   0.004s] ( 412/4337) apas-verus::TestAdjSeqGraphStPer test_out_neighbors
        PASS [   0.004s] ( 413/4337) apas-verus::TestAdjSeqGraphStPer test_out_degree
        PASS [   0.004s] ( 414/4337) apas-verus::TestAdjSeqGraphStPer test_num_edges
        PASS [   0.003s] ( 415/4337) apas-verus::TestAdjSeqGraphStPer test_persistent_semantics
        PASS [   0.004s] ( 416/4337) apas-verus::TestAdjTableGraphMtPer test_clone
        PASS [   0.004s] ( 417/4337) apas-verus::TestAdjTableGraphMtPer test_delete_edge
        PASS [   0.004s] ( 418/4337) apas-verus::TestAdjTableGraphMtPer test_delete_vertex
        PASS [   0.004s] ( 419/4337) apas-verus::TestAdjTableGraphMtPer test_insert_edge
        PASS [   0.004s] ( 420/4337) apas-verus::TestAdjTableGraphMtPer test_empty
        PASS [   0.004s] ( 421/4337) apas-verus::TestAdjTableGraphMtPer test_insert_vertex
        PASS [   0.004s] ( 422/4337) apas-verus::TestAdjTableGraphMtPer test_self_loop
        PASS [   0.004s] ( 423/4337) apas-verus::TestAdjTableGraphMtPer test_persistence
        PASS [   0.004s] ( 424/4337) apas-verus::TestAdjTableGraphMtPer test_out_degree
        PASS [   0.004s] ( 425/4337) apas-verus::TestAdjTableGraphMtPer test_out_neighbors
        PASS [   0.003s] ( 426/4337) apas-verus::TestAdjTableGraphStEph test_delete_edge
        PASS [   0.004s] ( 427/4337) apas-verus::TestAdjTableGraphStEph test_delete_vertex
        PASS [   0.004s] ( 428/4337) apas-verus::TestAdjTableGraphStEph test_empty
        PASS [   0.004s] ( 429/4337) apas-verus::TestAdjTableGraphStEph test_insert_edge
        PASS [   0.004s] ( 430/4337) apas-verus::TestAdjTableGraphStEph test_insert_vertex
        PASS [   0.003s] ( 431/4337) apas-verus::TestAdjTableGraphStEph test_out_degree
        PASS [   0.004s] ( 432/4337) apas-verus::TestAdjTableGraphStEph test_out_neighbors
        PASS [   0.004s] ( 433/4337) apas-verus::TestAdjTableGraphStPer test_complex_graph
        PASS [   0.003s] ( 434/4337) apas-verus::TestAdjTableGraphStPer test_delete_edge
        PASS [   0.004s] ( 435/4337) apas-verus::TestAdjTableGraphStEph test_vertices
        PASS [   0.004s] ( 436/4337) apas-verus::TestAdjTableGraphStEph test_self_loop
        PASS [   0.004s] ( 437/4337) apas-verus::TestAdjTableGraphStPer test_has_edge
        PASS [   0.004s] ( 438/4337) apas-verus::TestAdjTableGraphStPer test_delete_vertex
        PASS [   0.004s] ( 439/4337) apas-verus::TestAdjTableGraphStPer test_empty
        PASS [   0.004s] ( 440/4337) apas-verus::TestAdjTableGraphStPer test_insert_edge
        PASS [   0.004s] ( 441/4337) apas-verus::TestAdjTableGraphStPer test_delete_edge_nonexistent
        PASS [   0.004s] ( 442/4337) apas-verus::TestAdjTableGraphStPer test_out_degree
        PASS [   0.004s] ( 443/4337) apas-verus::TestAdjTableGraphStPer test_num_vertices
        PASS [   0.004s] ( 444/4337) apas-verus::TestAdjTableGraphStPer test_insert_vertex
        PASS [   0.004s] ( 445/4337) apas-verus::TestAdjTableGraphStPer test_insert_edge_creates_vertices
        PASS [   0.004s] ( 446/4337) apas-verus::TestAdjTableGraphStPer test_num_edges
        PASS [   0.003s] ( 447/4337) apas-verus::TestAllPairsResultStEphF64 test_extract_path
        PASS [   0.004s] ( 448/4337) apas-verus::TestAllPairsResultStEphF64 test_extract_path_unreachable
        PASS [   0.004s] ( 449/4337) apas-verus::TestAllPairsResultStEphF64 test_new
        PASS [   0.004s] ( 450/4337) apas-verus::TestAdjTableGraphStPer test_vertices
        PASS [   0.004s] ( 451/4337) apas-verus::TestAdjTableGraphStPer test_out_neighbors
        PASS [   0.003s] ( 452/4337) apas-verus::TestAllPairsResultStEphF64 test_set_distance
        PASS [   0.004s] ( 453/4337) apas-verus::TestAllPairsResultStEphI64 test_extract_path
        PASS [   0.004s] ( 454/4337) apas-verus::TestAllPairsResultStEphI64 test_new
        PASS [   0.004s] ( 455/4337) apas-verus::TestAllPairsResultStEphI64 test_extract_path_unreachable
        PASS [   0.004s] ( 456/4337) apas-verus::TestAllPairsResultStEphF64 test_set_predecessor
        PASS [   0.003s] ( 457/4337) apas-verus::TestAllPairsResultStEphI64 test_set_distance
        PASS [   0.004s] ( 458/4337) apas-verus::TestAllPairsResultStPerF64 test_extract_path
        PASS [   0.004s] ( 459/4337) apas-verus::TestAllPairsResultStPerF64 test_extract_path_unreachable
        PASS [   0.004s] ( 460/4337) apas-verus::TestAllPairsResultStEphI64 test_set_predecessor
        PASS [   0.004s] ( 461/4337) apas-verus::TestAllPairsResultStPerF64 test_new
        PASS [   0.004s] ( 462/4337) apas-verus::TestAllPairsResultStPerF64 test_set_distance
        PASS [   0.004s] ( 463/4337) apas-verus::TestAllPairsResultStPerF64 test_set_predecessor
        PASS [   0.004s] ( 464/4337) apas-verus::TestAllPairsResultStPerI64 test_new
        PASS [   0.004s] ( 465/4337) apas-verus::TestAllPairsResultStPerI64 test_extract_path_unreachable
        PASS [   0.004s] ( 466/4337) apas-verus::TestAllPairsResultStPerI64 test_extract_path
        PASS [   0.004s] ( 467/4337) apas-verus::TestAllPairsResultStPerI64 test_set_distance
        PASS [   0.004s] ( 468/4337) apas-verus::TestArraySeq test_display
        PASS [   0.004s] ( 469/4337) apas-verus::TestArraySeq test_clone
        PASS [   0.004s] ( 470/4337) apas-verus::TestAllPairsResultStPerI64 test_set_predecessor
        PASS [   0.004s] ( 471/4337) apas-verus::TestArraySeq test_debug
        PASS [   0.004s] ( 472/4337) apas-verus::TestArraySeq test_empty
        PASS [   0.004s] ( 473/4337) apas-verus::TestArraySeq test_into_iterator
        PASS [   0.004s] ( 474/4337) apas-verus::TestArraySeq test_into_iterator_owned
        PASS [   0.004s] ( 475/4337) apas-verus::TestArraySeq test_from_vec
        PASS [   0.004s] ( 476/4337) apas-verus::TestArraySeq test_into_iterator_mut
        PASS [   0.003s] ( 477/4337) apas-verus::TestArraySeq test_is_empty
        PASS [   0.004s] ( 478/4337) apas-verus::TestArraySeq test_iter_mut
        PASS [   0.004s] ( 479/4337) apas-verus::TestArraySeq test_iter
        PASS [   0.004s] ( 480/4337) apas-verus::TestArraySeq test_length
        PASS [   0.004s] ( 481/4337) apas-verus::TestArraySeq test_is_singleton
        PASS [   0.004s] ( 482/4337) apas-verus::TestArraySeq test_map
        PASS [   0.004s] ( 483/4337) apas-verus::TestArraySeq test_set
        PASS [   0.004s] ( 484/4337) apas-verus::TestArraySeq test_partial_eq
        PASS [   0.004s] ( 485/4337) apas-verus::TestArraySeq test_set_out_of_bounds
        PASS [   0.004s] ( 486/4337) apas-verus::TestArraySeq test_nth
        PASS [   0.004s] ( 487/4337) apas-verus::TestArraySeq test_new
        PASS [   0.003s] ( 488/4337) apas-verus::TestArraySeq test_singleton
        PASS [   0.004s] ( 489/4337) apas-verus::TestArraySeqMtEph test_basic_operations
        PASS [   0.004s] ( 490/4337) apas-verus::TestArraySeqMtEph test_filter_par_all_pass
        PASS [   0.004s] ( 491/4337) apas-verus::TestArraySeq test_tabulate
        PASS [   0.006s] ( 492/4337) apas-verus::TestArraySeqMtEph test_filter_par
        PASS [   0.004s] ( 493/4337) apas-verus::TestArraySeqMtEph test_filter_par_empty
        PASS [   0.004s] ( 494/4337) apas-verus::TestArraySeqMtEph test_filter_par_medium
        PASS [   0.004s] ( 495/4337) apas-verus::TestArraySeqMtEph test_filter_par_none_pass
        PASS [   0.003s] ( 496/4337) apas-verus::TestArraySeqMtEph test_filter_par_singleton_drop
        PASS [   0.004s] ( 497/4337) apas-verus::TestArraySeqMtEph test_filter_par_singleton_keep
        PASS [   0.005s] ( 498/4337) apas-verus::TestArraySeqMtEph test_filter_par_small
        PASS [   0.005s] ( 499/4337) apas-verus::TestArraySeqMtEph test_map_par
        PASS [   0.010s] ( 500/4337) apas-verus::TestArraySeqMtEph test_filter_par_large
        PASS [   0.004s] ( 501/4337) apas-verus::TestArraySeqMtEph test_map_par_empty
        PASS [   0.002s] ( 502/4337) apas-verus::TestArraySeqMtEph test_map_par_singleton
        PASS [   0.006s] ( 503/4337) apas-verus::TestArraySeqMtEph test_map_par_large
        PASS [   0.004s] ( 504/4337) apas-verus::TestArraySeqMtEph test_map_par_medium
        PASS [   0.005s] ( 505/4337) apas-verus::TestArraySeqMtEph test_map_par_small
        PASS [   0.005s] ( 506/4337) apas-verus::TestArraySeqMtEph test_map_par_odd_size
        PASS [   0.003s] ( 507/4337) apas-verus::TestArraySeqMtEph test_map_sequential
        PASS [   0.004s] ( 508/4337) apas-verus::TestArraySeqMtEph test_reduce_par
        PASS [   0.004s] ( 509/4337) apas-verus::TestArraySeqMtEph test_reduce_par_empty
        PASS [   0.005s] ( 510/4337) apas-verus::TestArraySeqMtEph test_reduce_par_medium
        PASS [   0.003s] ( 511/4337) apas-verus::TestArraySeqMtEph test_reduce_par_small
        PASS [   0.004s] ( 512/4337) apas-verus::TestArraySeqMtEph test_reduce_par_singleton
        PASS [   0.005s] ( 513/4337) apas-verus::TestArraySeqMtEph test_reduce_par_odd_size
        PASS [   0.007s] ( 514/4337) apas-verus::TestArraySeqMtEph test_reduce_par_large
        PASS [   0.002s] ( 515/4337) apas-verus::TestArraySeqMtPer test_basic_operations
        PASS [   0.003s] ( 516/4337) apas-verus::TestArraySeqMtEph test_set_mutation
        PASS [   0.004s] ( 517/4337) apas-verus::TestArraySeqMtEph test_reduce_sequential
        PASS [   0.004s] ( 518/4337) apas-verus::TestArraySeqMtPer test_filter_par
        PASS [   0.282s] ( 519/4337) apas-verus::TestAVLTreeSetMtEph test_union_large_parallel
        PASS [   0.004s] ( 520/4337) apas-verus::TestArraySeqMtPer test_filter_par_all_pass
        PASS [   0.004s] ( 521/4337) apas-verus::TestArraySeqMtPer test_filter_par_empty
        PASS [   0.004s] ( 522/4337) apas-verus::TestArraySeqMtPer test_filter_par_medium
        PASS [   0.003s] ( 523/4337) apas-verus::TestArraySeqMtPer test_filter_par_singleton_keep
        PASS [   0.004s] ( 524/4337) apas-verus::TestArraySeqMtPer test_filter_par_none_pass
        PASS [   0.005s] ( 525/4337) apas-verus::TestArraySeqMtPer test_filter_par_singleton_drop
        PASS [   0.004s] ( 526/4337) apas-verus::TestArraySeqMtPer test_filter_par_small
        PASS [   0.009s] ( 527/4337) apas-verus::TestArraySeqMtPer test_filter_par_large
        PASS [   0.003s] ( 528/4337) apas-verus::TestArraySeqMtPer test_map_par_empty
        PASS [   0.005s] ( 529/4337) apas-verus::TestArraySeqMtPer test_map_par
        PASS [   0.005s] ( 530/4337) apas-verus::TestArraySeqMtPer test_map_par_odd_size
        PASS [   0.004s] ( 531/4337) apas-verus::TestArraySeqMtPer test_map_par_small
        PASS [   0.006s] ( 532/4337) apas-verus::TestArraySeqMtPer test_map_par_medium
        PASS [   0.004s] ( 533/4337) apas-verus::TestArraySeqMtPer test_map_sequential
        PASS [   0.008s] ( 534/4337) apas-verus::TestArraySeqMtPer test_map_par_large
        PASS [   0.005s] ( 535/4337) apas-verus::TestArraySeqMtPer test_map_par_singleton
        PASS [   0.003s] ( 536/4337) apas-verus::TestArraySeqMtPer test_reduce_par_empty
        PASS [   0.004s] ( 537/4337) apas-verus::TestArraySeqMtPer test_reduce_par_singleton
        PASS [   0.006s] ( 538/4337) apas-verus::TestArraySeqMtPer test_reduce_par
        PASS [   0.005s] ( 539/4337) apas-verus::TestArraySeqMtPer test_reduce_par_medium
        PASS [   0.003s] ( 540/4337) apas-verus::TestArraySeqMtPer test_reduce_par_small
        PASS [   0.006s] ( 541/4337) apas-verus::TestArraySeqMtPer test_reduce_par_odd_size
        PASS [   0.004s] ( 542/4337) apas-verus::TestArraySeqMtPer test_reduce_sequential
        PASS [   0.003s] ( 543/4337) apas-verus::TestArraySeqStEph test_clone
        PASS [   0.009s] ( 544/4337) apas-verus::TestArraySeqMtPer test_reduce_par_large
        PASS [   0.004s] ( 545/4337) apas-verus::TestArraySeqMtPer test_subseq_copy
        PASS [   0.004s] ( 546/4337) apas-verus::TestArraySeqStEph test_append
        PASS [   0.004s] ( 547/4337) apas-verus::TestArraySeqStEph test_debug
        PASS [   0.003s] ( 548/4337) apas-verus::TestArraySeqStEph test_empty
        PASS [   0.004s] ( 549/4337) apas-verus::TestArraySeqStEph test_display
        PASS [   0.003s] ( 550/4337) apas-verus::TestArraySeqStEph test_map
        PASS [   0.004s] ( 551/4337) apas-verus::TestArraySeqStEph test_from_vec
        PASS [   0.004s] ( 552/4337) apas-verus::TestArraySeqStEph test_iter
        PASS [   0.004s] ( 553/4337) apas-verus::TestArraySeqStEph test_new
        PASS [   0.004s] ( 554/4337) apas-verus::TestArraySeqStEph test_partial_eq
        PASS [   0.004s] ( 555/4337) apas-verus::TestArraySeqStEph test_set
        PASS [   0.003s] ( 556/4337) apas-verus::TestArraySeqStEph test_subseq
        PASS [   0.004s] ( 557/4337) apas-verus::TestArraySeqStEph test_singleton
        PASS [   0.004s] ( 558/4337) apas-verus::TestArraySeqStEph test_tabulate
        PASS [   0.003s] ( 559/4337) apas-verus::TestArraySeqStEph test_update
        PASS [   0.004s] ( 560/4337) apas-verus::TestArraySeqStPer test_append
        PASS [   0.004s] ( 561/4337) apas-verus::TestArraySeqStPer test_clone
        PASS [   0.004s] ( 562/4337) apas-verus::TestArraySeqStPer test_display
        PASS [   0.004s] ( 563/4337) apas-verus::TestArraySeqStPer test_debug
        PASS [   0.004s] ( 564/4337) apas-verus::TestArraySeqStPer test_empty
        PASS [   0.004s] ( 565/4337) apas-verus::TestArraySeqStPer test_from_vec
        PASS [   0.004s] ( 566/4337) apas-verus::TestArraySeqStPer test_iter
        PASS [   0.004s] ( 567/4337) apas-verus::TestArraySeqStPer test_map
        PASS [   0.004s] ( 568/4337) apas-verus::TestArraySeqStPer test_singleton
        PASS [   0.004s] ( 569/4337) apas-verus::TestArraySeqStPer test_new
        PASS [   0.004s] ( 570/4337) apas-verus::TestArraySeqStPer test_partial_eq
        PASS [   0.004s] ( 571/4337) apas-verus::TestArraySeqStPer test_subseq
        PASS [   0.004s] ( 572/4337) apas-verus::TestArraySeqStPer test_tabulate
        PASS [   0.004s] ( 573/4337) apas-verus::TestArraySetEnumMtEph test_array_set_enum_mt_basic_operations
        PASS [   0.004s] ( 574/4337) apas-verus::TestArraySeqStPer test_update
        PASS [   0.004s] ( 575/4337) apas-verus::TestArraySetEnumMtEph test_array_set_enum_mt_bulk_operations
        PASS [   0.004s] ( 576/4337) apas-verus::TestArraySetEnumMtEph test_array_set_enum_mt_filter
        PASS [   0.003s] ( 577/4337) apas-verus::TestArraySetEnumMtEph test_array_set_enum_mt_from_seq
        PASS [   0.004s] ( 578/4337) apas-verus::TestArraySetEnumMtEph test_array_set_enum_mt_macro
        PASS [   0.004s] ( 579/4337) apas-verus::TestArraySetEnumMtEph test_array_set_enum_mt_universe_bounds
        PASS [   0.004s] ( 580/4337) apas-verus::TestArraySetEnumMtEph test_array_set_enum_mt_to_seq
        PASS [   0.004s] ( 581/4337) apas-verus::TestArraySetEnumMtEph test_arraysetenummtephlit_macro_type_safety
        PASS [   0.004s] ( 582/4337) apas-verus::TestArraySetEnumMtEph test_array_set_enum_mt_thread_safety
        PASS [   0.004s] ( 583/4337) apas-verus::TestArraySetStEph test_array_set_basic_operations
        PASS [   0.004s] ( 584/4337) apas-verus::TestArraySetStEph test_array_set_bulk_operations
        PASS [   0.004s] ( 585/4337) apas-verus::TestArraySetStEph test_array_set_filter
        PASS [   0.004s] ( 586/4337) apas-verus::TestArraySetStEph test_array_set_to_seq
        PASS [   0.004s] ( 587/4337) apas-verus::TestArraySetStEph test_array_set_macro
        PASS [   0.004s] ( 588/4337) apas-verus::TestArraySetStEph test_array_set_from_seq
        PASS [   0.003s] ( 589/4337) apas-verus::TestArraySetStEph test_arraysetstephlit_macro_functionality
        PASS [   0.004s] ( 590/4337) apas-verus::TestArraySetStEph test_delete_all_elements
        PASS [   0.004s] ( 591/4337) apas-verus::TestArraySetStEph test_filter_none_match
        PASS [   0.004s] ( 592/4337) apas-verus::TestArraySetStEph test_difference_with_self
        PASS [   0.004s] ( 593/4337) apas-verus::TestArraySetStEph test_delete_nonexistent
        PASS [   0.004s] ( 594/4337) apas-verus::TestArraySetStEph test_intersection_disjoint
        PASS [   0.004s] ( 595/4337) apas-verus::TestArraySetStEph test_filter_all_match
        PASS [   0.004s] ( 596/4337) apas-verus::TestArraySetStEph test_into_iter_collects_all_elements
        PASS [   0.004s] ( 597/4337) apas-verus::TestArraySetStEph test_into_iter_empty
        PASS [   0.004s] ( 598/4337) apas-verus::TestArraySetStEph test_into_iter_for_loop
        PASS [   0.004s] ( 599/4337) apas-verus::TestArraySetStEph test_union_with_empty
        PASS [   0.004s] ( 600/4337) apas-verus::TestAugOrderedTableMtEph test_collect_operation
        PASS [   0.004s] ( 601/4337) apas-verus::TestArraySetStEph test_large_set_operations
        PASS [   0.003s] ( 602/4337) apas-verus::TestAugOrderedTableMtEph test_display_and_debug_multithreaded
        PASS [   0.004s] ( 603/4337) apas-verus::TestAugOrderedTableMtEph test_delete_operation
        PASS [   0.004s] ( 604/4337) apas-verus::TestAugOrderedTableMtEph test_difference_operation
        PASS [   0.004s] ( 605/4337) apas-verus::TestAugOrderedTableMtEph test_delete_nonexistent
        PASS [   0.004s] ( 606/4337) apas-verus::TestAugOrderedTableMtEph test_domain_operation
        PASS [   0.004s] ( 607/4337) apas-verus::TestAugOrderedTableMtEph test_empty_table
        PASS [   0.004s] ( 608/4337) apas-verus::TestAugOrderedTableMtEph test_filter_operation_multithreaded
        PASS [   0.004s] ( 609/4337) apas-verus::TestAugOrderedTableMtEph test_get_key_range
        PASS [   0.004s] ( 610/4337) apas-verus::TestAugOrderedTableMtEph test_insert_and_reduce_val
        PASS [   0.004s] ( 611/4337) apas-verus::TestAugOrderedTableMtEph test_intersection_operation_multithreaded
        PASS [   0.004s] ( 612/4337) apas-verus::TestAugOrderedTableMtEph test_key_navigation
        PASS [   0.004s] ( 613/4337) apas-verus::TestAugOrderedTableMtEph test_macro_construction_multithreaded
        PASS [   0.004s] ( 614/4337) apas-verus::TestAugOrderedTableMtEph test_map_operation_multithreaded
        PASS [   0.004s] ( 615/4337) apas-verus::TestAugOrderedTableMtEph test_ordering_operations_multithreaded
        PASS [   0.004s] ( 616/4337) apas-verus::TestAugOrderedTableMtEph test_rank_and_select
        PASS [   0.004s] ( 617/4337) apas-verus::TestAugOrderedTableMtEph test_reduce_operation_multithreaded
        PASS [   0.021s] ( 618/4337) apas-verus::TestAugOrderedTableMtEph test_concurrent_reads
        PASS [   0.003s] ( 619/4337) apas-verus::TestAugOrderedTableMtEph test_restrict_operation
        PASS [   0.004s] ( 620/4337) apas-verus::TestAugOrderedTableMtEph test_singleton_table
        PASS [   0.004s] ( 621/4337) apas-verus::TestAugOrderedTableMtEph test_split_rank_key
        PASS [   0.004s] ( 622/4337) apas-verus::TestAugOrderedTableMtEph test_split_and_join_multithreaded
        PASS [   0.004s] ( 623/4337) apas-verus::TestAugOrderedTableMtEph test_string_concatenation_multithreaded
        PASS [   0.004s] ( 624/4337) apas-verus::TestAugOrderedTableMtEph test_sum_reducer_multithreaded
        PASS [   0.004s] ( 625/4337) apas-verus::TestAugOrderedTableMtEph test_subtract_operation
        PASS [   0.032s] ( 626/4337) apas-verus::TestAugOrderedTableMtEph test_complex_multithreaded_scenario
        PASS [   0.004s] ( 627/4337) apas-verus::TestAugOrderedTableMtEph test_tabulate_operation
        PASS [   0.004s] ( 628/4337) apas-verus::TestAugOrderedTableMtEph test_union_operation_multithreaded
        PASS [   0.004s] ( 629/4337) apas-verus::TestAugOrderedTableStEph test_collect_operation
        PASS [   0.004s] ( 630/4337) apas-verus::TestAugOrderedTableMtEph test_thread_safety_basic
        PASS [   0.004s] ( 631/4337) apas-verus::TestAugOrderedTableStEph test_delete_nonexistent
        PASS [   0.004s] ( 632/4337) apas-verus::TestAugOrderedTableStEph test_delete_and_reduce_val
        PASS [   0.004s] ( 633/4337) apas-verus::TestAugOrderedTableStEph test_difference_operation
        PASS [   0.003s] ( 634/4337) apas-verus::TestAugOrderedTableStEph test_empty_table
        PASS [   0.004s] ( 635/4337) apas-verus::TestAugOrderedTableStEph test_display_and_debug
        PASS [   0.004s] ( 636/4337) apas-verus::TestAugOrderedTableStEph test_domain_operation
        PASS [   0.011s] ( 637/4337) apas-verus::TestAugOrderedTableStEph test_complex_qadsan_scenario
        PASS [   0.004s] ( 638/4337) apas-verus::TestAugOrderedTableStEph test_filter_operation
        PASS [   0.004s] ( 639/4337) apas-verus::TestAugOrderedTableStEph test_insert_and_reduce_val
        PASS [   0.004s] ( 640/4337) apas-verus::TestAugOrderedTableStEph test_get_key_range
        PASS [   0.004s] ( 641/4337) apas-verus::TestAugOrderedTableStEph test_intersection_operation
        PASS [   0.004s] ( 642/4337) apas-verus::TestAugOrderedTableStEph test_macro_construction
        PASS [   0.004s] ( 643/4337) apas-verus::TestAugOrderedTableStEph test_map_operation
        PASS [   0.004s] ( 644/4337) apas-verus::TestAugOrderedTableStEph test_key_navigation
        PASS [   0.004s] ( 645/4337) apas-verus::TestAugOrderedTableStEph test_min_reducer
        PASS [   0.003s] ( 646/4337) apas-verus::TestAugOrderedTableStEph test_mutable_operations
        PASS [   0.004s] ( 647/4337) apas-verus::TestAugOrderedTableStEph test_qadsan_stock_scenario
        PASS [   0.004s] ( 648/4337) apas-verus::TestAugOrderedTableStEph test_ordering_operations
        PASS [   0.003s] ( 649/4337) apas-verus::TestAugOrderedTableStEph test_range_operations
        PASS [   0.003s] ( 650/4337) apas-verus::TestAugOrderedTableStEph test_restrict_operation
        PASS [   0.003s] ( 651/4337) apas-verus::TestAugOrderedTableStEph test_reduce_operation
        PASS [   0.004s] ( 652/4337) apas-verus::TestAugOrderedTableStEph test_rank_and_select
        PASS [   0.004s] ( 653/4337) apas-verus::TestAugOrderedTableStEph test_singleton_table
        PASS [   0.004s] ( 654/4337) apas-verus::TestAugOrderedTableStEph test_split_and_join
        PASS [   0.004s] ( 655/4337) apas-verus::TestAugOrderedTableStEph test_string_concatenation_reducer
        PASS [   0.004s] ( 656/4337) apas-verus::TestAugOrderedTableStEph test_split_rank_key
        PASS [   0.004s] ( 657/4337) apas-verus::TestAugOrderedTableStEph test_subtract_operation
        PASS [   0.004s] ( 658/4337) apas-verus::TestAugOrderedTableStEph test_tabulate_operation
        PASS [   0.003s] ( 659/4337) apas-verus::TestAugOrderedTableStPer test_collect_operation
        PASS [   0.004s] ( 660/4337) apas-verus::TestAugOrderedTableStEph test_union_operation
        PASS [   0.003s] ( 661/4337) apas-verus::TestAugOrderedTableStPer test_delete_nonexistent
        PASS [   0.003s] ( 662/4337) apas-verus::TestAugOrderedTableStPer test_difference_operation
        PASS [   0.004s] ( 663/4337) apas-verus::TestAugOrderedTableStPer test_delete_and_reduce_val
        PASS [   0.008s] ( 664/4337) apas-verus::TestAugOrderedTableStPer test_complex_tramlaw_scenario
        PASS [   0.004s] ( 665/4337) apas-verus::TestAugOrderedTableStPer test_display_and_debug
        PASS [   0.004s] ( 666/4337) apas-verus::TestAugOrderedTableStPer test_domain_operation
        PASS [   0.004s] ( 667/4337) apas-verus::TestAugOrderedTableStPer test_empty_table
        PASS [   0.004s] ( 668/4337) apas-verus::TestAugOrderedTableStPer test_filter_operation
        PASS [   0.004s] ( 669/4337) apas-verus::TestAugOrderedTableStPer test_get_key_range
        PASS [   0.004s] ( 670/4337) apas-verus::TestAugOrderedTableStPer test_intersection_operation
        PASS [   0.004s] ( 671/4337) apas-verus::TestAugOrderedTableStPer test_insert_and_reduce_val
        PASS [   0.003s] ( 672/4337) apas-verus::TestAugOrderedTableStPer test_macro_construction
        PASS [   0.004s] ( 673/4337) apas-verus::TestAugOrderedTableStPer test_map_operation
        PASS [   0.004s] ( 674/4337) apas-verus::TestAugOrderedTableStPer test_ordering_operations
        PASS [   0.004s] ( 675/4337) apas-verus::TestAugOrderedTableStPer test_max_reducer
        PASS [   0.004s] ( 676/4337) apas-verus::TestAugOrderedTableStPer test_range_operations
        PASS [   0.004s] ( 677/4337) apas-verus::TestAugOrderedTableStPer test_singleton_table
        PASS [   0.004s] ( 678/4337) apas-verus::TestAugOrderedTableStPer test_restrict_operation
        PASS [   0.004s] ( 679/4337) apas-verus::TestAugOrderedTableStPer test_split_and_join
        PASS [   0.004s] ( 680/4337) apas-verus::TestAugOrderedTableStPer test_split_rank_key
        PASS [   0.004s] ( 681/4337) apas-verus::TestAugOrderedTableStPer test_tabulate_operation
        PASS [   0.004s] ( 682/4337) apas-verus::TestAugOrderedTableStPer test_subtract_operation
        PASS [   0.004s] ( 683/4337) apas-verus::TestAugOrderedTableStPer test_string_concatenation_reducer
        PASS [   0.004s] ( 684/4337) apas-verus::TestAugOrderedTableStPer test_tramlaw_sales_scenario
        PASS [   0.003s] ( 685/4337) apas-verus::TestAugOrderedTableStPer test_union_operation
        PASS [   0.004s] ( 686/4337) apas-verus::TestBFSMtEph test_cycle
        PASS [   0.004s] ( 687/4337) apas-verus::TestBFSMtEph test_dag
        PASS [   0.003s] ( 688/4337) apas-verus::TestBFSMtEph test_line_graph
        PASS [   0.004s] ( 689/4337) apas-verus::TestBFSMtEph test_self_loop
        PASS [   0.004s] ( 690/4337) apas-verus::TestBFSMtEph test_single_vertex
        PASS [   0.004s] ( 691/4337) apas-verus::TestBFSMtEph test_tree_bottom_up_iteration
        PASS [   0.004s] ( 692/4337) apas-verus::TestBFSMtEph test_star_graph
        PASS [   0.004s] ( 693/4337) apas-verus::TestBFSMtEph test_tree_dag
        PASS [   0.004s] ( 694/4337) apas-verus::TestBFSMtEph test_tree_line_graph
        PASS [   0.004s] ( 695/4337) apas-verus::TestBFSMtEph test_tree_single_vertex
        PASS [   0.003s] ( 696/4337) apas-verus::TestBFSMtEph test_tree_top_down_iteration
        PASS [   0.004s] ( 697/4337) apas-verus::TestBFSMtEph test_tree_unreachable
        PASS [   0.004s] ( 698/4337) apas-verus::TestBFSMtEph test_unreachable
        PASS [   0.004s] ( 699/4337) apas-verus::TestBFSMtPer test_cycle
        PASS [   0.004s] ( 700/4337) apas-verus::TestBFSMtPer test_dag
        PASS [   0.004s] ( 701/4337) apas-verus::TestBFSMtPer test_line_graph
        PASS [   0.004s] ( 702/4337) apas-verus::TestBFSMtPer test_single_vertex
        PASS [   0.004s] ( 703/4337) apas-verus::TestBFSMtPer test_tree_bottom_up_iteration
        PASS [   0.003s] ( 704/4337) apas-verus::TestBFSMtPer test_tree_line_graph
        PASS [   0.004s] ( 705/4337) apas-verus::TestBFSMtPer test_tree_single_vertex
        PASS [   0.004s] ( 706/4337) apas-verus::TestBFSMtPer test_unreachable
        PASS [   0.004s] ( 707/4337) apas-verus::TestBFSMtPer test_tree_unreachable
        PASS [   0.004s] ( 708/4337) apas-verus::TestBFSMtPer test_tree_top_down_iteration
        PASS [   0.004s] ( 709/4337) apas-verus::TestBFSStEph test_bfs_cycle
        PASS [   0.101s] ( 710/4337) apas-verus::TestAugOrderedTableMtEph test_qadsan_multithreaded_scenario
        PASS [   0.004s] ( 711/4337) apas-verus::TestBFSStEph test_complete_graph_distances
        PASS [   0.004s] ( 712/4337) apas-verus::TestBFSStEph test_complete_graph
        PASS [   0.004s] ( 713/4337) apas-verus::TestBFSStEph test_bfs_from_middle
        PASS [   0.004s] ( 714/4337) apas-verus::TestBFSStEph test_dag
        PASS [   0.004s] ( 715/4337) apas-verus::TestBFSStEph test_cycle
        PASS [   0.003s] ( 716/4337) apas-verus::TestBFSStEph test_line_graph
        PASS [   0.004s] ( 717/4337) apas-verus::TestBFSStEph test_single_vertex
        PASS [   0.004s] ( 718/4337) apas-verus::TestBFSStEph test_self_loop
        PASS [   0.004s] ( 719/4337) apas-verus::TestBFSStEph test_star_graph
        PASS [   0.004s] ( 720/4337) apas-verus::TestBFSStEph test_tree_dag
        PASS [   0.004s] ( 721/4337) apas-verus::TestBFSStEph test_tree_bottom_up_iteration
        PASS [   0.004s] ( 722/4337) apas-verus::TestBFSStEph test_tree_line_graph
        PASS [   0.004s] ( 723/4337) apas-verus::TestBFSStEph test_tree_single_vertex
        PASS [   0.004s] ( 724/4337) apas-verus::TestBFSStEph test_tree_top_down_iteration
        PASS [   0.004s] ( 725/4337) apas-verus::TestBFSStPer test_bfs_from_middle
        PASS [   0.004s] ( 726/4337) apas-verus::TestBFSStEph test_tree_unreachable
        PASS [   0.004s] ( 727/4337) apas-verus::TestBFSStPer test_cycle
        PASS [   0.004s] ( 728/4337) apas-verus::TestBFSStEph test_unreachable
        PASS [   0.004s] ( 729/4337) apas-verus::TestBFSStPer test_star_graph
        PASS [   0.004s] ( 730/4337) apas-verus::TestBFSStPer test_line_graph
        PASS [   0.004s] ( 731/4337) apas-verus::TestBFSStPer test_self_loop
        PASS [   0.004s] ( 732/4337) apas-verus::TestBFSStPer test_dag
        PASS [   0.004s] ( 733/4337) apas-verus::TestBFSStPer test_single_vertex
        PASS [   0.004s] ( 734/4337) apas-verus::TestBFSStPer test_tree_unreachable
        PASS [   0.004s] ( 735/4337) apas-verus::TestBFSStPer test_tree_line_graph
        PASS [   0.004s] ( 736/4337) apas-verus::TestBFSStPer test_tree_single_vertex
        PASS [   0.004s] ( 737/4337) apas-verus::TestBFSStPer test_tree_top_down_iteration
        PASS [   0.004s] ( 738/4337) apas-verus::TestBFSStPer test_tree_bottom_up_iteration
        PASS [   0.003s] ( 739/4337) apas-verus::TestBFSStPer test_unreachable
        PASS [   0.004s] ( 740/4337) apas-verus::TestBSTAVLMtEph test_contains
        PASS [   0.004s] ( 741/4337) apas-verus::TestBSTAVLMtEph test_duplicate_insert
        PASS [   0.004s] ( 742/4337) apas-verus::TestBSTAVLMtEph test_bstavlmtephlit_macro_functionality
        PASS [   0.004s] ( 743/4337) apas-verus::TestBSTAVLMtEph test_height
        PASS [   0.004s] ( 744/4337) apas-verus::TestBSTAVLMtEph test_insert_and_contains
        PASS [   0.004s] ( 745/4337) apas-verus::TestBSTAVLMtEph test_insert_sequential
        PASS [   0.004s] ( 746/4337) apas-verus::TestBSTAVLMtEph test_size
        PASS [   0.004s] ( 747/4337) apas-verus::TestBSTAVLMtEph test_new_empty
        PASS [   0.004s] ( 748/4337) apas-verus::TestBSTAVLMtEph test_is_empty
        PASS [   0.003s] ( 749/4337) apas-verus::TestBSTAVLStEph test_avl_balancing_ascending
        PASS [   0.004s] ( 750/4337) apas-verus::TestBSTAVLMtEph test_trait_insert_direct
        PASS [   0.004s] ( 751/4337) apas-verus::TestBSTAVLMtEph test_trait_new_direct
        PASS [   0.004s] ( 752/4337) apas-verus::TestBSTAVLStEph test_avl_duplicate_insert
        PASS [   0.004s] ( 753/4337) apas-verus::TestBSTAVLStEph test_avl_contains
        PASS [   0.003s] ( 754/4337) apas-verus::TestBSTAVLStEph test_bstavlstephlit_macro_empty
        PASS [   0.004s] ( 755/4337) apas-verus::TestBSTAVLStEph test_avl_height
        PASS [   0.004s] ( 756/4337) apas-verus::TestBSTAVLStEph test_avl_insert_and_find
        PASS [   0.004s] ( 757/4337) apas-verus::TestBSTAVLStEph test_avl_new_empty
        PASS [   0.004s] ( 758/4337) apas-verus::TestBSTAVLStEph test_avl_size
        PASS [   0.004s] ( 759/4337) apas-verus::TestBSTBBAlphaMtEph test_contains
        PASS [   0.004s] ( 760/4337) apas-verus::TestBSTBBAlphaMtEph test_height
        PASS [   0.004s] ( 761/4337) apas-verus::TestBSTAVLStEph test_bstavlstephlit_macro_with_elements
        PASS [   0.004s] ( 762/4337) apas-verus::TestBSTBBAlphaMtEph test_duplicate_insert
        PASS [   0.004s] ( 763/4337) apas-verus::TestBSTBBAlphaMtEph test_bstbbalphamtephlit_macro_functionality
        PASS [   0.004s] ( 764/4337) apas-verus::TestBSTBBAlphaMtEph test_new_empty
        PASS [   0.004s] ( 765/4337) apas-verus::TestBSTBBAlphaMtEph test_insert_and_contains
        PASS [   0.004s] ( 766/4337) apas-verus::TestBSTBBAlphaMtEph test_insert_sequential
        PASS [   0.004s] ( 767/4337) apas-verus::TestBSTBBAlphaMtEph test_is_empty
        PASS [   0.004s] ( 768/4337) apas-verus::TestBSTBBAlphaMtEph test_size
        PASS [   0.003s] ( 769/4337) apas-verus::TestBSTBBAlphaStEph test_bstbbalphastephlit_macro_empty
        PASS [   0.004s] ( 770/4337) apas-verus::TestBSTBBAlphaMtEph test_trait_insert_direct
        PASS [   0.004s] ( 771/4337) apas-verus::TestBSTBBAlphaMtEph test_trait_new_direct
        PASS [   0.004s] ( 772/4337) apas-verus::TestBSTBBAlphaStEph test_bstbbalphastephlit_macro_with_elements
        PASS [   0.004s] ( 773/4337) apas-verus::TestBSTBBAlphaStEph test_balancing_ascending
        PASS [   0.003s] ( 774/4337) apas-verus::TestBSTBBAlphaStEph test_contains
        PASS [   0.004s] ( 775/4337) apas-verus::TestBSTBBAlphaStEph test_delete_all
        PASS [   0.004s] ( 776/4337) apas-verus::TestBSTBBAlphaStEph test_delete_leaf
        PASS [   0.004s] ( 777/4337) apas-verus::TestBSTBBAlphaStEph test_delete_root
        PASS [   0.004s] ( 778/4337) apas-verus::TestBSTBBAlphaStEph test_delete_nonexistent
        PASS [   0.004s] ( 779/4337) apas-verus::TestBSTBBAlphaStEph test_delete_with_children
        PASS [   0.004s] ( 780/4337) apas-verus::TestBSTBBAlphaStEph test_new_empty
        PASS [   0.004s] ( 781/4337) apas-verus::TestBSTBBAlphaStEph test_duplicate_insert
        PASS [   0.004s] ( 782/4337) apas-verus::TestBSTBBAlphaStEph test_insert_and_find
        PASS [   0.004s] ( 783/4337) apas-verus::TestBSTBBAlphaStEph test_height
        PASS [   0.004s] ( 784/4337) apas-verus::TestBSTBBAlphaStEph test_size
        PASS [   0.004s] ( 785/4337) apas-verus::TestBSTKeyValueStEph key_value_bst_delete_all
        PASS [   0.004s] ( 786/4337) apas-verus::TestBSTKeyValueStEph key_value_bst_basic_operations
        PASS [   0.004s] ( 787/4337) apas-verus::TestBSTKeyValueStEph key_value_bst_delete_absent_key
        PASS [   0.004s] ( 788/4337) apas-verus::TestBSTKeyValueStEph key_value_bst_collections
        PASS [   0.004s] ( 789/4337) apas-verus::TestBSTKeyValueStEph key_value_bst_delete_all_keys
        PASS [   0.004s] ( 790/4337) apas-verus::TestBSTKeyValueStEph key_value_bst_empty_operations
        PASS [   0.004s] ( 791/4337) apas-verus::TestBSTKeyValueStEph key_value_bst_delete_nonexistent
        PASS [   0.004s] ( 792/4337) apas-verus::TestBSTKeyValueStEph key_value_bst_height_stays_reasonable
        PASS [   0.004s] ( 793/4337) apas-verus::TestBSTKeyValueStEph key_value_bst_delete_basic
        PASS [   0.004s] ( 794/4337) apas-verus::TestBSTKeyValueStEph key_value_bst_insert_delete_insert
        PASS [   0.004s] ( 795/4337) apas-verus::TestBSTKeyValueStEph key_value_bst_keys_order
        PASS [   0.004s] ( 796/4337) apas-verus::TestBSTKeyValueStEph key_value_bst_macro_literal
        PASS [   0.004s] ( 797/4337) apas-verus::TestBSTKeyValueStEph key_value_bst_insert_duplicate_key_updates_value
        PASS [   0.004s] ( 798/4337) apas-verus::TestBSTKeyValueStEph key_value_bst_large_sequential_insert
        PASS [   0.004s] ( 799/4337) apas-verus::TestBSTKeyValueStEph key_value_bst_min_max_track_correctly
        PASS [   0.004s] ( 800/4337) apas-verus::TestBSTKeyValueStEph key_value_bst_single_element
        PASS [   0.004s] ( 801/4337) apas-verus::TestBSTKeyValueStEph key_value_bst_string_keys
        PASS [   0.004s] ( 802/4337) apas-verus::TestBSTKeyValueStEph test_into_iter_collects_keys
        PASS [   0.004s] ( 803/4337) apas-verus::TestBSTKeyValueStEph key_value_bst_update_existing_key
        PASS [   0.004s] ( 804/4337) apas-verus::TestBSTKeyValueStEph test_into_iter_empty
        PASS [   0.004s] ( 805/4337) apas-verus::TestBSTMtEph mt_all_variants_empty_operations
        PASS [   0.004s] ( 806/4337) apas-verus::TestBSTKeyValueStEph test_into_iter_for_loop
        PASS [   0.004s] ( 807/4337) apas-verus::TestBSTMtEph mt_all_variants_duplicate_handling
        PASS [   0.005s] ( 808/4337) apas-verus::TestBSTMtEph mt_all_variants_concurrent_stress
        PASS [   0.004s] ( 809/4337) apas-verus::TestBSTMtEph mt_all_variants_single_element
        PASS [   0.004s] ( 810/4337) apas-verus::TestBSTMtEph mt_avl_basic_ops
        PASS [   0.004s] ( 811/4337) apas-verus::TestBSTMtEph mt_avl_comprehensive_operations
        PASS [   0.004s] ( 812/4337) apas-verus::TestBSTMtEph mt_bbalpha_basic_ops
        FAIL [   0.004s] ( 813/4337) apas-verus::TestBSTMtEph mt_bbalpha_comprehensive_operations
  stdout ───

    running 1 test
    test mt_bbalpha_comprehensive_operations ... FAILED

    failures:

    failures:
        mt_bbalpha_comprehensive_operations

    test result: FAILED. 0 passed; 1 failed; 0 ignored; 0 measured; 18 filtered out; finished in 0.00s

  stderr ───

    thread 'mt_bbalpha_comprehensive_operations' (3910577) panicked at tests/Chap37/TestBSTMtEph.rs:211:5:
    assertion failed: height <= 7
    note: run with `RUST_BACKTRACE=1` environment variable to display a backtrace

        PASS [   0.004s] ( 814/4337) apas-verus::TestBSTMtEph mt_concurrent_avl_bst_operations
        PASS [   0.004s] ( 815/4337) apas-verus::TestBSTMtEph mt_concurrent_bbalpha_operations
        PASS [   0.004s] ( 816/4337) apas-verus::TestBSTMtEph mt_concurrent_splay_access_patterns
        PASS [   0.005s] ( 817/4337) apas-verus::TestBSTMtEph mt_concurrent_plain_bst_operations
        PASS [   0.006s] ( 818/4337) apas-verus::TestBSTMtEph mt_concurrent_rb_bst_stress
        PASS [   0.004s] ( 819/4337) apas-verus::TestBSTMtEph mt_plain_basic_ops
        PASS [   0.004s] ( 820/4337) apas-verus::TestBSTMtEph mt_plain_comprehensive_operations
        PASS [   0.004s] ( 821/4337) apas-verus::TestBSTMtEph mt_rb_basic_ops
        PASS [   0.004s] ( 822/4337) apas-verus::TestBSTMtEph mt_rb_comprehensive_operations
        PASS [   0.004s] ( 823/4337) apas-verus::TestBSTMtEph mt_splay_basic_ops
        PASS [   0.004s] ( 824/4337) apas-verus::TestBSTMtEph mt_splay_comprehensive_operations
        PASS [   0.004s] ( 825/4337) apas-verus::TestBSTParaMtEph para_basic_insert_find
        PASS [   0.004s] ( 826/4337) apas-verus::TestBSTParaMtEph para_concurrent_expose_join_mid
        PASS [   0.006s] ( 827/4337) apas-verus::TestBSTParaMtEph para_concurrent_filter_reduce
        PASS [   0.006s] ( 828/4337) apas-verus::TestBSTParaMtEph para_concurrent_set_operations
        PASS [   0.196s] ( 829/4337) apas-verus::TestAugOrderedTableMtEph test_parallel_range_reduction
        PASS [   0.006s] ( 830/4337) apas-verus::TestBSTParaMtEph para_concurrent_split_join
        PASS [   0.004s] ( 831/4337) apas-verus::TestBSTParaMtEph para_delete_nonexistent_key
        PASS [   0.004s] ( 832/4337) apas-verus::TestBSTParaMtEph para_filter_and_reduce
        PASS [   0.004s] ( 833/4337) apas-verus::TestBSTParaMtEph para_join_mid_expose_roundtrip
        PASS [   0.004s] ( 834/4337) apas-verus::TestBSTParaMtEph para_mt_clone_independence
        PASS [   0.004s] ( 835/4337) apas-verus::TestBSTParaMtEph para_intersect_and_difference
        PASS [   0.004s] ( 836/4337) apas-verus::TestBSTParaMtEph para_mt_duplicate_insert
        PASS [   0.006s] ( 837/4337) apas-verus::TestBSTParaMtEph para_filter_and_reduce_edge_cases
        PASS [   0.004s] ( 838/4337) apas-verus::TestBSTParaMtEph para_ops_on_empty_tree
        PASS [   0.004s] ( 839/4337) apas-verus::TestBSTParaMtEph para_mt_in_order_sorted
        PASS [   0.004s] ( 840/4337) apas-verus::TestBSTParaMtEph para_mt_join_pair_disjoint
        PASS [   0.004s] ( 841/4337) apas-verus::TestBSTParaMtEph para_singleton
        PASS [   0.003s] ( 842/4337) apas-verus::TestBSTParaMtEph para_split_and_join_pair
        PASS [   0.004s] ( 843/4337) apas-verus::TestBSTParaMtEph para_split_nonexistent_key
        PASS [   0.004s] ( 844/4337) apas-verus::TestBSTParaMtEph para_union_and_delete
        PASS [   0.004s] ( 845/4337) apas-verus::TestBSTParaStEph para_basic_insert_find
        PASS [   0.011s] ( 846/4337) apas-verus::TestBSTParaMtEph para_sequential_insert_delete
        PASS [   0.004s] ( 847/4337) apas-verus::TestBSTParaStEph para_clone_independence
        PASS [   0.004s] ( 848/4337) apas-verus::TestBSTParaStEph para_delete_all_elements
        PASS [   0.004s] ( 849/4337) apas-verus::TestBSTParaStEph para_delete_nonexistent_key
        PASS [   0.004s] ( 850/4337) apas-verus::TestBSTParaStEph para_delete_root
        PASS [   0.004s] ( 851/4337) apas-verus::TestBSTParaStEph para_difference_with_self
        PASS [   0.004s] ( 852/4337) apas-verus::TestBSTParaStEph para_duplicate_insert
        PASS [   0.004s] ( 853/4337) apas-verus::TestBSTParaStEph para_filter_all_match
        PASS [   0.004s] ( 854/4337) apas-verus::TestBSTParaStEph para_filter_and_reduce
        PASS [   0.004s] ( 855/4337) apas-verus::TestBSTParaStEph para_filter_none_match
        PASS [   0.005s] ( 856/4337) apas-verus::TestBSTParaStEph para_filter_and_reduce_edge_cases
        PASS [   0.004s] ( 857/4337) apas-verus::TestBSTParaStEph para_in_order_sorted
        PASS [   0.004s] ( 858/4337) apas-verus::TestBSTParaStEph para_intersect_and_difference
        PASS [   0.004s] ( 859/4337) apas-verus::TestBSTParaStEph para_intersect_with_self
        PASS [   0.009s] ( 860/4337) apas-verus::TestBSTParaStEph para_insert_descending_order
        PASS [   0.004s] ( 861/4337) apas-verus::TestBSTParaStEph para_join_mid_expose_roundtrip
        PASS [   0.023s] ( 862/4337) apas-verus::TestBSTParaMtEph para_union_large_balanced
        PASS [   0.004s] ( 863/4337) apas-verus::TestBSTParaStEph para_join_pair_disjoint
        PASS [   0.003s] ( 864/4337) apas-verus::TestBSTParaStEph para_reduce_product
        PASS [   0.004s] ( 865/4337) apas-verus::TestBSTParaStEph para_singleton
        PASS [   0.006s] ( 866/4337) apas-verus::TestBSTParaStEph para_ops_on_empty_tree
        PASS [   0.038s] ( 867/4337) apas-verus::TestBSTParaMtEph para_intersect_and_difference_large
        PASS [   0.008s] ( 868/4337) apas-verus::TestBSTParaStEph para_large_union
        PASS [   0.004s] ( 869/4337) apas-verus::TestBSTParaStEph para_split_and_join_pair
        PASS [   0.004s] ( 870/4337) apas-verus::TestBSTParaStEph para_split_at_min_and_max
        PASS [   0.003s] ( 871/4337) apas-verus::TestBSTParaStEph para_split_nonexistent_key
        PASS [   0.004s] ( 872/4337) apas-verus::TestBSTParaStEph para_union_and_delete
        PASS [   0.004s] ( 873/4337) apas-verus::TestBSTParaStEph para_union_with_self
        PASS [   0.004s] ( 874/4337) apas-verus::TestBSTParaStEph test_into_iter_collects_all_elements
        PASS [   0.004s] ( 875/4337) apas-verus::TestBSTParaStEph test_into_iter_for_loop
        PASS [   0.004s] ( 876/4337) apas-verus::TestBSTParaStEph test_into_iter_empty
        PASS [   0.003s] ( 877/4337) apas-verus::TestBSTParaStEph test_parambstlit_macro_functionality
        PASS [   0.004s] ( 878/4337) apas-verus::TestBSTParaTreapMtEph test_delete
        PASS [   0.004s] ( 879/4337) apas-verus::TestBSTParaTreapMtEph test_delete_nonexistent
        PASS [   0.004s] ( 880/4337) apas-verus::TestBSTParaTreapMtEph test_duplicate_insert
        PASS [   0.004s] ( 881/4337) apas-verus::TestBSTParaTreapMtEph test_difference_complete
        PASS [   0.004s] ( 882/4337) apas-verus::TestBSTParaTreapMtEph test_difference
        PASS [   0.004s] ( 883/4337) apas-verus::TestBSTParaTreapMtEph test_filter
        PASS [   0.004s] ( 884/4337) apas-verus::TestBSTParaTreapMtEph test_expose
        PASS [   0.004s] ( 885/4337) apas-verus::TestBSTParaTreapMtEph test_filter_all
        PASS [   0.004s] ( 886/4337) apas-verus::TestBSTParaTreapMtEph test_filter_none
        PASS [   0.004s] ( 887/4337) apas-verus::TestBSTParaTreapMtEph test_find
        PASS [   0.004s] ( 888/4337) apas-verus::TestBSTParaTreapMtEph test_insert
        PASS [   0.004s] ( 889/4337) apas-verus::TestBSTParaTreapMtEph test_intersect
        PASS [   0.004s] ( 890/4337) apas-verus::TestBSTParaTreapMtEph test_into_iter_empty
        PASS [   0.004s] ( 891/4337) apas-verus::TestBSTParaTreapMtEph test_intersect_empty
        PASS [   0.004s] ( 892/4337) apas-verus::TestBSTParaTreapMtEph test_into_iter_collects_all_elements
        PASS [   0.004s] ( 893/4337) apas-verus::TestBSTParaTreapMtEph test_into_iter_for_loop
        PASS [   0.004s] ( 894/4337) apas-verus::TestBSTParaTreapMtEph test_join_mid
        PASS [   0.004s] ( 895/4337) apas-verus::TestBSTParaTreapMtEph test_join_pair
        PASS [   0.004s] ( 896/4337) apas-verus::TestBSTParaTreapMtEph test_new
        PASS [   0.037s] ( 897/4337) apas-verus::TestBSTParaStEph para_intersect_and_difference_large
        PASS [   0.004s] ( 898/4337) apas-verus::TestBSTParaTreapMtEph test_paramtreaplit_macro_functionality
        PASS [   0.004s] ( 899/4337) apas-verus::TestBSTParaTreapMtEph test_reduce
        PASS [   0.004s] ( 900/4337) apas-verus::TestBSTParaTreapMtEph test_reduce_empty
        PASS [   0.004s] ( 901/4337) apas-verus::TestBSTParaTreapMtEph test_sequential_operations
        PASS [   0.008s] ( 902/4337) apas-verus::TestBSTParaTreapMtEph test_large_tree
        PASS [   0.004s] ( 903/4337) apas-verus::TestBSTParaTreapMtEph test_split
        PASS [   0.004s] ( 904/4337) apas-verus::TestBSTParaTreapMtEph test_split_empty
        PASS [   0.004s] ( 905/4337) apas-verus::TestBSTParaTreapMtEph test_split_boundaries
        PASS [   0.004s] ( 906/4337) apas-verus::TestBSTParaTreapMtEph test_string_keys
        PASS [   0.004s] ( 907/4337) apas-verus::TestBSTParaTreapMtEph test_union
        PASS [   0.004s] ( 908/4337) apas-verus::TestBSTPlainMtEph test_bstplainmtephlit_macro_functionality
        PASS [   0.004s] ( 909/4337) apas-verus::TestBSTParaTreapMtEph test_union_disjoint
        PASS [   0.004s] ( 910/4337) apas-verus::TestBSTPlainMtEph test_contains
        PASS [   0.004s] ( 911/4337) apas-verus::TestBSTPlainMtEph test_duplicate_insert
        PASS [   0.004s] ( 912/4337) apas-verus::TestBSTPlainMtEph test_height
        PASS [   0.004s] ( 913/4337) apas-verus::TestBSTPlainMtEph test_insert_sequential
        PASS [   0.004s] ( 914/4337) apas-verus::TestBSTPlainMtEph test_is_empty
        PASS [   0.004s] ( 915/4337) apas-verus::TestBSTPlainMtEph test_insert_and_contains
        PASS [   0.004s] ( 916/4337) apas-verus::TestBSTPlainMtEph test_new_empty
        PASS [   0.004s] ( 917/4337) apas-verus::TestBSTPlainMtEph test_size
        PASS [   0.004s] ( 918/4337) apas-verus::TestBSTPlainMtEph test_trait_insert_direct
        PASS [   0.004s] ( 919/4337) apas-verus::TestBSTPlainMtEph test_trait_new_direct
        PASS [   0.004s] ( 920/4337) apas-verus::TestBSTPlainStEph test_bstplainstephlit_macro_empty
        PASS [   0.004s] ( 921/4337) apas-verus::TestBSTPlainStEph test_bstplainstephlit_macro_with_elements
        PASS [   0.004s] ( 922/4337) apas-verus::TestBSTPlainStEph test_delete_all
        PASS [   0.004s] ( 923/4337) apas-verus::TestBSTPlainStEph test_contains
        PASS [   0.003s] ( 924/4337) apas-verus::TestBSTPlainStEph test_delete_leaf
        PASS [   0.004s] ( 925/4337) apas-verus::TestBSTPlainStEph test_delete_nonexistent
        PASS [   0.004s] ( 926/4337) apas-verus::TestBSTPlainStEph test_delete_with_children
        PASS [   0.004s] ( 927/4337) apas-verus::TestBSTPlainStEph test_delete_root
        PASS [   0.004s] ( 928/4337) apas-verus::TestBSTPlainStEph test_height
        PASS [   0.004s] ( 929/4337) apas-verus::TestBSTPlainStEph test_duplicate_insert
        PASS [   0.004s] ( 930/4337) apas-verus::TestBSTPlainStEph test_insert_and_find
        PASS [   0.004s] ( 931/4337) apas-verus::TestBSTPlainStEph test_is_empty
        PASS [   0.004s] ( 932/4337) apas-verus::TestBSTPlainStEph test_new_empty
        PASS [   0.004s] ( 933/4337) apas-verus::TestBSTPlainStEph test_size
        PASS [   0.004s] ( 934/4337) apas-verus::TestBSTRBMtEph test_bstrbmtephlit_macro_functionality
        PASS [   0.004s] ( 935/4337) apas-verus::TestBSTRBMtEph test_contains
        PASS [   0.004s] ( 936/4337) apas-verus::TestBSTRBMtEph test_default
        PASS [   0.004s] ( 937/4337) apas-verus::TestBSTRBMtEph test_filter
        PASS [   0.004s] ( 938/4337) apas-verus::TestBSTRBMtEph test_duplicate_insert
        PASS [   0.004s] ( 939/4337) apas-verus::TestBSTRBMtEph test_filter_all
        PASS [   0.004s] ( 940/4337) apas-verus::TestBSTRBMtEph test_filter_none
        PASS [   0.004s] ( 941/4337) apas-verus::TestBSTRBMtEph test_from_sorted_slice
        PASS [   0.004s] ( 942/4337) apas-verus::TestBSTRBMtEph test_from_sorted_slice_empty
        PASS [   0.004s] ( 943/4337) apas-verus::TestBSTRBMtEph test_height
        PASS [   0.004s] ( 944/4337) apas-verus::TestBSTRBMtEph test_in_order_traversal
        PASS [   0.004s] ( 945/4337) apas-verus::TestBSTRBMtEph test_insert_and_find
        PASS [   0.004s] ( 946/4337) apas-verus::TestBSTRBMtEph test_minimum_maximum
        PASS [   0.004s] ( 947/4337) apas-verus::TestBSTRBMtEph test_is_empty
        PASS [   0.004s] ( 948/4337) apas-verus::TestBSTRBMtEph test_new_empty
        PASS [   0.004s] ( 949/4337) apas-verus::TestBSTRBMtEph test_pre_order_traversal
        PASS [   0.004s] ( 950/4337) apas-verus::TestBSTRBMtEph test_rb_balancing
        PASS [   0.004s] ( 951/4337) apas-verus::TestBSTRBMtEph test_reduce_empty
        PASS [   0.004s] ( 952/4337) apas-verus::TestBSTRBMtEph test_reduce_sum
        PASS [   0.004s] ( 953/4337) apas-verus::TestBSTRBMtEph test_reduce_max
        PASS [   0.004s] ( 954/4337) apas-verus::TestBSTRBMtEph test_reduce_product
        PASS [   0.004s] ( 955/4337) apas-verus::TestBSTRBMtEph test_trait_methods_direct
        PASS [   0.004s] ( 956/4337) apas-verus::TestBSTRBMtEph test_trait_from_sorted
        PASS [   0.004s] ( 957/4337) apas-verus::TestBSTRBMtEph test_size
        PASS [   0.004s] ( 958/4337) apas-verus::TestBSTRBMtEph test_trait_new
        PASS [   0.004s] ( 959/4337) apas-verus::TestBSTRBStEph test_bstrbstephlit_macro_with_elements
        PASS [   0.004s] ( 960/4337) apas-verus::TestBSTRBStEph test_bstrbstephlit_macro_empty
        PASS [   0.004s] ( 961/4337) apas-verus::TestBSTRBStEph test_rb_duplicate_insert
        PASS [   0.004s] ( 962/4337) apas-verus::TestBSTRBStEph test_rb_balancing_ascending
        PASS [   0.004s] ( 963/4337) apas-verus::TestBSTRBStEph test_rb_contains
        PASS [   0.004s] ( 964/4337) apas-verus::TestBSTRBStEph test_rb_insert_and_find
        PASS [   0.004s] ( 965/4337) apas-verus::TestBSTRBStEph test_rb_height
        PASS [   0.004s] ( 966/4337) apas-verus::TestBSTRBStEph test_rb_new_empty
        PASS [   0.004s] ( 967/4337) apas-verus::TestBSTReducedStEph reduced_bst_count_operations
        PASS [   0.004s] ( 968/4337) apas-verus::TestBSTReducedStEph reduced_bst_collections
        PASS [   0.004s] ( 969/4337) apas-verus::TestBSTRBStEph test_rb_size
        PASS [   0.004s] ( 970/4337) apas-verus::TestBSTReducedStEph reduced_bst_macro_literal
        PASS [   0.004s] ( 971/4337) apas-verus::TestBSTReducedStEph reduced_bst_height_stays_reasonable
        PASS [   0.004s] ( 972/4337) apas-verus::TestBSTReducedStEph reduced_bst_range_queries
        PASS [   0.004s] ( 973/4337) apas-verus::TestBSTReducedStEph reduced_bst_sum_operations
        PASS [   0.004s] ( 974/4337) apas-verus::TestBSTReducedStEph reduced_bst_update_existing_key
        PASS [   0.004s] ( 975/4337) apas-verus::TestBSTReducedStEph reduced_bst_string_keys
        PASS [   0.004s] ( 976/4337) apas-verus::TestBSTReducedStEph test_count_reducer_all_operations
        PASS [   0.004s] ( 977/4337) apas-verus::TestBSTReducedStEph test_countop_trait
        PASS [   0.004s] ( 978/4337) apas-verus::TestBSTReducedStEph test_contains_method
        PASS [   0.004s] ( 979/4337) apas-verus::TestBSTReducedStEph test_empty_tree_operations
        PASS [   0.004s] ( 980/4337) apas-verus::TestBSTReducedStEph test_edge_case_ranges
        PASS [   0.004s] ( 981/4337) apas-verus::TestBSTReducedStEph test_duplicate_keys_overwrite
        PASS [   0.004s] ( 982/4337) apas-verus::TestBSTReducedStEph test_into_iter_collects_keys
        PASS [   0.004s] ( 983/4337) apas-verus::TestBSTReducedStEph test_into_iter_empty
        PASS [   0.004s] ( 984/4337) apas-verus::TestBSTReducedStEph test_get_method
        PASS [   0.004s] ( 985/4337) apas-verus::TestBSTReducedStEph test_into_iter_for_loop
        PASS [   0.004s] ( 986/4337) apas-verus::TestBSTReducedStEph test_large_tree_with_all_operations
        PASS [   0.004s] ( 987/4337) apas-verus::TestBSTReducedStEph test_minimum_maximum_keys
        PASS [   0.004s] ( 988/4337) apas-verus::TestBSTSetAVLMtEph test_as_tree
        PASS [   0.004s] ( 989/4337) apas-verus::TestBSTReducedStEph test_sumop_trait
        PASS [   0.004s] ( 990/4337) apas-verus::TestBSTReducedStEph test_single_element_operations
        PASS [   0.004s] ( 991/4337) apas-verus::TestBSTSetAVLMtEph test_bstsetavlmtephlit_macro_functionality
        PASS [   0.004s] ( 992/4337) apas-verus::TestBSTSetAVLMtEph test_balanced_after_inserts
        PASS [   0.004s] ( 993/4337) apas-verus::TestBSTSetAVLMtEph test_delete
        PASS [   0.004s] ( 994/4337) apas-verus::TestBSTSetAVLMtEph test_delete_multiple
        PASS [   0.004s] ( 995/4337) apas-verus::TestBSTSetAVLMtEph test_duplicate_insert
        PASS [   0.004s] ( 996/4337) apas-verus::TestBSTSetAVLMtEph test_difference
        PASS [   0.004s] ( 997/4337) apas-verus::TestBSTSetAVLMtEph test_insert_and_contains
        PASS [   0.004s] ( 998/4337) apas-verus::TestBSTSetAVLMtEph test_empty
        PASS [   0.004s] ( 999/4337) apas-verus::TestBSTSetAVLMtEph test_filter
        PASS [   0.004s] (1000/4337) apas-verus::TestBSTSetAVLMtEph test_intersection_disjoint
        PASS [   0.004s] (1001/4337) apas-verus::TestBSTSetAVLMtEph test_intersection
        PASS [   0.004s] (1002/4337) apas-verus::TestBSTSetAVLMtEph test_iter_in_order
        PASS [   0.004s] (1003/4337) apas-verus::TestBSTSetAVLMtEph test_join_m_with_empty
        PASS [   0.004s] (1004/4337) apas-verus::TestBSTSetAVLMtEph test_join_pair
        PASS [   0.004s] (1005/4337) apas-verus::TestBSTSetAVLMtEph test_join_m
        PASS [   0.004s] (1006/4337) apas-verus::TestBSTSetAVLMtEph test_negative_numbers
        PASS [   0.004s] (1007/4337) apas-verus::TestBSTSetAVLMtEph test_large_set
        PASS [   0.004s] (1008/4337) apas-verus::TestBSTSetAVLMtEph test_minimum_maximum
        PASS [   0.004s] (1009/4337) apas-verus::TestBSTSetAVLMtEph test_singleton
        PASS [   0.004s] (1010/4337) apas-verus::TestBSTSetAVLMtEph test_split
        PASS [   0.004s] (1011/4337) apas-verus::TestBSTSetAVLMtEph test_reduce
        PASS [   0.004s] (1012/4337) apas-verus::TestBSTSetAVLMtEph test_trait_impl_as_tree
        PASS [   0.004s] (1013/4337) apas-verus::TestBSTSetAVLMtEph test_trait_impl_contains
        PASS [   0.004s] (1014/4337) apas-verus::TestBSTSetAVLMtEph test_trait_impl_delete
        PASS [   0.004s] (1015/4337) apas-verus::TestBSTSetAVLMtEph test_trait_impl_filter
        PASS [   0.004s] (1016/4337) apas-verus::TestBSTSetAVLMtEph test_trait_impl_empty
        PASS [   0.004s] (1017/4337) apas-verus::TestBSTSetAVLMtEph test_trait_impl_difference
        PASS [   0.004s] (1018/4337) apas-verus::TestBSTSetAVLMtEph test_trait_impl_find
        PASS [   0.004s] (1019/4337) apas-verus::TestBSTSetAVLMtEph test_trait_impl_intersection
        PASS [   0.004s] (1020/4337) apas-verus::TestBSTSetAVLMtEph test_trait_impl_insert
        PASS [   0.004s] (1021/4337) apas-verus::TestBSTSetAVLMtEph test_trait_impl_join_pair
        PASS [   0.004s] (1022/4337) apas-verus::TestBSTSetAVLMtEph test_trait_impl_join_m
        PASS [   0.004s] (1023/4337) apas-verus::TestBSTSetAVLMtEph test_trait_impl_iter_in_order
        PASS [   0.004s] (1024/4337) apas-verus::TestBSTSetAVLMtEph test_trait_impl_reduce
        PASS [   0.004s] (1025/4337) apas-verus::TestBSTSetAVLMtEph test_trait_impl_minimum
        PASS [   0.004s] (1026/4337) apas-verus::TestBSTSetAVLMtEph test_trait_impl_maximum
        PASS [   0.004s] (1027/4337) apas-verus::TestBSTSetAVLMtEph test_trait_impl_singleton
        PASS [   0.004s] (1028/4337) apas-verus::TestBSTSetAVLMtEph test_trait_impl_split
        PASS [   0.004s] (1029/4337) apas-verus::TestBSTSetAVLMtEph test_trait_impl_union
        PASS [   0.004s] (1030/4337) apas-verus::TestBSTSetAVLMtEph test_union_empty
        PASS [   0.004s] (1031/4337) apas-verus::TestBSTSetBBAlphaMtEph test_as_tree
        PASS [   0.004s] (1032/4337) apas-verus::TestBSTSetAVLMtEph test_union
        PASS [   0.004s] (1033/4337) apas-verus::TestBSTSetBBAlphaMtEph test_delete
        PASS [   0.004s] (1034/4337) apas-verus::TestBSTSetBBAlphaMtEph test_bstsetbbalphamtephlit_macro_functionality
        PASS [   0.004s] (1035/4337) apas-verus::TestBSTSetBBAlphaMtEph test_balanced_after_inserts
        PASS [   0.003s] (1036/4337) apas-verus::TestBSTSetBBAlphaMtEph test_filter
        PASS [   0.004s] (1037/4337) apas-verus::TestBSTSetBBAlphaMtEph test_duplicate_insert
        PASS [   0.004s] (1038/4337) apas-verus::TestBSTSetBBAlphaMtEph test_delete_multiple
        PASS [   0.004s] (1039/4337) apas-verus::TestBSTSetBBAlphaMtEph test_difference
        PASS [   0.004s] (1040/4337) apas-verus::TestBSTSetBBAlphaMtEph test_insert_and_contains
        PASS [   0.004s] (1041/4337) apas-verus::TestBSTSetBBAlphaMtEph test_empty
        PASS [   0.004s] (1042/4337) apas-verus::TestBSTSetBBAlphaMtEph test_join_m
        PASS [   0.004s] (1043/4337) apas-verus::TestBSTSetBBAlphaMtEph test_iter_in_order
        PASS [   0.004s] (1044/4337) apas-verus::TestBSTSetBBAlphaMtEph test_join_m_with_empty
        PASS [   0.004s] (1045/4337) apas-verus::TestBSTSetBBAlphaMtEph test_intersection_disjoint
        PASS [   0.003s] (1046/4337) apas-verus::TestBSTSetBBAlphaMtEph test_join_pair
        PASS [   0.004s] (1047/4337) apas-verus::TestBSTSetBBAlphaMtEph test_intersection
        PASS [   0.004s] (1048/4337) apas-verus::TestBSTSetBBAlphaMtEph test_reduce
        PASS [   0.004s] (1049/4337) apas-verus::TestBSTSetBBAlphaMtEph test_singleton
        PASS [   0.004s] (1050/4337) apas-verus::TestBSTSetBBAlphaMtEph test_large_set
        PASS [   0.004s] (1051/4337) apas-verus::TestBSTSetBBAlphaMtEph test_minimum_maximum
        PASS [   0.004s] (1052/4337) apas-verus::TestBSTSetBBAlphaMtEph test_negative_numbers
        PASS [   0.004s] (1053/4337) apas-verus::TestBSTSetBBAlphaMtEph test_split
        PASS [   0.004s] (1054/4337) apas-verus::TestBSTSetBBAlphaMtEph test_trait_impl_empty
        PASS [   0.004s] (1055/4337) apas-verus::TestBSTSetBBAlphaMtEph test_trait_impl_delete
        PASS [   0.004s] (1056/4337) apas-verus::TestBSTSetBBAlphaMtEph test_trait_impl_as_tree
        PASS [   0.004s] (1057/4337) apas-verus::TestBSTSetBBAlphaMtEph test_trait_impl_difference
        PASS [   0.004s] (1058/4337) apas-verus::TestBSTSetBBAlphaMtEph test_trait_impl_contains
        PASS [   0.005s] (1059/4337) apas-verus::TestBSTSetBBAlphaMtEph test_trait_impl_filter
        PASS [   0.004s] (1060/4337) apas-verus::TestBSTSetBBAlphaMtEph test_trait_impl_join_m
        PASS [   0.004s] (1061/4337) apas-verus::TestBSTSetBBAlphaMtEph test_trait_impl_find
        PASS [   0.004s] (1062/4337) apas-verus::TestBSTSetBBAlphaMtEph test_trait_impl_iter_in_order
        PASS [   0.004s] (1063/4337) apas-verus::TestBSTSetBBAlphaMtEph test_trait_impl_insert
        PASS [   0.004s] (1064/4337) apas-verus::TestBSTSetBBAlphaMtEph test_trait_impl_intersection
        PASS [   0.003s] (1065/4337) apas-verus::TestBSTSetBBAlphaMtEph test_trait_impl_join_pair
        PASS [   0.004s] (1066/4337) apas-verus::TestBSTSetBBAlphaMtEph test_trait_impl_maximum
        PASS [   0.004s] (1067/4337) apas-verus::TestBSTSetBBAlphaMtEph test_trait_impl_split
        PASS [   0.004s] (1068/4337) apas-verus::TestBSTSetBBAlphaMtEph test_trait_impl_reduce
        PASS [   0.004s] (1069/4337) apas-verus::TestBSTSetBBAlphaMtEph test_trait_impl_singleton
        PASS [   0.004s] (1070/4337) apas-verus::TestBSTSetBBAlphaMtEph test_trait_impl_minimum
        PASS [   0.004s] (1071/4337) apas-verus::TestBSTSetBBAlphaMtEph test_trait_impl_union
        PASS [   0.004s] (1072/4337) apas-verus::TestBSTSetPlainMtEph test_delete
        PASS [   0.004s] (1073/4337) apas-verus::TestBSTSetBBAlphaMtEph test_union_empty
        PASS [   0.004s] (1074/4337) apas-verus::TestBSTSetPlainMtEph test_delete_multiple
        PASS [   0.004s] (1075/4337) apas-verus::TestBSTSetBBAlphaMtEph test_union
        PASS [   0.005s] (1076/4337) apas-verus::TestBSTSetPlainMtEph test_as_tree
        PASS [   0.005s] (1077/4337) apas-verus::TestBSTSetPlainMtEph test_bstsetplainmtephlit_macro_functionality
        PASS [   0.004s] (1078/4337) apas-verus::TestBSTSetPlainMtEph test_duplicate_insert
        PASS [   0.004s] (1079/4337) apas-verus::TestBSTSetPlainMtEph test_difference_empty
        PASS [   0.004s] (1080/4337) apas-verus::TestBSTSetPlainMtEph test_delete_nonexistent
        PASS [   0.004s] (1081/4337) apas-verus::TestBSTSetPlainMtEph test_empty
        PASS [   0.004s] (1082/4337) apas-verus::TestBSTSetPlainMtEph test_difference
        PASS [   0.004s] (1083/4337) apas-verus::TestBSTSetPlainMtEph test_filter
        PASS [   0.004s] (1084/4337) apas-verus::TestBSTSetPlainMtEph test_insert_and_contains
        PASS [   0.004s] (1085/4337) apas-verus::TestBSTSetPlainMtEph test_find_returns_value
        PASS [   0.004s] (1086/4337) apas-verus::TestBSTSetPlainMtEph test_filter_empty_result
        PASS [   0.004s] (1087/4337) apas-verus::TestBSTSetPlainMtEph test_intersection
        PASS [   0.004s] (1088/4337) apas-verus::TestBSTSetPlainMtEph test_intersection_disjoint
        PASS [   0.004s] (1089/4337) apas-verus::TestBSTSetPlainMtEph test_intersection_empty
        PASS [   0.004s] (1090/4337) apas-verus::TestBSTSetPlainMtEph test_iter_in_order
        PASS [   0.004s] (1091/4337) apas-verus::TestBSTSetPlainMtEph test_maximum
        PASS [   0.004s] (1092/4337) apas-verus::TestBSTSetPlainMtEph test_join_pair
        PASS [   0.004s] (1093/4337) apas-verus::TestBSTSetPlainMtEph test_large_set
        PASS [   0.004s] (1094/4337) apas-verus::TestBSTSetPlainMtEph test_join_m
        PASS [   0.004s] (1095/4337) apas-verus::TestBSTSetPlainMtEph test_join_m_with_empty
        PASS [   0.004s] (1096/4337) apas-verus::TestBSTSetPlainMtEph test_reduce
        PASS [   0.004s] (1097/4337) apas-verus::TestBSTSetPlainMtEph test_minimum
        PASS [   0.004s] (1098/4337) apas-verus::TestBSTSetPlainMtEph test_singleton
        PASS [   0.004s] (1099/4337) apas-verus::TestBSTSetPlainMtEph test_negative_numbers
        PASS [   0.004s] (1100/4337) apas-verus::TestBSTSetPlainMtEph test_split_not_found
        PASS [   0.004s] (1101/4337) apas-verus::TestBSTSetPlainMtEph test_split
        PASS [   0.004s] (1102/4337) apas-verus::TestBSTSetPlainMtEph test_trait_impl_as_tree
        PASS [   0.004s] (1103/4337) apas-verus::TestBSTSetPlainMtEph test_trait_impl_empty
        PASS [   0.004s] (1104/4337) apas-verus::TestBSTSetPlainMtEph test_trait_impl_delete
        PASS [   0.004s] (1105/4337) apas-verus::TestBSTSetPlainMtEph test_trait_impl_filter
        PASS [   0.004s] (1106/4337) apas-verus::TestBSTSetPlainMtEph test_trait_impl_contains
        PASS [   0.004s] (1107/4337) apas-verus::TestBSTSetPlainMtEph test_trait_impl_difference
        PASS [   0.004s] (1108/4337) apas-verus::TestBSTSetPlainMtEph test_trait_impl_insert
        PASS [   0.004s] (1109/4337) apas-verus::TestBSTSetPlainMtEph test_trait_impl_join_pair
        PASS [   0.004s] (1110/4337) apas-verus::TestBSTSetPlainMtEph test_trait_impl_find
        PASS [   0.004s] (1111/4337) apas-verus::TestBSTSetPlainMtEph test_trait_impl_join_m
        PASS [   0.004s] (1112/4337) apas-verus::TestBSTSetPlainMtEph test_trait_impl_iter_in_order
        PASS [   0.004s] (1113/4337) apas-verus::TestBSTSetPlainMtEph test_trait_impl_intersection
        PASS [   0.003s] (1114/4337) apas-verus::TestBSTSetPlainMtEph test_trait_impl_minimum
        PASS [   0.004s] (1115/4337) apas-verus::TestBSTSetPlainMtEph test_trait_impl_reduce
        PASS [   0.004s] (1116/4337) apas-verus::TestBSTSetPlainMtEph test_trait_impl_union
        PASS [   0.004s] (1117/4337) apas-verus::TestBSTSetPlainMtEph test_trait_impl_singleton
        PASS [   0.005s] (1118/4337) apas-verus::TestBSTSetPlainMtEph test_trait_impl_split
        PASS [   0.005s] (1119/4337) apas-verus::TestBSTSetPlainMtEph test_trait_impl_maximum
        PASS [   0.003s] (1120/4337) apas-verus::TestBSTSetPlainMtEph test_union_empty
        PASS [   0.004s] (1121/4337) apas-verus::TestBSTSetPlainMtEph test_union
        PASS [   0.004s] (1122/4337) apas-verus::TestBSTSetPlainMtEph test_union_with_overlap
        PASS [   0.004s] (1123/4337) apas-verus::TestBSTSetRBMtEph test_as_tree
        PASS [   0.004s] (1124/4337) apas-verus::TestBSTSetRBMtEph test_balanced_after_inserts
        PASS [   0.004s] (1125/4337) apas-verus::TestBSTSetRBMtEph test_bstsetrbmtephlit_macro_functionality
        PASS [   0.004s] (1126/4337) apas-verus::TestBSTSetRBMtEph test_delete
        PASS [   0.004s] (1127/4337) apas-verus::TestBSTSetRBMtEph test_delete_multiple
        PASS [   0.004s] (1128/4337) apas-verus::TestBSTSetRBMtEph test_difference
        PASS [   0.004s] (1129/4337) apas-verus::TestBSTSetRBMtEph test_duplicate_insert
        PASS [   0.003s] (1130/4337) apas-verus::TestBSTSetRBMtEph test_empty
        PASS [   0.003s] (1131/4337) apas-verus::TestBSTSetRBMtEph test_filter
        PASS [   0.004s] (1132/4337) apas-verus::TestBSTSetRBMtEph test_insert_and_contains
        PASS [   0.004s] (1133/4337) apas-verus::TestBSTSetRBMtEph test_intersection
        PASS [   0.003s] (1134/4337) apas-verus::TestBSTSetRBMtEph test_join_m
        PASS [   0.004s] (1135/4337) apas-verus::TestBSTSetRBMtEph test_iter_in_order
        PASS [   0.004s] (1136/4337) apas-verus::TestBSTSetRBMtEph test_intersection_disjoint
        PASS [   0.004s] (1137/4337) apas-verus::TestBSTSetRBMtEph test_join_m_with_empty
        PASS [   0.004s] (1138/4337) apas-verus::TestBSTSetRBMtEph test_join_pair
        PASS [   0.004s] (1139/4337) apas-verus::TestBSTSetRBMtEph test_reduce
        PASS [   0.004s] (1140/4337) apas-verus::TestBSTSetRBMtEph test_large_set
        PASS [   0.004s] (1141/4337) apas-verus::TestBSTSetRBMtEph test_minimum_maximum
        PASS [   0.004s] (1142/4337) apas-verus::TestBSTSetRBMtEph test_negative_numbers
        PASS [   0.004s] (1143/4337) apas-verus::TestBSTSetRBMtEph test_singleton
        PASS [   0.004s] (1144/4337) apas-verus::TestBSTSetRBMtEph test_split
        PASS [   0.004s] (1145/4337) apas-verus::TestBSTSetRBMtEph test_trait_impl_as_tree
        PASS [   0.004s] (1146/4337) apas-verus::TestBSTSetRBMtEph test_trait_impl_contains
        PASS [   0.004s] (1147/4337) apas-verus::TestBSTSetRBMtEph test_trait_impl_delete
        PASS [   0.004s] (1148/4337) apas-verus::TestBSTSetRBMtEph test_trait_impl_empty
        PASS [   0.004s] (1149/4337) apas-verus::TestBSTSetRBMtEph test_trait_impl_difference
        PASS [   0.004s] (1150/4337) apas-verus::TestBSTSetRBMtEph test_trait_impl_filter
        PASS [   0.004s] (1151/4337) apas-verus::TestBSTSetRBMtEph test_trait_impl_find
        PASS [   0.003s] (1152/4337) apas-verus::TestBSTSetRBMtEph test_trait_impl_join_m
        PASS [   0.004s] (1153/4337) apas-verus::TestBSTSetRBMtEph test_trait_impl_intersection
        PASS [   0.004s] (1154/4337) apas-verus::TestBSTSetRBMtEph test_trait_impl_iter_in_order
        PASS [   0.004s] (1155/4337) apas-verus::TestBSTSetRBMtEph test_trait_impl_insert
        PASS [   0.004s] (1156/4337) apas-verus::TestBSTSetRBMtEph test_trait_impl_join_pair
        PASS [   0.004s] (1157/4337) apas-verus::TestBSTSetRBMtEph test_trait_impl_reduce
        PASS [   0.004s] (1158/4337) apas-verus::TestBSTSetRBMtEph test_trait_impl_singleton
        PASS [   0.004s] (1159/4337) apas-verus::TestBSTSetRBMtEph test_trait_impl_maximum
        PASS [   0.004s] (1160/4337) apas-verus::TestBSTSetRBMtEph test_trait_impl_minimum
        PASS [   0.003s] (1161/4337) apas-verus::TestBSTSetRBMtEph test_trait_impl_split
        PASS [   0.004s] (1162/4337) apas-verus::TestBSTSetSplayMtEph test_as_tree
        PASS [   0.004s] (1163/4337) apas-verus::TestBSTSetRBMtEph test_union
        PASS [   0.004s] (1164/4337) apas-verus::TestBSTSetRBMtEph test_union_empty
        PASS [   0.004s] (1165/4337) apas-verus::TestBSTSetSplayMtEph test_bstsetsplaymtephlit_macro_functionality
        PASS [   0.004s] (1166/4337) apas-verus::TestBSTSetSplayMtEph test_balanced_after_inserts
        PASS [   0.004s] (1167/4337) apas-verus::TestBSTSetRBMtEph test_trait_impl_union
        PASS [   0.004s] (1168/4337) apas-verus::TestBSTSetSplayMtEph test_empty
        PASS [   0.004s] (1169/4337) apas-verus::TestBSTSetSplayMtEph test_filter
        PASS [   0.004s] (1170/4337) apas-verus::TestBSTSetSplayMtEph test_delete
        PASS [   0.004s] (1171/4337) apas-verus::TestBSTSetSplayMtEph test_delete_multiple
        PASS [   0.004s] (1172/4337) apas-verus::TestBSTSetSplayMtEph test_duplicate_insert
        PASS [   0.005s] (1173/4337) apas-verus::TestBSTSetSplayMtEph test_difference
        PASS [   0.004s] (1174/4337) apas-verus::TestBSTSetSplayMtEph test_iter_in_order
        PASS [   0.004s] (1175/4337) apas-verus::TestBSTSetSplayMtEph test_join_m
        PASS [   0.004s] (1176/4337) apas-verus::TestBSTSetSplayMtEph test_insert_and_contains
        PASS [   0.004s] (1177/4337) apas-verus::TestBSTSetSplayMtEph test_join_m_with_empty
        PASS [   0.005s] (1178/4337) apas-verus::TestBSTSetSplayMtEph test_intersection
        PASS [   0.005s] (1179/4337) apas-verus::TestBSTSetSplayMtEph test_intersection_disjoint
        PASS [   0.004s] (1180/4337) apas-verus::TestBSTSetSplayMtEph test_large_set
        PASS [   0.004s] (1181/4337) apas-verus::TestBSTSetSplayMtEph test_join_pair
        PASS [   0.004s] (1182/4337) apas-verus::TestBSTSetSplayMtEph test_minimum_maximum
        PASS [   0.004s] (1183/4337) apas-verus::TestBSTSetSplayMtEph test_negative_numbers
        PASS [   0.004s] (1184/4337) apas-verus::TestBSTSetSplayMtEph test_reduce
        PASS [   0.004s] (1185/4337) apas-verus::TestBSTSetSplayMtEph test_singleton
        PASS [   0.004s] (1186/4337) apas-verus::TestBSTSetSplayMtEph test_trait_impl_contains
        PASS [   0.004s] (1187/4337) apas-verus::TestBSTSetSplayMtEph test_split
        PASS [   0.004s] (1188/4337) apas-verus::TestBSTSetSplayMtEph test_trait_impl_as_tree
        PASS [   0.003s] (1189/4337) apas-verus::TestBSTSetSplayMtEph test_trait_impl_empty
        PASS [   0.004s] (1190/4337) apas-verus::TestBSTSetSplayMtEph test_trait_impl_difference
        PASS [   0.005s] (1191/4337) apas-verus::TestBSTSetSplayMtEph test_trait_impl_delete
        PASS [   0.004s] (1192/4337) apas-verus::TestBSTSetSplayMtEph test_trait_impl_iter_in_order
        PASS [   0.004s] (1193/4337) apas-verus::TestBSTSetSplayMtEph test_trait_impl_find
        PASS [   0.004s] (1194/4337) apas-verus::TestBSTSetSplayMtEph test_trait_impl_filter
        PASS [   0.004s] (1195/4337) apas-verus::TestBSTSetSplayMtEph test_trait_impl_insert
        PASS [   0.004s] (1196/4337) apas-verus::TestBSTSetSplayMtEph test_trait_impl_intersection
        PASS [   0.004s] (1197/4337) apas-verus::TestBSTSetSplayMtEph test_trait_impl_join_m
        PASS [   0.004s] (1198/4337) apas-verus::TestBSTSetSplayMtEph test_trait_impl_singleton
        PASS [   0.004s] (1199/4337) apas-verus::TestBSTSetSplayMtEph test_trait_impl_maximum
        PASS [   0.004s] (1200/4337) apas-verus::TestBSTSetSplayMtEph test_trait_impl_join_pair
        PASS [   0.004s] (1201/4337) apas-verus::TestBSTSetSplayMtEph test_trait_impl_minimum
        PASS [   0.004s] (1202/4337) apas-verus::TestBSTSetSplayMtEph test_trait_impl_reduce
        PASS [   0.004s] (1203/4337) apas-verus::TestBSTSetSplayMtEph test_trait_impl_split
        PASS [   0.004s] (1204/4337) apas-verus::TestBSTSetSplayMtEph test_trait_impl_union
        PASS [   0.004s] (1205/4337) apas-verus::TestBSTSetTreapMtEph test_bstsettreapmtephlit_macro_functionality
        PASS [   0.004s] (1206/4337) apas-verus::TestBSTSetSplayMtEph test_union_empty
        PASS [   0.004s] (1207/4337) apas-verus::TestBSTSetSplayMtEph test_union
        PASS [   0.005s] (1208/4337) apas-verus::TestBSTSetTreapMtEph test_as_tree
        PASS [   0.006s] (1209/4337) apas-verus::TestBSTSetTreapMtEph test_balanced_after_inserts
        PASS [   0.004s] (1210/4337) apas-verus::TestBSTSetTreapMtEph test_delete_multiple
        PASS [   0.004s] (1211/4337) apas-verus::TestBSTSetTreapMtEph test_duplicate_insert
        PASS [   0.004s] (1212/4337) apas-verus::TestBSTSetTreapMtEph test_delete
        PASS [   0.003s] (1213/4337) apas-verus::TestBSTSetTreapMtEph test_empty
        PASS [   0.004s] (1214/4337) apas-verus::TestBSTSetTreapMtEph test_difference
        PASS [   0.003s] (1215/4337) apas-verus::TestBSTSetTreapMtEph test_filter
        PASS [   0.004s] (1216/4337) apas-verus::TestBSTSetTreapMtEph test_insert_and_contains
        PASS [   0.004s] (1217/4337) apas-verus::TestBSTSetTreapMtEph test_into_iter_collects_all_elements
        PASS [   0.004s] (1218/4337) apas-verus::TestBSTSetTreapMtEph test_into_iter_empty
        PASS [   0.004s] (1219/4337) apas-verus::TestBSTSetTreapMtEph test_intersection_disjoint
        PASS [   0.004s] (1220/4337) apas-verus::TestBSTSetTreapMtEph test_intersection
        PASS [   0.003s] (1221/4337) apas-verus::TestBSTSetTreapMtEph test_into_iter_for_loop
        PASS [   0.004s] (1222/4337) apas-verus::TestBSTSetTreapMtEph test_join_pair
        PASS [   0.004s] (1223/4337) apas-verus::TestBSTSetTreapMtEph test_minimum_maximum
        PASS [   0.004s] (1224/4337) apas-verus::TestBSTSetTreapMtEph test_join_m_with_empty
        PASS [   0.004s] (1225/4337) apas-verus::TestBSTSetTreapMtEph test_iter_in_order
        PASS [   0.004s] (1226/4337) apas-verus::TestBSTSetTreapMtEph test_join_m
        PASS [   0.006s] (1227/4337) apas-verus::TestBSTSetTreapMtEph test_large_set
        PASS [   0.003s] (1228/4337) apas-verus::TestBSTSetTreapMtEph test_negative_numbers
        PASS [   0.003s] (1229/4337) apas-verus::TestBSTSetTreapMtEph test_singleton
        PASS [   0.003s] (1230/4337) apas-verus::TestBSTSetTreapMtEph test_split
        PASS [   0.004s] (1231/4337) apas-verus::TestBSTSetTreapMtEph test_trait_impl_as_tree
        PASS [   0.004s] (1232/4337) apas-verus::TestBSTSetTreapMtEph test_reduce
        PASS [   0.004s] (1233/4337) apas-verus::TestBSTSetTreapMtEph test_trait_impl_contains
        PASS [   0.004s] (1234/4337) apas-verus::TestBSTSetTreapMtEph test_trait_impl_empty
        PASS [   0.004s] (1235/4337) apas-verus::TestBSTSetTreapMtEph test_trait_impl_delete
        PASS [   0.004s] (1236/4337) apas-verus::TestBSTSetTreapMtEph test_trait_impl_filter
        PASS [   0.004s] (1237/4337) apas-verus::TestBSTSetTreapMtEph test_trait_impl_difference
        PASS [   0.003s] (1238/4337) apas-verus::TestBSTSetTreapMtEph test_trait_impl_find
        PASS [   0.004s] (1239/4337) apas-verus::TestBSTSetTreapMtEph test_trait_impl_insert
        PASS [   0.004s] (1240/4337) apas-verus::TestBSTSetTreapMtEph test_trait_impl_iter_in_order
        PASS [   0.004s] (1241/4337) apas-verus::TestBSTSetTreapMtEph test_trait_impl_maximum
        PASS [   0.004s] (1242/4337) apas-verus::TestBSTSetTreapMtEph test_trait_impl_join_m
        PASS [   0.004s] (1243/4337) apas-verus::TestBSTSetTreapMtEph test_trait_impl_join_pair
        PASS [   0.004s] (1244/4337) apas-verus::TestBSTSetTreapMtEph test_trait_impl_intersection
        PASS [   0.004s] (1245/4337) apas-verus::TestBSTSetTreapMtEph test_trait_impl_minimum
        PASS [   0.004s] (1246/4337) apas-verus::TestBSTSetTreapMtEph test_trait_impl_split
        PASS [   0.004s] (1247/4337) apas-verus::TestBSTSetTreapMtEph test_trait_impl_singleton
        PASS [   0.004s] (1248/4337) apas-verus::TestBSTSetTreapMtEph test_trait_impl_union
        PASS [   0.004s] (1249/4337) apas-verus::TestBSTSetTreapMtEph test_trait_impl_reduce
        PASS [   0.004s] (1250/4337) apas-verus::TestBSTSetTreapMtEph test_union
        PASS [   0.004s] (1251/4337) apas-verus::TestBSTSetTreapMtEph test_union_empty
        PASS [   0.003s] (1252/4337) apas-verus::TestBSTSizeStEph size_bst_rank_operations
        PASS [   0.004s] (1253/4337) apas-verus::TestBSTSizeStEph size_bst_basic_operations
        PASS [   0.004s] (1254/4337) apas-verus::TestBSTSizeStEph size_bst_macro_literal
        PASS [   0.004s] (1255/4337) apas-verus::TestBSTSizeStEph size_bst_duplicate_insert_is_idempotent
        PASS [   0.004s] (1256/4337) apas-verus::TestBSTSizeStEph size_bst_large_dataset_performance
        PASS [   0.004s] (1257/4337) apas-verus::TestBSTSizeStEph size_bst_rank_select_consistency
        PASS [   0.004s] (1258/4337) apas-verus::TestBSTSizeStEph size_bst_select_operations
        PASS [   0.004s] (1259/4337) apas-verus::TestBSTSizeStEph test_into_iter_for_loop
        PASS [   0.004s] (1260/4337) apas-verus::TestBSTSizeStEph test_into_iter_empty
        PASS [   0.004s] (1261/4337) apas-verus::TestBSTSizeStEph test_into_iter_collects_all_elements
        PASS [   0.004s] (1262/4337) apas-verus::TestBSTSizeStEph size_bst_split_rank_operations
        PASS [   0.004s] (1263/4337) apas-verus::TestBSTSplayMtEph test_bstsplaymtephlit_macro_functionality
        PASS [   0.004s] (1264/4337) apas-verus::TestBSTSplayMtEph test_contains
        PASS [   0.004s] (1265/4337) apas-verus::TestBSTSplayMtEph test_filter
        PASS [   0.004s] (1266/4337) apas-verus::TestBSTSplayMtEph test_duplicate_insert
        PASS [   0.004s] (1267/4337) apas-verus::TestBSTSplayMtEph test_default
        PASS [   0.004s] (1268/4337) apas-verus::TestBSTSplayMtEph test_default_trait
        PASS [   0.004s] (1269/4337) apas-verus::TestBSTSplayMtEph test_filter_all
        PASS [   0.004s] (1270/4337) apas-verus::TestBSTSplayMtEph test_filter_none
        PASS [   0.003s] (1271/4337) apas-verus::TestBSTSplayMtEph test_in_order_traversal
        PASS [   0.004s] (1272/4337) apas-verus::TestBSTSplayMtEph test_from_sorted_slice_empty
        PASS [   0.004s] (1273/4337) apas-verus::TestBSTSplayMtEph test_from_sorted_slice
        PASS [   0.004s] (1274/4337) apas-verus::TestBSTSplayMtEph test_height
        PASS [   0.004s] (1275/4337) apas-verus::TestBSTSplayMtEph test_new_empty
        PASS [   0.004s] (1276/4337) apas-verus::TestBSTSplayMtEph test_minimum_maximum
        PASS [   0.004s] (1277/4337) apas-verus::TestBSTSplayMtEph test_insert_and_find
        PASS [   0.004s] (1278/4337) apas-verus::TestBSTSplayMtEph test_reduce_empty
        PASS [   0.004s] (1279/4337) apas-verus::TestBSTSplayMtEph test_is_empty
        PASS [   0.004s] (1280/4337) apas-verus::TestBSTSplayMtEph test_pre_order_traversal
        PASS [   0.004s] (1281/4337) apas-verus::TestBSTSplayMtEph test_reduce_product
        PASS [   0.004s] (1282/4337) apas-verus::TestBSTSplayStEph splay_basic_behaviour
        PASS [   0.004s] (1283/4337) apas-verus::TestBSTSplayMtEph test_size
        PASS [   0.004s] (1284/4337) apas-verus::TestBSTSplayMtEph test_trait_new
        PASS [   0.004s] (1285/4337) apas-verus::TestBSTSplayMtEph test_reduce_sum
        PASS [   0.004s] (1286/4337) apas-verus::TestBSTSplayMtEph test_reduce_max
        PASS [   0.003s] (1287/4337) apas-verus::TestBSTSplayStEph test_bstsplaystephlit_macro_functionality
        PASS [   0.004s] (1288/4337) apas-verus::TestBSTSplayStEph test_into_iter_collects_all_elements
        PASS [   0.004s] (1289/4337) apas-verus::TestBSTSplayStEph splay_duplicate_insert_is_idempotent
        PASS [   0.004s] (1290/4337) apas-verus::TestBSTSplayStEph test_height
        PASS [   0.005s] (1291/4337) apas-verus::TestBSTSplayStEph test_empty
        PASS [   0.005s] (1292/4337) apas-verus::TestBSTSplayStEph test_into_iter_empty
        PASS [   0.004s] (1293/4337) apas-verus::TestBSTSplayStEph test_pre_order
        PASS [   0.004s] (1294/4337) apas-verus::TestBSTSplayStEph test_large_tree
        PASS [   0.004s] (1295/4337) apas-verus::TestBSTSplayStEph test_negative_numbers
        PASS [   0.004s] (1296/4337) apas-verus::TestBSTSplayStEph test_into_iter_for_loop
        PASS [   0.004s] (1297/4337) apas-verus::TestBSTSplayStEph test_singleton
        PASS [   0.004s] (1298/4337) apas-verus::TestBSTSplayStEph test_reverse_insert
        PASS [   0.004s] (1299/4337) apas-verus::TestBSTTreapMtEph test_contains
        PASS [   0.004s] (1300/4337) apas-verus::TestBSTTreapMtEph test_clone_independent_copy
        PASS [   0.004s] (1301/4337) apas-verus::TestBSTTreapMtEph test_contains_step_pattern
        PASS [   0.004s] (1302/4337) apas-verus::TestBSTTreapMtEph test_debug_format
        PASS [   0.004s] (1303/4337) apas-verus::TestBSTTreapMtEph test_concurrent_readers
        PASS [   0.007s] (1304/4337) apas-verus::TestBSTTreapMtEph test_concurrent_readers_after_build
        PASS [   0.003s] (1305/4337) apas-verus::TestBSTTreapMtEph test_delete_leaf
        PASS [   0.004s] (1306/4337) apas-verus::TestBSTTreapMtEph test_default
        PASS [   0.004s] (1307/4337) apas-verus::TestBSTTreapMtEph test_delete_basic
        PASS [   0.004s] (1308/4337) apas-verus::TestBSTTreapMtEph test_delete_from_empty
        PASS [   0.004s] (1309/4337) apas-verus::TestBSTTreapMtEph test_delete_all
        PASS [   0.004s] (1310/4337) apas-verus::TestBSTTreapMtEph test_delete_root
        PASS [   0.004s] (1311/4337) apas-verus::TestBSTTreapMtEph test_delete_nonexistent
        PASS [   0.004s] (1312/4337) apas-verus::TestBSTTreapMtEph test_delete_then_reinsert
        PASS [   0.003s] (1313/4337) apas-verus::TestBSTTreapMtEph test_extremes
        PASS [   0.004s] (1314/4337) apas-verus::TestBSTTreapMtEph test_duplicate_insert
        PASS [   0.003s] (1315/4337) apas-verus::TestBSTTreapMtEph test_empty_operations
        PASS [   0.004s] (1316/4337) apas-verus::TestBSTTreapMtEph test_in_order
        PASS [   0.004s] (1317/4337) apas-verus::TestBSTTreapMtEph test_insert_and_size
        PASS [   0.004s] (1318/4337) apas-verus::TestBSTTreapMtEph test_height_balanced
        PASS [   0.004s] (1319/4337) apas-verus::TestBSTTreapMtEph test_height
        PASS [   0.004s] (1320/4337) apas-verus::TestBSTTreapMtEph test_find
        PASS [   0.004s] (1321/4337) apas-verus::TestBSTTreapMtEph test_into_iter_collects_all_elements
        PASS [   0.004s] (1322/4337) apas-verus::TestBSTTreapMtEph test_into_iter_empty
        PASS [   0.004s] (1323/4337) apas-verus::TestBSTTreapMtEph test_macro_empty
        PASS [   0.004s] (1324/4337) apas-verus::TestBSTTreapMtEph test_into_iter_for_loop
        PASS [   0.004s] (1325/4337) apas-verus::TestBSTTreapMtEph test_is_empty
        PASS [   0.004s] (1326/4337) apas-verus::TestBSTTreapMtEph test_macro_with_elements
        PASS [   0.004s] (1327/4337) apas-verus::TestBSTTreapMtEph test_large_tree
        PASS [   0.004s] (1328/4337) apas-verus::TestBSTTreapMtEph test_negative_numbers
        PASS [   0.004s] (1329/4337) apas-verus::TestBSTTreapMtEph test_maximum
        PASS [   0.004s] (1330/4337) apas-verus::TestBSTTreapMtEph test_mixed_positive_negative
        PASS [   0.004s] (1331/4337) apas-verus::TestBSTTreapMtEph test_minimum
        PASS [   0.004s] (1332/4337) apas-verus::TestBSTTreapMtEph test_pre_order
        PASS [   0.004s] (1333/4337) apas-verus::TestBSTTreapMtEph test_new_empty
        PASS [   0.004s] (1334/4337) apas-verus::TestBSTTreapMtEph test_single_element
        PASS [   0.004s] (1335/4337) apas-verus::TestBSTTreapMtEph test_string_keys
        PASS [   0.004s] (1336/4337) apas-verus::TestBSTTreapMtEph test_traversal_empty
        PASS [   0.004s] (1337/4337) apas-verus::TestBSTTreapStEph test_bsttreapstephlit_macro_functionality
        PASS [   0.004s] (1338/4337) apas-verus::TestBSTTreapMtEph test_reverse_order_insert
        PASS [   0.004s] (1339/4337) apas-verus::TestBSTTreapMtEph test_singleton_traversal
        PASS [   0.004s] (1340/4337) apas-verus::TestBSTTreapStEph test_empty
        PASS [   0.004s] (1341/4337) apas-verus::TestBSTTreapStEph test_delete_requires_left_recursion_after_rotation
        PASS [   0.004s] (1342/4337) apas-verus::TestBSTTreapStEph test_empty_operations
        PASS [   0.004s] (1343/4337) apas-verus::TestBSTTreapStEph test_duplicate_insert
        PASS [   0.004s] (1344/4337) apas-verus::TestBSTTreapStEph test_contains_after_many_inserts
        PASS [   0.005s] (1345/4337) apas-verus::TestBSTTreapStEph test_contains
        PASS [   0.003s] (1346/4337) apas-verus::TestBSTTreapStEph test_height
        PASS [   0.004s] (1347/4337) apas-verus::TestBSTTreapStEph test_find
        PASS [   0.004s] (1348/4337) apas-verus::TestBSTTreapStEph test_height_balanced
        PASS [   0.005s] (1349/4337) apas-verus::TestBSTTreapStEph test_find_missing
        PASS [   0.005s] (1350/4337) apas-verus::TestBSTTreapStEph test_extremes
        PASS [   0.005s] (1351/4337) apas-verus::TestBSTTreapStEph test_in_order
        PASS [   0.004s] (1352/4337) apas-verus::TestBSTTreapStEph test_in_order_traversal
        PASS [   0.004s] (1353/4337) apas-verus::TestBSTTreapStEph test_insert_and_size
        PASS [   0.004s] (1354/4337) apas-verus::TestBSTTreapStEph test_into_iter_empty
        PASS [   0.003s] (1355/4337) apas-verus::TestBSTTreapStEph test_is_empty
        PASS [   0.004s] (1356/4337) apas-verus::TestBSTTreapStEph test_into_iter_for_loop
        PASS [   0.004s] (1357/4337) apas-verus::TestBSTTreapStEph test_into_iter_collects_all_elements
        PASS [   0.004s] (1358/4337) apas-verus::TestBSTTreapStEph test_large_tree
        PASS [   0.004s] (1359/4337) apas-verus::TestBSTTreapStEph test_minimum_maximum
        PASS [   0.004s] (1360/4337) apas-verus::TestBSTTreapStEph test_negative_numbers
        PASS [   0.004s] (1361/4337) apas-verus::TestBSTTreapStEph test_mixed_positive_negative
        PASS [   0.004s] (1362/4337) apas-verus::TestBSTTreapStEph test_pre_order
        PASS [   0.004s] (1363/4337) apas-verus::TestBSTTreapStEph test_pre_order_traversal
        PASS [   0.004s] (1364/4337) apas-verus::TestBSTTreapStEph test_random_order_inserts
        PASS [   0.004s] (1365/4337) apas-verus::TestBSTTreapStEph test_reverse_order_insert
        PASS [   0.004s] (1366/4337) apas-verus::TestBSTTreapStEph test_sequential_inserts
        PASS [   0.004s] (1367/4337) apas-verus::TestBSTTreapStEph test_single_element
        PASS [   0.004s] (1368/4337) apas-verus::TestBSTTreapStEph test_singleton_traversal
        PASS [   0.004s] (1369/4337) apas-verus::TestBSTTreapStEph test_string_treap
        PASS [   0.004s] (1370/4337) apas-verus::TestBSTTreapStEph test_zero_value
        PASS [   0.004s] (1371/4337) apas-verus::TestBSTTreapStEph test_traversal_empty_tree
        PASS [   0.004s] (1372/4337) apas-verus::TestBalBinTreeStEph balbintree_clone
        PASS [   0.003s] (1373/4337) apas-verus::TestBalBinTreeStEph balbintree_complex_structure
        PASS [   0.003s] (1374/4337) apas-verus::TestBalBinTreeStEph balbintree_debug
        PASS [   0.004s] (1375/4337) apas-verus::TestBalBinTreeStEph balbintree_empty_leaf_operations
        PASS [   0.004s] (1376/4337) apas-verus::TestBalBinTreeStEph balbintree_only_right_children
        PASS [   0.004s] (1377/4337) apas-verus::TestBalBinTreeStEph balbintree_height_calculation
        PASS [   0.004s] (1378/4337) apas-verus::TestBalBinTreeStEph balbintree_is_leaf_check
        PASS [   0.004s] (1379/4337) apas-verus::TestBalBinTreeStEph balbintree_only_left_children
        PASS [   0.003s] (1380/4337) apas-verus::TestBalBinTreeStEph balbintree_single_node_operations
        PASS [   0.004s] (1381/4337) apas-verus::TestBalBinTreeStEph balbintree_large_balanced_tree
        PASS [   0.004s] (1382/4337) apas-verus::TestBalBinTreeStEph balbintree_unbalanced_left
        PASS [   0.004s] (1383/4337) apas-verus::TestBalBinTreeStEph balbintree_trait_methods
        PASS [   0.004s] (1384/4337) apas-verus::TestBalBinTreeStEph inorder_and_preorder_traversals_match_definitions
        PASS [   0.004s] (1385/4337) apas-verus::TestBalBinTreeStEph balbintree_size_calculation
        PASS [   0.005s] (1386/4337) apas-verus::TestBalBinTreeStEph balbintree_traversal_consistency
        PASS [   0.006s] (1387/4337) apas-verus::TestBalBinTreeStEph balbintree_unbalanced_right
        PASS [   0.004s] (1388/4337) apas-verus::TestBalBinTreeStEph inorder_iter_collects_correctly
        PASS [   0.004s] (1389/4337) apas-verus::TestBalBinTreeStEph inorder_iter_leaf_is_empty
        PASS [   0.004s] (1390/4337) apas-verus::TestBalBinTreeStEph inorder_iter_single_node
        PASS [   0.004s] (1391/4337) apas-verus::TestBalBinTreeStEph inorder_iter_complex
        PASS [   0.004s] (1392/4337) apas-verus::TestBalBinTreeStEph inorder_iter_manual_next
        PASS [   0.003s] (1393/4337) apas-verus::TestBalBinTreeStEph preorder_iter_collects_correctly
        PASS [   0.004s] (1394/4337) apas-verus::TestBalBinTreeStEph preorder_iter_single_node
        PASS [   0.004s] (1395/4337) apas-verus::TestBalBinTreeStEph preorder_iter_complex
        PASS [   0.004s] (1396/4337) apas-verus::TestBalancedTreePQ test_contains
        PASS [   0.004s] (1397/4337) apas-verus::TestBalBinTreeStEph preorder_iter_manual_next
        PASS [   0.004s] (1398/4337) apas-verus::TestBalancedTreePQ test_balancedtreepqlit_macro_functionality
        PASS [   0.004s] (1399/4337) apas-verus::TestBalBinTreeStEph preorder_iter_leaf_is_empty
        PASS [   0.004s] (1400/4337) apas-verus::TestBalancedTreePQ test_contains_empty
        PASS [   0.004s] (1401/4337) apas-verus::TestBalancedTreePQ test_delete_max
        PASS [   0.004s] (1402/4337) apas-verus::TestBalancedTreePQ test_default
        PASS [   0.004s] (1403/4337) apas-verus::TestBalancedTreePQ test_delete_max_empty
        PASS [   0.004s] (1404/4337) apas-verus::TestBalancedTreePQ test_delete_min
        PASS [   0.005s] (1405/4337) apas-verus::TestBalancedTreePQ test_delete_min_empty
        PASS [   0.004s] (1406/4337) apas-verus::TestBalancedTreePQ test_duplicate_elements
        PASS [   0.004s] (1407/4337) apas-verus::TestBalancedTreePQ test_display
        PASS [   0.004s] (1408/4337) apas-verus::TestBalancedTreePQ test_extract_all_sorted
        PASS [   0.004s] (1409/4337) apas-verus::TestBalancedTreePQ test_filter
        PASS [   0.004s] (1410/4337) apas-verus::TestBalancedTreePQ test_empty_priority_queue
        PASS [   0.004s] (1411/4337) apas-verus::TestBalancedTreePQ test_filter_empty_result
        PASS [   0.004s] (1412/4337) apas-verus::TestBalancedTreePQ test_insert_and_find_min
        PASS [   0.004s] (1413/4337) apas-verus::TestBalancedTreePQ test_from_vec
        PASS [   0.004s] (1414/4337) apas-verus::TestBalancedTreePQ test_insert_all
        PASS [   0.004s] (1415/4337) apas-verus::TestBalancedTreePQ test_from_seq
        PASS [   0.004s] (1416/4337) apas-verus::TestBalancedTreePQ test_find_max
        PASS [   0.004s] (1417/4337) apas-verus::TestBalancedTreePQ test_height
        PASS [   0.004s] (1418/4337) apas-verus::TestBalancedTreePQ test_is_sorted
        PASS [   0.004s] (1419/4337) apas-verus::TestBalancedTreePQ test_map_to_string
        PASS [   0.004s] (1420/4337) apas-verus::TestBalancedTreePQ test_join
        PASS [   0.004s] (1421/4337) apas-verus::TestBalancedTreePQ test_is_sorted_empty
        PASS [   0.004s] (1422/4337) apas-verus::TestBalancedTreePQ test_map
        PASS [   0.005s] (1423/4337) apas-verus::TestBalancedTreePQ test_large_priority_queue
        PASS [   0.004s] (1424/4337) apas-verus::TestBalancedTreePQ test_meld_multiple
        PASS [   0.004s] (1425/4337) apas-verus::TestBalancedTreePQ test_range
        PASS [   0.004s] (1426/4337) apas-verus::TestBalancedTreePQ test_persistent_semantics
        PASS [   0.005s] (1427/4337) apas-verus::TestBalancedTreePQ test_meld_two_priority_queues
        PASS [   0.005s] (1428/4337) apas-verus::TestBalancedTreePQ test_meld_with_empty
        PASS [   0.005s] (1429/4337) apas-verus::TestBalancedTreePQ test_priority_queue_ordering
        PASS [   0.005s] (1430/4337) apas-verus::TestBalancedTreePQ test_remove_not_found
        PASS [   0.005s] (1431/4337) apas-verus::TestBalancedTreePQ test_remove
        PASS [   0.005s] (1432/4337) apas-verus::TestBalancedTreePQ test_sequential_delete_min_all
        PASS [   0.005s] (1433/4337) apas-verus::TestBalancedTreePQ test_singleton_priority_queue
        PASS [   0.005s] (1434/4337) apas-verus::TestBalancedTreePQ test_range_empty_result
        PASS [   0.005s] (1435/4337) apas-verus::TestBalancedTreePQ test_split
        PASS [   0.004s] (1436/4337) apas-verus::TestBellmanFordStEphF64 test_basic_path
        PASS [   0.004s] (1437/4337) apas-verus::TestBalancedTreePQ test_split_not_found
        PASS [   0.004s] (1438/4337) apas-verus::TestBalancedTreePQ test_string_priority_queue
        PASS [   0.004s] (1439/4337) apas-verus::TestBalancedTreePQ test_to_seq
        PASS [   0.004s] (1440/4337) apas-verus::TestBalancedTreePQ test_to_vec
        PASS [   0.005s] (1441/4337) apas-verus::TestBalancedTreePQ test_to_sorted_vec
        PASS [   0.004s] (1442/4337) apas-verus::TestBellmanFordStEphF64 test_negative_cycle
        PASS [   0.004s] (1443/4337) apas-verus::TestBellmanFordStEphF64 test_chain_4_vertices
        PASS [   0.004s] (1444/4337) apas-verus::TestBellmanFordStEphF64 test_longer_path_cheaper
        PASS [   0.004s] (1445/4337) apas-verus::TestBellmanFordStEphF64 test_fractional_weights
        PASS [   0.004s] (1446/4337) apas-verus::TestBellmanFordStEphF64 test_diamond_graph
        PASS [   0.004s] (1447/4337) apas-verus::TestBellmanFordStEphF64 test_negative_edges
        PASS [   0.004s] (1448/4337) apas-verus::TestBellmanFordStEphF64 test_two_negative_edges_no_cycle
        PASS [   0.004s] (1449/4337) apas-verus::TestBellmanFordStEphF64 test_unreachable
        PASS [   0.004s] (1450/4337) apas-verus::TestBellmanFordStEphF64 test_single_vertex
        PASS [   0.004s] (1451/4337) apas-verus::TestBellmanFordStEphF64 test_predecessor_f64
        PASS [   0.004s] (1452/4337) apas-verus::TestBellmanFordStEphF64 test_path_extraction_f64
        PASS [   0.004s] (1453/4337) apas-verus::TestBellmanFordStEphF64 test_zero_weight_edges
        PASS [   0.004s] (1454/4337) apas-verus::TestBellmanFordStEphI64 test_all_negative_edges_no_cycle
        PASS [   0.004s] (1455/4337) apas-verus::TestBellmanFordStEphI64 test_complete_graph_4
        PASS [   0.004s] (1456/4337) apas-verus::TestBellmanFordStEphI64 test_chain_5_vertices
        PASS [   0.004s] (1457/4337) apas-verus::TestBellmanFordStEphI64 test_bidirectional_edges
        PASS [   0.004s] (1458/4337) apas-verus::TestBellmanFordStEphI64 test_currency_exchange_example_58_1
        PASS [   0.004s] (1459/4337) apas-verus::TestBellmanFordStEphI64 test_convergence_early_termination
        PASS [   0.004s] (1460/4337) apas-verus::TestBellmanFordStEphI64 test_diamond_graph
        PASS [   0.004s] (1461/4337) apas-verus::TestBellmanFordStEphI64 test_example_58_4_algorithm_steps
        PASS [   0.004s] (1462/4337) apas-verus::TestBellmanFordStEphI64 test_get_predecessor
        PASS [   0.004s] (1463/4337) apas-verus::TestBellmanFordStEphI64 test_example_58_3_k_hop_distances
        PASS [   0.004s] (1464/4337) apas-verus::TestBellmanFordStEphI64 test_example_58_2_dijkstra_fails
        PASS [   0.004s] (1465/4337) apas-verus::TestBellmanFordStEphI64 test_is_reachable
        PASS [   0.004s] (1466/4337) apas-verus::TestBellmanFordStEphI64 test_multiple_negative_edges_no_cycle
        PASS [   0.004s] (1467/4337) apas-verus::TestBellmanFordStEphI64 test_longer_path_with_negatives
        PASS [   0.004s] (1468/4337) apas-verus::TestBellmanFordStEphI64 test_large_positive_weights
        PASS [   0.004s] (1469/4337) apas-verus::TestBellmanFordStEphI64 test_negative_cycle_detection
        PASS [   0.004s] (1470/4337) apas-verus::TestBellmanFordStEphI64 test_multiple_shortest_paths_same_cost
        PASS [   0.004s] (1471/4337) apas-verus::TestBellmanFordStEphI64 test_longer_path_cheaper
        PASS [   0.004s] (1472/4337) apas-verus::TestBellmanFordStEphI64 test_path_extraction_chain
        PASS [   0.004s] (1473/4337) apas-verus::TestBellmanFordStEphI64 test_single_vertex
        PASS [   0.004s] (1474/4337) apas-verus::TestBellmanFordStEphI64 test_self_loop_zero_weight
        PASS [   0.004s] (1475/4337) apas-verus::TestBellmanFordStEphI64 test_path_extraction_source
        PASS [   0.004s] (1476/4337) apas-verus::TestBellmanFordStEphI64 test_negative_cycle_reachable
        PASS [   0.004s] (1477/4337) apas-verus::TestBellmanFordStEphI64 test_parallel_paths
        PASS [   0.004s] (1478/4337) apas-verus::TestBinaryHeapPQ test_ascending_insertion
        PASS [   0.004s] (1479/4337) apas-verus::TestBellmanFordStEphI64 test_two_vertices_bidirectional
        PASS [   0.004s] (1480/4337) apas-verus::TestBinaryHeapPQ test_binaryheappqlit_macro_functionality
        PASS [   0.004s] (1481/4337) apas-verus::TestBellmanFordStEphI64 test_zero_weight_edges
        PASS [   0.004s] (1482/4337) apas-verus::TestBellmanFordStEphI64 test_unreachable_vertices
        PASS [   0.005s] (1483/4337) apas-verus::TestBellmanFordStEphI64 test_star_graph
        PASS [   0.004s] (1484/4337) apas-verus::TestBinaryHeapPQ test_descending_insertion
        PASS [   0.004s] (1485/4337) apas-verus::TestBinaryHeapPQ test_delete_min_empty
        PASS [   0.004s] (1486/4337) apas-verus::TestBinaryHeapPQ test_display
        PASS [   0.004s] (1487/4337) apas-verus::TestBinaryHeapPQ test_delete_min
        PASS [   0.005s] (1488/4337) apas-verus::TestBinaryHeapPQ test_default
        PASS [   0.004s] (1489/4337) apas-verus::TestBinaryHeapPQ test_duplicate_elements
        PASS [   0.004s] (1490/4337) apas-verus::TestBinaryHeapPQ test_empty
        PASS [   0.004s] (1491/4337) apas-verus::TestBinaryHeapPQ test_from_vec
        PASS [   0.004s] (1492/4337) apas-verus::TestBinaryHeapPQ test_find_min
        PASS [   0.004s] (1493/4337) apas-verus::TestBinaryHeapPQ test_extract_all_sorted
        PASS [   0.004s] (1494/4337) apas-verus::TestBinaryHeapPQ test_from_seq
        PASS [   0.003s] (1495/4337) apas-verus::TestBinaryHeapPQ test_heap_property_after_operations
        PASS [   0.004s] (1496/4337) apas-verus::TestBinaryHeapPQ test_heapsort_via_extract
        PASS [   0.004s] (1497/4337) apas-verus::TestBinaryHeapPQ test_insert_maintains_heap_property
        PASS [   0.004s] (1498/4337) apas-verus::TestBinaryHeapPQ test_insert_all
        PASS [   0.004s] (1499/4337) apas-verus::TestBinaryHeapPQ test_is_valid_heap
        PASS [   0.004s] (1500/4337) apas-verus::TestBinaryHeapPQ test_height
        PASS [   0.004s] (1501/4337) apas-verus::TestBinaryHeapPQ test_large_heap
        PASS [   0.004s] (1502/4337) apas-verus::TestBinaryHeapPQ test_macro_type_check
        PASS [   0.004s] (1503/4337) apas-verus::TestBinaryHeapPQ test_meld_with_empty
        PASS [   0.003s] (1504/4337) apas-verus::TestBinaryHeapPQ test_persistent_semantics
        PASS [   0.004s] (1505/4337) apas-verus::TestBinaryHeapPQ test_level_elements
        PASS [   0.004s] (1506/4337) apas-verus::TestBinaryHeapPQ test_meld
        PASS [   0.004s] (1507/4337) apas-verus::TestBinaryHeapPQ test_meld_multiple
        PASS [   0.004s] (1508/4337) apas-verus::TestBinaryHeapPQ test_to_seq
        PASS [   0.004s] (1509/4337) apas-verus::TestBinaryHeapPQ test_single_element_operations
        PASS [   0.004s] (1510/4337) apas-verus::TestBinaryHeapPQ test_string_heap
        PASS [   0.004s] (1511/4337) apas-verus::TestBinaryHeapPQ test_singleton
        PASS [   0.004s] (1512/4337) apas-verus::TestBinaryHeapPQ test_to_sorted_vec
        PASS [   0.004s] (1513/4337) apas-verus::TestBinaryHeapPQ test_sequential_delete_all
        PASS [   0.004s] (1514/4337) apas-verus::TestBoruvkaMtEph test_boruvka_mst_mt_empty
        PASS [   0.004s] (1515/4337) apas-verus::TestBinaryHeapPQ test_to_vec
        PASS [   0.005s] (1516/4337) apas-verus::TestBoruvkaMtEph test_boruvka_mst_mt_direct
        PASS [   0.006s] (1517/4337) apas-verus::TestBoruvkaMtEph test_boruvka_mt_cycle_5
        PASS [   0.006s] (1518/4337) apas-verus::TestBoruvkaMtEph test_boruvka_mt_complete_4
        PASS [   0.007s] (1519/4337) apas-verus::TestBoruvkaMtEph test_boruvka_mt_deterministic_across_seeds
        PASS [   0.005s] (1520/4337) apas-verus::TestBoruvkaMtEph test_boruvka_mt_equal_weights
        PASS [   0.004s] (1521/4337) apas-verus::TestBoruvkaMtEph test_boruvka_mt_single_vertex
        PASS [   0.006s] (1522/4337) apas-verus::TestBoruvkaMtEph test_boruvka_mt_path
        PASS [   0.008s] (1523/4337) apas-verus::TestBoruvkaMtEph test_boruvka_mt_k5_complete
        PASS [   0.005s] (1524/4337) apas-verus::TestBoruvkaMtEph test_boruvka_mt_square
        PASS [   0.005s] (1525/4337) apas-verus::TestBoruvkaMtEph test_boruvka_mt_star
        PASS [   0.005s] (1526/4337) apas-verus::TestBoruvkaMtEph test_boruvka_mt_triangle
        PASS [   0.009s] (1527/4337) apas-verus::TestBoruvkaMtEph test_boruvka_mt_larger_graph
        PASS [   0.004s] (1528/4337) apas-verus::TestBoruvkaMtEph test_boruvka_mt_two_vertices
        PASS [   0.004s] (1529/4337) apas-verus::TestBoruvkaMtEph test_vertex_bridges_mt_empty
        PASS [   0.004s] (1530/4337) apas-verus::TestBoruvkaMtEph test_bridge_star_partition_mt
        PASS [   0.004s] (1531/4337) apas-verus::TestBoruvkaStEph test_boruvka_complete_4
        PASS [   0.004s] (1532/4337) apas-verus::TestBoruvkaMtEph test_vertex_bridges_mt_triangle
        PASS [   0.004s] (1533/4337) apas-verus::TestBoruvkaStEph test_boruvka_cycle_5
        PASS [   0.004s] (1534/4337) apas-verus::TestBoruvkaStEph test_boruvka_deterministic_across_seeds
        PASS [   0.003s] (1535/4337) apas-verus::TestBoruvkaStEph test_boruvka_equal_weights
        PASS [   0.004s] (1536/4337) apas-verus::TestBoruvkaStEph test_boruvka_k5_complete
        PASS [   0.004s] (1537/4337) apas-verus::TestBoruvkaStEph test_boruvka_larger_graph
        PASS [   0.004s] (1538/4337) apas-verus::TestBoruvkaStEph test_boruvka_mst_direct
        PASS [   0.004s] (1539/4337) apas-verus::TestBoruvkaStEph test_boruvka_mst_direct_empty
        PASS [   0.004s] (1540/4337) apas-verus::TestBoruvkaStEph test_boruvka_larger_8v
        PASS [   0.004s] (1541/4337) apas-verus::TestBoruvkaStEph test_boruvka_parallel_edges_different_weights
        PASS [   0.004s] (1542/4337) apas-verus::TestBoruvkaStEph test_boruvka_mst_weight_empty
        PASS [   0.004s] (1543/4337) apas-verus::TestBoruvkaStEph test_boruvka_single_vertex
        PASS [   0.004s] (1544/4337) apas-verus::TestBoruvkaStEph test_boruvka_triangle
        PASS [   0.004s] (1545/4337) apas-verus::TestBoruvkaStEph test_boruvka_two_vertices
        PASS [   0.005s] (1546/4337) apas-verus::TestBoruvkaStEph test_boruvka_star
        PASS [   0.005s] (1547/4337) apas-verus::TestBoruvkaStEph test_boruvka_path
        PASS [   0.005s] (1548/4337) apas-verus::TestBoruvkaStEph test_boruvka_square
        PASS [   0.004s] (1549/4337) apas-verus::TestBoruvkaStEph test_bridge_star_partition_single_vertex
        PASS [   0.004s] (1550/4337) apas-verus::TestBoruvkaStEph test_vertex_bridges_star
        PASS [   0.004s] (1551/4337) apas-verus::TestBoruvkaStEph test_vertex_bridges_single_edge
        PASS [   0.004s] (1552/4337) apas-verus::TestBoruvkaStEph test_vertex_bridges_triangle
        PASS [   0.005s] (1553/4337) apas-verus::TestBoruvkaStEph test_bridge_star_partition
        PASS [   0.005s] (1554/4337) apas-verus::TestBoruvkaStEph test_vertex_bridges_empty
        PASS [   0.004s] (1555/4337) apas-verus::TestBottomUpDPMtEph test_default
        PASS [   0.004s] (1556/4337) apas-verus::TestBottomUpDPMtEph test_is_empty_false
        PASS [   0.004s] (1557/4337) apas-verus::TestBottomUpDPMtEph test_display
        PASS [   0.004s] (1558/4337) apas-verus::TestBottomUpDPMtEph test_med_bottom_up_parallel_empty
        PASS [   0.004s] (1559/4337) apas-verus::TestBottomUpDPMtEph test_med_bottom_up_parallel_identical
        PASS [   0.004s] (1560/4337) apas-verus::TestBottomUpDPMtEph test_is_empty_true
        PASS [   0.004s] (1561/4337) apas-verus::TestBottomUpDPMtEph test_med_bottom_up_parallel_textbook
        PASS [   0.004s] (1562/4337) apas-verus::TestBottomUpDPMtEph test_s_length
        PASS [   0.004s] (1563/4337) apas-verus::TestBottomUpDPMtEph test_t_length
        PASS [   0.004s] (1564/4337) apas-verus::TestBottomUpDPMtEph test_partial_eq
        PASS [   0.004s] (1565/4337) apas-verus::TestBottomUpDPMtEph test_new
        PASS [   0.004s] (1566/4337) apas-verus::TestBottomUpDPMtPer test_default
        PASS [   0.004s] (1567/4337) apas-verus::TestBottomUpDPMtPer test_display
        PASS [   0.004s] (1568/4337) apas-verus::TestBottomUpDPMtPer test_is_empty_false
        PASS [   0.004s] (1569/4337) apas-verus::TestBottomUpDPMtPer test_med_bottom_up_parallel_empty
        PASS [   0.004s] (1570/4337) apas-verus::TestBottomUpDPMtPer test_is_empty_true
        PASS [   0.004s] (1571/4337) apas-verus::TestBottomUpDPMtPer test_med_bottom_up_parallel_identical
        PASS [   0.004s] (1572/4337) apas-verus::TestBottomUpDPMtPer test_med_bottom_up_parallel_one_empty
        PASS [   0.004s] (1573/4337) apas-verus::TestBottomUpDPMtPer test_med_bottom_up_parallel_textbook
        PASS [   0.004s] (1574/4337) apas-verus::TestBottomUpDPMtPer test_partial_eq
        PASS [   0.004s] (1575/4337) apas-verus::TestBottomUpDPMtPer test_t_length
        PASS [   0.004s] (1576/4337) apas-verus::TestBottomUpDPMtPer test_s_length
        PASS [   0.004s] (1577/4337) apas-verus::TestBottomUpDPStEph test_default
        PASS [   0.005s] (1578/4337) apas-verus::TestBottomUpDPMtPer test_new
        PASS [   0.004s] (1579/4337) apas-verus::TestBottomUpDPStEph test_is_empty_false
        PASS [   0.004s] (1580/4337) apas-verus::TestBottomUpDPStEph test_is_empty_true
        PASS [   0.004s] (1581/4337) apas-verus::TestBottomUpDPStEph test_med_bottom_up_empty
        PASS [   0.004s] (1582/4337) apas-verus::TestBottomUpDPStEph test_med_bottom_up_identical
        PASS [   0.004s] (1583/4337) apas-verus::TestBottomUpDPStEph test_display
        PASS [   0.004s] (1584/4337) apas-verus::TestBottomUpDPStEph test_med_bottom_up_textbook
        PASS [   0.004s] (1585/4337) apas-verus::TestBottomUpDPStEph test_set_s
        PASS [   0.004s] (1586/4337) apas-verus::TestBottomUpDPStEph test_partial_eq
        PASS [   0.004s] (1587/4337) apas-verus::TestBottomUpDPStEph test_set_t
        PASS [   0.004s] (1588/4337) apas-verus::TestBottomUpDPStEph test_s_length
        PASS [   0.004s] (1589/4337) apas-verus::TestBottomUpDPStEph test_t_length
        PASS [   0.005s] (1590/4337) apas-verus::TestBottomUpDPStEph test_new
        PASS [   0.004s] (1591/4337) apas-verus::TestBottomUpDPStPer test_is_empty_true
        PASS [   0.004s] (1592/4337) apas-verus::TestBottomUpDPStPer test_display
        PASS [   0.004s] (1593/4337) apas-verus::TestBottomUpDPStPer test_med_bottom_up_identical
        PASS [   0.004s] (1594/4337) apas-verus::TestBottomUpDPStPer test_is_empty_false
        PASS [   0.004s] (1595/4337) apas-verus::TestBottomUpDPStPer test_med_bottom_up_empty
        PASS [   0.004s] (1596/4337) apas-verus::TestBottomUpDPStPer test_default
        PASS [   0.004s] (1597/4337) apas-verus::TestBottomUpDPStPer test_med_bottom_up_single_char_different
        PASS [   0.004s] (1598/4337) apas-verus::TestBottomUpDPStPer test_med_bottom_up_textbook
        PASS [   0.004s] (1599/4337) apas-verus::TestBottomUpDPStPer test_med_bottom_up_one_empty
        PASS [   0.004s] (1600/4337) apas-verus::TestBottomUpDPStPer test_new
        PASS [   0.004s] (1601/4337) apas-verus::TestBottomUpDPStPer test_partial_eq_false
        PASS [   0.004s] (1602/4337) apas-verus::TestBottomUpDPStPer test_med_bottom_up_single_char_same
        PASS [   0.004s] (1603/4337) apas-verus::TestChap18ArraySeqMtEphSlice test_append_empty_right
        PASS [   0.004s] (1604/4337) apas-verus::TestChap18ArraySeqMtEphSlice test_append_basic
        PASS [   0.004s] (1605/4337) apas-verus::TestBottomUpDPStPer test_t_length
        PASS [   0.004s] (1606/4337) apas-verus::TestChap18ArraySeqMtEphSlice test_append_empty_left
        PASS [   0.004s] (1607/4337) apas-verus::TestBottomUpDPStPer test_s_length
        PASS [   0.004s] (1608/4337) apas-verus::TestBottomUpDPStPer test_partial_eq_true
        PASS [   0.004s] (1609/4337) apas-verus::TestChap18ArraySeqMtEphSlice test_empty
        PASS [   0.004s] (1610/4337) apas-verus::TestChap18ArraySeqMtEphSlice test_from_vec
        PASS [   0.005s] (1611/4337) apas-verus::TestChap18ArraySeqMtEphSlice test_display
        PASS [   0.005s] (1612/4337) apas-verus::TestChap18ArraySeqMtEphSlice test_debug
        PASS [   0.005s] (1613/4337) apas-verus::TestChap18ArraySeqMtEphSlice test_flatten_multiple
        PASS [   0.005s] (1614/4337) apas-verus::TestChap18ArraySeqMtEphSlice test_filter_some_pass
        PASS [   0.005s] (1615/4337) apas-verus::TestChap18ArraySeqMtEphSlice test_is_singleton_false_empty
        PASS [   0.005s] (1616/4337) apas-verus::TestChap18ArraySeqMtEphSlice test_is_empty_false
        PASS [   0.005s] (1617/4337) apas-verus::TestChap18ArraySeqMtEphSlice test_is_singleton_false_many
        PASS [   0.005s] (1618/4337) apas-verus::TestChap18ArraySeqMtEphSlice test_inject_empty_updates
        PASS [   0.005s] (1619/4337) apas-verus::TestChap18ArraySeqMtEphSlice test_inject_basic
        PASS [   0.005s] (1620/4337) apas-verus::TestChap18ArraySeqMtEphSlice test_is_empty_true
        PASS [   0.004s] (1621/4337) apas-verus::TestChap18ArraySeqMtEphSlice test_new
        PASS [   0.004s] (1622/4337) apas-verus::TestChap18ArraySeqMtEphSlice test_iter_for_loop
        PASS [   0.004s] (1623/4337) apas-verus::TestChap18ArraySeqMtEphSlice test_large_sequence
        PASS [   0.004s] (1624/4337) apas-verus::TestChap18ArraySeqMtEphSlice test_is_singleton_true
        PASS [   0.004s] (1625/4337) apas-verus::TestChap18ArraySeqMtEphSlice test_iter
        PASS [   0.004s] (1626/4337) apas-verus::TestChap18ArraySeqMtEphSlice test_map_small
        PASS [   0.004s] (1627/4337) apas-verus::TestChap18ArraySeqMtEphSlice test_ninject_basic
        PASS [   0.004s] (1628/4337) apas-verus::TestChap18ArraySeqMtEphSlice test_singleton
        PASS [   0.004s] (1629/4337) apas-verus::TestChap18ArraySeqMtEphSlice test_reduce_empty
        PASS [   0.004s] (1630/4337) apas-verus::TestChap18ArraySeqMtEphSlice test_scan_small
        PASS [   0.005s] (1631/4337) apas-verus::TestChap18ArraySeqMtEphSlice test_reduce_small
        PASS [   0.005s] (1632/4337) apas-verus::TestChap18ArraySeqMtEphSlice test_slice_basic
        PASS [   0.005s] (1633/4337) apas-verus::TestChap18ArraySeqMtEphSlice test_slice_then_iter
        PASS [   0.005s] (1634/4337) apas-verus::TestChap18ArraySeqMtEphSlice test_slice_empty
        PASS [   0.005s] (1635/4337) apas-verus::TestChap18ArraySeqMtEphSlice test_slice_full
        PASS [   0.004s] (1636/4337) apas-verus::TestChap18ArraySeqMtEphSlice test_slice_then_reduce
        PASS [   0.010s] (1637/4337) apas-verus::TestChap18ArraySeqMtEphSlice test_reduce_large
        PASS [   0.004s] (1638/4337) apas-verus::TestChap18ArraySeqMtEphSlice test_update_basic
        PASS [   0.004s] (1639/4337) apas-verus::TestChap19ArraySeqMtEph test_append
        PASS [   0.004s] (1640/4337) apas-verus::TestChap18ArraySeqMtEphSlice test_update_last
        PASS [   0.004s] (1641/4337) apas-verus::TestChap18ArraySeqMtEphSlice test_update_first
        PASS [   0.004s] (1642/4337) apas-verus::TestChap18ArraySeqMtEphSlice test_to_vec
        PASS [   0.004s] (1643/4337) apas-verus::TestChap18ArraySeqMtEphSlice test_tabulate_small
        PASS [   0.004s] (1644/4337) apas-verus::TestChap19ArraySeqMtEph test_display
        PASS [   0.004s] (1645/4337) apas-verus::TestChap19ArraySeqMtEph test_debug
        PASS [   0.004s] (1646/4337) apas-verus::TestChap19ArraySeqMtEph test_empty
        PASS [   0.004s] (1647/4337) apas-verus::TestChap19ArraySeqMtEph test_clone
        PASS [   0.006s] (1648/4337) apas-verus::TestChap19ArraySeqMtEph test_filter_par
        PASS [   0.007s] (1649/4337) apas-verus::TestChap19ArraySeqMtEph test_filter_par_all_pass
        PASS [   0.004s] (1650/4337) apas-verus::TestChap19ArraySeqMtEph test_filter_par_empty
        PASS [   0.006s] (1651/4337) apas-verus::TestChap19ArraySeqMtEph test_filter_par_none_pass
        PASS [   0.005s] (1652/4337) apas-verus::TestChap19ArraySeqMtEph test_filter_par_singleton_drop
        PASS [   0.006s] (1653/4337) apas-verus::TestChap19ArraySeqMtEph test_filter_par_medium
        PASS [   0.005s] (1654/4337) apas-verus::TestChap19ArraySeqMtEph test_filter_par_singleton_keep
        PASS [   0.009s] (1655/4337) apas-verus::TestChap19ArraySeqMtEph test_filter_par_large
        PASS [   0.005s] (1656/4337) apas-verus::TestChap19ArraySeqMtEph test_filter_par_small
        PASS [   0.004s] (1657/4337) apas-verus::TestChap19ArraySeqMtEph test_from_vec
        PASS [   0.004s] (1658/4337) apas-verus::TestChap19ArraySeqMtEph test_flatten
        PASS [   0.004s] (1659/4337) apas-verus::TestChap19ArraySeqMtEph test_for_loop
        PASS [   0.004s] (1660/4337) apas-verus::TestChap19ArraySeqMtEph test_inject
        PASS [   0.004s] (1661/4337) apas-verus::TestChap19ArraySeqMtEph test_is_empty_singleton
        PASS [   0.004s] (1662/4337) apas-verus::TestChap19ArraySeqMtEph test_iter
        PASS [   0.004s] (1663/4337) apas-verus::TestChap19ArraySeqMtEph test_large_sequence
        PASS [   0.005s] (1664/4337) apas-verus::TestChap19ArraySeqMtEph test_map
        PASS [   0.004s] (1665/4337) apas-verus::TestChap19ArraySeqMtEph test_map_par_empty
        PASS [   0.005s] (1666/4337) apas-verus::TestChap19ArraySeqMtEph test_map_par
        PASS [   0.005s] (1667/4337) apas-verus::TestChap19ArraySeqMtEph test_map_par_medium
        PASS [   0.005s] (1668/4337) apas-verus::TestChap19ArraySeqMtEph test_new
        PASS [   0.005s] (1669/4337) apas-verus::TestChap19ArraySeqMtEph test_map_par_singleton
        PASS [   0.005s] (1670/4337) apas-verus::TestChap19ArraySeqMtEph test_map_par_small
        PASS [   0.006s] (1671/4337) apas-verus::TestChap19ArraySeqMtEph test_map_par_odd_size
        PASS [   0.008s] (1672/4337) apas-verus::TestChap19ArraySeqMtEph test_map_par_large
        PASS [   0.004s] (1673/4337) apas-verus::TestChap19ArraySeqMtEph test_partial_eq
        PASS [   0.004s] (1674/4337) apas-verus::TestChap19ArraySeqMtEph test_reduce_par_empty
        PASS [   0.006s] (1675/4337) apas-verus::TestChap19ArraySeqMtEph test_reduce_par
        PASS [   0.006s] (1676/4337) apas-verus::TestChap19ArraySeqMtEph test_reduce_par_medium
        PASS [   0.006s] (1677/4337) apas-verus::TestChap19ArraySeqMtEph test_reduce_par_odd_size
        PASS [   0.005s] (1678/4337) apas-verus::TestChap19ArraySeqMtEph test_reduce_par_singleton
        PASS [   0.009s] (1679/4337) apas-verus::TestChap19ArraySeqMtEph test_reduce_par_large
        PASS [   0.005s] (1680/4337) apas-verus::TestChap19ArraySeqMtEph test_reduce_par_small
        PASS [   0.004s] (1681/4337) apas-verus::TestChap19ArraySeqMtEph test_set
        PASS [   0.004s] (1682/4337) apas-verus::TestChap19ArraySeqMtEph test_singleton
        PASS [   0.004s] (1683/4337) apas-verus::TestChap19ArraySeqMtEph test_subseq
        PASS [   0.004s] (1684/4337) apas-verus::TestChap19ArraySeqMtEph test_tabulate
        PASS [   0.004s] (1685/4337) apas-verus::TestChap19ArraySeqMtEphSlice test_append_basic
        PASS [   0.004s] (1686/4337) apas-verus::TestChap19ArraySeqMtEph test_update
        PASS [   0.004s] (1687/4337) apas-verus::TestChap19ArraySeqMtEphSlice test_append_both_empty
        PASS [   0.004s] (1688/4337) apas-verus::TestChap19ArraySeqMtEphSlice test_append_empty_left
        PASS [   0.004s] (1689/4337) apas-verus::TestChap19ArraySeqMtEphSlice test_append_empty_right
        PASS [   0.004s] (1690/4337) apas-verus::TestChap19ArraySeqMtEphSlice test_debug
        PASS [   0.004s] (1691/4337) apas-verus::TestChap19ArraySeqMtEphSlice test_display
        PASS [   0.004s] (1692/4337) apas-verus::TestChap19ArraySeqMtEphSlice test_empty
        PASS [   0.004s] (1693/4337) apas-verus::TestChap19ArraySeqMtEphSlice test_filter_all_pass
        PASS [   0.004s] (1694/4337) apas-verus::TestChap19ArraySeqMtEphSlice test_filter_empty
        PASS [   0.004s] (1695/4337) apas-verus::TestChap19ArraySeqMtEphSlice test_filter_none_pass
        PASS [   0.005s] (1696/4337) apas-verus::TestChap19ArraySeqMtEphSlice test_filter_some_pass
        PASS [   0.005s] (1697/4337) apas-verus::TestChap19ArraySeqMtEphSlice test_filter_then_reduce
        PASS [   0.005s] (1698/4337) apas-verus::TestChap19ArraySeqMtEphSlice test_flatten_empty
        PASS [   0.005s] (1699/4337) apas-verus::TestChap19ArraySeqMtEphSlice test_flatten_large
        PASS [   0.011s] (1700/4337) apas-verus::TestChap19ArraySeqMtEphSlice test_filter_large
        PASS [   0.005s] (1701/4337) apas-verus::TestChap19ArraySeqMtEphSlice test_flatten_multiple
        PASS [   0.005s] (1702/4337) apas-verus::TestChap19ArraySeqMtEphSlice test_flatten_single
        PASS [   0.004s] (1703/4337) apas-verus::TestChap19ArraySeqMtEphSlice test_from_vec
        PASS [   0.005s] (1704/4337) apas-verus::TestChap19ArraySeqMtEphSlice test_flatten_with_empties
        PASS [   0.004s] (1705/4337) apas-verus::TestChap19ArraySeqMtEphSlice test_inject_empty_updates
        PASS [   0.004s] (1706/4337) apas-verus::TestChap19ArraySeqMtEphSlice test_inject_multiple_updates
        PASS [   0.004s] (1707/4337) apas-verus::TestChap19ArraySeqMtEphSlice test_inject_out_of_bounds_ignored
        PASS [   0.004s] (1708/4337) apas-verus::TestChap19ArraySeqMtEphSlice test_inject_single_update
        PASS [   0.004s] (1709/4337) apas-verus::TestChap19ArraySeqMtEphSlice test_is_empty_false
        PASS [   0.004s] (1710/4337) apas-verus::TestChap19ArraySeqMtEphSlice test_is_empty_true
        PASS [   0.004s] (1711/4337) apas-verus::TestChap19ArraySeqMtEphSlice test_is_singleton_false_empty
        PASS [   0.004s] (1712/4337) apas-verus::TestChap19ArraySeqMtEphSlice test_is_singleton_true
        PASS [   0.004s] (1713/4337) apas-verus::TestChap19ArraySeqMtEphSlice test_is_singleton_false_multi
        PASS [   0.004s] (1714/4337) apas-verus::TestChap19ArraySeqMtEphSlice test_iter
        PASS [   0.003s] (1715/4337) apas-verus::TestChap19ArraySeqMtEphSlice test_iter_for_loop
        PASS [   0.004s] (1716/4337) apas-verus::TestChap19ArraySeqMtEphSlice test_large_sequence
        PASS [   0.003s] (1717/4337) apas-verus::TestChap19ArraySeqMtEphSlice test_map_empty
        PASS [   0.004s] (1718/4337) apas-verus::TestChap19ArraySeqMtEphSlice test_new
        PASS [   0.004s] (1719/4337) apas-verus::TestChap19ArraySeqMtEphSlice test_map_small
        PASS [   0.004s] (1720/4337) apas-verus::TestChap19ArraySeqMtEphSlice test_map_singleton
        PASS [   0.004s] (1721/4337) apas-verus::TestChap19ArraySeqMtEphSlice test_ninject_basic
        PASS [   0.005s] (1722/4337) apas-verus::TestChap19ArraySeqMtEphSlice test_map_then_reduce
        PASS [   0.004s] (1723/4337) apas-verus::TestChap19ArraySeqMtEphSlice test_reduce_empty
        PASS [   0.005s] (1724/4337) apas-verus::TestChap19ArraySeqMtEphSlice test_ninject_empty_updates
        PASS [   0.004s] (1725/4337) apas-verus::TestChap19ArraySeqMtEphSlice test_reduce_product
        PASS [   0.011s] (1726/4337) apas-verus::TestChap19ArraySeqMtEphSlice test_map_large
        PASS [   0.006s] (1727/4337) apas-verus::TestChap19ArraySeqMtEphSlice test_reduce_medium
        PASS [   0.009s] (1728/4337) apas-verus::TestChap19ArraySeqMtEphSlice test_reduce_large
        PASS [   0.005s] (1729/4337) apas-verus::TestChap19ArraySeqMtEphSlice test_reduce_singleton
        PASS [   0.004s] (1730/4337) apas-verus::TestChap19ArraySeqMtEphSlice test_scan_empty
        PASS [   0.005s] (1731/4337) apas-verus::TestChap19ArraySeqMtEphSlice test_reduce_small
        PASS [   0.006s] (1732/4337) apas-verus::TestChap19ArraySeqMtEphSlice test_scan_medium
        PASS [   0.005s] (1733/4337) apas-verus::TestChap19ArraySeqMtEphSlice test_scan_product
        PASS [   0.005s] (1734/4337) apas-verus::TestChap19ArraySeqMtEphSlice test_scan_singleton
        PASS [   0.005s] (1735/4337) apas-verus::TestChap19ArraySeqMtEphSlice test_scan_small
        PASS [   0.005s] (1736/4337) apas-verus::TestChap19ArraySeqMtEphSlice test_scan_sliced
        PASS [   0.010s] (1737/4337) apas-verus::TestChap19ArraySeqMtEphSlice test_scan_large
        PASS [   0.005s] (1738/4337) apas-verus::TestChap19ArraySeqMtEphSlice test_set_first
        PASS [   0.004s] (1739/4337) apas-verus::TestChap19ArraySeqMtEphSlice test_set_last
        PASS [   0.004s] (1740/4337) apas-verus::TestChap19ArraySeqMtEphSlice test_set_preserves_length
        PASS [   0.004s] (1741/4337) apas-verus::TestChap19ArraySeqMtEphSlice test_singleton
        PASS [   0.004s] (1742/4337) apas-verus::TestChap19ArraySeqMtEphSlice test_slice_basic
        PASS [   0.004s] (1743/4337) apas-verus::TestChap19ArraySeqMtEphSlice test_slice_empty
        PASS [   0.004s] (1744/4337) apas-verus::TestChap19ArraySeqMtEphSlice test_slice_full
        PASS [   0.004s] (1745/4337) apas-verus::TestChap19ArraySeqMtEphSlice test_slice_then_reduce
        PASS [   0.004s] (1746/4337) apas-verus::TestChap19ArraySeqMtEphSlice test_tabulate_empty
        PASS [   0.004s] (1747/4337) apas-verus::TestChap19ArraySeqMtEphSlice test_subseq_copy
        PASS [   0.004s] (1748/4337) apas-verus::TestChap19ArraySeqMtEphSlice test_slice_then_iter
        PASS [   0.007s] (1749/4337) apas-verus::TestChap19ArraySeqMtEphSlice test_tabulate_identity
        PASS [   0.004s] (1750/4337) apas-verus::TestChap19ArraySeqMtEphSlice test_tabulate_singleton
        PASS [   0.005s] (1751/4337) apas-verus::TestChap19ArraySeqMtEphSlice test_tabulate_small
        PASS [   0.005s] (1752/4337) apas-verus::TestChap19ArraySeqMtEphSlice test_tabulate_then_map
        PASS [   0.006s] (1753/4337) apas-verus::TestChap19ArraySeqMtEphSlice test_to_vec
        PASS [   0.005s] (1754/4337) apas-verus::TestChap19ArraySeqMtEphSlice test_update_basic
        PASS [   0.004s] (1755/4337) apas-verus::TestChap19ArraySeqStEph test_clone
        PASS [   0.005s] (1756/4337) apas-verus::TestChap19ArraySeqStEph test_append
        PASS [   0.004s] (1757/4337) apas-verus::TestChap19ArraySeqStEph test_debug
        PASS [   0.011s] (1758/4337) apas-verus::TestChap19ArraySeqMtEphSlice test_tabulate_large
        PASS [   0.004s] (1759/4337) apas-verus::TestChap19ArraySeqStEph test_display
        PASS [   0.004s] (1760/4337) apas-verus::TestChap19ArraySeqStEph test_flatten
        PASS [   0.004s] (1761/4337) apas-verus::TestChap19ArraySeqStEph test_empty
        PASS [   0.004s] (1762/4337) apas-verus::TestChap19ArraySeqStEph test_from_vec
        PASS [   0.004s] (1763/4337) apas-verus::TestChap19ArraySeqStEph test_for_loop
        PASS [   0.004s] (1764/4337) apas-verus::TestChap19ArraySeqStEph test_for_loop_iter
        PASS [   0.004s] (1765/4337) apas-verus::TestChap19ArraySeqStEph test_inject
        PASS [   0.004s] (1766/4337) apas-verus::TestChap19ArraySeqStEph test_large_from_vec
        PASS [   0.004s] (1767/4337) apas-verus::TestChap19ArraySeqStEph test_map
        PASS [   0.004s] (1768/4337) apas-verus::TestChap19ArraySeqStEph test_iter
        PASS [   0.004s] (1769/4337) apas-verus::TestChap19ArraySeqStEph test_large_sequence
        PASS [   0.004s] (1770/4337) apas-verus::TestChap19ArraySeqStEph test_is_empty_singleton
        PASS [   0.004s] (1771/4337) apas-verus::TestChap19ArraySeqStEph test_map_identity
        PASS [   0.004s] (1772/4337) apas-verus::TestChap19ArraySeqStEph test_new
        PASS [   0.004s] (1773/4337) apas-verus::TestChap19ArraySeqStEph test_subseq
        PASS [   0.004s] (1774/4337) apas-verus::TestChap19ArraySeqStEph test_partial_eq
        PASS [   0.004s] (1775/4337) apas-verus::TestChap19ArraySeqStEph test_singleton
        PASS [   0.004s] (1776/4337) apas-verus::TestChap19ArraySeqStEph test_tabulate
        PASS [   0.004s] (1777/4337) apas-verus::TestChap19ArraySeqStEph test_set
        PASS [   0.004s] (1778/4337) apas-verus::TestChap19ArraySeqStPer test_debug
        PASS [   0.004s] (1779/4337) apas-verus::TestChap19ArraySeqStPer test_display
        PASS [   0.004s] (1780/4337) apas-verus::TestChap19ArraySeqStPer test_clone
        PASS [   0.004s] (1781/4337) apas-verus::TestChap19ArraySeqStPer test_empty
        PASS [   0.004s] (1782/4337) apas-verus::TestChap19ArraySeqStEph test_update
        PASS [   0.005s] (1783/4337) apas-verus::TestChap19ArraySeqStPer test_append
        PASS [   0.004s] (1784/4337) apas-verus::TestChap19ArraySeqStPer test_inject
        PASS [   0.004s] (1785/4337) apas-verus::TestChap19ArraySeqStPer test_is_empty_singleton
        PASS [   0.004s] (1786/4337) apas-verus::TestChap19ArraySeqStPer test_for_loop_iter
        PASS [   0.004s] (1787/4337) apas-verus::TestChap19ArraySeqStPer test_flatten
        PASS [   0.004s] (1788/4337) apas-verus::TestChap19ArraySeqStPer test_iter
        PASS [   0.004s] (1789/4337) apas-verus::TestChap19ArraySeqStPer test_from_vec
        PASS [   0.004s] (1790/4337) apas-verus::TestChap19ArraySeqStPer test_partial_eq
        PASS [   0.004s] (1791/4337) apas-verus::TestChap19ArraySeqStPer test_new
        PASS [   0.004s] (1792/4337) apas-verus::TestChap19ArraySeqStPer test_large_sequence
        PASS [   0.004s] (1793/4337) apas-verus::TestChap19ArraySeqStPer test_singleton
        PASS [   0.004s] (1794/4337) apas-verus::TestChap19ArraySeqStPer test_subseq
        PASS [   0.004s] (1795/4337) apas-verus::TestChap19ArraySeqStPer test_map
        PASS [   0.004s] (1796/4337) apas-verus::TestChap19ArraySeqStPer test_update
        PASS [   0.004s] (1797/4337) apas-verus::TestChap19ArraySeqStPer test_subseq_copy
        PASS [   0.004s] (1798/4337) apas-verus::TestChap19ArraySeqStPer test_tabulate
        PASS [   0.004s] (1799/4337) apas-verus::TestChap21 all_contiguous_subseqs_small
        PASS [   0.004s] (1800/4337) apas-verus::TestChap21 all_contiguous_subseqs_empty
        PASS [   0.004s] (1801/4337) apas-verus::TestChap21 all_contiguous_subseqs_singleton
        PASS [   0.004s] (1802/4337) apas-verus::TestChap21 cartesian_matches
        PASS [   0.004s] (1803/4337) apas-verus::TestChap21 cartesian_loops_singleton
        PASS [   0.004s] (1804/4337) apas-verus::TestChap21 cartesian_tab_flat_empty_both
        PASS [   0.004s] (1805/4337) apas-verus::TestChap21 cartesian_tab_flat_basic
        PASS [   0.004s] (1806/4337) apas-verus::TestChap21 cartesian_loops_empty
        PASS [   0.004s] (1807/4337) apas-verus::TestChap21 cartesian_loops_basic
        PASS [   0.004s] (1808/4337) apas-verus::TestChap21 is_even_tests
        PASS [   0.004s] (1809/4337) apas-verus::TestChap21 is_divisible_edge_cases
        PASS [   0.004s] (1810/4337) apas-verus::TestChap21 is_prime_known_primes
        PASS [   0.004s] (1811/4337) apas-verus::TestChap21 is_prime_boundary
        PASS [   0.004s] (1812/4337) apas-verus::TestChap21 is_prime_known_composites
        PASS [   0.004s] (1813/4337) apas-verus::TestChap21 is_divisible_tests
        PASS [   0.004s] (1814/4337) apas-verus::TestChap21 points2d_n0
        PASS [   0.004s] (1815/4337) apas-verus::TestChap21 pair_even_with_vowels_no_evens
        PASS [   0.004s] (1816/4337) apas-verus::TestChap21 points2d_matches_tab_flat
        PASS [   0.004s] (1817/4337) apas-verus::TestChap21 is_vowel_tests
        PASS [   0.005s] (1818/4337) apas-verus::TestChap21 pair_even_with_vowels_basic
        PASS [   0.004s] (1819/4337) apas-verus::TestChap21 pair_even_with_vowels_no_vowels
        PASS [   0.004s] (1820/4337) apas-verus::TestChap21 points2d_tab_flat_n1
        PASS [   0.004s] (1821/4337) apas-verus::TestChap21 points2d_tab_flat_n0
        PASS [   0.004s] (1822/4337) apas-verus::TestChap21 points2d_tab_flat_n3
        PASS [   0.004s] (1823/4337) apas-verus::TestChap21 points2d_n3
        PASS [   0.004s] (1824/4337) apas-verus::TestChap21 points2d_n1
        PASS [   0.004s] (1825/4337) apas-verus::TestChap21 points2d_tab_flat_n2
        PASS [   0.004s] (1826/4337) apas-verus::TestChap21 points3d_loops_n3
        PASS [   0.004s] (1827/4337) apas-verus::TestChap21 points3d_loops_n1
        PASS [   0.004s] (1828/4337) apas-verus::TestChap21 points2d_tab_flat_n5
        PASS [   0.004s] (1829/4337) apas-verus::TestChap21 points3d_loops_matches_tab_flat
        PASS [   0.004s] (1830/4337) apas-verus::TestChap21 points3d_loops_n0
        PASS [   0.005s] (1831/4337) apas-verus::TestChap21 points3d_loops_bounds
        PASS [   0.004s] (1832/4337) apas-verus::TestChap21 points3d_tab_flat_n3
        PASS [   0.004s] (1833/4337) apas-verus::TestChap21 points3d_tab_flat_n1
        PASS [   0.004s] (1834/4337) apas-verus::TestChap21 prime_sieve_matches_primes_bf
        PASS [   0.004s] (1835/4337) apas-verus::TestChap21 prime_sieve_n0
        PASS [   0.004s] (1836/4337) apas-verus::TestChap21 points3d_tab_flat_n0
        PASS [   0.004s] (1837/4337) apas-verus::TestChap21 prime_sieve_n10
        PASS [   0.004s] (1838/4337) apas-verus::TestChap21 primes_bf_n10
        PASS [   0.004s] (1839/4337) apas-verus::TestChap21 prime_sieve_n20
        PASS [   0.004s] (1840/4337) apas-verus::TestChap21 prime_sieve_n100
        PASS [   0.004s] (1841/4337) apas-verus::TestChap21 prime_sieve_n2
        PASS [   0.004s] (1842/4337) apas-verus::TestChap21 primes_bf_n0
        PASS [   0.004s] (1843/4337) apas-verus::TestChap21 primes_bf_n2
        PASS [   0.004s] (1844/4337) apas-verus::TestChap21 primes_bf_n20
        PASS [   0.004s] (1845/4337) apas-verus::TestConnectivityMtEph test_connected_components_hof_mt_isolated
        PASS [   0.006s] (1846/4337) apas-verus::TestConnectivityMtEph test_connected_components_mt_complete
        PASS [   0.006s] (1847/4337) apas-verus::TestConnectivityMtEph test_connected_components_mt_single
        FAIL [   0.009s] (1848/4337) apas-verus::TestConnectivityMtEph test_connected_components_mt_multiple
  stdout ───

    running 1 test
    test test_connected_components_mt_multiple ... FAILED

    failures:

    failures:
        test_connected_components_mt_multiple

    test result: FAILED. 0 passed; 1 failed; 0 ignored; 0 measured; 15 filtered out; finished in 0.00s

  stderr ───

    thread 'test_connected_components_mt_multiple' (3916880) panicked at tests/Chap63/TestConnectivityMtEph.rs:70:5:
    assertion `left == right` failed
      left: 4
     right: 3
    note: run with `RUST_BACKTRACE=1` environment variable to display a backtrace

        PASS [   0.005s] (1849/4337) apas-verus::TestConnectivityMtEph test_connected_components_mt_two_disconnected
        PASS [   0.010s] (1850/4337) apas-verus::TestConnectivityMtEph test_connected_components_hof_mt
        PASS [   0.004s] (1851/4337) apas-verus::TestConnectivityMtEph test_count_components_mt_empty
        PASS [   0.004s] (1852/4337) apas-verus::TestConnectivityMtEph test_count_components_mt_isolated
        PASS [   0.008s] (1853/4337) apas-verus::TestConnectivityMtEph test_count_components_hof_mt_star
        PASS [   0.010s] (1854/4337) apas-verus::TestConnectivityMtEph test_count_components_hof_mt
        PASS [   0.007s] (1855/4337) apas-verus::TestConnectivityMtEph test_count_components_mt_multiple
        PASS [   0.006s] (1856/4337) apas-verus::TestConnectivityMtEph test_count_components_mt_single
        PASS [   0.008s] (1857/4337) apas-verus::TestConnectivityMtEph test_count_components_mt_path
        PASS [   0.005s] (1858/4337) apas-verus::TestConnectivityMtEph test_count_components_mt_single_vertex
        PASS [   0.005s] (1859/4337) apas-verus::TestConnectivityMtEph test_count_components_mt_two_triangles
        PASS [   0.004s] (1860/4337) apas-verus::TestConnectivityStEph test_connected_components_complete_graph
        PASS [   0.007s] (1861/4337) apas-verus::TestConnectivityMtEph test_count_components_mt_star
        PASS [   0.004s] (1862/4337) apas-verus::TestConnectivityStEph test_connected_components_hof
        PASS [   0.004s] (1863/4337) apas-verus::TestConnectivityStEph test_connected_components_hof_single
        PASS [   0.004s] (1864/4337) apas-verus::TestConnectivityStEph test_connected_components_hof_isolated
        PASS [   0.004s] (1865/4337) apas-verus::TestConnectivityStEph test_connected_components_multiple
        PASS [   0.004s] (1866/4337) apas-verus::TestConnectivityStEph test_connected_components_isolated_vertices
        PASS [   0.004s] (1867/4337) apas-verus::TestConnectivityStEph test_connected_components_single
        PASS [   0.004s] (1868/4337) apas-verus::TestConnectivityStEph test_connected_components_star_graph
        PASS [   0.004s] (1869/4337) apas-verus::TestConnectivityStEph test_count_components_empty
        PASS [   0.004s] (1870/4337) apas-verus::TestConnectivityStEph test_count_components_grid_connected
        PASS [   0.004s] (1871/4337) apas-verus::TestConnectivityStEph test_count_components_hof
        PASS [   0.004s] (1872/4337) apas-verus::TestConnectivityStEph test_count_components_hof_single
        PASS [   0.004s] (1873/4337) apas-verus::TestConnectivityStEph test_count_components_hof_empty
        PASS [   0.004s] (1874/4337) apas-verus::TestConnectivityStEph test_count_components_isolated_vertices
        PASS [   0.004s] (1875/4337) apas-verus::TestConnectivityStEph test_count_components_many_singletons
        PASS [   0.004s] (1876/4337) apas-verus::TestConnectivityStEph test_count_components_large_cycle
        PASS [   0.004s] (1877/4337) apas-verus::TestConnectivityStEph test_count_components_single
        PASS [   0.004s] (1878/4337) apas-verus::TestConnectivityStEph test_count_components_multiple
        PASS [   0.004s] (1879/4337) apas-verus::TestConnectivityStEph test_count_components_path_graph
        PASS [   0.004s] (1880/4337) apas-verus::TestConnectivityStEph test_count_components_single_vertex
        PASS [   0.004s] (1881/4337) apas-verus::TestConnectivityStEph test_count_components_star_graph
        PASS [   0.004s] (1882/4337) apas-verus::TestConnectivityStEph test_count_components_two_triangles
        PASS [   0.004s] (1883/4337) apas-verus::TestCycleDetectStEph test_cycle_in_dag_structure
        PASS [   0.004s] (1884/4337) apas-verus::TestConnectivityStEph test_count_components_two_vertices_disconnected
        PASS [   0.004s] (1885/4337) apas-verus::TestCycleDetectStEph test_dag_no_cycle
        PASS [   0.004s] (1886/4337) apas-verus::TestConnectivityStEph test_count_components_two_vertices_connected
        PASS [   0.004s] (1887/4337) apas-verus::TestCycleDetectStEph test_no_cycle_empty_graph
        PASS [   0.004s] (1888/4337) apas-verus::TestCycleDetectStEph test_no_cycle_linear
        PASS [   0.004s] (1889/4337) apas-verus::TestCycleDetectStEph test_no_cycle_single_node
        PASS [   0.004s] (1890/4337) apas-verus::TestCycleDetectStEph test_self_loop
        PASS [   0.004s] (1891/4337) apas-verus::TestCycleDetectStEph test_simple_cycle
        PASS [   0.004s] (1892/4337) apas-verus::TestCycleDetectStPer test_cycle_in_dag_structure
        PASS [   0.004s] (1893/4337) apas-verus::TestCycleDetectStPer test_dag_no_cycle
        PASS [   0.004s] (1894/4337) apas-verus::TestCycleDetectStPer test_no_cycle_empty_graph
        PASS [   0.004s] (1895/4337) apas-verus::TestCycleDetectStPer test_no_cycle_single_node
        PASS [   0.004s] (1896/4337) apas-verus::TestCycleDetectStPer test_simple_cycle
        PASS [   0.004s] (1897/4337) apas-verus::TestCycleDetectStPer test_self_loop
        PASS [   0.004s] (1898/4337) apas-verus::TestCycleDetectStPer test_no_cycle_linear
        PASS [   0.004s] (1899/4337) apas-verus::TestDFSStEph test_dag
        PASS [   0.004s] (1900/4337) apas-verus::TestDFSStEph test_cycle
        PASS [   0.004s] (1901/4337) apas-verus::TestDFSStEph test_single_vertex
        PASS [   0.004s] (1902/4337) apas-verus::TestDFSStEph test_disconnected
        PASS [   0.004s] (1903/4337) apas-verus::TestDFSStEph test_line_graph
        PASS [   0.004s] (1904/4337) apas-verus::TestDFSStPer test_cycle
        PASS [   0.004s] (1905/4337) apas-verus::TestDFSStPer test_dag
        PASS [   0.004s] (1906/4337) apas-verus::TestDFSStPer test_disconnected
        PASS [   0.004s] (1907/4337) apas-verus::TestDFSStPer test_line_graph
        PASS [   0.004s] (1908/4337) apas-verus::TestDijkstraStEphF64 test_all_unreachable
        PASS [   0.004s] (1909/4337) apas-verus::TestDijkstraStEphF64 test_diamond_graph
        PASS [   0.004s] (1910/4337) apas-verus::TestDFSStPer test_single_vertex
        PASS [   0.004s] (1911/4337) apas-verus::TestDijkstraStEphF64 test_diamond_graph_fractional
        PASS [   0.004s] (1912/4337) apas-verus::TestDijkstraStEphF64 test_example_57_1
        PASS [   0.004s] (1913/4337) apas-verus::TestDijkstraStEphF64 test_get_predecessor
        PASS [   0.004s] (1914/4337) apas-verus::TestDijkstraStEphF64 test_example_57_3
        PASS [   0.004s] (1915/4337) apas-verus::TestDijkstraStEphF64 test_fractional_weights
        PASS [   0.004s] (1916/4337) apas-verus::TestDijkstraStEphF64 test_is_reachable
        PASS [   0.004s] (1917/4337) apas-verus::TestDijkstraStEphF64 test_larger_graph
        PASS [   0.004s] (1918/4337) apas-verus::TestDijkstraStEphF64 test_multiple_paths_same_weight
        PASS [   0.004s] (1919/4337) apas-verus::TestDijkstraStEphF64 test_single_vertex
        PASS [   0.004s] (1920/4337) apas-verus::TestDijkstraStEphF64 test_path_extraction
        PASS [   0.004s] (1921/4337) apas-verus::TestDijkstraStEphF64 test_unreachable_vertices
        PASS [   0.004s] (1922/4337) apas-verus::TestDijkstraStEphF64 test_zero_weight_edges
        PASS [   0.004s] (1923/4337) apas-verus::TestDijkstraStEphU64 test_all_unreachable
        PASS [   0.004s] (1924/4337) apas-verus::TestDijkstraStEphU64 test_chain_10
        PASS [   0.004s] (1925/4337) apas-verus::TestDijkstraStEphU64 test_diamond_graph
        PASS [   0.004s] (1926/4337) apas-verus::TestDijkstraStEphU64 test_example_57_1
        PASS [   0.004s] (1927/4337) apas-verus::TestDijkstraStEphU64 test_example_57_3
        PASS [   0.004s] (1928/4337) apas-verus::TestDijkstraStEphU64 test_get_predecessor
        PASS [   0.004s] (1929/4337) apas-verus::TestDijkstraStEphU64 test_larger_graph
        PASS [   0.004s] (1930/4337) apas-verus::TestDijkstraStEphU64 test_is_reachable
        PASS [   0.004s] (1931/4337) apas-verus::TestDijkstraStEphU64 test_multiple_paths_same_weight
        PASS [   0.004s] (1932/4337) apas-verus::TestDijkstraStEphU64 test_single_vertex
        PASS [   0.004s] (1933/4337) apas-verus::TestDijkstraStEphU64 test_path_extraction
        PASS [   0.004s] (1934/4337) apas-verus::TestDijkstraStEphU64 test_self_loop
        PASS [   0.004s] (1935/4337) apas-verus::TestDijkstraStEphU64 test_two_vertices_one_edge
        PASS [   0.004s] (1936/4337) apas-verus::TestDijkstraStEphU64 test_star_graph
        PASS [   0.004s] (1937/4337) apas-verus::TestDirGraphMtEph test_clone
        PASS [   0.004s] (1938/4337) apas-verus::TestDijkstraStEphU64 test_zero_weight_edges
        PASS [   0.004s] (1939/4337) apas-verus::TestDijkstraStEphU64 test_unreachable_vertices
        PASS [   0.004s] (1940/4337) apas-verus::TestDirGraphMtEph test_dirgraphmteph_basic_operations
        PASS [   0.004s] (1941/4337) apas-verus::TestDirGraphMtEph test_debug_trait
        PASS [   0.004s] (1942/4337) apas-verus::TestDirGraphMtEph test_dirgraphmteph_empty
        PASS [   0.005s] (1943/4337) apas-verus::TestDirGraphMtEph test_dirgraphmteph_degree
        PASS [   0.004s] (1944/4337) apas-verus::TestDirGraphMtEph test_dirgraphmteph_incident
        PASS [   0.006s] (1945/4337) apas-verus::TestDirGraphMtEph test_dirgraphmteph_concurrent_access
        PASS [   0.005s] (1946/4337) apas-verus::TestDirGraphMtEph test_dirgraphmteph_indegree
        PASS [   0.004s] (1947/4337) apas-verus::TestDirGraphMtEph test_dirgraphmteph_neighbor
        PASS [   0.004s] (1948/4337) apas-verus::TestDirGraphMtEph test_dirgraphmteph_ng
        PASS [   0.004s] (1949/4337) apas-verus::TestDirGraphMtEph test_dirgraphmteph_ngofvertices
        PASS [   0.004s] (1950/4337) apas-verus::TestDirGraphMtEph test_dirgraphmteph_nminus
        PASS [   0.004s] (1951/4337) apas-verus::TestDirGraphMtEph test_dirgraphmteph_nminusofvertices
        PASS [   0.004s] (1952/4337) apas-verus::TestDirGraphMtEph test_dirgraphmteph_nplus
        PASS [   0.004s] (1953/4337) apas-verus::TestDirGraphMtEph test_dirgraphmteph_nplusofvertices
        PASS [   0.004s] (1954/4337) apas-verus::TestDirGraphMtEph test_dirgraphmteph_outdegree
        PASS [   0.004s] (1955/4337) apas-verus::TestDirGraphMtEph test_dirgraphmtephlit_macro_functionality
        PASS [   0.005s] (1956/4337) apas-verus::TestDirGraphMtEph test_dirgraphmteph_thread_safety
        PASS [   0.004s] (1957/4337) apas-verus::TestDirGraphMtEph test_display_trait
        PASS [   0.004s] (1958/4337) apas-verus::TestDirGraphMtEph test_empty_graph_operations
        PASS [   0.004s] (1959/4337) apas-verus::TestDirGraphMtEph test_equality
        PASS [   0.004s] (1960/4337) apas-verus::TestDirGraphMtEph test_inequality
        PASS [   0.004s] (1961/4337) apas-verus::TestDirGraphMtEph test_isolated_vertex
        PASS [   0.005s] (1962/4337) apas-verus::TestDirGraphMtEph test_minimal_parallel_nminus
        PASS [   0.005s] (1963/4337) apas-verus::TestDirGraphMtEph test_minimal_parallel_nplus
        PASS [   0.005s] (1964/4337) apas-verus::TestDirGraphMtEph test_minimal_parallel_nminusofvertices
        PASS [   0.007s] (1965/4337) apas-verus::TestDirGraphMtEph test_minimal_parallel_ngofvertices
        PASS [   0.006s] (1966/4337) apas-verus::TestDirGraphMtEph test_minimal_parallel_nplusofvertices
        PASS [   0.005s] (1967/4337) apas-verus::TestDirGraphMtEph test_ngofvertices_empty_query
        PASS [   0.004s] (1968/4337) apas-verus::TestDirGraphMtEph test_nminus_empty_arcs
        PASS [   0.004s] (1969/4337) apas-verus::TestDirGraphMtEph test_nminusofvertices_empty_query
        PASS [   0.005s] (1970/4337) apas-verus::TestDirGraphMtEph test_nminus_large_parallel
        PASS [   0.006s] (1971/4337) apas-verus::TestDirGraphMtEph test_ngofvertices_large_parallel
        PASS [   0.004s] (1972/4337) apas-verus::TestDirGraphMtEph test_nplus_empty_arcs
        PASS [   0.004s] (1973/4337) apas-verus::TestDirGraphMtEph test_nplusofvertices_empty_query
        PASS [   0.006s] (1974/4337) apas-verus::TestDirGraphMtEph test_nminusofvertices_large_parallel
        PASS [   0.006s] (1975/4337) apas-verus::TestDirGraphMtEph test_nplus_large_parallel
        PASS [   0.005s] (1976/4337) apas-verus::TestDirGraphMtEph test_nplusofvertices_large_parallel
        PASS [   0.004s] (1977/4337) apas-verus::TestDirGraphStEph test_digraph_vertices_and_arcs
        PASS [   0.005s] (1978/4337) apas-verus::TestDirGraphMtEph test_race_condition_verification_mixed_graph_operations
        PASS [   0.004s] (1979/4337) apas-verus::TestDirGraphStEph test_dirgraph_clone
        PASS [   0.005s] (1980/4337) apas-verus::TestDirGraphStEph test_dirgraph_debug_display
        PASS [   0.005s] (1981/4337) apas-verus::TestDirGraphStEph test_dirgraph_degree
        PASS [   0.005s] (1982/4337) apas-verus::TestDirGraphStEph test_dirgraph_empty
        PASS [   0.005s] (1983/4337) apas-verus::TestDirGraphStEph test_dirgraph_empty_graph_edge_cases
        PASS [   0.005s] (1984/4337) apas-verus::TestDirGraphStEph test_dirgraph_equality
        PASS [   0.004s] (1985/4337) apas-verus::TestDirGraphStEph test_dirgraph_incident
        PASS [   0.004s] (1986/4337) apas-verus::TestDirGraphStEph test_dirgraph_indegree
        PASS [   0.005s] (1987/4337) apas-verus::TestDirGraphStEph test_dirgraph_extreme_vertex_references_graceful
        PASS [   0.005s] (1988/4337) apas-verus::TestDirGraphStEph test_dirgraph_large_graph_stress
        PASS [   0.005s] (1989/4337) apas-verus::TestDirGraphStEph test_dirgraph_ng
        PASS [   0.005s] (1990/4337) apas-verus::TestDirGraphStEph test_dirgraph_ngofvertices
        PASS [   0.005s] (1991/4337) apas-verus::TestDirGraphStEph test_dirgraph_neighbor
        PASS [   0.005s] (1992/4337) apas-verus::TestDirGraphStEph test_dirgraph_nminus
        PASS [   0.005s] (1993/4337) apas-verus::TestDirGraphStEph test_dirgraph_nminusofvertices
        PASS [   0.005s] (1994/4337) apas-verus::TestDirGraphStEph test_dirgraph_nplus
        PASS [   0.005s] (1995/4337) apas-verus::TestDirGraphStEph test_dirgraph_nonexistent_vertex_edge_cases
        PASS [   0.005s] (1996/4337) apas-verus::TestDirGraphStEph test_dirgraph_nplusofvertices
        PASS [   0.005s] (1997/4337) apas-verus::TestDirGraphStEph test_dirgraph_outdegree
        PASS [   0.005s] (1998/4337) apas-verus::TestDirGraphStEph test_dirgraph_single_vertex_edge_cases
        PASS [   0.005s] (1999/4337) apas-verus::TestDirGraphStEph test_dirgraph_selfloop_edge_cases
        PASS [   0.005s] (2000/4337) apas-verus::TestDirGraphStEph test_dirgraphstephlit_macro_functionality
        PASS [   0.005s] (2001/4337) apas-verus::TestDivConReduceMtPer test_all_parallel_false
        PASS [   0.005s] (2002/4337) apas-verus::TestDivConReduceMtPer test_any_parallel_false
        PASS [   0.006s] (2003/4337) apas-verus::TestDivConReduceMtPer test_all_parallel_true
        PASS [   0.005s] (2004/4337) apas-verus::TestDivConReduceMtPer test_any_parallel_true
        PASS [   0.004s] (2005/4337) apas-verus::TestDivConReduceMtPer test_product_parallel
        PASS [   0.005s] (2006/4337) apas-verus::TestDivConReduceMtPer test_max_element_parallel
        PASS [   0.005s] (2007/4337) apas-verus::TestDivConReduceMtPer test_max_element_parallel_empty
        PASS [   0.005s] (2008/4337) apas-verus::TestDivConReduceMtPer test_sum_parallel
        PASS [   0.005s] (2009/4337) apas-verus::TestDivConReduceStPer test_any_false
        PASS [   0.005s] (2010/4337) apas-verus::TestDivConReduceStPer test_all_true
        PASS [   0.005s] (2011/4337) apas-verus::TestDivConReduceStPer test_all_false
        PASS [   0.005s] (2012/4337) apas-verus::TestDivConReduceStPer test_any_true
        PASS [   0.005s] (2013/4337) apas-verus::TestDivConReduceStPer test_max_element_empty
        PASS [   0.005s] (2014/4337) apas-verus::TestDivConReduceStPer test_product
        PASS [   0.005s] (2015/4337) apas-verus::TestDivConReduceStPer test_max_element
        PASS [   0.005s] (2016/4337) apas-verus::TestDivConReduceStPer test_sum
        PASS [   0.005s] (2017/4337) apas-verus::TestDocumentIndex test_case_insensitive_tokenization
        PASS [   0.005s] (2018/4337) apas-verus::TestDocumentIndex test_clone_eq
        PASS [   0.005s] (2019/4337) apas-verus::TestDocumentIndex test_algorithmic_costs_verification
        PASS [   0.005s] (2020/4337) apas-verus::TestDocumentIndex test_complex_query_combinations
        PASS [   0.005s] (2021/4337) apas-verus::TestDocumentIndex test_create_finder
        PASS [   0.005s] (2022/4337) apas-verus::TestDocumentIndex test_display
        PASS [   0.005s] (2023/4337) apas-verus::TestDocumentIndex test_documentcollectionlit_macro_functionality
        PASS [   0.005s] (2024/4337) apas-verus::TestDocumentIndex test_duplicate_words_in_document
        PASS [   0.005s] (2025/4337) apas-verus::TestDocumentIndex test_empty_index
        PASS [   0.005s] (2026/4337) apas-verus::TestDocumentIndex test_empty_index_operations
        PASS [   0.005s] (2027/4337) apas-verus::TestDocumentIndex test_empty_query_results
        PASS [   0.005s] (2028/4337) apas-verus::TestDocumentIndex test_find_operation
        PASS [   0.005s] (2029/4337) apas-verus::TestDocumentIndex test_query_and
        PASS [   0.005s] (2030/4337) apas-verus::TestDocumentIndex test_make_index_basic
        PASS [   0.005s] (2031/4337) apas-verus::TestDocumentIndex test_query_and_not
        PASS [   0.005s] (2032/4337) apas-verus::TestDocumentIndex test_query_and_not_all_excluded
        PASS [   0.005s] (2033/4337) apas-verus::TestDocumentIndex test_query_builder
        PASS [   0.005s] (2034/4337) apas-verus::TestDocumentIndex test_query_or
        PASS [   0.005s] (2035/4337) apas-verus::TestDocumentIndex test_single_document_index
        PASS [   0.005s] (2036/4337) apas-verus::TestDocumentIndex test_size_operation
        PASS [   0.005s] (2037/4337) apas-verus::TestDocumentIndex test_to_seq_operation
        PASS [   0.005s] (2038/4337) apas-verus::TestDocumentIndex test_tokens_edge_cases
        PASS [   0.005s] (2039/4337) apas-verus::TestDocumentIndex test_tokens_function
        PASS [   0.005s] (2040/4337) apas-verus::TestDocumentIndex test_tokens_numbers_and_special
        PASS [   0.005s] (2041/4337) apas-verus::TestDoubleHashFlatHashTable test_delete_maintains_probe_chain
        PASS [   0.005s] (2042/4337) apas-verus::TestDoubleHashFlatHashTable test_delete
        PASS [   0.005s] (2043/4337) apas-verus::TestDoubleHashFlatHashTable test_different_probe_sequences_for_colliding_keys
        PASS [   0.005s] (2044/4337) apas-verus::TestDoubleHashFlatHashTable test_find_slot
        PASS [   0.006s] (2045/4337) apas-verus::TestDoubleHashFlatHashTable test_high_load_factor
        PASS [   0.005s] (2046/4337) apas-verus::TestDoubleHashFlatHashTable test_insert_and_lookup
        PASS [   0.005s] (2047/4337) apas-verus::TestDoubleHashFlatHashTable test_load_and_size
        PASS [   0.005s] (2048/4337) apas-verus::TestDoubleHashFlatHashTable test_lookup_nonexistent_key
        PASS [   0.005s] (2049/4337) apas-verus::TestDoubleHashFlatHashTable test_probe_double_hash_sequence
        PASS [   0.005s] (2050/4337) apas-verus::TestDoubleHashFlatHashTable test_resize_empty_table
        PASS [   0.006s] (2051/4337) apas-verus::TestDoubleHashFlatHashTable test_probe_visits_all_slots_prime_size
        PASS [   0.005s] (2052/4337) apas-verus::TestDoubleHashFlatHashTable test_resize_with_elements
        PASS [   0.005s] (2053/4337) apas-verus::TestDoubleHashFlatHashTable test_second_hash_nonzero
        PASS [   0.005s] (2054/4337) apas-verus::TestDoubleHashFlatHashTable test_second_hash_is_odd
        PASS [   0.005s] (2055/4337) apas-verus::TestDoubleHashFlatHashTable test_update_existing_key
        PASS [   0.005s] (2056/4337) apas-verus::TestETSPMtEph test_etsp_parallel_collinear_points
        PASS [   0.005s] (2057/4337) apas-verus::TestETSPMtEph test_etsp_parallel_20_random_points
        PASS [   0.005s] (2058/4337) apas-verus::TestETSPMtEph test_etsp_parallel_four_points_square
        PASS [   0.005s] (2059/4337) apas-verus::TestETSPMtEph test_etsp_parallel_three_points
        PASS [   0.006s] (2060/4337) apas-verus::TestETSPMtEph test_etsp_parallel_larger
        PASS [   0.005s] (2061/4337) apas-verus::TestETSPMtEph test_etsp_parallel_tour_length_reasonable
        PASS [   0.005s] (2062/4337) apas-verus::TestETSPStEph test_etsp_20_random_points
        PASS [   0.006s] (2063/4337) apas-verus::TestETSPMtEph test_etsp_parallel_two_points
        PASS [   0.005s] (2064/4337) apas-verus::TestETSPStEph test_etsp_collinear_points
        PASS [   0.005s] (2065/4337) apas-verus::TestETSPStEph test_etsp_four_points_square
        PASS [   0.005s] (2066/4337) apas-verus::TestETSPStEph test_etsp_larger
        PASS [   0.005s] (2067/4337) apas-verus::TestETSPStEph test_etsp_three_points
        PASS [   0.005s] (2068/4337) apas-verus::TestETSPStEph test_etsp_tour_length_reasonable
        PASS [   0.004s] (2069/4337) apas-verus::TestETSPStEph test_etsp_two_points
        PASS [   0.006s] (2070/4337) apas-verus::TestEdgeContractionMtEph test_contract_round_mt_complete_graph
        PASS [   0.006s] (2071/4337) apas-verus::TestEdgeContractionMtEph test_contract_round_mt_reduces_vertices
        PASS [   0.006s] (2072/4337) apas-verus::TestEdgeContractionMtEph test_contract_round_mt_correctness
        PASS [   0.006s] (2073/4337) apas-verus::TestEdgeContractionMtEph test_edge_contract_mt_cycle
        PASS [   0.086s] (2074/4337) apas-verus::TestDocumentIndex test_large_document_collection
        PASS [   0.005s] (2075/4337) apas-verus::TestEdgeContractionMtEph test_edge_contract_mt_single_edge
        PASS [   0.005s] (2076/4337) apas-verus::TestEdgeContractionMtEph test_edge_contract_mt_empty_matching
        PASS [   0.006s] (2077/4337) apas-verus::TestEdgeContractionMtEph test_edge_contract_mt_star
        PASS [   0.005s] (2078/4337) apas-verus::TestEdgeContractionStEph test_contract_round_cycle
        PASS [   0.004s] (2079/4337) apas-verus::TestEdgeContractionStEph test_contract_round_small_complete
        PASS [   0.005s] (2080/4337) apas-verus::TestEdgeContractionStEph test_contract_round_large_cycle
        PASS [   0.005s] (2081/4337) apas-verus::TestEdgeContractionStEph test_edge_contract_cycle
        PASS [   0.005s] (2082/4337) apas-verus::TestEdgeContractionStEph test_edge_contract_empty_matching
        PASS [   0.005s] (2083/4337) apas-verus::TestEdgeContractionStEph test_contract_round_star
        PASS [   0.005s] (2084/4337) apas-verus::TestEdgeContractionStEph test_edge_contract_disconnected
        PASS [   0.004s] (2085/4337) apas-verus::TestEdgeContractionStEph test_edge_contract_path_graph
        PASS [   0.005s] (2086/4337) apas-verus::TestEdgeContractionStEph test_edge_contract_preserves_unmatched
        PASS [   0.005s] (2087/4337) apas-verus::TestEdgeContractionStEph test_edge_contract_star
        PASS [   0.005s] (2088/4337) apas-verus::TestEdgeContractionStEph test_edge_contract_single_edge_graph
        PASS [   0.005s] (2089/4337) apas-verus::TestEdgeContractionStEph test_edge_contract_triangle
        PASS [   0.005s] (2090/4337) apas-verus::TestEdgeSetGraphMtEph test_default
        PASS [   0.005s] (2091/4337) apas-verus::TestEdgeSetGraphMtEph test_delete_edge
        PASS [   0.005s] (2092/4337) apas-verus::TestEdgeSetGraphMtEph test_delete_nonexistent
        PASS [   0.005s] (2093/4337) apas-verus::TestEdgeSetGraphMtEph test_edges_accessor
        PASS [   0.005s] (2094/4337) apas-verus::TestEdgeSetGraphMtEph test_delete_vertex_removes_incident_edges
        PASS [   0.015s] (2095/4337) apas-verus::TestEdgeSetGraphMtEph test_concurrent_build_stress
        PASS [   0.005s] (2096/4337) apas-verus::TestEdgeSetGraphMtEph test_idempotent_insert
        PASS [   0.005s] (2097/4337) apas-verus::TestEdgeSetGraphMtEph test_empty_graph
        PASS [   0.005s] (2098/4337) apas-verus::TestEdgeSetGraphMtEph test_from_vertices_and_edges
        PASS [   0.005s] (2099/4337) apas-verus::TestEdgeSetGraphMtEph test_out_degree
        PASS [   0.005s] (2100/4337) apas-verus::TestEdgeSetGraphMtEph test_insert_vertex
        PASS [   0.005s] (2101/4337) apas-verus::TestEdgeSetGraphMtEph test_insert_edge_adds_vertices
        PASS [   0.006s] (2102/4337) apas-verus::TestEdgeSetGraphMtEph test_insert_edge
        PASS [   0.005s] (2103/4337) apas-verus::TestEdgeSetGraphMtPer test_default
        PASS [   0.005s] (2104/4337) apas-verus::TestEdgeSetGraphMtEph test_vertices_accessor
        PASS [   0.005s] (2105/4337) apas-verus::TestEdgeSetGraphMtEph test_out_neighbors
        PASS [   0.005s] (2106/4337) apas-verus::TestEdgeSetGraphMtEph test_shared_graph_concurrent_reads
        PASS [   0.005s] (2107/4337) apas-verus::TestEdgeSetGraphMtPer test_empty_graph
        PASS [   0.005s] (2108/4337) apas-verus::TestEdgeSetGraphMtPer test_edges_accessor
        PASS [   0.005s] (2109/4337) apas-verus::TestEdgeSetGraphMtPer test_delete_vertex
        PASS [   0.006s] (2110/4337) apas-verus::TestEdgeSetGraphMtPer test_delete_edge
        PASS [   0.005s] (2111/4337) apas-verus::TestEdgeSetGraphMtPer test_insert_edge
        PASS [   0.005s] (2112/4337) apas-verus::TestEdgeSetGraphMtPer test_insert_vertex
        PASS [   0.005s] (2113/4337) apas-verus::TestEdgeSetGraphMtPer test_from_vertices_and_edges
        PASS [   0.006s] (2114/4337) apas-verus::TestEdgeSetGraphMtPer test_out_degree
        PASS [   0.005s] (2115/4337) apas-verus::TestEdgeSetGraphMtPer test_out_neighbors
        PASS [   0.005s] (2116/4337) apas-verus::TestEdgeSetGraphMtPer test_vertices_accessor
        PASS [   0.005s] (2117/4337) apas-verus::TestEdgeSetGraphStEph test_delete_edge
        PASS [   0.005s] (2118/4337) apas-verus::TestEdgeSetGraphStEph test_delete_vertex
        PASS [   0.005s] (2119/4337) apas-verus::TestEdgeSetGraphStEph test_insert_vertex
        PASS [   0.005s] (2120/4337) apas-verus::TestEdgeSetGraphStEph test_out_degree
        PASS [   0.005s] (2121/4337) apas-verus::TestEdgeSetGraphStEph test_insert_edge
        PASS [   0.006s] (2122/4337) apas-verus::TestEdgeSetGraphStEph test_empty_graph
        PASS [   0.005s] (2123/4337) apas-verus::TestEdgeSetGraphStEph test_out_neighbors
        PASS [   0.005s] (2124/4337) apas-verus::TestEdgeSetGraphStPer test_delete_edge
        PASS [   0.005s] (2125/4337) apas-verus::TestEdgeSetGraphStPer test_delete_vertex
        PASS [   0.005s] (2126/4337) apas-verus::TestEdgeSetGraphStPer test_empty_graph
        PASS [   0.005s] (2127/4337) apas-verus::TestEdgeSetGraphStPer test_out_neighbors
        PASS [   0.005s] (2128/4337) apas-verus::TestEdgeSetGraphStPer test_insert_vertex
        PASS [   0.005s] (2129/4337) apas-verus::TestEdgeSetGraphStPer test_insert_edge
        PASS [   0.005s] (2130/4337) apas-verus::TestEdgeSetGraphStPer test_out_degree
        PASS [   0.005s] (2131/4337) apas-verus::TestExample41_3 test_example_41_3_from_seq_demonstration
        PASS [   0.005s] (2132/4337) apas-verus::TestExample41_3 test_additional_set_operations
        PASS [   0.005s] (2133/4337) apas-verus::TestExample41_3 test_example_41_1_array_set
        PASS [   0.005s] (2134/4337) apas-verus::TestExample41_3 test_example_41_1_avl_set
        PASS [   0.005s] (2135/4337) apas-verus::TestExample43_1 test_run_example43_1
        PASS [   0.005s] (2136/4337) apas-verus::TestExample42_1 test_example_42_1_runs
        PASS [   0.005s] (2137/4337) apas-verus::TestExample43_1 test_run_integer_example
        PASS [   0.005s] (2138/4337) apas-verus::TestExample44_1 test_algorithmic_complexity_verification
        PASS [   0.005s] (2139/4337) apas-verus::TestExample44_1 test_complex_query_fun_and_food_or_chess
        PASS [   0.005s] (2140/4337) apas-verus::TestExample44_1 test_case_insensitive_search
        PASS [   0.006s] (2141/4337) apas-verus::TestExample44_1 test_create_tweet_collection
        PASS [   0.006s] (2142/4337) apas-verus::TestExample44_1 test_create_tweet_index
        PASS [   0.006s] (2143/4337) apas-verus::TestExample44_1 test_count_fun_but_not_chess
        PASS [   0.005s] (2144/4337) apas-verus::TestExample44_1 test_get_word_count
        PASS [   0.005s] (2145/4337) apas-verus::TestExample44_1 test_empty_search_results
        PASS [   0.006s] (2146/4337) apas-verus::TestExample44_1 test_get_all_words
        PASS [   0.005s] (2147/4337) apas-verus::TestExample44_1 test_performance_comparison_demo
        PASS [   0.005s] (2148/4337) apas-verus::TestExample44_1 test_index_statistics
        PASS [   0.005s] (2149/4337) apas-verus::TestExample44_1 test_query_builder_example
        PASS [   0.005s] (2150/4337) apas-verus::TestExample44_1 test_query_combinations
        PASS [   0.005s] (2151/4337) apas-verus::TestExample44_1 test_search_food_or_fun
        PASS [   0.005s] (2152/4337) apas-verus::TestExample44_1 test_search_party_and_food
        PASS [   0.005s] (2153/4337) apas-verus::TestExample44_1 test_tokenization_demo
        PASS [   0.005s] (2154/4337) apas-verus::TestExample44_1 test_staged_computation_pattern
        PASS [   0.005s] (2155/4337) apas-verus::TestExample44_1 test_single_word_documents
        PASS [   0.005s] (2156/4337) apas-verus::TestExample44_1 test_tweet_query_examples
        PASS [   0.005s] (2157/4337) apas-verus::TestExample45_2 test_already_sorted
        PASS [   0.005s] (2158/4337) apas-verus::TestExample44_1 test_verify_textbook_examples
        PASS [   0.005s] (2159/4337) apas-verus::TestExample45_2 test_empty
        PASS [   0.005s] (2160/4337) apas-verus::TestExample45_2 test_efficiency_demonstration
        PASS [   0.005s] (2161/4337) apas-verus::TestExample45_2 test_duplicates
        PASS [   0.005s] (2162/4337) apas-verus::TestExample45_2 test_reverse_sorted
        PASS [   0.005s] (2163/4337) apas-verus::TestExample45_2 test_single_element
        PASS [   0.005s] (2164/4337) apas-verus::TestExample45_2 test_run_example_45_2
        PASS [   0.005s] (2165/4337) apas-verus::TestExample56_1 test_example_negative_weights
        PASS [   0.005s] (2166/4337) apas-verus::TestExample56_1 test_example_path_weight_i64
        PASS [   0.005s] (2167/4337) apas-verus::TestExample45_2 test_textbook_example
        PASS [   0.058s] (2168/4337) apas-verus::TestExample42_1 test_performance_comparison_runs
        PASS [   0.004s] (2169/4337) apas-verus::TestExample56_3 test_example_negative_cycle
        PASS [   0.005s] (2170/4337) apas-verus::TestExample56_1 test_example_path_weight_int
        PASS [   0.005s] (2171/4337) apas-verus::TestExample56_3 test_example_undefined_shortest_path
        PASS [   0.005s] (2172/4337) apas-verus::TestFibonacciMt test_fib_adjacent_coprime
        PASS [   0.005s] (2173/4337) apas-verus::TestFibonacciMt test_fib_cassini_identity
        PASS [   0.005s] (2174/4337) apas-verus::TestFibonacciMt test_fib_base_cases
        PASS [   0.005s] (2175/4337) apas-verus::TestFibonacciMt test_fib_consecutive_sum_property
        PASS [   0.005s] (2176/4337) apas-verus::TestFibonacciMt test_fib_boundary_values
        PASS [   0.005s] (2177/4337) apas-verus::TestFibonacciMt test_fib_difference_identity
        PASS [   0.005s] (2178/4337) apas-verus::TestFibonacciMt test_fib_divisibility_property
        PASS [   0.004s] (2179/4337) apas-verus::TestFibonacciMt test_fib_even_indices_divisible_by_fib2
        PASS [   0.005s] (2180/4337) apas-verus::TestFibonacciMt test_fib_gcd_property
        PASS [   0.004s] (2181/4337) apas-verus::TestFibonacciMt test_fib_iterative_large_values
        PASS [   0.005s] (2182/4337) apas-verus::TestFibonacciMt test_fib_known_values
        PASS [   0.005s] (2183/4337) apas-verus::TestFibonacciMt test_fib_large
        PASS [   0.005s] (2184/4337) apas-verus::TestFibonacciMt test_fib_last_digit_pisano_period
        PASS [   0.005s] (2185/4337) apas-verus::TestFibonacciMt test_fib_medium
        PASS [   0.005s] (2186/4337) apas-verus::TestFibonacciMt test_fib_monotonically_increasing
        PASS [   0.005s] (2187/4337) apas-verus::TestFibonacciMt test_fib_parity_pattern
        PASS [   0.005s] (2188/4337) apas-verus::TestFibonacciMt test_fib_ratio_approaches_golden
        PASS [   0.005s] (2189/4337) apas-verus::TestFibonacciMt test_fib_recursive_base_case_zero
        PASS [   0.005s] (2190/4337) apas-verus::TestFibonacciMt test_fib_recursive_base_cases
        PASS [   0.006s] (2191/4337) apas-verus::TestFibonacciMt test_fib_recursive_agrees_with_iterative
        PASS [   0.005s] (2192/4337) apas-verus::TestFibonacciMt test_fib_recursive_medium
        PASS [   0.004s] (2193/4337) apas-verus::TestFibonacciMt test_fib_recursive_small
        PASS [   0.009s] (2194/4337) apas-verus::TestFibonacciMt test_fib_recursive_boundary
        PASS [   0.014s] (2195/4337) apas-verus::TestFibonacciMt test_fib_recursive_agrees_larger
        PASS [   0.005s] (2196/4337) apas-verus::TestFibonacciMt test_fib_squares_sum
        PASS [   0.005s] (2197/4337) apas-verus::TestFibonacciMt test_fib_small
        PASS [   0.005s] (2198/4337) apas-verus::TestFibonacciMt test_fib_sum_of_first_n
        PASS [   0.006s] (2199/4337) apas-verus::TestGraphSearchMtPer test_cycle_detection
        PASS [   0.005s] (2200/4337) apas-verus::TestGraphSearchMtPer test_empty_graph
        PASS [   0.005s] (2201/4337) apas-verus::TestGraphSearchMtPer test_graph_search_multi_source
        PASS [   0.005s] (2202/4337) apas-verus::TestGraphSearchMtPer test_graph_search_single_source
        PASS [   0.005s] (2203/4337) apas-verus::TestGraphSearchMtPer test_reachable_simple_path
        PASS [   0.005s] (2204/4337) apas-verus::TestGraphSearchMtPer test_reachable_single_node
        PASS [   0.005s] (2205/4337) apas-verus::TestGraphSearchMtPer test_select_one_strategy
        PASS [   0.005s] (2206/4337) apas-verus::TestGraphSearchStEph test_cycle_detection
        PASS [   0.005s] (2207/4337) apas-verus::TestGraphSearchStEph test_diamond_graph
        PASS [   0.005s] (2208/4337) apas-verus::TestGraphSearchStEph test_disconnected_graph
        PASS [   0.004s] (2209/4337) apas-verus::TestGraphSearchStEph test_empty_graph
        PASS [   0.005s] (2210/4337) apas-verus::TestGraphSearchStEph test_graph_search_multi_source
        PASS [   0.005s] (2211/4337) apas-verus::TestGraphSearchStEph test_linear_chain
        PASS [   0.005s] (2212/4337) apas-verus::TestGraphSearchStEph test_graph_search_single_source
        PASS [   0.005s] (2213/4337) apas-verus::TestGraphSearchStEph test_reachable_simple_path
        PASS [   0.005s] (2214/4337) apas-verus::TestGraphSearchStEph test_reachable_single_node
        PASS [   0.004s] (2215/4337) apas-verus::TestGraphSearchStEph test_self_loop
        PASS [   0.005s] (2216/4337) apas-verus::TestGraphSearchStEph test_select_one_strategy
        PASS [   0.004s] (2217/4337) apas-verus::TestGraphSearchStEph test_star_graph
        PASS [   0.004s] (2218/4337) apas-verus::TestGraphSearchStPer test_cycle
        PASS [   0.004s] (2219/4337) apas-verus::TestGraphSearchStPer test_disconnected_component
        PASS [   0.005s] (2220/4337) apas-verus::TestGraphSearchStPer test_dag
        PASS [   0.005s] (2221/4337) apas-verus::TestGraphSearchStPer test_empty_graph
        PASS [   0.005s] (2222/4337) apas-verus::TestGraphSearchStPer test_linear_chain
        PASS [   0.005s] (2223/4337) apas-verus::TestGraphSearchStPer test_multi_source
        PASS [   0.004s] (2224/4337) apas-verus::TestGraphSearchStPer test_reachable
        PASS [   0.004s] (2225/4337) apas-verus::TestGraphSearchStPer test_select_one_dfs_style
        PASS [   0.004s] (2226/4337) apas-verus::TestGraphSearchStPer test_single_edge
        PASS [   0.004s] (2227/4337) apas-verus::TestGraphSearchStPer test_star_graph
        PASS [   0.005s] (2228/4337) apas-verus::TestGraphSearchStPer test_self_loop
        PASS [   0.005s] (2229/4337) apas-verus::TestHeapsortExample test_already_sorted_example
        PASS [   0.004s] (2230/4337) apas-verus::TestHeapsortExample test_complexity_analysis
        PASS [   0.005s] (2231/4337) apas-verus::TestHeapsortExample test_correctness_verification
        PASS [   0.005s] (2232/4337) apas-verus::TestHeapsortExample test_compare_all_heapsorts
        PASS [   0.004s] (2233/4337) apas-verus::TestHeapsortExample test_duplicates_example
        PASS [   0.004s] (2234/4337) apas-verus::TestHeapsortExample test_efficiency_demonstration
        PASS [   0.004s] (2235/4337) apas-verus::TestHeapsortExample test_empty_example
        PASS [   0.005s] (2236/4337) apas-verus::TestHeapsortExample test_generate_test_sequences
        PASS [   0.004s] (2237/4337) apas-verus::TestHeapsortExample test_heapsort_already_sorted
        PASS [   0.005s] (2238/4337) apas-verus::TestHeapsortExample test_heapsort_balanced_tree_basic
        PASS [   0.005s] (2239/4337) apas-verus::TestHeapsortExample test_heapsort_binary_heap_basic
        PASS [   0.004s] (2240/4337) apas-verus::TestHeapsortExample test_heapsort_duplicates
        PASS [   0.379s] (2241/4337) apas-verus::TestDirGraphMtEph test_race_condition_verification_concurrent_graph_reads
        PASS [   0.004s] (2242/4337) apas-verus::TestHeapsortExample test_heapsort_empty
        PASS [   0.004s] (2243/4337) apas-verus::TestHeapsortExample test_heapsort_leftist_heap_basic
        PASS [   0.004s] (2244/4337) apas-verus::TestHeapsortExample test_heapsort_reverse_sorted
        PASS [   0.004s] (2245/4337) apas-verus::TestHeapsortExample test_heapsort_single_element
        PASS [   0.004s] (2246/4337) apas-verus::TestHeapsortExample test_heapsort_sorted_list_basic
        PASS [   0.004s] (2247/4337) apas-verus::TestHeapsortExample test_heapsort_unsorted_list_basic
        PASS [   0.004s] (2248/4337) apas-verus::TestHeapsortExample test_is_sorted_utility
        PASS [   0.004s] (2249/4337) apas-verus::TestHeapsortExample test_reverse_sorted_example
        PASS [   0.004s] (2250/4337) apas-verus::TestHeapsortExample test_textbook_example
        PASS [   0.004s] (2251/4337) apas-verus::TestHeapsortExample test_large_example
        PASS [   0.004s] (2252/4337) apas-verus::TestHeapsortExample test_single_element_example
        PASS [   0.004s] (2253/4337) apas-verus::TestInsertionSortStEph insertion_sort_alternating_pattern
        PASS [   0.004s] (2254/4337) apas-verus::TestHeapsortExample test_vec_to_array_seq
        PASS [   0.004s] (2255/4337) apas-verus::TestInsertionSortStEph insertion_sort_already_sorted
        PASS [   0.004s] (2256/4337) apas-verus::TestInsertionSortStEph insertion_sort_all_same_elements
        PASS [   0.004s] (2257/4337) apas-verus::TestHeapsortExample test_vec_to_avl_seq
        PASS [   0.004s] (2258/4337) apas-verus::TestInsertionSortStEph insertion_sort_even_length
        PASS [   0.004s] (2259/4337) apas-verus::TestInsertionSortStEph insertion_sort_fibonacci_values
        PASS [   0.004s] (2260/4337) apas-verus::TestInsertionSortStEph insertion_sort_four_elements_all_permutations
        PASS [   0.004s] (2261/4337) apas-verus::TestInsertionSortStEph insertion_sort_consecutive_integers
        PASS [   0.004s] (2262/4337) apas-verus::TestInsertionSortStEph insertion_sort_descending_10
        PASS [   0.004s] (2263/4337) apas-verus::TestInsertionSortStEph insertion_sort_handles_empty
        PASS [   0.004s] (2264/4337) apas-verus::TestInsertionSortStEph insertion_sort_interleaved_high_low
        PASS [   0.004s] (2265/4337) apas-verus::TestInsertionSortStEph insertion_sort_large_values_spread
        PASS [   0.004s] (2266/4337) apas-verus::TestInsertionSortStEph insertion_sort_head_is_minimum
        PASS [   0.004s] (2267/4337) apas-verus::TestInsertionSortStEph insertion_sort_mod_3_pattern
        PASS [   0.004s] (2268/4337) apas-verus::TestInsertionSortStEph insertion_sort_max_values
        PASS [   0.004s] (2269/4337) apas-verus::TestInsertionSortStEph insertion_sort_many_duplicates
        PASS [   0.005s] (2270/4337) apas-verus::TestInsertionSortStEph insertion_sort_medium_random_stress
        PASS [   0.004s] (2271/4337) apas-verus::TestInsertionSortStEph insertion_sort_nearly_sorted_one_swap
        PASS [   0.004s] (2272/4337) apas-verus::TestInsertionSortStEph insertion_sort_one_distinct_rest_same
        PASS [   0.004s] (2273/4337) apas-verus::TestInsertionSortStEph insertion_sort_odd_length
        PASS [   0.004s] (2274/4337) apas-verus::TestInsertionSortStEph insertion_sort_nearly_sorted
        PASS [   0.004s] (2275/4337) apas-verus::TestInsertionSortStEph insertion_sort_organ_pipe
        PASS [   0.004s] (2276/4337) apas-verus::TestInsertionSortStEph insertion_sort_plateau_then_drop
        PASS [   0.004s] (2277/4337) apas-verus::TestInsertionSortStEph insertion_sort_preserves_length
        PASS [   0.004s] (2278/4337) apas-verus::TestInsertionSortStEph insertion_sort_powers_of_two
        PASS [   0.004s] (2279/4337) apas-verus::TestInsertionSortStEph insertion_sort_random_slice
        PASS [   0.004s] (2280/4337) apas-verus::TestInsertionSortStEph insertion_sort_returns_same_slice
        PASS [   0.004s] (2281/4337) apas-verus::TestInsertionSortStEph insertion_sort_reverse_order
        PASS [   0.004s] (2282/4337) apas-verus::TestInsertionSortStEph insertion_sort_repeated_min_max
        PASS [   0.004s] (2283/4337) apas-verus::TestInsertionSortStEph insertion_sort_sorted_pairs
        PASS [   0.004s] (2284/4337) apas-verus::TestInsertionSortStEph insertion_sort_sawtooth_pattern
        PASS [   0.004s] (2285/4337) apas-verus::TestInsertionSortStEph insertion_sort_single_element
        PASS [   0.004s] (2286/4337) apas-verus::TestInsertionSortStEph insertion_sort_single_repeated
        PASS [   0.004s] (2287/4337) apas-verus::TestInsertionSortStEph insertion_sort_two_elements
        PASS [   0.004s] (2288/4337) apas-verus::TestInsertionSortStEph insertion_sort_stability_like_behavior
        PASS [   0.004s] (2289/4337) apas-verus::TestInsertionSortStEph insertion_sort_tail_is_maximum
        PASS [   0.004s] (2290/4337) apas-verus::TestInsertionSortStEph insertion_sort_three_elements
        PASS [   0.004s] (2291/4337) apas-verus::TestInsertionSortStEph insertion_sort_with_zeros
        PASS [   0.004s] (2292/4337) apas-verus::TestInsertionSortStEph insertion_sort_with_duplicates
        PASS [   0.004s] (2293/4337) apas-verus::TestInsertionSortStEph insertion_sort_two_elements_sorted
        PASS [   0.004s] (2294/4337) apas-verus::TestJohnsonMtEphF64 test_mt_cycle
        PASS [   0.004s] (2295/4337) apas-verus::TestJohnsonMtEphF64 test_mt_diamond
        PASS [   0.004s] (2296/4337) apas-verus::TestJohnsonMtEphF64 test_mt_simple_graph
        PASS [   0.004s] (2297/4337) apas-verus::TestJohnsonMtEphF64 test_mt_disconnected
        PASS [   0.004s] (2298/4337) apas-verus::TestJohnsonMtEphF64 test_mt_negative_weights
        PASS [   0.004s] (2299/4337) apas-verus::TestJohnsonMtEphF64 test_mt_single_vertex
        PASS [   0.004s] (2300/4337) apas-verus::TestJohnsonMtEphF64 test_mt_zero_weights
        PASS [   0.004s] (2301/4337) apas-verus::TestJohnsonMtEphF64 test_mt_two_vertices
        PASS [   0.004s] (2302/4337) apas-verus::TestJohnsonMtEphI64 test_bidirectional_edges
        PASS [   0.004s] (2303/4337) apas-verus::TestJohnsonMtEphI64 test_empty_graph
        PASS [   0.004s] (2304/4337) apas-verus::TestJohnsonMtEphI64 test_example_59_1
        PASS [   0.004s] (2305/4337) apas-verus::TestJohnsonMtEphI64 test_chain_graph
        PASS [   0.004s] (2306/4337) apas-verus::TestJohnsonMtEphI64 test_disconnected_graph
        PASS [   0.004s] (2307/4337) apas-verus::TestJohnsonMtEphI64 test_negative_cycle
        PASS [   0.004s] (2308/4337) apas-verus::TestJohnsonMtEphI64 test_negative_weights
        PASS [   0.005s] (2309/4337) apas-verus::TestJohnsonMtEphI64 test_mt_st_agree
        PASS [   0.005s] (2310/4337) apas-verus::TestJohnsonMtEphI64 test_mt_diamond
        PASS [   0.004s] (2311/4337) apas-verus::TestJohnsonMtEphI64 test_single_vertex
        PASS [   0.004s] (2312/4337) apas-verus::TestJohnsonStEphF64 test_diamond
        PASS [   0.004s] (2313/4337) apas-verus::TestJohnsonMtEphI64 test_self_distance_zero
        PASS [   0.004s] (2314/4337) apas-verus::TestJohnsonMtEphI64 test_simple_graph
        PASS [   0.004s] (2315/4337) apas-verus::TestJohnsonStEphF64 test_simple_graph
        PASS [   0.004s] (2316/4337) apas-verus::TestJohnsonStEphF64 test_single_vertex
        PASS [   0.004s] (2317/4337) apas-verus::TestJohnsonStEphF64 test_disconnected_graph
        PASS [   0.004s] (2318/4337) apas-verus::TestJohnsonStEphF64 test_negative_weights
        PASS [   0.004s] (2319/4337) apas-verus::TestJohnsonStEphI64 test_complete_graph_4
        PASS [   0.004s] (2320/4337) apas-verus::TestJohnsonStEphI64 test_chain_graph
        PASS [   0.004s] (2321/4337) apas-verus::TestJohnsonStEphI64 test_bidirectional_negative_weights
        PASS [   0.004s] (2322/4337) apas-verus::TestJohnsonStEphF64 test_two_vertices
        PASS [   0.004s] (2323/4337) apas-verus::TestJohnsonStEphI64 test_disconnected_graph
        PASS [   0.004s] (2324/4337) apas-verus::TestJohnsonStEphI64 test_diamond
        PASS [   0.004s] (2325/4337) apas-verus::TestJohnsonStEphI64 test_cycle_no_negative
        PASS [   0.004s] (2326/4337) apas-verus::TestJohnsonStEphI64 test_example_59_1
        PASS [   0.004s] (2327/4337) apas-verus::TestJohnsonStEphI64 test_negative_cycle
        PASS [   0.004s] (2328/4337) apas-verus::TestJohnsonStEphI64 test_path_extraction
        PASS [   0.004s] (2329/4337) apas-verus::TestJohnsonStEphI64 test_self_distance_zero
        PASS [   0.004s] (2330/4337) apas-verus::TestJohnsonStEphI64 test_negative_weights
        PASS [   0.004s] (2331/4337) apas-verus::TestJohnsonStEphI64 test_simple_graph
        PASS [   0.004s] (2332/4337) apas-verus::TestJohnsonStEphI64 test_star_out_graph
        PASS [   0.004s] (2333/4337) apas-verus::TestJohnsonStEphI64 test_single_vertex
        PASS [   0.004s] (2334/4337) apas-verus::TestJohnsonStEphI64 test_two_vertices_one_edge
        PASS [   0.004s] (2335/4337) apas-verus::TestKleeneStPer test_alphabet_accessor
        PASS [   0.004s] (2336/4337) apas-verus::TestKleeneStPer test_plus_multi_element_strings
        PASS [   0.004s] (2337/4337) apas-verus::TestKleeneStPer test_empty_alphabet
        PASS [   0.004s] (2338/4337) apas-verus::TestKleeneStPer test_integer_alphabet
        PASS [   0.004s] (2339/4337) apas-verus::TestKleeneStPer test_plus_rejects_empty_string
        PASS [   0.004s] (2340/4337) apas-verus::TestKleeneStPer test_star_empty_string_always_accepted
        PASS [   0.004s] (2341/4337) apas-verus::TestKleeneStPer test_plus_single_element
        PASS [   0.004s] (2342/4337) apas-verus::TestKleeneStPer test_singleton_alphabet
        PASS [   0.004s] (2343/4337) apas-verus::TestKruskalStEph test_kruskal_complete_graph
        PASS [   0.004s] (2344/4337) apas-verus::TestKleeneStPer test_star_multi_element_strings
        PASS [   0.004s] (2345/4337) apas-verus::TestKleeneStPer test_star_single_element
        PASS [   0.004s] (2346/4337) apas-verus::TestKruskalStEph test_kruskal_all_equal_weights
        PASS [   0.004s] (2347/4337) apas-verus::TestKruskalStEph test_kruskal_star_graph
        PASS [   0.004s] (2348/4337) apas-verus::TestKruskalStEph test_kruskal_square
        PASS [   0.004s] (2349/4337) apas-verus::TestKruskalStEph test_kruskal_single_vertex
        PASS [   0.004s] (2350/4337) apas-verus::TestKruskalStEph test_kruskal_triangle
        PASS [   0.004s] (2351/4337) apas-verus::TestLabDirGraphMtEph test_labdirgraphmteph_arcs_conversion
        PASS [   0.004s] (2352/4337) apas-verus::TestKruskalStEph test_kruskal_verify_size
        PASS [   0.004s] (2353/4337) apas-verus::TestLabDirGraphMtEph test_labdirgraphmteph_clone
        PASS [   0.004s] (2354/4337) apas-verus::TestLabDirGraphMtEph test_labdirgraphmteph_basic_operations
        PASS [   0.004s] (2355/4337) apas-verus::TestLabDirGraphMtEph test_labdirgraphmteph_edge_cases
        PASS [   0.004s] (2356/4337) apas-verus::TestLabDirGraphMtEph test_labdirgraphmteph_display_trait
        PASS [   0.004s] (2357/4337) apas-verus::TestLabDirGraphMtEph test_labdirgraphmteph_debug_trait
        PASS [   0.005s] (2358/4337) apas-verus::TestLabDirGraphMtEph test_labdirgraphmteph_concurrent_access
        PASS [   0.004s] (2359/4337) apas-verus::TestLabDirGraphMtEph test_labdirgraphmteph_empty
        PASS [   0.004s] (2360/4337) apas-verus::TestLabDirGraphMtEph test_labdirgraphmteph_mutable_operations
        PASS [   0.004s] (2361/4337) apas-verus::TestLabDirGraphMtEph test_labdirgraphmteph_neighbors
        PASS [   0.004s] (2362/4337) apas-verus::TestLabDirGraphMtEph test_labdirgraphmteph_nonexistent_vertex
        PASS [   0.004s] (2363/4337) apas-verus::TestLabDirGraphMtEph test_labdirgraphmteph_parallel_n_minus
        PASS [   0.004s] (2364/4337) apas-verus::TestLabDirGraphMtEph test_labdirgraphmtephlit_macro_functionality
        PASS [   0.005s] (2365/4337) apas-verus::TestLabDirGraphMtEph test_labdirgraphmteph_parallel_mixed
        PASS [   0.004s] (2366/4337) apas-verus::TestLabDirGraphMtEph test_labdirgraphmteph_parallel_n_plus
        PASS [   0.004s] (2367/4337) apas-verus::TestLabDirGraphStEph test_labdirgraphstephlit_macro_functionality
        PASS [   0.004s] (2368/4337) apas-verus::TestLabDirGraphStEph test_labelled_dir_graph_arcs
        PASS [   0.004s] (2369/4337) apas-verus::TestLabDirGraphStEph test_labelled_dir_graph_add_labeled_arc
        PASS [   0.004s] (2370/4337) apas-verus::TestLabDirGraphStEph test_labelled_dir_graph_add_vertex
        PASS [   0.004s] (2371/4337) apas-verus::TestLabDirGraphStEph test_labelled_dir_graph_display
        PASS [   0.004s] (2372/4337) apas-verus::TestLabDirGraphStEph test_labelled_dir_graph_different_label_types
        PASS [   0.004s] (2373/4337) apas-verus::TestLabDirGraphStEph test_labelled_dir_graph_debug
        PASS [   0.004s] (2374/4337) apas-verus::TestLabDirGraphStEph test_labelled_dir_graph_empty
        PASS [   0.004s] (2375/4337) apas-verus::TestLabDirGraphStEph test_labelled_dir_graph_macro_with_data
        PASS [   0.004s] (2376/4337) apas-verus::TestLabDirGraphStEph test_labelled_dir_graph_self_loop
        PASS [   0.004s] (2377/4337) apas-verus::TestLabDirGraphStEph test_labelled_dir_graph_macro_empty
        PASS [   0.004s] (2378/4337) apas-verus::TestLabDirGraphStEph test_labelled_dir_graph_neighbors
        PASS [   0.004s] (2379/4337) apas-verus::TestLabUnDirGraphMtEph test_add_labeled_edge
        PASS [   0.004s] (2380/4337) apas-verus::TestLabUnDirGraphMtEph test_edges
        PASS [   0.004s] (2381/4337) apas-verus::TestLabUnDirGraphMtEph test_add_vertex
        PASS [   0.004s] (2382/4337) apas-verus::TestLabUnDirGraphMtEph test_empty
        PASS [   0.004s] (2383/4337) apas-verus::TestLabUnDirGraphMtEph test_empty_graph_operations
        PASS [   0.004s] (2384/4337) apas-verus::TestLabUnDirGraphMtEph test_has_edge
        PASS [   0.004s] (2385/4337) apas-verus::TestLabUnDirGraphMtEph test_get_edge_label
        PASS [   0.004s] (2386/4337) apas-verus::TestLabUnDirGraphMtEph test_from_vertices_and_labeled_edges
        PASS [   0.004s] (2387/4337) apas-verus::TestLabUnDirGraphMtEph test_vertices
        PASS [   0.004s] (2388/4337) apas-verus::TestLabUnDirGraphMtEph test_multiple_edges
        PASS [   0.004s] (2389/4337) apas-verus::TestLabUnDirGraphMtEph test_neighbors
        PASS [   0.005s] (2390/4337) apas-verus::TestLabUnDirGraphMtEph test_labeled_edges
        PASS [   0.004s] (2391/4337) apas-verus::TestLabUnDirGraphStEph test_add_labeled_edge
        PASS [   0.004s] (2392/4337) apas-verus::TestLabUnDirGraphStEph test_clone
        PASS [   0.004s] (2393/4337) apas-verus::TestLabUnDirGraphStEph test_add_vertex
        PASS [   0.004s] (2394/4337) apas-verus::TestLabUnDirGraphStEph test_debug_fmt
        PASS [   0.004s] (2395/4337) apas-verus::TestLabUnDirGraphStEph test_empty_graph_operations
        PASS [   0.004s] (2396/4337) apas-verus::TestLabUnDirGraphStEph test_display_fmt
        PASS [   0.004s] (2397/4337) apas-verus::TestLabUnDirGraphStEph test_empty
        PASS [   0.004s] (2398/4337) apas-verus::TestLabUnDirGraphStEph test_edges
        PASS [   0.004s] (2399/4337) apas-verus::TestLabUnDirGraphStEph test_from_vertices_and_labeled_edges
        PASS [   0.004s] (2400/4337) apas-verus::TestLabUnDirGraphStEph test_get_edge_label
        PASS [   0.004s] (2401/4337) apas-verus::TestLabUnDirGraphStEph test_has_edge
        PASS [   0.004s] (2402/4337) apas-verus::TestLabUnDirGraphStEph test_labeled_edges
        PASS [   0.004s] (2403/4337) apas-verus::TestLabUnDirGraphStEph test_neighbors
        PASS [   0.004s] (2404/4337) apas-verus::TestLeftistHeapPQ test_ascending_insertion
        PASS [   0.004s] (2405/4337) apas-verus::TestLabUnDirGraphStEph test_multiple_edges
        PASS [   0.004s] (2406/4337) apas-verus::TestLabUnDirGraphStEph test_vertices
        PASS [   0.004s] (2407/4337) apas-verus::TestLeftistHeapPQ test_delete_min
        PASS [   0.004s] (2408/4337) apas-verus::TestLeftistHeapPQ test_default
        PASS [   0.004s] (2409/4337) apas-verus::TestLeftistHeapPQ test_delete_min_empty
        PASS [   0.004s] (2410/4337) apas-verus::TestLeftistHeapPQ test_descending_insertion
        PASS [   0.004s] (2411/4337) apas-verus::TestLeftistHeapPQ test_efficient_multi_way_merge
        PASS [   0.004s] (2412/4337) apas-verus::TestLeftistHeapPQ test_duplicate_elements
        PASS [   0.004s] (2413/4337) apas-verus::TestLeftistHeapPQ test_display
        PASS [   0.004s] (2414/4337) apas-verus::TestLeftistHeapPQ test_empty
        PASS [   0.004s] (2415/4337) apas-verus::TestLeftistHeapPQ test_find_min
        PASS [   0.004s] (2416/4337) apas-verus::TestLeftistHeapPQ test_from_seq
        PASS [   0.004s] (2417/4337) apas-verus::TestLeftistHeapPQ test_extract_all_sorted
        PASS [   0.004s] (2418/4337) apas-verus::TestLeftistHeapPQ test_from_vec
        PASS [   0.004s] (2419/4337) apas-verus::TestLeftistHeapPQ test_height
        PASS [   0.004s] (2420/4337) apas-verus::TestLeftistHeapPQ test_is_valid_leftist_heap
        PASS [   0.004s] (2421/4337) apas-verus::TestLeftistHeapPQ test_insert
        PASS [   0.005s] (2422/4337) apas-verus::TestLeftistHeapPQ test_large_heap
        PASS [   0.170s] (2423/4337) apas-verus::TestInsertionSortStEph insertion_sort_large_input_stress_test
        PASS [   0.004s] (2424/4337) apas-verus::TestLeftistHeapPQ test_meld
        PASS [   0.004s] (2425/4337) apas-verus::TestLeftistHeapPQ test_leftistheappqlit_macro_functionality
        PASS [   0.004s] (2426/4337) apas-verus::TestLeftistHeapPQ test_leftist_property_after_meld
        PASS [   0.004s] (2427/4337) apas-verus::TestLeftistHeapPQ test_meld_efficiency
        PASS [   0.004s] (2428/4337) apas-verus::TestLeftistHeapPQ test_meld_multiple
        PASS [   0.004s] (2429/4337) apas-verus::TestLeftistHeapPQ test_parallel_heap_construction
        PASS [   0.004s] (2430/4337) apas-verus::TestLeftistHeapPQ test_meld_multiple_empty
        PASS [   0.004s] (2431/4337) apas-verus::TestLeftistHeapPQ test_meld_with_empty
        PASS [   0.004s] (2432/4337) apas-verus::TestLeftistHeapPQ test_persistent_semantics
        PASS [   0.004s] (2433/4337) apas-verus::TestLeftistHeapPQ test_root_rank
        PASS [   0.004s] (2434/4337) apas-verus::TestLeftistHeapPQ test_single_element_operations
        PASS [   0.004s] (2435/4337) apas-verus::TestLeftistHeapPQ test_singleton
        PASS [   0.004s] (2436/4337) apas-verus::TestLeftistHeapPQ test_split
        PASS [   0.004s] (2437/4337) apas-verus::TestLeftistHeapPQ test_sequential_delete_all
        PASS [   0.004s] (2438/4337) apas-verus::TestLeftistHeapPQ test_string_heap
        PASS [   0.004s] (2439/4337) apas-verus::TestLeftistHeapPQ test_to_sorted_vec
        PASS [   0.004s] (2440/4337) apas-verus::TestLinProbFlatHashTable test_default_lookup
        PASS [   0.004s] (2441/4337) apas-verus::TestLinProbFlatHashTable test_default_insert_with_probe
        PASS [   0.004s] (2442/4337) apas-verus::TestLeftistHeapPQ test_to_vec
        PASS [   0.004s] (2443/4337) apas-verus::TestLinProbFlatHashTable test_delete
        PASS [   0.004s] (2444/4337) apas-verus::TestLinProbFlatHashTable test_delete_exhaustive_probe
        PASS [   0.004s] (2445/4337) apas-verus::TestLinProbFlatHashTable test_find_slot
        PASS [   0.004s] (2446/4337) apas-verus::TestLinProbFlatHashTable test_delete_not_found
        PASS [   0.003s] (2447/4337) apas-verus::TestLinProbFlatHashTable test_find_slot_with_occupied_matching_key
        PASS [   0.004s] (2448/4337) apas-verus::TestLinProbFlatHashTable test_find_slot_table_full_fallback
        PASS [   0.004s] (2449/4337) apas-verus::TestLinProbFlatHashTable test_flat_entry_clone
        PASS [   0.004s] (2450/4337) apas-verus::TestLinProbFlatHashTable test_flat_entry_insert
        PASS [   0.004s] (2451/4337) apas-verus::TestLinProbFlatHashTable test_flat_entry_lookup
        PASS [   0.004s] (2452/4337) apas-verus::TestLinProbFlatHashTable test_flat_entry_delete
        PASS [   0.004s] (2453/4337) apas-verus::TestLinProbFlatHashTable test_flat_entry_debug
        PASS [   0.004s] (2454/4337) apas-verus::TestLinProbFlatHashTable test_flat_entry_new
        PASS [   0.004s] (2455/4337) apas-verus::TestLinProbFlatHashTable test_flat_entry_partial_eq
        PASS [   0.004s] (2456/4337) apas-verus::TestLinProbFlatHashTable test_insert_and_lookup
        PASS [   0.004s] (2457/4337) apas-verus::TestLinProbFlatHashTable test_insert_update_existing_key
        PASS [   0.004s] (2458/4337) apas-verus::TestLinProbFlatHashTable test_insert_into_deleted_slot
        PASS [   0.004s] (2459/4337) apas-verus::TestLinProbFlatHashTable test_probe
        PASS [   0.004s] (2460/4337) apas-verus::TestLinProbFlatHashTable test_load_and_size
        PASS [   0.004s] (2461/4337) apas-verus::TestLinProbFlatHashTable test_lookup_through_deleted_entries
        PASS [   0.004s] (2462/4337) apas-verus::TestLinProbFlatHashTable test_resize_empty_table
        PASS [   0.004s] (2463/4337) apas-verus::TestLinProbFlatHashTable test_lookup_exhaustive_probe
        PASS [   0.004s] (2464/4337) apas-verus::TestLinProbFlatHashTable test_resize_smaller
        PASS [   0.004s] (2465/4337) apas-verus::TestLinProbFlatHashTable test_resize_preserves_deleted_not_reinserted
        PASS [   0.004s] (2466/4337) apas-verus::TestLinProbFlatHashTable test_resize_with_elements
        PASS [   0.004s] (2467/4337) apas-verus::TestLinkedListChainedHashTable test_collision_handling
        PASS [   0.004s] (2468/4337) apas-verus::TestLinkedListChainedHashTable test_entry_delete_not_found
        PASS [   0.004s] (2469/4337) apas-verus::TestLinkedListChainedHashTable test_linkedlist_chained_delete
        PASS [   0.004s] (2470/4337) apas-verus::TestLinkedListChainedHashTable test_linkedlist_chained_insert_lookup
        PASS [   0.004s] (2471/4337) apas-verus::TestLinkedListChainedHashTable test_linkedlist_entry_delete
        PASS [   0.004s] (2472/4337) apas-verus::TestLinkedListChainedHashTable test_linkedlist_entry_insert
        PASS [   0.004s] (2473/4337) apas-verus::TestLinkedListChainedHashTable test_entry_lookup_not_found
        PASS [   0.004s] (2474/4337) apas-verus::TestLinkedListChainedHashTable test_linkedlist_entry_new
        PASS [   0.004s] (2475/4337) apas-verus::TestLinkedListChainedHashTable test_load_and_size
        PASS [   0.004s] (2476/4337) apas-verus::TestLinkedListChainedHashTable test_resize_empty_table
        PASS [   0.004s] (2477/4337) apas-verus::TestLinkedListChainedHashTable test_resize_with_elements
        PASS [   0.004s] (2478/4337) apas-verus::TestLinkedListChainedHashTable test_linkedlist_entry_update
        PASS [   0.004s] (2479/4337) apas-verus::TestLinkedListChainedHashTable test_update_existing_key
        PASS [   0.004s] (2480/4337) apas-verus::TestLinkedListStEph test_clone
        PASS [   0.004s] (2481/4337) apas-verus::TestLinkedListStEph test_append
        PASS [   0.004s] (2482/4337) apas-verus::TestLinkedListStEph test_debug
        PASS [   0.004s] (2483/4337) apas-verus::TestLinkedListStEph test_display
        PASS [   0.004s] (2484/4337) apas-verus::TestLinkedListStEph test_empty
        PASS [   0.004s] (2485/4337) apas-verus::TestLinkedListStEph test_map
        PASS [   0.004s] (2486/4337) apas-verus::TestLinkedListStEph test_new
        PASS [   0.004s] (2487/4337) apas-verus::TestLinkedListStEph test_from_vec
        PASS [   0.004s] (2488/4337) apas-verus::TestLinkedListStEph test_iter
        PASS [   0.004s] (2489/4337) apas-verus::TestLinkedListStEph test_tabulate
        PASS [   0.004s] (2490/4337) apas-verus::TestLinkedListStEph test_partial_eq
        PASS [   0.004s] (2491/4337) apas-verus::TestLinkedListStEph test_singleton
        PASS [   0.004s] (2492/4337) apas-verus::TestLinkedListStEph test_set
        PASS [   0.004s] (2493/4337) apas-verus::TestLinkedListStEph test_subseq
        PASS [   0.004s] (2494/4337) apas-verus::TestLinkedListStPer test_clone
        PASS [   0.004s] (2495/4337) apas-verus::TestLinkedListStPer test_debug
        PASS [   0.004s] (2496/4337) apas-verus::TestLinkedListStPer test_display
        PASS [   0.004s] (2497/4337) apas-verus::TestLinkedListStEph test_update
        PASS [   0.004s] (2498/4337) apas-verus::TestLinkedListStPer test_append
        PASS [   0.004s] (2499/4337) apas-verus::TestLinkedListStPer test_map
        PASS [   0.004s] (2500/4337) apas-verus::TestLinkedListStPer test_empty
        PASS [   0.004s] (2501/4337) apas-verus::TestLinkedListStPer test_iter
        PASS [   0.004s] (2502/4337) apas-verus::TestLinkedListStPer test_new
        PASS [   0.004s] (2503/4337) apas-verus::TestLinkedListStPer test_from_vec
        PASS [   0.004s] (2504/4337) apas-verus::TestLinkedListStPer test_subseq
        PASS [   0.004s] (2505/4337) apas-verus::TestLinkedListStPer test_singleton
        PASS [   0.003s] (2506/4337) apas-verus::TestLinkedListStPer test_update
        PASS [   0.004s] (2507/4337) apas-verus::TestLinkedListStPer test_partial_eq
        PASS [   0.004s] (2508/4337) apas-verus::TestLinkedListStPer test_tabulate
        PASS [   0.004s] (2509/4337) apas-verus::TestMappingStEph test_empty_mapping_operations
        PASS [   0.004s] (2510/4337) apas-verus::TestMappingStEph test_from_relation
        PASS [   0.004s] (2511/4337) apas-verus::TestMappingStEph test_empty_mapping_trait
        PASS [   0.004s] (2512/4337) apas-verus::TestMappingStEph test_empty_mapping
        PASS [   0.004s] (2513/4337) apas-verus::TestMappingStEph test_domain_and_range
        PASS [   0.004s] (2514/4337) apas-verus::TestMappingStEph test_from_relation_empty_edge
        PASS [   0.004s] (2515/4337) apas-verus::TestMappingStEph test_mapping_clone
        PASS [   0.004s] (2516/4337) apas-verus::TestMappingStEph test_from_vec_duplicate_keys
        PASS [   0.004s] (2517/4337) apas-verus::TestMappingStEph test_iter
        PASS [   0.004s] (2518/4337) apas-verus::TestMappingStEph test_from_vec_basic
        PASS [   0.004s] (2519/4337) apas-verus::TestMappingStEph test_mapping_equality
        PASS [   0.004s] (2520/4337) apas-verus::TestMappingStEph test_mapping_extreme_values_graceful
        PASS [   0.004s] (2521/4337) apas-verus::TestMappingStEph test_mapping_debug_display
        PASS [   0.003s] (2522/4337) apas-verus::TestMappingStEph test_mappinglit_macro_functionality
        PASS [   0.004s] (2523/4337) apas-verus::TestMathSeq test_add_last_then_delete_last_roundtrip
        PASS [   0.004s] (2524/4337) apas-verus::TestMathSeq test_clone
        PASS [   0.008s] (2525/4337) apas-verus::TestMappingStEph test_mapping_large_dataset_stress
        PASS [   0.004s] (2526/4337) apas-verus::TestMappingStEph test_mem_comprehensive
        PASS [   0.004s] (2527/4337) apas-verus::TestMathSeq test_add_last
        PASS [   0.004s] (2528/4337) apas-verus::TestMathSeq test_delete_last
        PASS [   0.004s] (2529/4337) apas-verus::TestMathSeq test_display
        PASS [   0.004s] (2530/4337) apas-verus::TestMathSeq test_domain
        PASS [   0.004s] (2531/4337) apas-verus::TestMathSeq test_debug
        PASS [   0.004s] (2532/4337) apas-verus::TestMathSeq test_domain_empty
        PASS [   0.003s] (2533/4337) apas-verus::TestMathSeq test_into_iterator_by_ref
        PASS [   0.004s] (2534/4337) apas-verus::TestMathSeq test_empty
        PASS [   0.004s] (2535/4337) apas-verus::TestMathSeq test_for_loop_borrow
        PASS [   0.004s] (2536/4337) apas-verus::TestMathSeq test_into_iterator_by_mut_ref
        PASS [   0.004s] (2537/4337) apas-verus::TestMathSeq test_from_vec
        PASS [   0.004s] (2538/4337) apas-verus::TestMathSeq test_iter_mut
        PASS [   0.004s] (2539/4337) apas-verus::TestMathSeq test_into_iterator_by_value
        PASS [   0.004s] (2540/4337) apas-verus::TestMathSeq test_is_empty
        PASS [   0.004s] (2541/4337) apas-verus::TestMathSeq test_is_singleton
        PASS [   0.004s] (2542/4337) apas-verus::TestMathSeq test_iter
        PASS [   0.004s] (2543/4337) apas-verus::TestMathSeq test_macro_empty
        PASS [   0.004s] (2544/4337) apas-verus::TestMathSeq test_macro_repeat
        PASS [   0.004s] (2545/4337) apas-verus::TestMathSeq test_length
        PASS [   0.004s] (2546/4337) apas-verus::TestMathSeq test_large_sequence
        PASS [   0.004s] (2547/4337) apas-verus::TestMathSeq test_macro_list
        PASS [   0.004s] (2548/4337) apas-verus::TestMathSeq test_partial_eq_different_lengths
        PASS [   0.004s] (2549/4337) apas-verus::TestMathSeq test_multiset_range
        PASS [   0.004s] (2550/4337) apas-verus::TestMathSeq test_new
        PASS [   0.004s] (2551/4337) apas-verus::TestMathSeq test_partial_eq
        PASS [   0.005s] (2552/4337) apas-verus::TestMathSeq test_nth
        PASS [   0.004s] (2553/4337) apas-verus::TestMathSeq test_range_all_same
        PASS [   0.004s] (2554/4337) apas-verus::TestMathSeq test_range
        PASS [   0.004s] (2555/4337) apas-verus::TestMathSeq test_range_empty
        PASS [   0.004s] (2556/4337) apas-verus::TestMathSeq test_partial_eq_empty
        PASS [   0.003s] (2557/4337) apas-verus::TestMathSeq test_set
        PASS [   0.004s] (2558/4337) apas-verus::TestMathSeq test_subseq_copy
        PASS [   0.004s] (2559/4337) apas-verus::TestMathSeq test_singleton
        PASS [   0.004s] (2560/4337) apas-verus::TestMathSeq test_set_out_of_bounds
        PASS [   0.004s] (2561/4337) apas-verus::TestMathSeq test_subseq
        PASS [   0.004s] (2562/4337) apas-verus::TestMathSeq test_set_all_elements
        PASS [   0.004s] (2563/4337) apas-verus::TestMatrixChainMtEph test_clone
        PASS [   0.004s] (2564/4337) apas-verus::TestMatrixChainMtEph test_clear_memo
        PASS [   0.004s] (2565/4337) apas-verus::TestMathSeq test_subseq_edge_cases
        PASS [   0.004s] (2566/4337) apas-verus::TestMatrixChainMtEph test_dimension_consistency
        PASS [   0.004s] (2567/4337) apas-verus::TestMathSeq test_with_len
        PASS [   0.004s] (2568/4337) apas-verus::TestMatrixChainMtEph test_four_matrices
        PASS [   0.004s] (2569/4337) apas-verus::TestMatrixChainMtEph test_equality
        PASS [   0.004s] (2570/4337) apas-verus::TestMatrixChainMtEph test_empty_chain
        PASS [   0.004s] (2571/4337) apas-verus::TestMatrixChainMtEph test_dimensions
        PASS [   0.004s] (2572/4337) apas-verus::TestMatrixChainMtEph test_display
        PASS [   0.004s] (2573/4337) apas-verus::TestMatrixChainMtEph test_from_dimensions
        PASS [   0.004s] (2574/4337) apas-verus::TestMatrixChainMtEph test_from_dim_pairs
        PASS [   0.004s] (2575/4337) apas-verus::TestMatrixChainMtEph test_large_chain
        PASS [   0.004s] (2576/4337) apas-verus::TestMatrixChainMtEph test_matrixchainmtephlit_macro_functionality
        PASS [   0.004s] (2577/4337) apas-verus::TestMatrixChainMtEph test_matrixdim_equality
        PASS [   0.004s] (2578/4337) apas-verus::TestMatrixChainMtEph test_new
        PASS [   0.004s] (2579/4337) apas-verus::TestMatrixChainMtEph test_optimal_cost_three_matrices
        PASS [   0.004s] (2580/4337) apas-verus::TestMatrixChainMtEph test_memoization_reuse
        PASS [   0.004s] (2581/4337) apas-verus::TestMatrixChainMtEph test_memo_size
        PASS [   0.004s] (2582/4337) apas-verus::TestMatrixChainMtEph test_optimal_cost_two_matrices
        PASS [   0.004s] (2583/4337) apas-verus::TestMatrixChainMtEph test_single_matrix
        PASS [   0.004s] (2584/4337) apas-verus::TestMatrixChainMtEph test_set_dimension
        PASS [   0.004s] (2585/4337) apas-verus::TestMatrixChainMtEph test_update_dimension
        PASS [   0.004s] (2586/4337) apas-verus::TestMatrixChainMtEph test_parallel_execution
        PASS [   0.005s] (2587/4337) apas-verus::TestMatrixChainMtPer test_clone
        PASS [   0.004s] (2588/4337) apas-verus::TestMatrixChainMtPer test_dimensions
        PASS [   0.004s] (2589/4337) apas-verus::TestMatrixChainMtPer test_display
        PASS [   0.004s] (2590/4337) apas-verus::TestMatrixChainMtPer test_dimension_consistency
        PASS [   0.004s] (2591/4337) apas-verus::TestMatrixChainMtPer test_concurrent_reads
        PASS [   0.003s] (2592/4337) apas-verus::TestMatrixChainMtPer test_empty_chain
        PASS [   0.004s] (2593/4337) apas-verus::TestMatrixChainMtPer test_equality
        PASS [   0.004s] (2594/4337) apas-verus::TestMatrixChainMtPer test_four_matrices
        PASS [   0.004s] (2595/4337) apas-verus::TestMatrixChainMtPer test_large_chain
        PASS [   0.004s] (2596/4337) apas-verus::TestMatrixChainMtPer test_from_dim_pairs
        PASS [   0.004s] (2597/4337) apas-verus::TestMatrixChainMtPer test_from_dimensions
        PASS [   0.004s] (2598/4337) apas-verus::TestMatrixChainMtPer test_new
        PASS [   0.004s] (2599/4337) apas-verus::TestMatrixChainMtPer test_num_matrices
        PASS [   0.004s] (2600/4337) apas-verus::TestMatrixChainMtPer test_matrixdim_clone
        PASS [   0.004s] (2601/4337) apas-verus::TestMatrixChainMtPer test_matrixchainmtperlit_macro_functionality
        PASS [   0.003s] (2602/4337) apas-verus::TestMatrixChainMtPer test_optimal_cost_three_matrices
        PASS [   0.004s] (2603/4337) apas-verus::TestMatrixChainMtPer test_persistent_semantics
        PASS [   0.004s] (2604/4337) apas-verus::TestMatrixChainStEph test_display_matrix_chain
        PASS [   0.004s] (2605/4337) apas-verus::TestMatrixChainMtPer test_optimal_cost_two_matrices
        PASS [   0.004s] (2606/4337) apas-verus::TestMatrixChainMtPer test_single_matrix
        PASS [   0.004s] (2607/4337) apas-verus::TestMatrixChainMtPer test_parallel_execution
        PASS [   0.004s] (2608/4337) apas-verus::TestMatrixChainStEph test_macro_empty
        PASS [   0.004s] (2609/4337) apas-verus::TestMatrixChainStEph test_into_iterator_ref
        PASS [   0.004s] (2610/4337) apas-verus::TestMatrixChainStEph test_display_matrix_dim
        PASS [   0.004s] (2611/4337) apas-verus::TestMatrixChainStEph test_from_dim_pairs
        PASS [   0.004s] (2612/4337) apas-verus::TestMatrixChainStEph test_into_iterator_mut_ref
        PASS [   0.003s] (2613/4337) apas-verus::TestMatrixChainStEph test_matrix_chain_st_eph_single_matrix
        PASS [   0.004s] (2614/4337) apas-verus::TestMatrixChainStEph test_matrix_chain_st_eph_empty
        PASS [   0.004s] (2615/4337) apas-verus::TestMatrixChainStEph test_macro_with_dims
        PASS [   0.004s] (2616/4337) apas-verus::TestMatrixChainStEph test_matrix_chain_st_eph_iteration
        PASS [   0.004s] (2617/4337) apas-verus::TestMatrixChainStEph test_matrix_chain_st_eph_mutation
        PASS [   0.004s] (2618/4337) apas-verus::TestMatrixChainStEph test_optimal_cost_two_matrices
        PASS [   0.004s] (2619/4337) apas-verus::TestMatrixChainStEph test_memoization
        PASS [   0.004s] (2620/4337) apas-verus::TestMatrixChainStEph test_optimal_cost_three_matrices
        PASS [   0.004s] (2621/4337) apas-verus::TestMatrixChainStEph test_optimal_cost_four_matrices
        PASS [   0.004s] (2622/4337) apas-verus::TestMatrixChainStEph test_set_dimension_out_of_bounds
        PASS [   0.004s] (2623/4337) apas-verus::TestMatrixChainStEph test_update_dimension
        PASS [   0.004s] (2624/4337) apas-verus::TestMatrixChainStPer test_into_iter_by_ref
        PASS [   0.004s] (2625/4337) apas-verus::TestMatrixChainStPer test_dimensions_accessor
        PASS [   0.004s] (2626/4337) apas-verus::TestMatrixChainStEph test_update_dimension_out_of_bounds
        PASS [   0.004s] (2627/4337) apas-verus::TestMatrixChainStPer test_matrix_chain_display
        PASS [   0.004s] (2628/4337) apas-verus::TestMatrixChainStPer test_matrix_chain_macro
        PASS [   0.004s] (2629/4337) apas-verus::TestMatrixChainStPer test_matrix_chain_st_per_from_dim_pairs
        PASS [   0.004s] (2630/4337) apas-verus::TestMatrixChainStPer test_matrix_chain_st_per_empty
        PASS [   0.004s] (2631/4337) apas-verus::TestMatrixChainStPer test_matrix_chain_large_example
        PASS [   0.004s] (2632/4337) apas-verus::TestMatrixChainStPer test_matrix_chain_multiply_cost
        PASS [   0.004s] (2633/4337) apas-verus::TestMatrixChainStPer test_matrix_chain_st_per_three_matrices
        PASS [   0.004s] (2634/4337) apas-verus::TestMatrixChainStPer test_matrix_chain_st_per_single_matrix
        PASS [   0.004s] (2635/4337) apas-verus::TestMatrixChainStPer test_matrix_chain_st_per_iteration
        PASS [   0.004s] (2636/4337) apas-verus::TestMatrixChainStPer test_matrix_chain_st_per_two_matrices
        PASS [   0.004s] (2637/4337) apas-verus::TestMatrixChainStPer test_matrix_dim_display
        PASS [   0.004s] (2638/4337) apas-verus::TestMaxContigSubSumBruteStEph test_all_positive
        PASS [   0.004s] (2639/4337) apas-verus::TestMatrixChainStPer test_memo_size
        PASS [   0.004s] (2640/4337) apas-verus::TestMaxContigSubSumBruteStEph test_empty
        PASS [   0.004s] (2641/4337) apas-verus::TestMaxContigSubSumBruteStEph test_all_negative
        PASS [   0.004s] (2642/4337) apas-verus::TestMaxContigSubSumBruteStEph test_ends_negative
        PASS [   0.004s] (2643/4337) apas-verus::TestMaxContigSubSumBruteStEph test_example_from_book
        PASS [   0.004s] (2644/4337) apas-verus::TestMaxContigSubSumBruteStEph test_starts_negative
        PASS [   0.004s] (2645/4337) apas-verus::TestMaxContigSubSumBruteStEph test_single_positive
        PASS [   0.003s] (2646/4337) apas-verus::TestMaxContigSubSumBruteStEph test_zero_elements
        PASS [   0.004s] (2647/4337) apas-verus::TestMaxContigSubSumBruteStEph test_single_negative
        PASS [   0.004s] (2648/4337) apas-verus::TestMaxContigSubSumDivConMtEph test_example_from_book
        PASS [   0.004s] (2649/4337) apas-verus::TestMaxContigSubSumDivConMtEph test_all_positive
        PASS [   0.004s] (2650/4337) apas-verus::TestMaxContigSubSumDivConMtEph test_all_negative
        PASS [   0.004s] (2651/4337) apas-verus::TestMaxContigSubSumDivConMtEph test_crossing_middle
        PASS [   0.004s] (2652/4337) apas-verus::TestMaxContigSubSumDivConMtEph test_empty
        PASS [   0.004s] (2653/4337) apas-verus::TestMaxContigSubSumDivConOptMtEph test_all_negative
        PASS [   0.004s] (2654/4337) apas-verus::TestMaxContigSubSumDivConMtEph test_single_positive
        PASS [   0.004s] (2655/4337) apas-verus::TestMaxContigSubSumDivConOptMtEph test_empty
        PASS [   0.004s] (2656/4337) apas-verus::TestMaxContigSubSumDivConOptMtEph test_example_from_book
        PASS [   0.004s] (2657/4337) apas-verus::TestMaxContigSubSumDivConOptMtEph test_all_positive
        PASS [   0.003s] (2658/4337) apas-verus::TestMaxContigSubSumDivConOptMtEph test_single_positive
        PASS [   0.004s] (2659/4337) apas-verus::TestMaxContigSubSumDivConOptMtEph test_larger_example
        PASS [   0.004s] (2660/4337) apas-verus::TestMaxContigSubSumDivConOptStEph test_all_negative
        PASS [   0.004s] (2661/4337) apas-verus::TestMaxContigSubSumDivConOptStEph test_all_positive
        PASS [   0.004s] (2662/4337) apas-verus::TestMaxContigSubSumDivConOptStEph test_empty
        PASS [   0.004s] (2663/4337) apas-verus::TestMaxContigSubSumDivConOptStEph test_example_from_book
        PASS [   0.004s] (2664/4337) apas-verus::TestMaxContigSubSumDivConOptStEph test_larger_example
        PASS [   0.004s] (2665/4337) apas-verus::TestMaxContigSubSumDivConStEph test_all_negative
        PASS [   0.004s] (2666/4337) apas-verus::TestMaxContigSubSumDivConOptStEph test_single_positive
        PASS [   0.004s] (2667/4337) apas-verus::TestMaxContigSubSumDivConStEph test_all_positive
        PASS [   0.004s] (2668/4337) apas-verus::TestMaxContigSubSumDivConStEph test_crossing_middle
        PASS [   0.004s] (2669/4337) apas-verus::TestMaxContigSubSumDivConStEph test_empty
        PASS [   0.003s] (2670/4337) apas-verus::TestMaxContigSubSumDivConStEph test_example_from_book
        PASS [   0.004s] (2671/4337) apas-verus::TestMaxContigSubSumDivConStEph test_single_positive
        PASS [   0.004s] (2672/4337) apas-verus::TestMaxContigSubSumIterStEph test_all_negative
        PASS [   0.004s] (2673/4337) apas-verus::TestMaxContigSubSumIterStEph test_example_from_book
        PASS [   0.003s] (2674/4337) apas-verus::TestMaxContigSubSumIterStEph test_larger_example
        PASS [   0.004s] (2675/4337) apas-verus::TestMaxContigSubSumIterStEph test_ends_negative
        PASS [   0.004s] (2676/4337) apas-verus::TestMaxContigSubSumIterStEph test_empty
        PASS [   0.004s] (2677/4337) apas-verus::TestMaxContigSubSumIterStEph test_all_positive
        PASS [   0.004s] (2678/4337) apas-verus::TestMaxContigSubSumIterStEph test_single_positive
        PASS [   0.004s] (2679/4337) apas-verus::TestMaxContigSubSumOptMtEph test_all_negative
        PASS [   0.004s] (2680/4337) apas-verus::TestMaxContigSubSumOptMtEph test_all_positive
        PASS [   0.004s] (2681/4337) apas-verus::TestMaxContigSubSumIterStEph test_starts_negative
        PASS [   0.004s] (2682/4337) apas-verus::TestMaxContigSubSumIterStEph test_single_negative
        PASS [   0.004s] (2683/4337) apas-verus::TestMaxContigSubSumOptMtEph test_example_from_book
        PASS [   0.004s] (2684/4337) apas-verus::TestMaxContigSubSumOptMtEph test_larger_example
        PASS [   0.004s] (2685/4337) apas-verus::TestMaxContigSubSumOptStEph test_all_negative
        PASS [   0.004s] (2686/4337) apas-verus::TestMaxContigSubSumOptMtEph test_single_positive
        PASS [   0.004s] (2687/4337) apas-verus::TestMaxContigSubSumOptMtEph test_empty
        PASS [   0.004s] (2688/4337) apas-verus::TestMaxContigSubSumOptStEph test_empty
        PASS [   0.004s] (2689/4337) apas-verus::TestMaxContigSubSumOptStEph test_all_positive
        PASS [   0.004s] (2690/4337) apas-verus::TestMaxContigSubSumOptStEph test_larger_example
        PASS [   0.004s] (2691/4337) apas-verus::TestMaxContigSubSumOptStEph test_example_from_book
        PASS [   0.004s] (2692/4337) apas-verus::TestMaxContigSubSumOptStEph test_single_positive
        PASS [   0.004s] (2693/4337) apas-verus::TestMaxContigSubSumReducedMcsseStEph test_ends_negative
        PASS [   0.004s] (2694/4337) apas-verus::TestMaxContigSubSumReducedMcsseStEph test_empty
        PASS [   0.004s] (2695/4337) apas-verus::TestMaxContigSubSumReducedMcsseStEph test_example_from_book
        PASS [   0.004s] (2696/4337) apas-verus::TestMaxContigSubSumReducedMcsseStEph test_all_negative
        PASS [   0.004s] (2697/4337) apas-verus::TestMaxContigSubSumReducedMcsseStEph test_all_positive
        PASS [   0.004s] (2698/4337) apas-verus::TestMaxContigSubSumReducedMcsseStEph test_larger_example
        PASS [   0.004s] (2699/4337) apas-verus::TestMaxContigSubSumReducedMcsseStEph test_starts_negative
        PASS [   0.004s] (2700/4337) apas-verus::TestMaxContigSubSumReducedMcsseStEph test_single_negative
        PASS [   0.004s] (2701/4337) apas-verus::TestMaxContigSubSumReducedMcsseStEph test_single_positive
        PASS [   0.004s] (2702/4337) apas-verus::TestMaxContigSubSumReducedStEph test_all_negative
        PASS [   0.004s] (2703/4337) apas-verus::TestMaxContigSubSumReducedStEph test_single_positive
        PASS [   0.004s] (2704/4337) apas-verus::TestMaxContigSubSumReducedStEph test_example_from_book
        PASS [   0.004s] (2705/4337) apas-verus::TestMaxContigSubSumReducedStEph test_empty
        PASS [   0.004s] (2706/4337) apas-verus::TestMaxContigSubSumReducedStEph test_all_positive
        PASS [   0.004s] (2707/4337) apas-verus::TestMergeSortMtPer test_merge_parallel
        PASS [   0.004s] (2708/4337) apas-verus::TestMergeSortMtPer test_merge_parallel_empty_left
        PASS [   0.004s] (2709/4337) apas-verus::TestMergeSortMtPer test_merge_parallel_empty_right
        PASS [   0.004s] (2710/4337) apas-verus::TestMergeSortMtPer test_merge_sort_parallel_empty
        PASS [   0.005s] (2711/4337) apas-verus::TestMergeSortMtPer test_merge_sort_parallel_duplicates
        PASS [   0.005s] (2712/4337) apas-verus::TestMergeSortMtPer test_merge_sort_parallel_all_same
        PASS [   0.003s] (2713/4337) apas-verus::TestMergeSortMtPer test_merge_sort_parallel_single
        PASS [   0.005s] (2714/4337) apas-verus::TestMergeSortMtPer test_merge_sort_parallel_reverse
        PASS [   0.004s] (2715/4337) apas-verus::TestMergeSortStPer test_merge_empty
        PASS [   0.006s] (2716/4337) apas-verus::TestMergeSortMtPer test_merge_sort_parallel_large
        PASS [   0.005s] (2717/4337) apas-verus::TestMergeSortMtPer test_merge_sort_parallel_sorted
        PASS [   0.004s] (2718/4337) apas-verus::TestMergeSortStPer test_merge_one_empty
        PASS [   0.004s] (2719/4337) apas-verus::TestMergeSortStPer test_merge_sort_empty
        PASS [   0.004s] (2720/4337) apas-verus::TestMergeSortStPer test_merge_sort_duplicates
        PASS [   0.004s] (2721/4337) apas-verus::TestMergeSortStPer test_merge_sort_reverse
        PASS [   0.003s] (2722/4337) apas-verus::TestMergeSortStPer test_merge_sort_single
        PASS [   0.004s] (2723/4337) apas-verus::TestMergeSortStPer test_merge_sort_sorted
        PASS [   0.004s] (2724/4337) apas-verus::TestMergeSortStPer test_merge_sorted
        PASS [   0.004s] (2725/4337) apas-verus::TestMinEditDistMtEph test_clear_memo
        PASS [   0.004s] (2726/4337) apas-verus::TestMinEditDistMtEph test_constructors
        PASS [   0.004s] (2727/4337) apas-verus::TestMinEditDistMtEph test_completely_different
        PASS [   0.004s] (2728/4337) apas-verus::TestMinEditDistMtEph test_getters
        PASS [   0.004s] (2729/4337) apas-verus::TestMinEditDistMtEph test_display_trait
        PASS [   0.004s] (2730/4337) apas-verus::TestMinEditDistMtEph test_identical_sequences
        PASS [   0.004s] (2731/4337) apas-verus::TestMinEditDistMtEph test_macro_usage
        PASS [   0.005s] (2732/4337) apas-verus::TestMinEditDistMtEph test_kitten_to_sitting
        PASS [   0.004s] (2733/4337) apas-verus::TestMinEditDistMtEph test_min_edit_distance_mt_eph_basic
        PASS [   0.004s] (2734/4337) apas-verus::TestMinEditDistMtEph test_memo_size
        PASS [   0.004s] (2735/4337) apas-verus::TestMinEditDistMtEph test_min_edit_distance_mt_eph_empty
        PASS [   0.004s] (2736/4337) apas-verus::TestMinEditDistMtEph test_min_edit_distance_mt_eph_mutation
        PASS [   0.004s] (2737/4337) apas-verus::TestMinEditDistMtEph test_multiple_calls
        PASS [   0.004s] (2738/4337) apas-verus::TestMinEditDistMtEph test_mutable_getters
        PASS [   0.004s] (2739/4337) apas-verus::TestMinEditDistMtEph test_mutation_clears_cache
        PASS [   0.005s] (2740/4337) apas-verus::TestMinEditDistMtEph test_prefix_match
        PASS [   0.004s] (2741/4337) apas-verus::TestMinEditDistMtEph test_set_methods
        PASS [   0.004s] (2742/4337) apas-verus::TestMinEditDistMtEph test_single_delete
        PASS [   0.004s] (2743/4337) apas-verus::TestMinEditDistMtEph test_single_insert
        PASS [   0.004s] (2744/4337) apas-verus::TestMinEditDistMtEph test_single_substitute
        PASS [   0.004s] (2745/4337) apas-verus::TestMinEditDistMtEph test_suffix_match
        PASS [   0.004s] (2746/4337) apas-verus::TestMinEditDistMtEph test_with_integers
        PASS [   0.004s] (2747/4337) apas-verus::TestMinEditDistMtPer test_min_edit_distance_mt_per_basic
        PASS [   0.004s] (2748/4337) apas-verus::TestMinEditDistMtPer test_min_edit_distance_mt_per_clone
        PASS [   0.004s] (2749/4337) apas-verus::TestMinEditDistMtPer test_min_edit_distance_mt_per_completely_different
        PASS [   0.004s] (2750/4337) apas-verus::TestMinEditDistMtPer test_min_edit_distance_mt_per_display
        PASS [   0.004s] (2751/4337) apas-verus::TestMinEditDistMtPer test_min_edit_distance_mt_per_empty
        PASS [   0.004s] (2752/4337) apas-verus::TestMinEditDistMtPer test_min_edit_distance_mt_per_from_sequences
        PASS [   0.004s] (2753/4337) apas-verus::TestMinEditDistMtPer test_min_edit_distance_mt_per_identical
        PASS [   0.004s] (2754/4337) apas-verus::TestMinEditDistMtPer test_min_edit_distance_mt_per_new
        PASS [   0.004s] (2755/4337) apas-verus::TestMinEditDistMtPer test_min_edit_distance_mt_per_memo_size
        PASS [   0.004s] (2756/4337) apas-verus::TestMinEditDistMtPer test_min_edit_distance_mt_per_partial_eq
        PASS [   0.004s] (2757/4337) apas-verus::TestMinEditDistMtPer test_min_edit_distance_mt_per_single_char
        PASS [   0.004s] (2758/4337) apas-verus::TestMinEditDistMtPer test_min_edit_distance_mt_per_source_getter
        PASS [   0.004s] (2759/4337) apas-verus::TestMinEditDistMtPer test_min_edit_distance_mt_per_target_getter
        PASS [   0.004s] (2760/4337) apas-verus::TestMinEditDistStEph test_completely_different
        PASS [   0.004s] (2761/4337) apas-verus::TestMinEditDistStEph test_display
        PASS [   0.004s] (2762/4337) apas-verus::TestMinEditDistStEph test_empty_sequences
        PASS [   0.004s] (2763/4337) apas-verus::TestMinEditDistStEph test_empty_source
        PASS [   0.003s] (2764/4337) apas-verus::TestMinEditDistStEph test_empty_target
        PASS [   0.004s] (2765/4337) apas-verus::TestMinEditDistStEph test_from_sequences
        PASS [   0.003s] (2766/4337) apas-verus::TestMinEditDistStEph test_identical_sequences
        PASS [   0.003s] (2767/4337) apas-verus::TestMinEditDistStEph test_into_iterator
        PASS [   0.004s] (2768/4337) apas-verus::TestMinEditDistStEph test_into_iterator_mut_ref
        PASS [   0.003s] (2769/4337) apas-verus::TestMinEditDistStEph test_into_iterator_ref
        PASS [   0.004s] (2770/4337) apas-verus::TestMinEditDistStEph test_longer_sequences
        PASS [   0.004s] (2771/4337) apas-verus::TestMinEditDistStEph test_macro_empty
        PASS [   0.004s] (2772/4337) apas-verus::TestMinEditDistStEph test_memoization
        PASS [   0.004s] (2773/4337) apas-verus::TestMinEditDistStEph test_min_edit_distance_st_eph_basic
        PASS [   0.004s] (2774/4337) apas-verus::TestMinEditDistStEph test_min_edit_distance_eph_mutation
        PASS [   0.004s] (2775/4337) apas-verus::TestMinEditDistStEph test_new
        PASS [   0.004s] (2776/4337) apas-verus::TestMinEditDistStEph test_set_source_clears_memo
        PASS [   0.004s] (2777/4337) apas-verus::TestMinEditDistStEph test_set_target_clears_memo
        PASS [   0.004s] (2778/4337) apas-verus::TestMinEditDistStEph test_source_target_mut
        PASS [   0.004s] (2779/4337) apas-verus::TestMinEditDistStEph test_source_target_getters
        PASS [   0.004s] (2780/4337) apas-verus::TestMinEditDistStPer test_completely_different
        PASS [   0.003s] (2781/4337) apas-verus::TestMinEditDistStPer test_display
        PASS [   0.004s] (2782/4337) apas-verus::TestMinEditDistStPer test_from_sequences
        PASS [   0.004s] (2783/4337) apas-verus::TestMinEditDistStPer test_into_iterator
        PASS [   0.004s] (2784/4337) apas-verus::TestMinEditDistStPer test_identical_sequences
        PASS [   0.003s] (2785/4337) apas-verus::TestMinEditDistStPer test_into_iterator_ref
        PASS [   0.003s] (2786/4337) apas-verus::TestMinEditDistStPer test_longer_sequences
        PASS [   0.004s] (2787/4337) apas-verus::TestMinEditDistStPer test_macro_empty
        PASS [   0.004s] (2788/4337) apas-verus::TestMinEditDistStPer test_min_edit_distance_st_per_basic
        PASS [   0.004s] (2789/4337) apas-verus::TestMinEditDistStPer test_min_edit_distance_st_per_example_49_3
        PASS [   0.004s] (2790/4337) apas-verus::TestMinEditDistStPer test_memo_size
        PASS [   0.004s] (2791/4337) apas-verus::TestMinEditDistStPer test_min_edit_distance_st_per_single_operations
        PASS [   0.004s] (2792/4337) apas-verus::TestMinEditDistStPer test_multiple_calls
        PASS [   0.004s] (2793/4337) apas-verus::TestMinEditDistStPer test_prefix_suffix
        PASS [   0.004s] (2794/4337) apas-verus::TestMinEditDistStPer test_persistent_immutability
        PASS [   0.004s] (2795/4337) apas-verus::TestMinEditDistStPer test_new
        PASS [   0.003s] (2796/4337) apas-verus::TestMinEditDistStPer test_single_char_difference
        PASS [   0.004s] (2797/4337) apas-verus::TestMinEditDistStPer test_source_target_getters
        PASS [   0.004s] (2798/4337) apas-verus::TestMinEditDistStPer test_with_integers
        PASS [   0.004s] (2799/4337) apas-verus::TestOBSTMtEph test_display
        PASS [   0.004s] (2800/4337) apas-verus::TestOBSTMtEph test_clone
        PASS [   0.004s] (2801/4337) apas-verus::TestOBSTMtEph test_clear_memo
        PASS [   0.004s] (2802/4337) apas-verus::TestOBSTMtEph test_empty_tree
        PASS [   0.004s] (2803/4337) apas-verus::TestOBSTMtEph test_into_iter
        PASS [   0.004s] (2804/4337) apas-verus::TestOBSTMtEph test_equality
        PASS [   0.004s] (2805/4337) apas-verus::TestOBSTMtEph test_from_keys_probs
        PASS [   0.004s] (2806/4337) apas-verus::TestOBSTMtEph test_from_key_probs
        PASS [   0.005s] (2807/4337) apas-verus::TestOBSTMtEph test_into_iter_ref
        PASS [   0.004s] (2808/4337) apas-verus::TestOBSTMtEph test_memo_size
        PASS [   0.004s] (2809/4337) apas-verus::TestOBSTMtEph test_keys_method
        PASS [   0.004s] (2810/4337) apas-verus::TestOBSTMtEph test_keyprob_display
        PASS [   0.005s] (2811/4337) apas-verus::TestOBSTMtEph test_large_tree
        PASS [   0.004s] (2812/4337) apas-verus::TestOBSTMtEph test_new
        PASS [   0.004s] (2813/4337) apas-verus::TestOBSTMtEph test_num_keys
        PASS [   0.004s] (2814/4337) apas-verus::TestOBSTMtEph test_obstmtephlit_macro_functionality
        PASS [   0.004s] (2815/4337) apas-verus::TestOBSTMtEph test_num_keys_method
        PASS [   0.003s] (2816/4337) apas-verus::TestOBSTMtEph test_optimal_cost_single_key
        PASS [   0.004s] (2817/4337) apas-verus::TestOBSTMtEph test_optimal_cost_three_keys
        PASS [   0.004s] (2818/4337) apas-verus::TestOBSTMtEph test_parallel_execution
        PASS [   0.004s] (2819/4337) apas-verus::TestOBSTMtEph test_set_key_prob
        PASS [   0.004s] (2820/4337) apas-verus::TestOBSTMtEph test_optimal_cost_two_keys
        PASS [   0.004s] (2821/4337) apas-verus::TestOBSTMtEph test_skewed_probabilities
        PASS [   0.004s] (2822/4337) apas-verus::TestOBSTMtEph test_uniform_probabilities
        PASS [   0.004s] (2823/4337) apas-verus::TestOBSTMtPer test_keyprob_display
        PASS [   0.004s] (2824/4337) apas-verus::TestOBSTMtEph test_update_prob
        PASS [   0.004s] (2825/4337) apas-verus::TestOBSTMtPer test_obst_display
        PASS [   0.004s] (2826/4337) apas-verus::TestOBSTMtPer test_obst_empty
        PASS [   0.004s] (2827/4337) apas-verus::TestOBSTMtPer test_obst_equality
        PASS [   0.004s] (2828/4337) apas-verus::TestOBSTMtPer test_obst_from_key_probs
        PASS [   0.004s] (2829/4337) apas-verus::TestOBSTMtPer test_obst_four_keys_equal_probs
        PASS [   0.004s] (2830/4337) apas-verus::TestOBSTMtPer test_obst_from_keys_probs
        PASS [   0.005s] (2831/4337) apas-verus::TestOBSTMtPer test_obst_five_keys
        PASS [   0.004s] (2832/4337) apas-verus::TestOBSTMtPer test_obst_iterability
        PASS [   0.004s] (2833/4337) apas-verus::TestOBSTMtPer test_obst_single_key
        PASS [   0.004s] (2834/4337) apas-verus::TestOBSTMtPer test_obst_memo_cache
        PASS [   0.004s] (2835/4337) apas-verus::TestOBSTMtPer test_obst_skewed_probabilities
        PASS [   0.004s] (2836/4337) apas-verus::TestOBSTMtPer test_obst_three_keys
        PASS [   0.004s] (2837/4337) apas-verus::TestOBSTMtPer test_obst_two_keys
        PASS [   0.004s] (2838/4337) apas-verus::TestOptBinSearchTreeStEph test_display_key_prob
        PASS [   0.004s] (2839/4337) apas-verus::TestOptBinSearchTreeStEph test_display_obst
        PASS [   0.004s] (2840/4337) apas-verus::TestOptBinSearchTreeStEph test_four_keys
        PASS [   0.004s] (2841/4337) apas-verus::TestOptBinSearchTreeStEph test_from_key_probs
        PASS [   0.004s] (2842/4337) apas-verus::TestOptBinSearchTreeStEph test_into_iterator_mut_ref
        PASS [   0.004s] (2843/4337) apas-verus::TestOptBinSearchTreeStEph test_keys_getter
        PASS [   0.004s] (2844/4337) apas-verus::TestOptBinSearchTreeStEph test_into_iterator_ref
        PASS [   0.004s] (2845/4337) apas-verus::TestOptBinSearchTreeStEph test_into_iterator
        PASS [   0.003s] (2846/4337) apas-verus::TestOptBinSearchTreeStEph test_keys_mut
        PASS [   0.004s] (2847/4337) apas-verus::TestOptBinSearchTreeStEph test_obst_st_eph_single_key
        PASS [   0.004s] (2848/4337) apas-verus::TestOptBinSearchTreeStEph test_memoization
        PASS [   0.004s] (2849/4337) apas-verus::TestOptBinSearchTreeStEph test_macro_empty
        PASS [   0.004s] (2850/4337) apas-verus::TestOptBinSearchTreeStEph test_obst_st_eph_mutation
        PASS [   0.004s] (2851/4337) apas-verus::TestOptBinSearchTreeStEph test_obst_st_eph_empty
        PASS [   0.004s] (2852/4337) apas-verus::TestOptBinSearchTreeStEph test_update_prob
        PASS [   0.004s] (2853/4337) apas-verus::TestOptBinSearchTreeStEph test_two_keys
        PASS [   0.004s] (2854/4337) apas-verus::TestOptBinSearchTreeStEph test_set_key_prob
        PASS [   0.004s] (2855/4337) apas-verus::TestOptBinSearchTreeStEph test_three_keys
        PASS [   0.004s] (2856/4337) apas-verus::TestOptBinSearchTreeStPer test_obst_macro
        PASS [   0.004s] (2857/4337) apas-verus::TestOptBinSearchTreeStPer test_obst_st_per_empty
        PASS [   0.004s] (2858/4337) apas-verus::TestOptBinSearchTreeStPer test_obst_st_per_from_key_probs
        PASS [   0.004s] (2859/4337) apas-verus::TestOptBinSearchTreeStPer test_obst_st_per_into_iter_ref
        PASS [   0.004s] (2860/4337) apas-verus::TestOptBinSearchTreeStPer test_obst_st_per_display
        PASS [   0.005s] (2861/4337) apas-verus::TestOptBinSearchTreeStPer test_obst_st_per_into_iter_owned
        PASS [   0.003s] (2862/4337) apas-verus::TestOptBinSearchTreeStPer test_obst_st_per_memo_size
        PASS [   0.004s] (2863/4337) apas-verus::TestOptBinSearchTreeStPer test_obst_st_per_keys_getter
        PASS [   0.004s] (2864/4337) apas-verus::TestOptBinSearchTreeStPer test_obst_st_per_key_prob_display
        PASS [   0.003s] (2865/4337) apas-verus::TestOptBinSearchTreeStPer test_obst_st_per_single_key
        PASS [   0.003s] (2866/4337) apas-verus::TestOptBinSearchTreeStPer test_obst_st_per_three_keys
        PASS [   0.004s] (2867/4337) apas-verus::TestOrdKeyMap test_ordkeymap_clone_equals_original
        PASS [   0.004s] (2868/4337) apas-verus::TestOptBinSearchTreeStPer test_obst_st_per_two_keys
        PASS [   0.004s] (2869/4337) apas-verus::TestOrdKeyMap test_ordkeymap_clone_empty
        PASS [   0.004s] (2870/4337) apas-verus::TestOrdKeyMap test_ordkeymap_clone_filter_map_values_independent
        PASS [   0.004s] (2871/4337) apas-verus::TestOrdKeyMap test_ordkeymap_clone_modify_clone_no_effect_on_original
        PASS [   0.004s] (2872/4337) apas-verus::TestOrdKeyMap test_ordkeymap_collect_empty
        PASS [   0.004s] (2873/4337) apas-verus::TestOrdKeyMap test_ordkeymap_collect_roundtrip
        PASS [   0.004s] (2874/4337) apas-verus::TestOrdKeyMap test_ordkeymap_collect_after_filter
        PASS [   0.004s] (2875/4337) apas-verus::TestOrdKeyMap test_ordkeymap_collect_singleton
        PASS [   0.004s] (2876/4337) apas-verus::TestOrdKeyMap test_ordkeymap_collect_sorted_order
        PASS [   0.004s] (2877/4337) apas-verus::TestOrdKeyMap test_ordkeymap_collect_values_correct
        PASS [   0.004s] (2878/4337) apas-verus::TestOrdKeyMap test_ordkeymap_filter_by_value
        PASS [   0.004s] (2879/4337) apas-verus::TestOrdKeyMap test_ordkeymap_delete_nonexistent
        PASS [   0.004s] (2880/4337) apas-verus::TestOrdKeyMap test_ordkeymap_delete
        PASS [   0.004s] (2881/4337) apas-verus::TestOrdKeyMap test_ordkeymap_filter_empty_map
        PASS [   0.004s] (2882/4337) apas-verus::TestOrdKeyMap test_ordkeymap_filter_keep_some
        PASS [   0.004s] (2883/4337) apas-verus::TestOrdKeyMap test_ordkeymap_first_key_empty
        PASS [   0.004s] (2884/4337) apas-verus::TestOrdKeyMap test_ordkeymap_filter_keep_none
        PASS [   0.004s] (2885/4337) apas-verus::TestOrdKeyMap test_ordkeymap_filter_keep_all
        PASS [   0.004s] (2886/4337) apas-verus::TestOrdKeyMap test_ordkeymap_first_key_is_minimum
        PASS [   0.004s] (2887/4337) apas-verus::TestOrdKeyMap test_ordkeymap_first_key_multiple
        PASS [   0.004s] (2888/4337) apas-verus::TestOrdKeyMap test_ordkeymap_first_last_key_singleton_equal
        PASS [   0.004s] (2889/4337) apas-verus::TestOrdKeyMap test_ordkeymap_first_key_singleton
        PASS [   0.004s] (2890/4337) apas-verus::TestOrdKeyMap test_ordkeymap_get_key_range_all_keys
        PASS [   0.003s] (2891/4337) apas-verus::TestOrdKeyMap test_ordkeymap_get_key_range_empty_map
        PASS [   0.004s] (2892/4337) apas-verus::TestOrdKeyMap test_ordkeymap_get_key_range_no_keys_in_bounds
        PASS [   0.004s] (2893/4337) apas-verus::TestOrdKeyMap test_ordkeymap_get_key_range_subset
        PASS [   0.004s] (2894/4337) apas-verus::TestOrdKeyMap test_ordkeymap_get_key_range_exact_boundaries
        PASS [   0.004s] (2895/4337) apas-verus::TestOrdKeyMap test_ordkeymap_insert_find
        PASS [   0.004s] (2896/4337) apas-verus::TestOrdKeyMap test_ordkeymap_get_key_range_values_preserved
        PASS [   0.004s] (2897/4337) apas-verus::TestOrdKeyMap test_ordkeymap_insert_overwrite
        PASS [   0.004s] (2898/4337) apas-verus::TestOrdKeyMap test_ordkeymap_intersect_with_empty
        PASS [   0.004s] (2899/4337) apas-verus::TestOrdKeyMap test_ordkeymap_intersect_with_disjoint
        PASS [   0.004s] (2900/4337) apas-verus::TestOrdKeyMap test_ordkeymap_intersect_with_left_wins
        PASS [   0.004s] (2901/4337) apas-verus::TestOrdKeyMap test_ordkeymap_intersect_with_overlap_sum
        PASS [   0.004s] (2902/4337) apas-verus::TestOrdKeyMap test_ordkeymap_last_key_singleton
        PASS [   0.004s] (2903/4337) apas-verus::TestOrdKeyMap test_ordkeymap_last_key_empty
        PASS [   0.004s] (2904/4337) apas-verus::TestOrdKeyMap test_ordkeymap_last_key_is_maximum
        PASS [   0.004s] (2905/4337) apas-verus::TestOrdKeyMap test_ordkeymap_last_key_multiple
        PASS [   0.005s] (2906/4337) apas-verus::TestOrdKeyMap test_ordkeymap_map_values_double
        PASS [   0.004s] (2907/4337) apas-verus::TestOrdKeyMap test_ordkeymap_map_values_empty
        PASS [   0.004s] (2908/4337) apas-verus::TestOrdKeyMap test_ordkeymap_map_values_key_dependent
        PASS [   0.003s] (2909/4337) apas-verus::TestOrdKeyMap test_ordkeymap_next_key_after_all
        PASS [   0.004s] (2910/4337) apas-verus::TestOrdKeyMap test_ordkeymap_map_values_keys_unchanged
        PASS [   0.004s] (2911/4337) apas-verus::TestOrdKeyMap test_ordkeymap_new_empty
        PASS [   0.004s] (2912/4337) apas-verus::TestOrdKeyMap test_ordkeymap_next_key_before_all
        PASS [   0.004s] (2913/4337) apas-verus::TestOrdKeyMap test_ordkeymap_next_key_basic
        PASS [   0.004s] (2914/4337) apas-verus::TestOrdKeyMap test_ordkeymap_next_key_empty
        PASS [   0.004s] (2915/4337) apas-verus::TestOrdKeyMap test_ordkeymap_next_key_last_element
        PASS [   0.005s] (2916/4337) apas-verus::TestOrdKeyMap test_ordkeymap_next_key_between_keys
        PASS [   0.004s] (2917/4337) apas-verus::TestOrdKeyMap test_ordkeymap_prev_key_before_all
        PASS [   0.004s] (2918/4337) apas-verus::TestOrdKeyMap test_ordkeymap_prev_key_basic
        PASS [   0.004s] (2919/4337) apas-verus::TestOrdKeyMap test_ordkeymap_next_prev_walk
        PASS [   0.004s] (2920/4337) apas-verus::TestOrdKeyMap test_ordkeymap_prev_key_after_all
        PASS [   0.004s] (2921/4337) apas-verus::TestOrdKeyMap test_ordkeymap_prev_key_between_keys
        PASS [   0.004s] (2922/4337) apas-verus::TestOrdKeyMap test_ordkeymap_prev_key_first_element
        PASS [   0.004s] (2923/4337) apas-verus::TestOrdKeyMap test_ordkeymap_rank_key_basic
        PASS [   0.004s] (2924/4337) apas-verus::TestOrdKeyMap test_ordkeymap_prev_key_empty
        PASS [   0.004s] (2925/4337) apas-verus::TestOrdKeyMap test_ordkeymap_rank_key_empty
        PASS [   0.004s] (2926/4337) apas-verus::TestOrdKeyMap test_ordkeymap_rank_key_missing
        PASS [   0.004s] (2927/4337) apas-verus::TestOrdKeyMap test_ordkeymap_rank_select_roundtrip
        PASS [   0.004s] (2928/4337) apas-verus::TestOrdKeyMap test_ordkeymap_reduce_after_map_values
        PASS [   0.004s] (2929/4337) apas-verus::TestOrdKeyMap test_ordkeymap_reduce_max
        PASS [   0.004s] (2930/4337) apas-verus::TestOrdKeyMap test_ordkeymap_reduce_empty
        PASS [   0.004s] (2931/4337) apas-verus::TestOrdKeyMap test_ordkeymap_reduce_singleton
        PASS [   0.004s] (2932/4337) apas-verus::TestOrdKeyMap test_ordkeymap_select_key_out_of_range
        PASS [   0.004s] (2933/4337) apas-verus::TestOrdKeyMap test_ordkeymap_reduce_sum
        PASS [   0.004s] (2934/4337) apas-verus::TestOrdKeyMap test_ordkeymap_select_key_basic
        PASS [   0.004s] (2935/4337) apas-verus::TestOrdKeyMap test_ordkeymap_select_key_empty
        PASS [   0.004s] (2936/4337) apas-verus::TestOrdKeyMap test_ordkeymap_split
        PASS [   0.003s] (2937/4337) apas-verus::TestOrdKeyMap test_ordkeymap_split_rank_key_at_zero
        PASS [   0.004s] (2938/4337) apas-verus::TestOrdKeyMap test_ordkeymap_split_rank_key_at_middle
        PASS [   0.004s] (2939/4337) apas-verus::TestOrdKeyMap test_ordkeymap_split_missing_key
        PASS [   0.003s] (2940/4337) apas-verus::TestOrdKeyMap test_ordkeymap_split_rank_key_disjoint_doms
        PASS [   0.004s] (2941/4337) apas-verus::TestOrdKeyMap test_ordkeymap_split_rank_key_at_size
        PASS [   0.004s] (2942/4337) apas-verus::TestOrdKeyMap test_ordkeymap_split_rank_key_ordering
        PASS [   0.004s] (2943/4337) apas-verus::TestOrdKeyMap test_ordkeymap_split_rank_key_sizes_sum
        PASS [   0.004s] (2944/4337) apas-verus::TestOrdKeyMap test_ordkeymap_split_rank_key_singleton_left
        PASS [   0.004s] (2945/4337) apas-verus::TestOrdKeyMap test_ordkeymap_union_with_empty_left
        PASS [   0.004s] (2946/4337) apas-verus::TestOrdKeyMap test_ordkeymap_union_with_disjoint
        PASS [   0.004s] (2947/4337) apas-verus::TestOrdKeyMap test_ordkeymap_union_with_empty_right
        PASS [   0.004s] (2948/4337) apas-verus::TestOrdKeyMap test_ordkeymap_union_with_overlap_left_wins
        PASS [   0.004s] (2949/4337) apas-verus::TestOrdKeyMap test_ordkeymap_union_with_overlap_right_wins
        PASS [   0.004s] (2950/4337) apas-verus::TestOrdKeyMap test_ordkeymap_union_with_overlap_sum
        PASS [   0.004s] (2951/4337) apas-verus::TestOrderStatSelectMtEph test_alternating_values
        PASS [   0.005s] (2952/4337) apas-verus::TestOrderStatSelectMtEph test_already_sorted
        PASS [   0.018s] (2953/4337) apas-verus::TestOrdKeyMap test_ordkeymap_stress_union_intersect
        PASS [   0.004s] (2954/4337) apas-verus::TestOrderStatSelectMtEph test_duplicates
        PASS [   0.004s] (2955/4337) apas-verus::TestOrderStatSelectMtEph test_empty
        PASS [   0.009s] (2956/4337) apas-verus::TestOrderStatSelectMtEph test_concurrent_select
        PASS [   0.005s] (2957/4337) apas-verus::TestOrderStatSelectMtEph test_min_max_values
        PASS [   0.007s] (2958/4337) apas-verus::TestOrderStatSelectMtEph test_mixed
        PASS [   0.005s] (2959/4337) apas-verus::TestOrderStatSelectMtEph test_negative
        PASS [   0.005s] (2960/4337) apas-verus::TestOrderStatSelectMtEph test_out_of_bounds
        PASS [   0.005s] (2961/4337) apas-verus::TestOrderStatSelectMtEph test_reverse_sorted
        PASS [   0.005s] (2962/4337) apas-verus::TestOrderStatSelectMtEph test_select_median
        PASS [   0.004s] (2963/4337) apas-verus::TestOrderStatSelectMtEph test_single
        PASS [   0.022s] (2964/4337) apas-verus::TestOrderStatSelectMtEph test_large
        PASS [   0.047s] (2965/4337) apas-verus::TestOrdKeyMap test_ordkeymap_stress_insert_delete_find
        PASS [   0.006s] (2966/4337) apas-verus::TestOrderStatSelectMtEph test_small
        PASS [   0.004s] (2967/4337) apas-verus::TestOrderStatSelectMtEph test_two_elements
        PASS [   0.005s] (2968/4337) apas-verus::TestOrderStatSelectMtPer test_already_sorted
        PASS [   0.004s] (2969/4337) apas-verus::TestOrderStatSelectMtPer test_alternating_values
        PASS [   0.004s] (2970/4337) apas-verus::TestOrderStatSelectMtPer test_empty
        PASS [   0.004s] (2971/4337) apas-verus::TestOrderStatSelectMtPer test_duplicates
        PASS [   0.004s] (2972/4337) apas-verus::TestOrderStatSelectMtPer test_min_max_values
        PASS [   0.005s] (2973/4337) apas-verus::TestOrderStatSelectMtPer test_negative
        PASS [   0.004s] (2974/4337) apas-verus::TestOrderStatSelectMtPer test_out_of_bounds
        PASS [   0.006s] (2975/4337) apas-verus::TestOrderStatSelectMtPer test_mixed
        PASS [   0.004s] (2976/4337) apas-verus::TestOrderStatSelectMtPer test_single
        PASS [   0.005s] (2977/4337) apas-verus::TestOrderStatSelectMtPer test_select_median
        PASS [   0.006s] (2978/4337) apas-verus::TestOrderStatSelectMtPer test_reverse_sorted
        PASS [   0.004s] (2979/4337) apas-verus::TestOrderStatSelectMtPer test_two_elements
        PASS [   0.018s] (2980/4337) apas-verus::TestOrderStatSelectMtPer test_large
        PASS [   0.004s] (2981/4337) apas-verus::TestOrderStatSelectStEph test_all_same_select_minimum
        PASS [   0.006s] (2982/4337) apas-verus::TestOrderStatSelectMtPer test_small
        PASS [   0.004s] (2983/4337) apas-verus::TestOrderStatSelectStEph test_already_sorted
        PASS [   0.004s] (2984/4337) apas-verus::TestOrderStatSelectStEph test_alternating_two_values
        PASS [   0.004s] (2985/4337) apas-verus::TestOrderStatSelectStEph test_duplicates
        PASS [   0.003s] (2986/4337) apas-verus::TestOrderStatSelectStEph test_empty
        PASS [   0.004s] (2987/4337) apas-verus::TestOrderStatSelectStEph test_mixed
        PASS [   0.004s] (2988/4337) apas-verus::TestOrderStatSelectStEph test_large
        PASS [   0.003s] (2989/4337) apas-verus::TestOrderStatSelectStEph test_negative
        PASS [   0.004s] (2990/4337) apas-verus::TestOrderStatSelectStEph test_min_max_values
        PASS [   0.004s] (2991/4337) apas-verus::TestOrderStatSelectStEph test_single
        PASS [   0.004s] (2992/4337) apas-verus::TestOrderStatSelectStEph test_reverse_sorted
        PASS [   0.004s] (2993/4337) apas-verus::TestOrderStatSelectStEph test_out_of_bounds_various_sizes
        PASS [   0.004s] (2994/4337) apas-verus::TestOrderStatSelectStEph test_select_median
        PASS [   0.004s] (2995/4337) apas-verus::TestOrderStatSelectStEph test_two_elements
        PASS [   0.004s] (2996/4337) apas-verus::TestOrderStatSelectStPer test_already_sorted
        PASS [   0.004s] (2997/4337) apas-verus::TestOrderStatSelectStPer test_alternating_values
        PASS [   0.004s] (2998/4337) apas-verus::TestOrderStatSelectStEph test_small
        PASS [   0.004s] (2999/4337) apas-verus::TestOrderStatSelectStPer test_empty
        PASS [   0.004s] (3000/4337) apas-verus::TestOrderStatSelectStPer test_min_max_values
        PASS [   0.004s] (3001/4337) apas-verus::TestOrderStatSelectStPer test_large
        PASS [   0.004s] (3002/4337) apas-verus::TestOrderStatSelectStPer test_duplicates
        PASS [   0.003s] (3003/4337) apas-verus::TestOrderStatSelectStPer test_out_of_bounds
        PASS [   0.003s] (3004/4337) apas-verus::TestOrderStatSelectStPer test_negative
        PASS [   0.004s] (3005/4337) apas-verus::TestOrderStatSelectStPer test_mixed
        PASS [   0.004s] (3006/4337) apas-verus::TestOrderStatSelectStPer test_reverse_sorted
        PASS [   0.003s] (3007/4337) apas-verus::TestOrderStatSelectStPer test_two_elements
        PASS [   0.004s] (3008/4337) apas-verus::TestOrderStatSelectStPer test_single
        PASS [   0.004s] (3009/4337) apas-verus::TestOrderStatSelectStPer test_select_median
        PASS [   0.004s] (3010/4337) apas-verus::TestOrderStatSelectStPer test_small
        PASS [   0.004s] (3011/4337) apas-verus::TestOrderedSetMtEph test_empty
        PASS [   0.004s] (3012/4337) apas-verus::TestOrderedSetMtEph test_ephemeral_semantics
        PASS [   0.004s] (3013/4337) apas-verus::TestOrderedSetMtEph test_difference
        PASS [   0.004s] (3014/4337) apas-verus::TestOrderedSetMtEph test_delete
        PASS [   0.004s] (3015/4337) apas-verus::TestOrderedSetMtEph test_first_and_last
        PASS [   0.003s] (3016/4337) apas-verus::TestOrderedSetMtEph test_get_range
        PASS [   0.004s] (3017/4337) apas-verus::TestOrderedSetMtEph test_filter
        PASS [   0.004s] (3018/4337) apas-verus::TestOrderedSetMtEph test_insert_and_find
        PASS [   0.004s] (3019/4337) apas-verus::TestOrderedSetMtEph test_join
        PASS [   0.004s] (3020/4337) apas-verus::TestOrderedSetMtEph test_next
        PASS [   0.004s] (3021/4337) apas-verus::TestOrderedSetMtEph test_intersection
        PASS [   0.006s] (3022/4337) apas-verus::TestOrderedSetMtEph test_large_dataset_performance
        PASS [   0.004s] (3023/4337) apas-verus::TestOrderedSetMtEph test_previous
        PASS [   0.004s] (3024/4337) apas-verus::TestOrderedSetMtEph test_ordered_set_mt_eph_lit_macro
        PASS [   0.003s] (3025/4337) apas-verus::TestOrderedSetMtEph test_rank
        PASS [   0.006s] (3026/4337) apas-verus::TestOrderedSetMtEph test_parallel_operations
        PASS [   0.003s] (3027/4337) apas-verus::TestOrderedSetMtEph test_select
        PASS [   0.003s] (3028/4337) apas-verus::TestOrderedSetMtEph test_singleton
        PASS [   0.003s] (3029/4337) apas-verus::TestOrderedSetMtEph test_split_rank
        PASS [   0.003s] (3030/4337) apas-verus::TestOrderedSetMtEph test_split
        PASS [   0.003s] (3031/4337) apas-verus::TestOrderedSetMtEph test_string_ordering
        PASS [   0.003s] (3032/4337) apas-verus::TestOrderedSetMtEph test_thread_safety
        PASS [   0.003s] (3033/4337) apas-verus::TestOrderedSetMtEph test_union
        PASS [   0.003s] (3034/4337) apas-verus::TestOrderedSetStEph test_delete
        PASS [   0.003s] (3035/4337) apas-verus::TestOrderedSetStEph test_empty
        PASS [   0.004s] (3036/4337) apas-verus::TestOrderedSetStEph test_difference
        PASS [   0.003s] (3037/4337) apas-verus::TestOrderedSetStEph test_ephemeral_semantics
        PASS [   0.004s] (3038/4337) apas-verus::TestOrderedSetStEph test_filter
        PASS [   0.004s] (3039/4337) apas-verus::TestOrderedSetStEph test_from_sorted_elements
        PASS [   0.004s] (3040/4337) apas-verus::TestOrderedSetStEph test_first_and_last
        PASS [   0.004s] (3041/4337) apas-verus::TestOrderedSetStEph test_get_range
        PASS [   0.004s] (3042/4337) apas-verus::TestOrderedSetStEph test_insert_and_find
        PASS [   0.004s] (3043/4337) apas-verus::TestOrderedSetStEph test_join
        PASS [   0.004s] (3044/4337) apas-verus::TestOrderedSetStEph test_intersection
        PASS [   0.004s] (3045/4337) apas-verus::TestOrderedSetStEph test_next
        PASS [   0.004s] (3046/4337) apas-verus::TestOrderedSetStEph test_ordered_set_st_eph_lit_macro
        PASS [   0.004s] (3047/4337) apas-verus::TestOrderedSetStEph test_previous
        PASS [   0.004s] (3048/4337) apas-verus::TestOrderedSetStEph test_rank
        PASS [   0.003s] (3049/4337) apas-verus::TestOrderedSetStEph test_select
        PASS [   0.003s] (3050/4337) apas-verus::TestOrderedSetStEph test_singleton
        PASS [   0.003s] (3051/4337) apas-verus::TestOrderedSetStEph test_split
        PASS [   0.003s] (3052/4337) apas-verus::TestOrderedSetStEph test_split_rank
        PASS [   0.003s] (3053/4337) apas-verus::TestOrderedSetStEph test_string_ordering
        PASS [   0.003s] (3054/4337) apas-verus::TestOrderedSetStEph test_union
        PASS [   0.003s] (3055/4337) apas-verus::TestOrderedSetStPer test_delete
        PASS [   0.003s] (3056/4337) apas-verus::TestOrderedSetStPer test_difference
        PASS [   0.003s] (3057/4337) apas-verus::TestOrderedSetStPer test_empty
        PASS [   0.004s] (3058/4337) apas-verus::TestOrderedSetStPer test_filter
        PASS [   0.003s] (3059/4337) apas-verus::TestOrderedSetStPer test_first_and_last
        PASS [   0.003s] (3060/4337) apas-verus::TestOrderedSetStPer test_from_sorted_elements
        PASS [   0.003s] (3061/4337) apas-verus::TestOrderedSetStPer test_get_range
        PASS [   0.003s] (3062/4337) apas-verus::TestOrderedSetStPer test_insert_and_find
        PASS [   0.003s] (3063/4337) apas-verus::TestOrderedSetStPer test_join
        PASS [   0.003s] (3064/4337) apas-verus::TestOrderedSetStPer test_intersection
        PASS [   0.003s] (3065/4337) apas-verus::TestOrderedSetStPer test_next
        PASS [   0.004s] (3066/4337) apas-verus::TestOrderedSetStPer test_ordered_set_st_per_lit_macro
        PASS [   0.003s] (3067/4337) apas-verus::TestOrderedSetStPer test_rank
        PASS [   0.003s] (3068/4337) apas-verus::TestOrderedSetStPer test_previous
        PASS [   0.003s] (3069/4337) apas-verus::TestOrderedSetStPer test_persistence
        PASS [   0.003s] (3070/4337) apas-verus::TestOrderedSetStPer test_select
        PASS [   0.003s] (3071/4337) apas-verus::TestOrderedSetStPer test_singleton
        PASS [   0.003s] (3072/4337) apas-verus::TestOrderedSetStPer test_split_rank
        PASS [   0.004s] (3073/4337) apas-verus::TestOrderedSetStPer test_split
        PASS [   0.004s] (3074/4337) apas-verus::TestOrderedSetStPer test_string_ordering
        PASS [   0.003s] (3075/4337) apas-verus::TestOrderedSetStPer test_union
        PASS [   0.003s] (3076/4337) apas-verus::TestOrderedTableMtEph test_ordered_table_mt_eph_clone
        PASS [   0.003s] (3077/4337) apas-verus::TestOrderedTableMtEph test_delete_nonexistent
        PASS [   0.004s] (3078/4337) apas-verus::TestOrderedTableMtEph test_ordered_table_mt_eph_collect
        PASS [   0.003s] (3079/4337) apas-verus::TestOrderedTableMtEph test_ordered_table_mt_eph_difference
        PASS [   0.003s] (3080/4337) apas-verus::TestOrderedTableMtEph test_ordered_table_mt_eph_delete
        PASS [   0.003s] (3081/4337) apas-verus::TestOrderedTableMtEph test_ordered_table_mt_eph_difference_empty
        PASS [   0.004s] (3082/4337) apas-verus::TestOrderedTableMtEph test_ordered_table_mt_eph_empty_operations
        PASS [   0.004s] (3083/4337) apas-verus::TestOrderedTableMtEph test_ordered_table_mt_eph_domain_empty
        PASS [   0.003s] (3084/4337) apas-verus::TestOrderedTableMtEph test_ordered_table_mt_eph_ephemeral_semantics
        PASS [   0.004s] (3085/4337) apas-verus::TestOrderedTableMtEph test_ordered_table_mt_eph_domain
        PASS [   0.003s] (3086/4337) apas-verus::TestOrderedTableMtEph test_ordered_table_mt_eph_get_key_range
        PASS [   0.004s] (3087/4337) apas-verus::TestOrderedTableMtEph test_ordered_table_mt_eph_from_sorted_entries
        PASS [   0.004s] (3088/4337) apas-verus::TestOrderedTableMtEph test_ordered_table_mt_eph_find
        PASS [   0.005s] (3089/4337) apas-verus::TestOrderedTableMtEph test_ordered_table_mt_eph_first_key
        PASS [   0.003s] (3090/4337) apas-verus::TestOrderedTableMtEph test_ordered_table_mt_eph_intersection_disjoint
        PASS [   0.003s] (3091/4337) apas-verus::TestOrderedTableMtEph test_ordered_table_mt_eph_insert_and_lookup
        PASS [   0.003s] (3092/4337) apas-verus::TestOrderedTableMtEph test_ordered_table_mt_eph_intersection
        PASS [   0.003s] (3093/4337) apas-verus::TestOrderedTableMtEph test_ordered_table_mt_eph_join_key
        PASS [   0.003s] (3094/4337) apas-verus::TestOrderedTableMtEph test_ordered_table_mt_eph_last_key
        PASS [   0.003s] (3095/4337) apas-verus::TestOrderedTableMtEph test_ordered_table_mt_eph_new
        PASS [   0.003s] (3096/4337) apas-verus::TestOrderedTableMtEph test_ordered_table_mt_eph_next_key
        PASS [   0.003s] (3097/4337) apas-verus::TestOrderedTableMtEph test_ordered_table_mt_eph_previous_key
        PASS [   0.003s] (3098/4337) apas-verus::TestOrderedTableMtEph test_ordered_table_mt_eph_rank_key
        PASS [   0.003s] (3099/4337) apas-verus::TestOrderedTableMtEph test_ordered_table_mt_eph_reduce_empty
        PASS [   0.003s] (3100/4337) apas-verus::TestOrderedTableMtEph test_ordered_table_mt_eph_reduce_sum
        PASS [   0.009s] (3101/4337) apas-verus::TestOrderedTableMtEph test_ordered_table_mt_eph_parallel_operations
        PASS [   0.004s] (3102/4337) apas-verus::TestOrderedTableMtEph test_ordered_table_mt_eph_restrict
        PASS [   0.003s] (3103/4337) apas-verus::TestOrderedTableMtEph test_ordered_table_mt_eph_restrict_empty_keys
        PASS [   0.003s] (3104/4337) apas-verus::TestOrderedTableMtEph test_ordered_table_mt_eph_select_key
        PASS [   0.003s] (3105/4337) apas-verus::TestOrderedTableMtEph test_ordered_table_mt_eph_split_key
        PASS [   0.004s] (3106/4337) apas-verus::TestOrderedTableMtEph test_ordered_table_mt_eph_singleton
        PASS [   0.003s] (3107/4337) apas-verus::TestOrderedTableMtEph test_ordered_table_mt_eph_split_rank_key
        PASS [   0.003s] (3108/4337) apas-verus::TestOrderedTableMtEph test_ordered_table_mt_eph_subtract
        PASS [   0.003s] (3109/4337) apas-verus::TestOrderedTableMtEph test_ordered_table_mt_eph_subtract_empty_keys
        PASS [   0.003s] (3110/4337) apas-verus::TestOrderedTableMtEph test_ordered_table_mt_eph_tabulate
        PASS [   0.003s] (3111/4337) apas-verus::TestOrderedTableMtEph test_ordered_table_mt_eph_tabulate_empty
        PASS [   0.003s] (3112/4337) apas-verus::TestOrderedTableMtEph test_ordered_table_mt_eph_thread_safety
        PASS [   0.003s] (3113/4337) apas-verus::TestOrderedTableMtEph test_ordered_table_mt_eph_union
        PASS [   0.003s] (3114/4337) apas-verus::TestOrderedTableMtEph test_ordered_table_mt_eph_union_empty
        PASS [   0.003s] (3115/4337) apas-verus::TestOrderedTableMtPer test_ordered_table_mt_per_delete
        PASS [   0.003s] (3116/4337) apas-verus::TestOrderedTableMtPer test_ordered_table_mt_per_domain
        PASS [   0.004s] (3117/4337) apas-verus::TestOrderedTableMtPer test_ordered_table_mt_per_filter
        PASS [   0.004s] (3118/4337) apas-verus::TestOrderedTableMtPer test_ordered_table_mt_per_first_last_key
        PASS [   0.032s] (3119/4337) apas-verus::TestOrderedTableMtEph test_ordered_table_mt_eph_large_dataset_parallel
        PASS [   0.003s] (3120/4337) apas-verus::TestOrderedTableMtPer test_ordered_table_mt_per_get_key_range
        PASS [   0.003s] (3121/4337) apas-verus::TestOrderedTableMtPer test_ordered_table_mt_per_insert_and_find
        PASS [   0.003s] (3122/4337) apas-verus::TestOrderedTableMtPer test_ordered_table_mt_per_join_key
        PASS [   0.003s] (3123/4337) apas-verus::TestOrderedTableMtPer test_ordered_table_mt_per_new
        PASS [   0.003s] (3124/4337) apas-verus::TestOrderedTableMtPer test_ordered_table_mt_per_persistence
        PASS [   0.003s] (3125/4337) apas-verus::TestOrderedTableMtPer test_ordered_table_mt_per_previous_next_key
        PASS [   0.003s] (3126/4337) apas-verus::TestOrderedTableMtPer test_ordered_table_mt_per_rank_select_key
        PASS [   0.003s] (3127/4337) apas-verus::TestOrderedTableMtPer test_ordered_table_mt_per_singleton
        PASS [   0.003s] (3128/4337) apas-verus::TestOrderedTableMtPer test_ordered_table_mt_per_split_key
        PASS [   0.003s] (3129/4337) apas-verus::TestOrderedTableMtPer test_ordered_table_mt_per_split_rank_key
        PASS [   0.003s] (3130/4337) apas-verus::TestOrderedTableStEph test_delete_nonexistent
        PASS [   0.003s] (3131/4337) apas-verus::TestOrderedTableStEph test_ordered_table_st_eph_clone
        PASS [   0.003s] (3132/4337) apas-verus::TestOrderedTableStEph test_ordered_table_st_eph_collect
        PASS [   0.003s] (3133/4337) apas-verus::TestOrderedTableStEph test_ordered_table_st_eph_difference
        PASS [   0.003s] (3134/4337) apas-verus::TestOrderedTableStEph test_ordered_table_st_eph_delete
        PASS [   0.003s] (3135/4337) apas-verus::TestOrderedTableStEph test_ordered_table_st_eph_domain
        PASS [   0.003s] (3136/4337) apas-verus::TestOrderedTableStEph test_ordered_table_st_eph_difference_empty
        PASS [   0.003s] (3137/4337) apas-verus::TestOrderedTableStEph test_ordered_table_st_eph_empty_operations
        PASS [   0.003s] (3138/4337) apas-verus::TestOrderedTableStEph test_ordered_table_st_eph_filter
        PASS [   0.003s] (3139/4337) apas-verus::TestOrderedTableStEph test_ordered_table_st_eph_ephemeral_semantics
        PASS [   0.004s] (3140/4337) apas-verus::TestOrderedTableStEph test_ordered_table_st_eph_domain_empty
        PASS [   0.003s] (3141/4337) apas-verus::TestOrderedTableStEph test_ordered_table_st_eph_from_sorted_entries
        PASS [   0.003s] (3142/4337) apas-verus::TestOrderedTableStEph test_ordered_table_st_eph_first_key
        PASS [   0.003s] (3143/4337) apas-verus::TestOrderedTableStEph test_ordered_table_st_eph_find
        PASS [   0.003s] (3144/4337) apas-verus::TestOrderedTableStEph test_ordered_table_st_eph_get_key_range
        PASS [   0.004s] (3145/4337) apas-verus::TestOrderedTableStEph test_ordered_table_st_eph_insert_and_lookup
        PASS [   0.003s] (3146/4337) apas-verus::TestOrderedTableStEph test_ordered_table_st_eph_intersection_disjoint
        PASS [   0.003s] (3147/4337) apas-verus::TestOrderedTableStEph test_ordered_table_st_eph_join_key
        PASS [   0.004s] (3148/4337) apas-verus::TestOrderedTableStEph test_ordered_table_st_eph_intersection
        PASS [   0.003s] (3149/4337) apas-verus::TestOrderedTableStEph test_ordered_table_st_eph_map
        PASS [   0.003s] (3150/4337) apas-verus::TestOrderedTableStEph test_ordered_table_st_eph_last_key
        PASS [   0.004s] (3151/4337) apas-verus::TestOrderedTableStEph test_ordered_table_st_eph_new
        PASS [   0.003s] (3152/4337) apas-verus::TestOrderedTableStEph test_ordered_table_st_eph_previous_key
        PASS [   0.003s] (3153/4337) apas-verus::TestOrderedTableStEph test_ordered_table_st_eph_next_key
        PASS [   0.003s] (3154/4337) apas-verus::TestOrderedTableStEph test_ordered_table_st_eph_rank_key
        PASS [   0.003s] (3155/4337) apas-verus::TestOrderedTableStEph test_ordered_table_st_eph_reduce
        PASS [   0.003s] (3156/4337) apas-verus::TestOrderedTableStEph test_ordered_table_st_eph_reduce_sum
        PASS [   0.004s] (3157/4337) apas-verus::TestOrderedTableStEph test_ordered_table_st_eph_reduce_empty
        PASS [   0.003s] (3158/4337) apas-verus::TestOrderedTableStEph test_ordered_table_st_eph_restrict_empty_keys
        PASS [   0.003s] (3159/4337) apas-verus::TestOrderedTableStEph test_ordered_table_st_eph_restrict
        PASS [   0.004s] (3160/4337) apas-verus::TestOrderedTableStEph test_ordered_table_st_eph_select_key
        PASS [   0.003s] (3161/4337) apas-verus::TestOrderedTableStEph test_ordered_table_st_eph_split_key
        PASS [   0.003s] (3162/4337) apas-verus::TestOrderedTableStEph test_ordered_table_st_eph_singleton
        PASS [   0.003s] (3163/4337) apas-verus::TestOrderedTableStEph test_ordered_table_st_eph_split_rank_key
        PASS [   0.003s] (3164/4337) apas-verus::TestOrderedTableStEph test_ordered_table_st_eph_subtract
        PASS [   0.003s] (3165/4337) apas-verus::TestOrderedTableStEph test_ordered_table_st_eph_subtract_empty_keys
        PASS [   0.003s] (3166/4337) apas-verus::TestOrderedTableStEph test_ordered_table_st_eph_tabulate
        PASS [   0.003s] (3167/4337) apas-verus::TestOrderedTableStEph test_ordered_table_st_eph_union
        PASS [   0.003s] (3168/4337) apas-verus::TestOrderedTableStEph test_ordered_table_st_eph_tabulate_empty
        PASS [   0.003s] (3169/4337) apas-verus::TestOrderedTableStEph test_ordered_table_st_eph_union_empty
        PASS [   0.025s] (3170/4337) apas-verus::TestOrderedTableStEph test_ordered_table_st_eph_large_dataset
        PASS [   0.003s] (3171/4337) apas-verus::TestOrderedTableStPer test_collect
        PASS [   0.003s] (3172/4337) apas-verus::TestOrderedTableStPer test_delete_nonexistent
        PASS [   0.003s] (3173/4337) apas-verus::TestOrderedTableStPer test_delete
        PASS [   0.003s] (3174/4337) apas-verus::TestOrderedTableStPer test_difference
        PASS [   0.003s] (3175/4337) apas-verus::TestOrderedTableStPer test_domain
        PASS [   0.004s] (3176/4337) apas-verus::TestOrderedTableStPer test_empty
        PASS [   0.003s] (3177/4337) apas-verus::TestOrderedTableStPer test_empty_operations
        PASS [   0.003s] (3178/4337) apas-verus::TestOrderedTableStPer test_filter
        PASS [   0.003s] (3179/4337) apas-verus::TestOrderedTableStPer test_first_key_and_last_key
        PASS [   0.003s] (3180/4337) apas-verus::TestOrderedTableStPer test_get_key_range
        PASS [   0.003s] (3181/4337) apas-verus::TestOrderedTableStPer test_insert_and_find
        PASS [   0.003s] (3182/4337) apas-verus::TestOrderedTableStPer test_insert_duplicate_key
        PASS [   0.003s] (3183/4337) apas-verus::TestOrderedTableStPer test_intersection
        PASS [   0.003s] (3184/4337) apas-verus::TestOrderedTableStPer test_join_key
        PASS [   0.003s] (3185/4337) apas-verus::TestOrderedTableStPer test_map
        PASS [   0.003s] (3186/4337) apas-verus::TestOrderedTableStPer test_next_key
        PASS [   0.003s] (3187/4337) apas-verus::TestOrderedTableStPer test_persistence
        PASS [   0.003s] (3188/4337) apas-verus::TestOrderedTableStPer test_ordered_table_st_per_lit_macro
        PASS [   0.007s] (3189/4337) apas-verus::TestOrderedTableStPer test_large_dataset
        PASS [   0.003s] (3190/4337) apas-verus::TestOrderedTableStPer test_restrict
        PASS [   0.003s] (3191/4337) apas-verus::TestOrderedTableStPer test_previous_key
        PASS [   0.003s] (3192/4337) apas-verus::TestOrderedTableStPer test_rank_key
        PASS [   0.003s] (3193/4337) apas-verus::TestOrderedTableStPer test_select_key
        PASS [   0.003s] (3194/4337) apas-verus::TestOrderedTableStPer test_string_key_ordering
        PASS [   0.003s] (3195/4337) apas-verus::TestOrderedTableStPer test_split_rank_key
        PASS [   0.004s] (3196/4337) apas-verus::TestOrderedTableStPer test_singleton
        PASS [   0.004s] (3197/4337) apas-verus::TestOrderedTableStPer test_split_key
        PASS [   0.003s] (3198/4337) apas-verus::TestOrderedTableStPer test_subtract
        PASS [   0.003s] (3199/4337) apas-verus::TestOrderedTableStPer test_union
        PASS [   0.003s] (3200/4337) apas-verus::TestPQMinStEph test_pq_min_binary_tree
        PASS [   0.004s] (3201/4337) apas-verus::TestOrderedTableStPer test_tabulate
        PASS [   0.003s] (3202/4337) apas-verus::TestPQMinStEph test_pq_min_complete_graph
        PASS [   0.003s] (3203/4337) apas-verus::TestPQMinStEph test_pq_min_custom_priority
        PASS [   0.003s] (3204/4337) apas-verus::TestPQMinStEph test_pq_min_dag
        PASS [   0.003s] (3205/4337) apas-verus::TestPQMinStEph test_pq_min_cycle
        PASS [   0.003s] (3206/4337) apas-verus::TestPQMinStEph test_pq_min_empty_graph
        PASS [   0.003s] (3207/4337) apas-verus::TestPQMinStEph test_pq_min_diamond
        PASS [   0.004s] (3208/4337) apas-verus::TestPQMinStEph test_pq_min_disconnected_graph
        PASS [   0.004s] (3209/4337) apas-verus::TestPQMinStEph test_pq_min_linear_chain
        PASS [   0.003s] (3210/4337) apas-verus::TestPQMinStEph test_pq_min_multi_disconnected
        PASS [   0.003s] (3211/4337) apas-verus::TestPQMinStEph test_pq_min_priority_order
        PASS [   0.004s] (3212/4337) apas-verus::TestPQMinStEph test_pq_min_multi_source
        PASS [   0.004s] (3213/4337) apas-verus::TestPQMinStEph test_pq_min_reversed_priority
        PASS [   0.003s] (3214/4337) apas-verus::TestPQMinStEph test_pq_min_self_loop
        PASS [   0.003s] (3215/4337) apas-verus::TestPQMinStEph test_pq_min_single_edge
        PASS [   0.003s] (3216/4337) apas-verus::TestPQMinStEph test_pq_min_star_graph
        PASS [   0.004s] (3217/4337) apas-verus::TestPQMinStPer test_pq_min_cycle
        PASS [   0.003s] (3218/4337) apas-verus::TestPQMinStPer test_pq_min_dag
        PASS [   0.003s] (3219/4337) apas-verus::TestPQMinStPer test_pq_min_empty_graph
        PASS [   0.003s] (3220/4337) apas-verus::TestPQMinStPer test_pq_min_linear_chain
        PASS [   0.003s] (3221/4337) apas-verus::TestPQMinStPer test_pq_min_multi_source
        PASS [   0.003s] (3222/4337) apas-verus::TestPQMinStPer test_pq_min_single_edge
        PASS [   0.003s] (3223/4337) apas-verus::TestPQMinStPer test_pq_min_priority_order
        PASS [   0.003s] (3224/4337) apas-verus::TestParaHashTableStEph test_createtable
        PASS [   0.003s] (3225/4337) apas-verus::TestParaHashTableStEph test_loadandsize_empty
        PASS [   0.003s] (3226/4337) apas-verus::TestParaHashTableStEph test_loadandsize_with_elements
        PASS [   0.003s] (3227/4337) apas-verus::TestParaHashTableStEph test_metrics
        PASS [   0.003s] (3228/4337) apas-verus::TestParaPairs test_para_pair_bool_results
        PASS [   0.003s] (3229/4337) apas-verus::TestParaPairs test_para_pair_closure_captures
        PASS [   0.003s] (3230/4337) apas-verus::TestParaPairs test_para_pair_compute
        PASS [   0.003s] (3231/4337) apas-verus::TestParaPairs test_para_pair_different_types
        PASS [   0.003s] (3232/4337) apas-verus::TestParaPairs test_para_pair_heavy_compute
        PASS [   0.003s] (3233/4337) apas-verus::TestParaPairs test_para_pair_max_values
        PASS [   0.003s] (3234/4337) apas-verus::TestParaPairs test_para_pair_option_results
        PASS [   0.003s] (3235/4337) apas-verus::TestParaPairs test_para_pair_simple
        PASS [   0.004s] (3236/4337) apas-verus::TestParaPairs test_para_pair_nested
        PASS [   0.004s] (3237/4337) apas-verus::TestParaPairs test_para_pair_strings
        PASS [   0.003s] (3238/4337) apas-verus::TestParaPairs test_para_pair_zero_values
        PASS [   0.004s] (3239/4337) apas-verus::TestParaPairs test_para_pair_vec_results
        PASS [   0.003s] (3240/4337) apas-verus::TestParaPairs test_set_parallelism
        PASS [   0.003s] (3241/4337) apas-verus::TestPathWeightUtilsStEph test_path_weight_float_simple
        PASS [   0.003s] (3242/4337) apas-verus::TestPathWeightUtilsStEph test_validate_subpath_float
        PASS [   0.003s] (3243/4337) apas-verus::TestPathWeightUtilsStEph test_path_weight_int_negative
        PASS [   0.003s] (3244/4337) apas-verus::TestPathWeightUtilsStEph test_path_weight_int_simple
        PASS [   0.003s] (3245/4337) apas-verus::TestPathWeightUtilsStEph test_validate_subpath_int
        PASS [   0.003s] (3246/4337) apas-verus::TestPathWeightUtilsStPer test_path_weight_int_simple
        PASS [   0.003s] (3247/4337) apas-verus::TestPathWeightUtilsStPer test_path_weight_int_negative
        PASS [   0.003s] (3248/4337) apas-verus::TestPathWeightUtilsStPer test_path_weight_float_simple
        PASS [   0.003s] (3249/4337) apas-verus::TestPathWeightUtilsStPer test_validate_subpath_float
        PASS [   0.003s] (3250/4337) apas-verus::TestPathWeightUtilsStPer test_validate_subpath_int
        PASS [   0.003s] (3251/4337) apas-verus::TestPrimStEph test_prim_different_start
        PASS [   0.004s] (3252/4337) apas-verus::TestPrimStEph test_prim_complete_graph
        PASS [   0.004s] (3253/4337) apas-verus::TestPrimStEph test_prim_single_vertex
        PASS [   0.003s] (3254/4337) apas-verus::TestPrimStEph test_prim_square
        PASS [   0.004s] (3255/4337) apas-verus::TestPrimStEph test_prim_star_graph
        PASS [   0.004s] (3256/4337) apas-verus::TestPrimStEph test_prim_triangle
        PASS [   0.003s] (3257/4337) apas-verus::TestPrimTreeSeqStPer expose_one_returns_one
        PASS [   0.003s] (3258/4337) apas-verus::TestPrimTreeSeqStPer expose_then_join_roundtrip
        PASS [   0.003s] (3259/4337) apas-verus::TestPrimTreeSeqStPer expose_two_splits_sequence
        PASS [   0.004s] (3260/4337) apas-verus::TestPrimTreeSeqStPer expose_zero_returns_zero
        PASS [   0.003s] (3261/4337) apas-verus::TestPrimTreeSeqStPer join_two_concatenates_sequences
        PASS [   0.003s] (3262/4337) apas-verus::TestPrimTreeSeqStPer join_zero_creates_empty_sequence
        PASS [   0.003s] (3263/4337) apas-verus::TestPrimTreeSeqStPer test_append
        PASS [   0.003s] (3264/4337) apas-verus::TestPrimTreeSeqStPer test_append_empty_left
        PASS [   0.003s] (3265/4337) apas-verus::TestPrimTreeSeqStPer test_append_empty_right
        PASS [   0.003s] (3266/4337) apas-verus::TestPrimTreeSeqStPer test_as_slice
        PASS [   0.003s] (3267/4337) apas-verus::TestPrimTreeSeqStPer test_clone_functionality
        PASS [   0.003s] (3268/4337) apas-verus::TestPrimTreeSeqStPer test_as_slice_view
        PASS [   0.003s] (3269/4337) apas-verus::TestPrimTreeSeqStPer test_debug_format
        PASS [   0.003s] (3270/4337) apas-verus::TestPrimTreeSeqStPer test_drop_all
        PASS [   0.003s] (3271/4337) apas-verus::TestPrimTreeSeqStPer test_drop_some
        PASS [   0.003s] (3272/4337) apas-verus::TestPrimTreeSeqStPer test_drop_none
        PASS [   0.003s] (3273/4337) apas-verus::TestPrimTreeSeqStPer test_empty
        PASS [   0.003s] (3274/4337) apas-verus::TestPrimTreeSeqStPer test_empty_constructor
        PASS [   0.003s] (3275/4337) apas-verus::TestPrimTreeSeqStPer test_equality_comparison
        PASS [   0.003s] (3276/4337) apas-verus::TestPrimTreeSeqStPer test_expose_edge_cases
        PASS [   0.003s] (3277/4337) apas-verus::TestPrimTreeSeqStPer test_filter
        PASS [   0.003s] (3278/4337) apas-verus::TestPrimTreeSeqStPer test_filter_all
        PASS [   0.003s] (3279/4337) apas-verus::TestPrimTreeSeqStPer test_filter_none
        PASS [   0.003s] (3280/4337) apas-verus::TestPrimTreeSeqStPer test_flatten_basic
        PASS [   0.003s] (3281/4337) apas-verus::TestPrimTreeSeqStPer test_flatten_empty_outers
        PASS [   0.003s] (3282/4337) apas-verus::TestPrimTreeSeqStPer test_from_vec_constructor
        PASS [   0.004s] (3283/4337) apas-verus::TestPrimTreeSeqStPer test_flatten_with_empty_inner
        PASS [   0.003s] (3284/4337) apas-verus::TestPrimTreeSeqStPer test_from_vec
        PASS [   0.003s] (3285/4337) apas-verus::TestPrimTreeSeqStPer test_generic_expose_empty
        PASS [   0.003s] (3286/4337) apas-verus::TestPrimTreeSeqStPer test_into_vec
        PASS [   0.003s] (3287/4337) apas-verus::TestPrimTreeSeqStPer test_generic_expose_one
        PASS [   0.003s] (3288/4337) apas-verus::TestPrimTreeSeqStPer test_generic_expose_two
        PASS [   0.004s] (3289/4337) apas-verus::TestPrimTreeSeqStPer test_generic_length
        PASS [   0.003s] (3290/4337) apas-verus::TestPrimTreeSeqStPer test_join_one_variant
        PASS [   0.003s] (3291/4337) apas-verus::TestPrimTreeSeqStPer test_into_vec_conversion
        PASS [   0.003s] (3292/4337) apas-verus::TestPrimTreeSeqStPer test_join_mixed_sizes
        PASS [   0.003s] (3293/4337) apas-verus::TestPrimTreeSeqStPer test_join_empty_sequences
        PASS [   0.003s] (3294/4337) apas-verus::TestPrimTreeSeqStPer test_large_sequence_expose_join
        PASS [   0.003s] (3295/4337) apas-verus::TestPrimTreeSeqStPer test_map
        PASS [   0.003s] (3296/4337) apas-verus::TestPrimTreeSeqStPer test_length
        PASS [   0.003s] (3297/4337) apas-verus::TestPrimTreeSeqStPer test_length_method
        PASS [   0.003s] (3298/4337) apas-verus::TestPrimTreeSeqStPer test_nth
        PASS [   0.003s] (3299/4337) apas-verus::TestPrimTreeSeqStPer test_singleton_constructor
        PASS [   0.003s] (3300/4337) apas-verus::TestPrimTreeSeqStPer test_singleton
        PASS [   0.004s] (3301/4337) apas-verus::TestPrimTreeSeqStPer test_map_to_string
        PASS [   0.003s] (3302/4337) apas-verus::TestPrimTreeSeqStPer test_subseq_empty
        PASS [   0.004s] (3303/4337) apas-verus::TestPrimTreeSeqStPer test_subseq
        PASS [   0.003s] (3304/4337) apas-verus::TestPrimTreeSeqStPer test_subseq_full
        PASS [   0.003s] (3305/4337) apas-verus::TestPrimTreeSeqStPer test_tabulate
        PASS [   0.003s] (3306/4337) apas-verus::TestPrimTreeSeqStPer test_tabulate_empty
        PASS [   0.003s] (3307/4337) apas-verus::TestPrimTreeSeqStPer test_trait_as_slice
        PASS [   0.003s] (3308/4337) apas-verus::TestPrimTreeSeqStPer test_trait_empty
        PASS [   0.003s] (3309/4337) apas-verus::TestPrimTreeSeqStPer test_trait_expose_one
        PASS [   0.003s] (3310/4337) apas-verus::TestPrimTreeSeqStPer test_trait_from_vec
        PASS [   0.003s] (3311/4337) apas-verus::TestPrimTreeSeqStPer test_trait_expose_two
        PASS [   0.003s] (3312/4337) apas-verus::TestPrimTreeSeqStPer test_trait_expose_zero
        PASS [   0.003s] (3313/4337) apas-verus::TestPrimTreeSeqStPer test_trait_into_vec
        PASS [   0.370s] (3314/4337) apas-verus::TestOrdKeyMap test_ordkeymap_stress_200_entries
        PASS [   0.003s] (3315/4337) apas-verus::TestPrimTreeSeqStPer test_trait_join_zero
        PASS [   0.003s] (3316/4337) apas-verus::TestPrimTreeSeqStPer test_trait_join_one
        PASS [   0.003s] (3317/4337) apas-verus::TestPrimTreeSeqStPer test_trait_join_two
        PASS [   0.003s] (3318/4337) apas-verus::TestPrimTreeSeqStPer test_trait_length
        PASS [   0.003s] (3319/4337) apas-verus::TestPrimTreeSeqStPer test_trait_singleton
        PASS [   0.003s] (3320/4337) apas-verus::TestPrimTreeSeqStPer test_update
        PASS [   0.003s] (3321/4337) apas-verus::TestPrimTreeSeqStPer test_tree_enum_equality
        PASS [   0.003s] (3322/4337) apas-verus::TestPrimTreeSeqStPer test_update_first
        PASS [   0.003s] (3323/4337) apas-verus::TestPrimTreeSeqStPer test_update_last
        PASS [   0.003s] (3324/4337) apas-verus::TestProbability test_add
        PASS [   0.003s] (3325/4337) apas-verus::TestProbability test_default
        PASS [   0.003s] (3326/4337) apas-verus::TestProbability test_copy_trait
        PASS [   0.003s] (3327/4337) apas-verus::TestProbability test_debug
        PASS [   0.004s] (3328/4337) apas-verus::TestProbability test_clone
        PASS [   0.004s] (3329/4337) apas-verus::TestProbability test_display
        PASS [   0.003s] (3330/4337) apas-verus::TestProbability test_eq
        PASS [   0.003s] (3331/4337) apas-verus::TestProbability test_from_f64
        PASS [   0.003s] (3332/4337) apas-verus::TestProbability test_div
        PASS [   0.003s] (3333/4337) apas-verus::TestProbability test_hash
        PASS [   0.004s] (3334/4337) apas-verus::TestProbability test_infinity
        PASS [   0.003s] (3335/4337) apas-verus::TestProbability test_infinity_operations
        PASS [   0.003s] (3336/4337) apas-verus::TestProbability test_into_f64
        PASS [   0.004s] (3337/4337) apas-verus::TestProbability test_mul
        PASS [   0.004s] (3338/4337) apas-verus::TestProbability test_new
        PASS [   0.003s] (3339/4337) apas-verus::TestProbability test_ord
        PASS [   0.003s] (3340/4337) apas-verus::TestProbability test_ordering_equal
        PASS [   0.003s] (3341/4337) apas-verus::TestProbability test_ordering_greater
        PASS [   0.004s] (3342/4337) apas-verus::TestProbability test_ordering_less
        PASS [   0.004s] (3343/4337) apas-verus::TestProbability test_partial_cmp
        PASS [   0.003s] (3344/4337) apas-verus::TestProbability test_prob_macro
        PASS [   0.003s] (3345/4337) apas-verus::TestProbability test_zero
        PASS [   0.003s] (3346/4337) apas-verus::TestProbability test_sub
        PASS [   0.003s] (3347/4337) apas-verus::TestProbability test_zero_operations
        PASS [   0.003s] (3348/4337) apas-verus::TestQuadProbFlatHashTable test_delete
        PASS [   0.003s] (3349/4337) apas-verus::TestQuadProbFlatHashTable test_delete_maintains_probe_chain
        PASS [   0.003s] (3350/4337) apas-verus::TestQuadProbFlatHashTable test_insert_and_lookup
        PASS [   0.004s] (3351/4337) apas-verus::TestQuadProbFlatHashTable test_find_slot
        PASS [   0.003s] (3352/4337) apas-verus::TestQuadProbFlatHashTable test_load_and_size
        PASS [   0.003s] (3353/4337) apas-verus::TestQuadProbFlatHashTable test_lookup_stops_at_max_attempts
        PASS [   0.003s] (3354/4337) apas-verus::TestQuadProbFlatHashTable test_prime_size_guarantees
        PASS [   0.003s] (3355/4337) apas-verus::TestQuadProbFlatHashTable test_max_attempts_ceiling_m_over_2
        PASS [   0.003s] (3356/4337) apas-verus::TestQuadProbFlatHashTable test_probe_quadratic_sequence
        PASS [   0.003s] (3357/4337) apas-verus::TestQuadProbFlatHashTable test_resize_empty_table
        PASS [   0.003s] (3358/4337) apas-verus::TestQuadProbFlatHashTable test_resize_with_elements
        PASS [   0.003s] (3359/4337) apas-verus::TestQuadProbFlatHashTable test_update_existing_key
        PASS [   0.003s] (3360/4337) apas-verus::TestQuickSortMtEph quick_sort_mt_all_same
        PASS [   0.004s] (3361/4337) apas-verus::TestQuickSortMtEph quick_sort_mt_concurrent_execution
        PASS [   0.003s] (3362/4337) apas-verus::TestQuickSortMtEph quick_sort_mt_edge_cases
        PASS [   0.003s] (3363/4337) apas-verus::TestQuickSortMtEph quick_sort_mt_negative_values
        PASS [   0.003s] (3364/4337) apas-verus::TestQuickSortMtEph quick_sort_mt_preserves_multiset
        PASS [   0.004s] (3365/4337) apas-verus::TestQuickSortMtEph quick_sort_mt_large_inputs
        PASS [   0.003s] (3366/4337) apas-verus::TestQuickSortMtEph quick_sort_mt_three_elements_all_permutations
        PASS [   0.004s] (3367/4337) apas-verus::TestQuickSortMtEphSlice quick_sort_slice_edge_cases
        PASS [   0.004s] (3368/4337) apas-verus::TestQuickSortMtEph quick_sort_mt_variants_produce_sorted_output
        PASS [   0.003s] (3369/4337) apas-verus::TestQuickSortMtEphSlice quick_sort_slice_small_inputs_use_shared_pivots
        PASS [   0.005s] (3370/4337) apas-verus::TestQuickSortMtEphSlice quick_sort_slice_variants_produce_sorted_output
        PASS [   0.004s] (3371/4337) apas-verus::TestQuickSortMtEphSlice slice_from_vec_constructor
        PASS [   0.004s] (3372/4337) apas-verus::TestQuickSortMtEphSlice slice_clone_functionality
        PASS [   0.006s] (3373/4337) apas-verus::TestQuickSortMtEphSlice slice_concurrent_sorting_stress_test
        PASS [   0.004s] (3374/4337) apas-verus::TestQuickSortMtEphSlice slice_length_method
        PASS [   0.004s] (3375/4337) apas-verus::TestQuickSortMtEphSlice slice_nth_cloned_method
        PASS [   0.006s] (3376/4337) apas-verus::TestQuickSortMtEphSlice slice_pivot_concurrent_access
        PASS [   0.005s] (3377/4337) apas-verus::TestQuickSortMtEphSlice slice_pivot_median3_edge_cases
        PASS [   0.005s] (3378/4337) apas-verus::TestQuickSortMtEphSlice slice_pivot_first_edge_cases
        PASS [   0.005s] (3379/4337) apas-verus::TestQuickSortMtEphSlice slice_pivot_strategies_match_expectations
        PASS [   0.021s] (3380/4337) apas-verus::TestQuickSortMtEphSlice quick_sort_slice_large_inputs
        PASS [   0.005s] (3381/4337) apas-verus::TestQuickSortMtEphSlice slice_to_vec_method
        PASS [   0.007s] (3382/4337) apas-verus::TestQuickSortMtEphSlice slice_random_pivot_sorts_every_range
        PASS [   0.005s] (3383/4337) apas-verus::TestQuickSortStEph quick_sort_all_same_elements
        PASS [   0.004s] (3384/4337) apas-verus::TestQuickSortStEph quick_sort_all_same_large
        PASS [   0.004s] (3385/4337) apas-verus::TestQuickSortStEph quick_sort_alternating_high_low
        PASS [   0.004s] (3386/4337) apas-verus::TestQuickSortStEph quick_sort_handles_edge_cases
        PASS [   0.005s] (3387/4337) apas-verus::TestQuickSortStEph quick_sort_large_ascending
        PASS [   0.004s] (3388/4337) apas-verus::TestQuickSortStEph quick_sort_large_descending
        PASS [   0.004s] (3389/4337) apas-verus::TestQuickSortStEph quick_sort_min_max_values
        PASS [   0.005s] (3390/4337) apas-verus::TestQuickSortStEph quick_sort_negative_values
        PASS [   0.004s] (3391/4337) apas-verus::TestQuickSortStEph quick_sort_organ_pipe
        PASS [   0.004s] (3392/4337) apas-verus::TestQuickSortStEph quick_sort_plateau
        PASS [   0.004s] (3393/4337) apas-verus::TestQuickSortStEph quick_sort_preserves_multiset
        PASS [   0.004s] (3394/4337) apas-verus::TestQuickSortStEph quick_sort_sorted_then_one_wrong
        PASS [   0.004s] (3395/4337) apas-verus::TestQuickSortStEph quick_sort_two_elements_all_variants
        PASS [   0.004s] (3396/4337) apas-verus::TestQuickSortStEph quick_sort_three_elements_all_permutations
        PASS [   0.004s] (3397/4337) apas-verus::TestQuickSortStEph quick_sort_variants_produce_sorted_output
        PASS [   0.004s] (3398/4337) apas-verus::TestReduceContractMtEph test_reduce_contract_parallel_empty
        PASS [   0.005s] (3399/4337) apas-verus::TestReduceContractMtEph test_reduce_contract_parallel_even_length
        PASS [   0.004s] (3400/4337) apas-verus::TestReduceContractMtEph test_reduce_contract_parallel_max
        PASS [   0.005s] (3401/4337) apas-verus::TestReduceContractMtEph test_reduce_contract_parallel_large
        PASS [   0.004s] (3402/4337) apas-verus::TestReduceContractMtEph test_reduce_contract_parallel_min
        PASS [   0.004s] (3403/4337) apas-verus::TestReduceContractMtEph test_reduce_contract_parallel_product
        PASS [   0.004s] (3404/4337) apas-verus::TestReduceContractMtEph test_reduce_contract_parallel_odd_length
        PASS [   0.005s] (3405/4337) apas-verus::TestReduceContractMtEph test_reduce_contract_parallel_power_of_2
        PASS [   0.042s] (3406/4337) apas-verus::TestQuickSortMtEphSlice slice_large_data_handling
        PASS [   0.004s] (3407/4337) apas-verus::TestReduceContractMtEph test_reduce_contract_parallel_single
        PASS [   0.003s] (3408/4337) apas-verus::TestReduceContractMtEph test_reduce_contract_parallel_sum
        PASS [   0.004s] (3409/4337) apas-verus::TestReduceContractMtEph test_reduce_contract_parallel_three_elements
        PASS [   0.003s] (3410/4337) apas-verus::TestReduceContractMtEph test_reduce_contract_parallel_two_elements
        PASS [   0.004s] (3411/4337) apas-verus::TestReduceContractStEph test_reduce_contract_all_same
        PASS [   0.003s] (3412/4337) apas-verus::TestReduceContractStEph test_reduce_contract_empty
        PASS [   0.003s] (3413/4337) apas-verus::TestReduceContractStEph test_reduce_contract_even_length
        PASS [   0.003s] (3414/4337) apas-verus::TestReduceContractStEph test_reduce_contract_large
        PASS [   0.003s] (3415/4337) apas-verus::TestReduceContractStEph test_reduce_contract_max
        PASS [   0.003s] (3416/4337) apas-verus::TestReduceContractStEph test_reduce_contract_odd_length
        PASS [   0.003s] (3417/4337) apas-verus::TestReduceContractStEph test_reduce_contract_min
        PASS [   0.003s] (3418/4337) apas-verus::TestReduceContractStEph test_reduce_contract_single
        PASS [   0.003s] (3419/4337) apas-verus::TestReduceContractStEph test_reduce_contract_product
        PASS [   0.003s] (3420/4337) apas-verus::TestReduceContractStEph test_reduce_contract_power_of_2
        PASS [   0.003s] (3421/4337) apas-verus::TestReduceContractStEph test_reduce_contract_three_elements
        PASS [   0.003s] (3422/4337) apas-verus::TestReduceContractStEph test_reduce_contract_sum
        PASS [   0.003s] (3423/4337) apas-verus::TestReduceContractStEph test_reduce_contract_two_elements
        PASS [   0.003s] (3424/4337) apas-verus::TestRelationStEph test_relation_clone
        PASS [   0.004s] (3425/4337) apas-verus::TestRelationStEph test_empty_relation_domain_range
        PASS [   0.003s] (3426/4337) apas-verus::TestRelationStEph test_relation_debug_display
        PASS [   0.003s] (3427/4337) apas-verus::TestRelationStEph test_relation_domain_empty_edge
        PASS [   0.003s] (3428/4337) apas-verus::TestRelationStEph test_relation_domain_range_and_mem
        PASS [   0.003s] (3429/4337) apas-verus::TestRelationStEph test_relation_equality
        PASS [   0.003s] (3430/4337) apas-verus::TestRelationStEph test_relation_empty
        PASS [   0.003s] (3431/4337) apas-verus::TestRelationStEph test_relation_fromvec
        PASS [   0.003s] (3432/4337) apas-verus::TestRelationStEph test_relation_iter
        PASS [   0.003s] (3433/4337) apas-verus::TestRelationStEph test_relation_mem_empty_edge
        PASS [   0.003s] (3434/4337) apas-verus::TestRelationStEph test_relation_iterator_boundaries
        PASS [   0.003s] (3435/4337) apas-verus::TestRelationStEph test_relation_size
        PASS [   0.004s] (3436/4337) apas-verus::TestRelationStEph test_relation_range_empty_edge
        PASS [   0.003s] (3437/4337) apas-verus::TestRelationStEph test_relationlit_macro_direct
        PASS [   0.003s] (3438/4337) apas-verus::TestRelationStEph test_relationlit_macro_functionality
        PASS [   0.003s] (3439/4337) apas-verus::TestSCCStEph test_complex_graph
        PASS [   0.003s] (3440/4337) apas-verus::TestSCCStEph test_linear_dag
        PASS [   0.003s] (3441/4337) apas-verus::TestSCCStEph test_simple_cycle
        PASS [   0.010s] (3442/4337) apas-verus::TestRelationStEph test_relation_maximum_size_boundary
        PASS [   0.004s] (3443/4337) apas-verus::TestSCCStEph test_self_loop
        PASS [   0.003s] (3444/4337) apas-verus::TestSCCStEph test_single_node
        PASS [   0.003s] (3445/4337) apas-verus::TestSCCStEph test_two_nodes_no_edges
        PASS [   0.003s] (3446/4337) apas-verus::TestSCCStPer test_linear_dag
        PASS [   0.004s] (3447/4337) apas-verus::TestSCCStEph test_two_separate_sccs
        PASS [   0.003s] (3448/4337) apas-verus::TestSCCStPer test_complex_graph
        PASS [   0.003s] (3449/4337) apas-verus::TestSCCStPer test_self_loop
        PASS [   0.003s] (3450/4337) apas-verus::TestSCCStPer test_simple_cycle
        PASS [   0.003s] (3451/4337) apas-verus::TestSCCStPer test_two_nodes_no_edges
        PASS [   0.003s] (3452/4337) apas-verus::TestSCCStPer test_single_node
        PASS [   0.003s] (3453/4337) apas-verus::TestSCCStPer test_two_separate_sccs
        PASS [   0.003s] (3454/4337) apas-verus::TestSSSPResultStEphF64 test_extract_path
        PASS [   0.003s] (3455/4337) apas-verus::TestSSSPResultStEphF64 test_extract_path_unreachable
        PASS [   0.003s] (3456/4337) apas-verus::TestSSSPResultStEphF64 test_set_distance
        PASS [   0.003s] (3457/4337) apas-verus::TestSSSPResultStEphF64 test_new
        PASS [   0.003s] (3458/4337) apas-verus::TestSSSPResultStEphF64 test_set_predecessor
        PASS [   0.003s] (3459/4337) apas-verus::TestSSSPResultStEphI64 test_extract_path
        PASS [   0.003s] (3460/4337) apas-verus::TestSSSPResultStEphI64 test_distances_array
        PASS [   0.003s] (3461/4337) apas-verus::TestSSSPResultStEphI64 test_extract_path_source
        PASS [   0.004s] (3462/4337) apas-verus::TestSSSPResultStEphI64 test_extract_path_unreachable
        PASS [   0.003s] (3463/4337) apas-verus::TestSSSPResultStEphI64 test_is_reachable
        PASS [   0.003s] (3464/4337) apas-verus::TestSSSPResultStEphI64 test_new
        PASS [   0.003s] (3465/4337) apas-verus::TestSSSPResultStEphI64 test_overwrite_distance
        PASS [   0.003s] (3466/4337) apas-verus::TestSSSPResultStEphI64 test_set_distance
        PASS [   0.003s] (3467/4337) apas-verus::TestSSSPResultStEphI64 test_set_predecessor
        PASS [   0.003s] (3468/4337) apas-verus::TestSSSPResultStPerF64 test_extract_path
        PASS [   0.003s] (3469/4337) apas-verus::TestSSSPResultStPerF64 test_new
        PASS [   0.004s] (3470/4337) apas-verus::TestSSSPResultStPerF64 test_extract_path_unreachable
        PASS [   0.003s] (3471/4337) apas-verus::TestSSSPResultStPerF64 test_set_distance
        PASS [   0.003s] (3472/4337) apas-verus::TestSSSPResultStPerF64 test_set_predecessor
        PASS [   0.003s] (3473/4337) apas-verus::TestSSSPResultStPerI64 test_extract_path
        PASS [   0.003s] (3474/4337) apas-verus::TestSSSPResultStPerI64 test_extract_path_unreachable
        PASS [   0.003s] (3475/4337) apas-verus::TestSSSPResultStPerI64 test_new
        PASS [   0.003s] (3476/4337) apas-verus::TestSSSPResultStPerI64 test_set_distance
        PASS [   0.003s] (3477/4337) apas-verus::TestSSSPResultStPerI64 test_set_predecessor
        PASS [   0.003s] (3478/4337) apas-verus::TestScanContractMtEph test_scan_contract_parallel_all_same
        PASS [   0.003s] (3479/4337) apas-verus::TestScanContractMtEph test_scan_contract_parallel_empty
        PASS [   0.003s] (3480/4337) apas-verus::TestScanContractMtEph test_scan_contract_parallel_even_length
        PASS [   0.003s] (3481/4337) apas-verus::TestScanContractMtEph test_scan_contract_parallel_large
        PASS [   0.003s] (3482/4337) apas-verus::TestScanContractMtEph test_scan_contract_parallel_odd_length
        PASS [   0.003s] (3483/4337) apas-verus::TestScanContractMtEph test_scan_contract_parallel_power_of_2
        PASS [   0.003s] (3484/4337) apas-verus::TestScanContractMtEph test_scan_contract_parallel_product
        PASS [   0.003s] (3485/4337) apas-verus::TestScanContractMtEph test_scan_contract_parallel_sum
        PASS [   0.003s] (3486/4337) apas-verus::TestScanContractMtEph test_scan_contract_parallel_three_elements
        PASS [   0.004s] (3487/4337) apas-verus::TestScanContractMtEph test_scan_contract_parallel_single
        PASS [   0.003s] (3488/4337) apas-verus::TestScanContractMtEph test_scan_contract_parallel_two_elements
        PASS [   0.003s] (3489/4337) apas-verus::TestScanContractStEph test_scan_contract_all_same
        PASS [   0.003s] (3490/4337) apas-verus::TestScanContractStEph test_scan_contract_empty
        PASS [   0.003s] (3491/4337) apas-verus::TestScanContractStEph test_scan_contract_even_length
        PASS [   0.003s] (3492/4337) apas-verus::TestScanContractStEph test_scan_contract_large
        PASS [   0.003s] (3493/4337) apas-verus::TestScanContractStEph test_scan_contract_max
        PASS [   0.003s] (3494/4337) apas-verus::TestScanContractStEph test_scan_contract_single
        PASS [   0.003s] (3495/4337) apas-verus::TestScanContractStEph test_scan_contract_product
        PASS [   0.003s] (3496/4337) apas-verus::TestScanContractStEph test_scan_contract_odd_length
        PASS [   0.003s] (3497/4337) apas-verus::TestScanContractStEph test_scan_contract_power_of_2
        PASS [   0.003s] (3498/4337) apas-verus::TestScanContractStEph test_scan_contract_sum
        PASS [   0.003s] (3499/4337) apas-verus::TestScanContractStEph test_scan_contract_three_elements
        PASS [   0.003s] (3500/4337) apas-verus::TestScanContractStEph test_scan_contract_two_elements
        PASS [   0.004s] (3501/4337) apas-verus::TestScanDCMtPer test_prefix_sums_dc_parallel_empty
        PASS [   0.004s] (3502/4337) apas-verus::TestScanDCMtPer test_prefix_sums_dc_parallel_consecutive
        PASS [   0.006s] (3503/4337) apas-verus::TestScanDCMtPer test_prefix_sums_dc_parallel_large
        PASS [   0.004s] (3504/4337) apas-verus::TestScanDCMtPer test_prefix_sums_dc_parallel_singleton
        PASS [   0.004s] (3505/4337) apas-verus::TestScanDCMtPer test_prefix_sums_dc_parallel_small
        PASS [   0.004s] (3506/4337) apas-verus::TestScanDCStPer test_prefix_sums_dc_consecutive
        PASS [   0.003s] (3507/4337) apas-verus::TestScanDCStPer test_prefix_sums_dc_empty
        PASS [   0.003s] (3508/4337) apas-verus::TestScanDCStPer test_prefix_sums_dc_small
        PASS [   0.003s] (3509/4337) apas-verus::TestScanDCStPer test_prefix_sums_dc_singleton
        PASS [   0.003s] (3510/4337) apas-verus::TestScanDCStPer test_prefix_sums_dc_tabulate
        PASS [   0.003s] (3511/4337) apas-verus::TestScanDCStPer test_prefix_sums_dc_large
        PASS [   0.003s] (3512/4337) apas-verus::TestSetMtEph test_cartesian_product
        PASS [   0.004s] (3513/4337) apas-verus::TestSetMtEph test_set_basic
        PASS [   0.004s] (3514/4337) apas-verus::TestSetMtEph test_set_empty
        PASS [   0.004s] (3515/4337) apas-verus::TestSetMtEph test_cartesian_product_empty
        PASS [   0.004s] (3516/4337) apas-verus::TestSetMtEph test_set_from_vec_deduplicates
        PASS [   0.004s] (3517/4337) apas-verus::TestSetMtEph test_cartesian_product_larger
        PASS [   0.004s] (3518/4337) apas-verus::TestSetMtEph test_set_insert
        PASS [   0.004s] (3519/4337) apas-verus::TestSetMtEph test_set_iter
        PASS [   0.004s] (3520/4337) apas-verus::TestSetMtEph test_set_intersection_disjoint
        PASS [   0.004s] (3521/4337) apas-verus::TestSetMtEph test_set_large_intersection
        PASS [   0.004s] (3522/4337) apas-verus::TestSetMtEph test_set_intersection
        PASS [   0.003s] (3523/4337) apas-verus::TestSetMtEph test_set_union
        PASS [   0.003s] (3524/4337) apas-verus::TestSetMtEph test_set_large_union
        PASS [   0.003s] (3525/4337) apas-verus::TestSetMtEph test_set_union_with_empty
        PASS [   0.003s] (3526/4337) apas-verus::TestSetStEph test_cartesian_product_example_5_1
        PASS [   0.003s] (3527/4337) apas-verus::TestSetStEph test_cartesian_product_empty_edge
        PASS [   0.003s] (3528/4337) apas-verus::TestSetStEph test_debug_trait
        PASS [   0.003s] (3529/4337) apas-verus::TestSetStEph test_partition_example_5_2_false_due_to_overlap
        PASS [   0.003s] (3530/4337) apas-verus::TestSetStEph test_empty_set_intersection
        PASS [   0.003s] (3531/4337) apas-verus::TestSetStEph test_display_trait
        PASS [   0.003s] (3532/4337) apas-verus::TestSetStEph test_empty_set_union
        PASS [   0.003s] (3533/4337) apas-verus::TestSetStEph test_set_fromvec
        PASS [   0.003s] (3534/4337) apas-verus::TestSetStEph test_set_insert
        PASS [   0.003s] (3535/4337) apas-verus::TestSetStEph test_partition_example_5_2_true
        PASS [   0.003s] (3536/4337) apas-verus::TestSetStEph test_partition_false_due_to_missing_element
        PASS [   0.005s] (3537/4337) apas-verus::TestSetStEph test_set_empty
        PASS [   0.003s] (3538/4337) apas-verus::TestSetStEph test_set_intersection
        PASS [   0.003s] (3539/4337) apas-verus::TestSetStEph test_set_iter
        PASS [   0.003s] (3540/4337) apas-verus::TestSetStEph test_set_iterator_boundaries
        PASS [   0.005s] (3541/4337) apas-verus::TestSetStEph test_set_large_operations_stress
        PASS [   0.003s] (3542/4337) apas-verus::TestSetStEph test_set_mem_comprehensive
        PASS [   0.003s] (3543/4337) apas-verus::TestSetStEph test_set_singleton
        PASS [   0.003s] (3544/4337) apas-verus::TestSetStEph test_set_single_element_boundary
        PASS [   0.003s] (3545/4337) apas-verus::TestSetStEph test_set_size_comprehensive
        PASS [   0.003s] (3546/4337) apas-verus::TestSetStEph test_setlit_macro_direct
        PASS [   0.003s] (3547/4337) apas-verus::TestSetStEph test_set_union
        PASS [   0.003s] (3548/4337) apas-verus::TestSetStEph test_setlit_macro_functionality
        PASS [   0.003s] (3549/4337) apas-verus::TestSetStEph test_setlit_macro_type_safety
        PASS [   0.003s] (3550/4337) apas-verus::TestSetStEph test_trait_empty
        PASS [   0.003s] (3551/4337) apas-verus::TestSetStEph test_trait_from_vec
        PASS [   0.004s] (3552/4337) apas-verus::TestSetStEph test_trait_cartesian_product
        PASS [   0.003s] (3553/4337) apas-verus::TestSetStEph test_trait_insert
        PASS [   0.003s] (3554/4337) apas-verus::TestSetStEph test_trait_partition
        PASS [   0.003s] (3555/4337) apas-verus::TestSetStEph test_trait_intersection
        PASS [   0.003s] (3556/4337) apas-verus::TestSetStEph test_trait_singleton
        PASS [   0.003s] (3557/4337) apas-verus::TestSetStEph test_trait_union
        PASS [   0.003s] (3558/4337) apas-verus::TestSortedListPQ test_delete_max
        PASS [   0.003s] (3559/4337) apas-verus::TestSortedListPQ test_default_trait
        PASS [   0.004s] (3560/4337) apas-verus::TestSortedListPQ test_debug_trait
        PASS [   0.004s] (3561/4337) apas-verus::TestSortedListPQ test_delete_min
        PASS [   0.003s] (3562/4337) apas-verus::TestSortedListPQ test_delete_min_from_empty
        PASS [   0.003s] (3563/4337) apas-verus::TestSortedListPQ test_display_trait
        PASS [   0.003s] (3564/4337) apas-verus::TestSortedListPQ test_delete_min_from_singleton
        PASS [   0.003s] (3565/4337) apas-verus::TestSortedListPQ test_duplicate_elements
        PASS [   0.003s] (3566/4337) apas-verus::TestSortedListPQ test_equality
        PASS [   0.003s] (3567/4337) apas-verus::TestSortedListPQ test_extract_all_sorted
        PASS [   0.003s] (3568/4337) apas-verus::TestSortedListPQ test_empty_priority_queue
        PASS [   0.003s] (3569/4337) apas-verus::TestSortedListPQ test_find_max
        PASS [   0.003s] (3570/4337) apas-verus::TestSortedListPQ test_from_seq_with_duplicates
        PASS [   0.003s] (3571/4337) apas-verus::TestSortedListPQ test_from_seq
        PASS [   0.003s] (3572/4337) apas-verus::TestSortedListPQ test_from_empty_seq
        PASS [   0.003s] (3573/4337) apas-verus::TestSortedListPQ test_from_vec
        PASS [   0.003s] (3574/4337) apas-verus::TestSortedListPQ test_is_sorted
        PASS [   0.004s] (3575/4337) apas-verus::TestSortedListPQ test_insert_all
        PASS [   0.003s] (3576/4337) apas-verus::TestSortedListPQ test_insert_maintains_order
        PASS [   0.004s] (3577/4337) apas-verus::TestSortedListPQ test_insert_and_find_min
        PASS [   0.003s] (3578/4337) apas-verus::TestSortedListPQ test_macro_with_values
        PASS [   0.003s] (3579/4337) apas-verus::TestSortedListPQ test_meld_priority_queues
        PASS [   0.003s] (3580/4337) apas-verus::TestSortedListPQ test_large_sequence
        PASS [   0.003s] (3581/4337) apas-verus::TestSortedListPQ test_meld_large_queues
        PASS [   0.004s] (3582/4337) apas-verus::TestSortedListPQ test_meld_same_elements
        PASS [   0.004s] (3583/4337) apas-verus::TestSortedListPQ test_mixed_positive_negative
        PASS [   0.004s] (3584/4337) apas-verus::TestSortedListPQ test_multiple_inserts_and_deletes
        PASS [   0.004s] (3585/4337) apas-verus::TestSortedListPQ test_meld_with_empty
        PASS [   0.003s] (3586/4337) apas-verus::TestSortedListPQ test_negative_numbers
        PASS [   0.003s] (3587/4337) apas-verus::TestSortedListPQ test_singleton_priority_queue
        PASS [   0.003s] (3588/4337) apas-verus::TestSortedListPQ test_persistent_nature
        PASS [   0.003s] (3589/4337) apas-verus::TestSortedListPQ test_sortedlistpqlit_macro_functionality
        PASS [   0.003s] (3590/4337) apas-verus::TestSortedListPQ test_string_elements
        PASS [   0.003s] (3591/4337) apas-verus::TestSortedListPQ test_to_seq_conversion
        PASS [   0.003s] (3592/4337) apas-verus::TestSortedListPQ test_to_sorted_vec
        PASS [   0.003s] (3593/4337) apas-verus::TestSortedListPQ test_to_seq_empty
        PASS [   0.003s] (3594/4337) apas-verus::TestSortedListPQ test_zero_value
        PASS [   0.003s] (3595/4337) apas-verus::TestSortedListPQ test_to_vec
        PASS [   0.004s] (3596/4337) apas-verus::TestSpanTreeMtEph test_spanning_tree_mt_complete_4
        PASS [   0.005s] (3597/4337) apas-verus::TestSpanTreeMtEph test_spanning_tree_mt_cycle
        PASS [   0.003s] (3598/4337) apas-verus::TestSpanTreeMtEph test_spanning_tree_mt_disconnected_pair
        PASS [   0.003s] (3599/4337) apas-verus::TestSpanTreeMtEph test_spanning_tree_mt_empty
        PASS [   0.006s] (3600/4337) apas-verus::TestSpanTreeMtEph test_spanning_tree_mt_path
        PASS [   0.007s] (3601/4337) apas-verus::TestSpanTreeMtEph test_spanning_tree_mt_larger
        PASS [   0.011s] (3602/4337) apas-verus::TestSpanTreeMtEph test_spanning_tree_mt_large_cycle
        PASS [   0.004s] (3603/4337) apas-verus::TestSpanTreeMtEph test_spanning_tree_mt_single_vertex
        PASS [   0.006s] (3604/4337) apas-verus::TestSpanTreeMtEph test_spanning_tree_mt_star
        FAIL [   0.004s] (3605/4337) apas-verus::TestSpanTreeMtEph test_spanning_tree_mt_two_vertices
  stdout ───

    running 1 test
    test test_spanning_tree_mt_two_vertices ... FAILED

    failures:

    failures:
        test_spanning_tree_mt_two_vertices

    test result: FAILED. 0 passed; 1 failed; 0 ignored; 0 measured; 11 filtered out; finished in 0.00s

  stderr ───

    thread 'test_spanning_tree_mt_two_vertices' (4016160) panicked at tests/Chap64/TestSpanTreeMtEph.rs:69:5:
    assertion `left == right` failed
      left: 0
     right: 1
    note: run with `RUST_BACKTRACE=1` environment variable to display a backtrace

        PASS [   0.018s] (3606/4337) apas-verus::TestSpanTreeMtEph test_spanning_tree_mt_different_seeds
        PASS [   0.005s] (3607/4337) apas-verus::TestSpanTreeMtEph test_spanning_tree_mt_wheel
        PASS [   0.004s] (3608/4337) apas-verus::TestSpanTreeStEph test_spanning_tree_barbell
        PASS [   0.003s] (3609/4337) apas-verus::TestSpanTreeStEph test_spanning_tree_binary_tree_topology
        PASS [   0.003s] (3610/4337) apas-verus::TestSpanTreeStEph test_spanning_tree_complete_5
        PASS [   0.003s] (3611/4337) apas-verus::TestSpanTreeStEph test_spanning_tree_complete_graph_4
        PASS [   0.003s] (3612/4337) apas-verus::TestSpanTreeStEph test_spanning_tree_connected
        PASS [   0.003s] (3613/4337) apas-verus::TestSpanTreeStEph test_spanning_tree_disconnected_pair
        PASS [   0.004s] (3614/4337) apas-verus::TestSpanTreeStEph test_spanning_tree_cycle
        PASS [   0.003s] (3615/4337) apas-verus::TestSpanTreeStEph test_spanning_tree_double_cycle
        PASS [   0.003s] (3616/4337) apas-verus::TestSpanTreeStEph test_spanning_tree_empty
        PASS [   0.004s] (3617/4337) apas-verus::TestSpanTreeStEph test_spanning_tree_grid_2x3
        PASS [   0.003s] (3618/4337) apas-verus::TestSpanTreeStEph test_spanning_tree_large_cycle
        PASS [   0.003s] (3619/4337) apas-verus::TestSpanTreeStEph test_spanning_tree_large_path
        PASS [   0.003s] (3620/4337) apas-verus::TestSpanTreeStEph test_spanning_tree_path_graph
        PASS [   0.003s] (3621/4337) apas-verus::TestSpanTreeStEph test_spanning_tree_petersen_like
        PASS [   0.003s] (3622/4337) apas-verus::TestSpanTreeStEph test_spanning_tree_single_vertex
        PASS [   0.003s] (3623/4337) apas-verus::TestSpanTreeStEph test_spanning_tree_star_graph
        PASS [   0.003s] (3624/4337) apas-verus::TestSpanTreeStEph test_spanning_tree_three_isolated
        PASS [   0.003s] (3625/4337) apas-verus::TestSpanTreeStEph test_spanning_tree_triangle
        PASS [   0.003s] (3626/4337) apas-verus::TestSpanTreeStEph test_spanning_tree_two_vertices
        PASS [   0.003s] (3627/4337) apas-verus::TestSpanTreeStEph test_spanning_tree_wheel_graph
        PASS [   0.003s] (3628/4337) apas-verus::TestSpanTreeStEph test_verify_spanning_tree
        PASS [   0.003s] (3629/4337) apas-verus::TestSpanTreeStEph test_verify_spanning_tree_empty_tree_on_connected
        PASS [   0.003s] (3630/4337) apas-verus::TestSpanTreeStEph test_verify_spanning_tree_too_many_edges
        PASS [   0.003s] (3631/4337) apas-verus::TestSpanTreeStEph test_verify_spanning_tree_wrong_edge
        PASS [   0.003s] (3632/4337) apas-verus::TestStackStEph test_clone
        PASS [   0.003s] (3633/4337) apas-verus::TestStackStEph test_default_trait
        PASS [   0.003s] (3634/4337) apas-verus::TestStackStEph test_display
        PASS [   0.003s] (3635/4337) apas-verus::TestStackStEph test_empty_after_drain
        PASS [   0.003s] (3636/4337) apas-verus::TestStackStEph test_large_stack
        PASS [   0.003s] (3637/4337) apas-verus::TestStackStEph test_lifo_order
        PASS [   0.003s] (3638/4337) apas-verus::TestStackStEph test_new_stack_is_empty
        PASS [   0.003s] (3639/4337) apas-verus::TestStackStEph test_multiple_operations
        PASS [   0.003s] (3640/4337) apas-verus::TestStackStEph test_peek
        PASS [   0.003s] (3641/4337) apas-verus::TestStackStEph test_peek_does_not_change_size
        PASS [   0.003s] (3642/4337) apas-verus::TestStackStEph test_push_and_pop
        PASS [   0.003s] (3643/4337) apas-verus::TestStackStEph test_pop_from_empty
        PASS [   0.003s] (3644/4337) apas-verus::TestStackStEph test_push_pop_interleave
        PASS [   0.003s] (3645/4337) apas-verus::TestStackStEph test_push_pop_interleaved
        PASS [   0.003s] (3646/4337) apas-verus::TestStackStEph test_push_single_element
        PASS [   0.003s] (3647/4337) apas-verus::TestStackStEph test_push_pop_one_by_one
        PASS [   0.003s] (3648/4337) apas-verus::TestStackStEph test_size_tracking
        PASS [   0.003s] (3649/4337) apas-verus::TestStackStEph test_string_stack
        PASS [   0.005s] (3650/4337) apas-verus::TestStarContractionMtEph test_complete_graph_mt
        PASS [   0.005s] (3651/4337) apas-verus::TestStarContractionMtEph test_contract_to_vertices_mt_cycle
        PASS [   0.004s] (3652/4337) apas-verus::TestStarContractionMtEph test_empty_graph_contraction_mt
        PASS [   0.007s] (3653/4337) apas-verus::TestStarContractionMtEph test_determinism_mt
        PASS [   0.004s] (3654/4337) apas-verus::TestStarContractionMtEph test_single_edge_mt
        PASS [   0.006s] (3655/4337) apas-verus::TestStarContractionMtEph test_path_graph_mt
        PASS [   0.110s] (3656/4337) apas-verus::TestSetStEph test_set_maximum_size_boundary
        PASS [   0.004s] (3657/4337) apas-verus::TestStarContractionMtEph test_single_vertex_mt
        PASS [   0.004s] (3658/4337) apas-verus::TestStarContractionStEph test_complete_graph_contraction
        PASS [   0.004s] (3659/4337) apas-verus::TestStarContractionStEph test_contract_to_vertices_cycle
        PASS [   0.005s] (3660/4337) apas-verus::TestStarContractionMtEph test_triangle_mt
        PASS [   0.004s] (3661/4337) apas-verus::TestStarContractionStEph test_contract_with_base_expand
        PASS [   0.004s] (3662/4337) apas-verus::TestStarContractionStEph test_disconnected_contraction
        PASS [   0.003s] (3663/4337) apas-verus::TestStarContractionStEph test_large_cycle_contraction
        PASS [   0.014s] (3664/4337) apas-verus::TestStarContractionMtEph test_large_cycle_mt
        PASS [   0.004s] (3665/4337) apas-verus::TestStarContractionStEph test_empty_graph_contraction
        PASS [   0.004s] (3666/4337) apas-verus::TestStarContractionStEph test_path_contraction
        PASS [   0.003s] (3667/4337) apas-verus::TestStarContractionStEph test_single_edge_contraction
        PASS [   0.003s] (3668/4337) apas-verus::TestStarContractionStEph test_single_vertex_contraction
        PASS [   0.003s] (3669/4337) apas-verus::TestStarContractionStEph test_star_graph_contraction
        PASS [   0.003s] (3670/4337) apas-verus::TestStarContractionStEph test_triangle_contraction
        PASS [   0.003s] (3671/4337) apas-verus::TestStarPartitionMtEph test_empty_graph_mt
        PASS [   0.004s] (3672/4337) apas-verus::TestStarPartitionMtEph test_complete_graph_mt
        PASS [   0.004s] (3673/4337) apas-verus::TestStarPartitionMtEph test_parallel_star_partition_star
        PASS [   0.004s] (3674/4337) apas-verus::TestStarPartitionMtEph test_parallel_star_partition_cycle
        PASS [   0.005s] (3675/4337) apas-verus::TestStarPartitionMtEph test_determinism
        PASS [   0.004s] (3676/4337) apas-verus::TestStarPartitionMtEph test_single_vertex_mt
        PASS [   0.003s] (3677/4337) apas-verus::TestStarPartitionStEph test_complete_graph
        PASS [   0.003s] (3678/4337) apas-verus::TestStarPartitionStEph test_empty_graph
        PASS [   0.003s] (3679/4337) apas-verus::TestStarPartitionStEph test_large_cycle
        PASS [   0.005s] (3680/4337) apas-verus::TestStarPartitionMtEph test_partition_validity
        PASS [   0.003s] (3681/4337) apas-verus::TestStarPartitionStEph test_sequential_star_partition_star
        PASS [   0.004s] (3682/4337) apas-verus::TestStarPartitionStEph test_partition_properties
        PASS [   0.003s] (3683/4337) apas-verus::TestStarPartitionStEph test_sequential_star_partition_cycle
        PASS [   0.003s] (3684/4337) apas-verus::TestStarPartitionStEph test_single_vertex
        PASS [   0.004s] (3685/4337) apas-verus::TestStarPartitionStEph test_path_graph
        PASS [   0.003s] (3686/4337) apas-verus::TestStarPartitionStEph test_two_vertices_disconnected
        PASS [   0.003s] (3687/4337) apas-verus::TestStarPartitionStEph test_three_isolated
        PASS [   0.003s] (3688/4337) apas-verus::TestStarPartitionStEph test_two_vertices_connected
        PASS [   0.003s] (3689/4337) apas-verus::TestStarPartitionStEph test_wheel_graph
        PASS [   0.003s] (3690/4337) apas-verus::TestStructChainedHashTable test_chainlist_default
        PASS [   0.003s] (3691/4337) apas-verus::TestStructChainedHashTable test_chainlist_delete
        PASS [   0.003s] (3692/4337) apas-verus::TestStructChainedHashTable test_chainlist_insert
        PASS [   0.003s] (3693/4337) apas-verus::TestStructChainedHashTable test_chainlist_delete_not_found
        PASS [   0.003s] (3694/4337) apas-verus::TestStructChainedHashTable test_chainlist_delete_head
        PASS [   0.003s] (3695/4337) apas-verus::TestStructChainedHashTable test_chainlist_delete_all
        PASS [   0.003s] (3696/4337) apas-verus::TestStructChainedHashTable test_struct_chained_delete
        PASS [   0.004s] (3697/4337) apas-verus::TestStructChainedHashTable test_chainlist_new
        PASS [   0.004s] (3698/4337) apas-verus::TestStructChainedHashTable test_chainlist_insert_multiple
        PASS [   0.003s] (3699/4337) apas-verus::TestStructChainedHashTable test_node_clone
        PASS [   0.004s] (3700/4337) apas-verus::TestStructChainedHashTable test_chainlist_update
        PASS [   0.003s] (3701/4337) apas-verus::TestStructChainedHashTable test_struct_chained_lookup_nonexistent
        PASS [   0.003s] (3702/4337) apas-verus::TestStructChainedHashTable test_struct_chained_overwrite
        PASS [   0.003s] (3703/4337) apas-verus::TestStructChainedHashTable test_struct_chained_many_elements
        PASS [   0.003s] (3704/4337) apas-verus::TestStructChainedHashTable test_struct_chained_insert_lookup
        PASS [   0.003s] (3705/4337) apas-verus::TestStructChainedHashTable test_struct_chained_resize
        PASS [   0.003s] (3706/4337) apas-verus::TestSubsetSumMtEph test_subset_sum_mt_eph_display
        PASS [   0.004s] (3707/4337) apas-verus::TestSubsetSumMtEph test_subset_sum_mt_eph_clear_memo
        PASS [   0.004s] (3708/4337) apas-verus::TestSubsetSumMtEph test_subset_sum_mt_eph_basic
        PASS [   0.004s] (3709/4337) apas-verus::TestSubsetSumMtEph test_subset_sum_mt_eph_clone
        PASS [   0.003s] (3710/4337) apas-verus::TestSubsetSumMtEph test_subset_sum_mt_eph_empty
        PASS [   0.003s] (3711/4337) apas-verus::TestSubsetSumMtEph test_subset_sum_mt_eph_memo_size
        PASS [   0.003s] (3712/4337) apas-verus::TestSubsetSumMtEph test_subset_sum_mt_eph_multiset_mut
        PASS [   0.004s] (3713/4337) apas-verus::TestSubsetSumMtEph test_subset_sum_mt_eph_from_multiset
        PASS [   0.003s] (3714/4337) apas-verus::TestSubsetSumMtEph test_subset_sum_mt_eph_multiset_getter
        PASS [   0.003s] (3715/4337) apas-verus::TestSubsetSumMtEph test_subset_sum_mt_eph_mutation
        PASS [   0.004s] (3716/4337) apas-verus::TestSubsetSumMtEph test_subset_sum_mt_eph_new
        PASS [   0.004s] (3717/4337) apas-verus::TestSubsetSumMtEph test_subset_sum_mt_eph_set_mutation
        PASS [   0.004s] (3718/4337) apas-verus::TestSubsetSumMtPer test_subset_sum_mt_per_clone
        PASS [   0.003s] (3719/4337) apas-verus::TestSubsetSumMtPer test_subset_sum_mt_per_display
        PASS [   0.004s] (3720/4337) apas-verus::TestSubsetSumMtPer test_subset_sum_mt_per_basic
        PASS [   0.003s] (3721/4337) apas-verus::TestSubsetSumMtPer test_subset_sum_mt_per_multiset_getter
        PASS [   0.004s] (3722/4337) apas-verus::TestSubsetSumMtPer test_subset_sum_mt_per_empty
        PASS [   0.003s] (3723/4337) apas-verus::TestSubsetSumMtPer test_subset_sum_mt_per_memo_size
        PASS [   0.004s] (3724/4337) apas-verus::TestSubsetSumMtPer test_subset_sum_mt_per_from_multiset
        PASS [   0.004s] (3725/4337) apas-verus::TestSubsetSumMtPer test_subset_sum_mt_per_example
        PASS [   0.003s] (3726/4337) apas-verus::TestSubsetSumMtPer test_subset_sum_mt_per_partial_eq
        PASS [   0.003s] (3727/4337) apas-verus::TestSubsetSumStEph test_all_same_value
        PASS [   0.003s] (3728/4337) apas-verus::TestSubsetSumStEph test_clear_memo
        PASS [   0.004s] (3729/4337) apas-verus::TestSubsetSumMtPer test_subset_sum_mt_per_new
        PASS [   0.003s] (3730/4337) apas-verus::TestSubsetSumStEph test_display
        PASS [   0.003s] (3731/4337) apas-verus::TestSubsetSumStEph test_into_iterator
        PASS [   0.003s] (3732/4337) apas-verus::TestSubsetSumStEph test_into_iterator_mut
        PASS [   0.003s] (3733/4337) apas-verus::TestSubsetSumStEph test_from_multiset
        PASS [   0.003s] (3734/4337) apas-verus::TestSubsetSumStEph test_into_iterator_ref
        PASS [   0.003s] (3735/4337) apas-verus::TestSubsetSumStEph test_larger_multiset
        PASS [   0.004s] (3736/4337) apas-verus::TestSubsetSumStEph test_memo_size
        PASS [   0.004s] (3737/4337) apas-verus::TestSubsetSumStEph test_multiset_mut_getter
        PASS [   0.004s] (3738/4337) apas-verus::TestSubsetSumStEph test_mutation_preserves_functionality
        PASS [   0.004s] (3739/4337) apas-verus::TestSubsetSumStEph test_macro_empty
        PASS [   0.004s] (3740/4337) apas-verus::TestSubsetSumStEph test_multiset_getter
        PASS [   0.004s] (3741/4337) apas-verus::TestSubsetSumStEph test_set_clears_memo
        PASS [   0.004s] (3742/4337) apas-verus::TestSubsetSumStEph test_subset_sum_impossible
        PASS [   0.004s] (3743/4337) apas-verus::TestSubsetSumStEph test_single_element
        PASS [   0.004s] (3744/4337) apas-verus::TestSubsetSumStEph test_subset_sum_exact_match
        PASS [   0.004s] (3745/4337) apas-verus::TestSubsetSumStEph test_new
        PASS [   0.003s] (3746/4337) apas-verus::TestSubsetSumStEph test_subset_sum_st_eph_mutation
        PASS [   0.003s] (3747/4337) apas-verus::TestSubsetSumStEph test_subset_sum_multiple_solutions
        PASS [   0.003s] (3748/4337) apas-verus::TestSubsetSumStEph test_subset_sum_st_eph_basic
        PASS [   0.004s] (3749/4337) apas-verus::TestSubsetSumStEph test_subset_sum_negative_target
        PASS [   0.004s] (3750/4337) apas-verus::TestSubsetSumStEph test_subset_sum_st_eph_empty
        PASS [   0.003s] (3751/4337) apas-verus::TestSubsetSumStPer test_subset_sum_st_per_all_combinations
        PASS [   0.003s] (3752/4337) apas-verus::TestSubsetSumStPer test_subset_sum_st_per_clone
        PASS [   0.003s] (3753/4337) apas-verus::TestSubsetSumStPer test_subset_sum_st_per_basic
        PASS [   0.003s] (3754/4337) apas-verus::TestSubsetSumStEph test_subset_sum_zero_target
        PASS [   0.003s] (3755/4337) apas-verus::TestSubsetSumStPer test_subset_sum_st_per_display
        PASS [   0.003s] (3756/4337) apas-verus::TestSubsetSumStPer test_subset_sum_st_per_duplicates
        PASS [   0.003s] (3757/4337) apas-verus::TestSubsetSumStPer test_subset_sum_st_per_into_iter_owned
        PASS [   0.003s] (3758/4337) apas-verus::TestSubsetSumStPer test_subset_sum_st_per_example_49_2
        PASS [   0.003s] (3759/4337) apas-verus::TestSubsetSumStPer test_subset_sum_st_per_from_multiset
        PASS [   0.003s] (3760/4337) apas-verus::TestSubsetSumStPer test_subset_sum_st_per_empty
        PASS [   0.003s] (3761/4337) apas-verus::TestSubsetSumStPer test_subset_sum_st_per_memo_size
        PASS [   0.003s] (3762/4337) apas-verus::TestSubsetSumStPer test_subset_sum_st_per_into_iter_ref
        PASS [   0.003s] (3763/4337) apas-verus::TestSubsetSumStPer test_subset_sum_st_per_large_values
        PASS [   0.003s] (3764/4337) apas-verus::TestSubsetSumStPer test_subset_sum_st_per_multiset_getter
        PASS [   0.003s] (3765/4337) apas-verus::TestSubsetSumStPer test_subset_sum_st_per_negative_target
        PASS [   0.003s] (3766/4337) apas-verus::TestSubsetSumStPer test_subset_sum_st_per_singleton
        PASS [   0.003s] (3767/4337) apas-verus::TestTSPApproxStEph test_shortcut_tour
        PASS [   0.003s] (3768/4337) apas-verus::TestSubsetSumStPer test_subset_sum_st_per_new
        PASS [   0.003s] (3769/4337) apas-verus::TestTSPApproxStEph test_approx_metric_tsp
        PASS [   0.003s] (3770/4337) apas-verus::TestTSPApproxStEph test_euler_tour
        PASS [   0.004s] (3771/4337) apas-verus::TestTableMtEph test_table_domain
        PASS [   0.004s] (3772/4337) apas-verus::TestTableMtEph test_table_delete_ephemeral
        PASS [   0.004s] (3773/4337) apas-verus::TestTableMtEph test_table_empty
        PASS [   0.004s] (3774/4337) apas-verus::TestTSPApproxStEph test_tour_weight
        PASS [   0.004s] (3775/4337) apas-verus::TestTableMtEph test_table_difference_ephemeral
        PASS [   0.003s] (3776/4337) apas-verus::TestTableMtEph test_table_ephemeral_semantics
        PASS [   0.003s] (3777/4337) apas-verus::TestTableMtEph test_table_filter_ephemeral
        PASS [   0.003s] (3778/4337) apas-verus::TestTableMtEph test_table_find
        PASS [   0.003s] (3779/4337) apas-verus::TestTableMtEph test_table_insert_ephemeral
        PASS [   0.003s] (3780/4337) apas-verus::TestTableMtEph test_table_intersection_ephemeral
        PASS [   0.003s] (3781/4337) apas-verus::TestTableMtEph test_table_mteph_lit_macro
        PASS [   0.003s] (3782/4337) apas-verus::TestTableMtEph test_table_restrict_ephemeral
        PASS [   0.004s] (3783/4337) apas-verus::TestTableMtEph test_table_map_ephemeral
        PASS [   0.005s] (3784/4337) apas-verus::TestTableMtEph test_table_parallel_operations
        PASS [   0.005s] (3785/4337) apas-verus::TestTableMtEph test_table_parallel_tabulate
        PASS [   0.003s] (3786/4337) apas-verus::TestTableMtEph test_table_singleton
        PASS [   0.003s] (3787/4337) apas-verus::TestTableMtEph test_table_subtract_ephemeral
        PASS [   0.004s] (3788/4337) apas-verus::TestTableMtEph test_table_tabulate
        PASS [   0.003s] (3789/4337) apas-verus::TestTableMtEph test_table_union_ephemeral
        PASS [   0.003s] (3790/4337) apas-verus::TestTableMtEph test_tablemtephlit_macro_functionality
        PASS [   0.003s] (3791/4337) apas-verus::TestTableStEph table_insert_then_delete_same
        PASS [   0.003s] (3792/4337) apas-verus::TestTableStEph table_insert_duplicate_key_combines
        PASS [   0.003s] (3793/4337) apas-verus::TestTableStEph table_delete_nonexistent_key
        PASS [   0.003s] (3794/4337) apas-verus::TestTableStEph test_into_iter_collects_all_pairs
        PASS [   0.003s] (3795/4337) apas-verus::TestTableStEph test_into_iter_empty
        PASS [   0.003s] (3796/4337) apas-verus::TestTableStEph test_table_domain
        PASS [   0.003s] (3797/4337) apas-verus::TestTableStEph test_table_delete_ephemeral
        PASS [   0.003s] (3798/4337) apas-verus::TestTableStEph test_into_iter_for_loop
        PASS [   0.003s] (3799/4337) apas-verus::TestTableStEph test_table_difference_ephemeral
        PASS [   0.003s] (3800/4337) apas-verus::TestTableStEph test_table_empty
        PASS [   0.003s] (3801/4337) apas-verus::TestTableStEph test_table_ephemeral_semantics
        PASS [   0.003s] (3802/4337) apas-verus::TestTableStEph test_table_filter_ephemeral
        PASS [   0.003s] (3803/4337) apas-verus::TestTableStEph test_table_insert_ephemeral
        PASS [   0.003s] (3804/4337) apas-verus::TestTableStEph test_table_find
        PASS [   0.003s] (3805/4337) apas-verus::TestTableStEph test_table_intersection_ephemeral
        PASS [   0.003s] (3806/4337) apas-verus::TestTableStEph test_table_map_ephemeral
        PASS [   0.003s] (3807/4337) apas-verus::TestTableStEph test_table_singleton
        PASS [   0.003s] (3808/4337) apas-verus::TestTableStEph test_table_restrict_ephemeral
        PASS [   0.003s] (3809/4337) apas-verus::TestTableStEph test_table_large_operations
        PASS [   0.003s] (3810/4337) apas-verus::TestTableStEph test_table_steph_lit_macro
        PASS [   0.003s] (3811/4337) apas-verus::TestTableStEph test_table_tabulate
        PASS [   0.003s] (3812/4337) apas-verus::TestTableStEph test_table_union_ephemeral
        PASS [   0.003s] (3813/4337) apas-verus::TestTableStEph test_tablestephlit_macro_functionality
        PASS [   0.003s] (3814/4337) apas-verus::TestTableStEph test_table_subtract_ephemeral
        PASS [   0.003s] (3815/4337) apas-verus::TestTableStPer test_into_iter_collects_all_pairs
        PASS [   0.003s] (3816/4337) apas-verus::TestTableStPer test_table_delete
        PASS [   0.003s] (3817/4337) apas-verus::TestTableStPer test_into_iter_for_loop
        PASS [   0.003s] (3818/4337) apas-verus::TestTableStPer test_into_iter_empty
        PASS [   0.003s] (3819/4337) apas-verus::TestTableStPer test_table_difference
        PASS [   0.003s] (3820/4337) apas-verus::TestTableStPer test_table_domain
        PASS [   0.003s] (3821/4337) apas-verus::TestTableStPer test_table_empty_and_size
        PASS [   0.003s] (3822/4337) apas-verus::TestTableStPer test_table_filter
        PASS [   0.003s] (3823/4337) apas-verus::TestTableStPer test_table_insert_and_find
        PASS [   0.003s] (3824/4337) apas-verus::TestTableStPer test_table_empty_operations
        PASS [   0.003s] (3825/4337) apas-verus::TestTableStPer test_table_insert_with_combine
        PASS [   0.003s] (3826/4337) apas-verus::TestTableStPer test_table_macro
        PASS [   0.003s] (3827/4337) apas-verus::TestTableStPer test_table_map
        PASS [   0.003s] (3828/4337) apas-verus::TestTableStPer test_table_intersection
        PASS [   0.003s] (3829/4337) apas-verus::TestTableStPer test_table_persistence
        PASS [   0.004s] (3830/4337) apas-verus::TestTableStPer test_table_restrict
        PASS [   0.003s] (3831/4337) apas-verus::TestTableStPer test_table_union
        PASS [   0.003s] (3832/4337) apas-verus::TestTableStPer test_table_singleton
        PASS [   0.003s] (3833/4337) apas-verus::TestTableStPer test_table_subtract
        PASS [   0.003s] (3834/4337) apas-verus::TestTableStPer test_table_tabulate
        PASS [   0.003s] (3835/4337) apas-verus::TestTableStPer test_tablestperlit_macro_functionality
        PASS [   0.003s] (3836/4337) apas-verus::TestTopDownDPMtEph test_display
        PASS [   0.003s] (3837/4337) apas-verus::TestTopDownDPMtEph test_is_empty_true
        PASS [   0.003s] (3838/4337) apas-verus::TestTopDownDPMtEph test_default
        PASS [   0.003s] (3839/4337) apas-verus::TestTopDownDPMtEph test_is_empty_false
        PASS [   0.003s] (3840/4337) apas-verus::TestTopDownDPMtEph test_med_memoized_concurrent_empty
        PASS [   0.003s] (3841/4337) apas-verus::TestTopDownDPMtEph test_new
        PASS [   0.003s] (3842/4337) apas-verus::TestTopDownDPMtEph test_med_memoized_concurrent_textbook
        PASS [   0.004s] (3843/4337) apas-verus::TestTopDownDPMtEph test_med_memoized_concurrent_identical
        PASS [   0.004s] (3844/4337) apas-verus::TestTopDownDPMtEph test_med_memoized_parallel
        PASS [   0.003s] (3845/4337) apas-verus::TestTopDownDPMtEph test_partial_eq
        PASS [   0.003s] (3846/4337) apas-verus::TestTopDownDPMtEph test_set_s
        PASS [   0.003s] (3847/4337) apas-verus::TestTopDownDPMtEph test_s_length
        PASS [   0.003s] (3848/4337) apas-verus::TestTopDownDPMtEph test_set_t
        PASS [   0.003s] (3849/4337) apas-verus::TestTopDownDPMtEph test_t_length
        PASS [   0.003s] (3850/4337) apas-verus::TestTopDownDPMtPer test_default
        PASS [   0.004s] (3851/4337) apas-verus::TestTopDownDPMtPer test_display
        PASS [   0.004s] (3852/4337) apas-verus::TestTopDownDPMtPer test_is_empty_false
        PASS [   0.003s] (3853/4337) apas-verus::TestTopDownDPMtPer test_med_memoized_concurrent_empty
        PASS [   0.003s] (3854/4337) apas-verus::TestTopDownDPMtPer test_is_empty_true
        PASS [   0.003s] (3855/4337) apas-verus::TestTopDownDPMtPer test_med_memoized_concurrent_identical
        PASS [   0.003s] (3856/4337) apas-verus::TestTopDownDPMtPer test_med_memoized_concurrent_textbook
        PASS [   0.003s] (3857/4337) apas-verus::TestTopDownDPMtPer test_new
        PASS [   0.003s] (3858/4337) apas-verus::TestTopDownDPMtPer test_partial_eq
        PASS [   0.004s] (3859/4337) apas-verus::TestTopDownDPMtPer test_med_memoized_parallel
        PASS [   0.004s] (3860/4337) apas-verus::TestTopDownDPMtPer test_s_length
        PASS [   0.003s] (3861/4337) apas-verus::TestTopDownDPStEph test_default
        PASS [   0.003s] (3862/4337) apas-verus::TestTopDownDPStEph test_clear_memo
        PASS [   0.003s] (3863/4337) apas-verus::TestTopDownDPMtPer test_t_length
        PASS [   0.003s] (3864/4337) apas-verus::TestTopDownDPStEph test_display
        PASS [   0.004s] (3865/4337) apas-verus::TestTopDownDPStEph test_get_memoized
        PASS [   0.003s] (3866/4337) apas-verus::TestTopDownDPStEph test_is_empty_false
        PASS [   0.004s] (3867/4337) apas-verus::TestTopDownDPStEph test_insert_memo
        PASS [   0.004s] (3868/4337) apas-verus::TestTopDownDPStEph test_insert_memo_overwrite
        PASS [   0.003s] (3869/4337) apas-verus::TestTopDownDPStEph test_is_empty_true
        PASS [   0.003s] (3870/4337) apas-verus::TestTopDownDPStEph test_med_memoized_identical
        PASS [   0.003s] (3871/4337) apas-verus::TestTopDownDPStEph test_med_memoized_empty
        PASS [   0.004s] (3872/4337) apas-verus::TestTopDownDPStEph test_is_memoized
        PASS [   0.003s] (3873/4337) apas-verus::TestTopDownDPStEph test_med_memoized_textbook
        PASS [   0.003s] (3874/4337) apas-verus::TestTopDownDPStEph test_memo_size
        PASS [   0.003s] (3875/4337) apas-verus::TestTopDownDPStEph test_new
        PASS [   0.003s] (3876/4337) apas-verus::TestTopDownDPStEph test_t_length
        PASS [   0.003s] (3877/4337) apas-verus::TestTopDownDPStEph test_partial_eq
        PASS [   0.003s] (3878/4337) apas-verus::TestTopDownDPStEph test_s_length
        PASS [   0.004s] (3879/4337) apas-verus::TestTopDownDPStPer test_clear_memo
        PASS [   0.003s] (3880/4337) apas-verus::TestTopDownDPStPer test_default
        PASS [   0.003s] (3881/4337) apas-verus::TestTopDownDPStPer test_get_memoized
        PASS [   0.003s] (3882/4337) apas-verus::TestTopDownDPStPer test_is_empty_false
        PASS [   0.003s] (3883/4337) apas-verus::TestTopDownDPStPer test_display
        PASS [   0.003s] (3884/4337) apas-verus::TestTopDownDPStPer test_is_empty_true
        PASS [   0.003s] (3885/4337) apas-verus::TestTopDownDPStPer test_med_memoized_identical
        PASS [   0.003s] (3886/4337) apas-verus::TestTopDownDPStPer test_is_memoized
        PASS [   0.003s] (3887/4337) apas-verus::TestTopDownDPStPer test_med_memoized_textbook
        PASS [   0.003s] (3888/4337) apas-verus::TestTopDownDPStPer test_med_memoized_empty
        PASS [   0.003s] (3889/4337) apas-verus::TestTopDownDPStPer test_memo_size
        PASS [   0.003s] (3890/4337) apas-verus::TestTopDownDPStPer test_t_length
        PASS [   0.003s] (3891/4337) apas-verus::TestTopDownDPStPer test_new
        PASS [   0.003s] (3892/4337) apas-verus::TestTopDownDPStPer test_partial_eq
        PASS [   0.004s] (3893/4337) apas-verus::TestTopDownDPStPer test_s_length
        PASS [   0.003s] (3894/4337) apas-verus::TestTopoSortStEph test_cycle_returns_none
        PASS [   0.003s] (3895/4337) apas-verus::TestTopoSortStEph test_disconnected_components
        PASS [   0.003s] (3896/4337) apas-verus::TestTopoSortStEph test_empty_graph
        PASS [   0.003s] (3897/4337) apas-verus::TestTopoSortStEph test_dag_with_branches
        PASS [   0.003s] (3898/4337) apas-verus::TestTopoSortStEph test_self_loop_returns_none
        PASS [   0.003s] (3899/4337) apas-verus::TestTopoSortStEph test_linear_dag
        PASS [   0.003s] (3900/4337) apas-verus::TestTopoSortStEph test_topo_sort_simple
        PASS [   0.003s] (3901/4337) apas-verus::TestTopoSortStEph test_topo_sort_disconnected
        PASS [   0.003s] (3902/4337) apas-verus::TestTopoSortStEph test_single_node
        PASS [   0.003s] (3903/4337) apas-verus::TestTopoSortStEph test_topo_sort_empty
        PASS [   0.004s] (3904/4337) apas-verus::TestTopoSortStPer test_cycle_returns_none
        PASS [   0.003s] (3905/4337) apas-verus::TestTopoSortStPer test_empty_graph
        PASS [   0.003s] (3906/4337) apas-verus::TestTopoSortStPer test_disconnected_components
        PASS [   0.003s] (3907/4337) apas-verus::TestTopoSortStPer test_linear_dag
        PASS [   0.003s] (3908/4337) apas-verus::TestTopoSortStPer test_dag_with_branches
        PASS [   0.003s] (3909/4337) apas-verus::TestTopoSortStPer test_self_loop_returns_none
        PASS [   0.003s] (3910/4337) apas-verus::TestTopoSortStPer test_topo_sort_simple
        PASS [   0.003s] (3911/4337) apas-verus::TestTopoSortStPer test_single_node
        PASS [   0.003s] (3912/4337) apas-verus::TestTopoSortStPer test_topo_sort_disconnected
        PASS [   0.003s] (3913/4337) apas-verus::TestTopoSortStPer test_topo_sort_empty
        PASS [   0.003s] (3914/4337) apas-verus::TestUnDirGraphMtEph test_arcs
        PASS [   0.003s] (3915/4337) apas-verus::TestUnDirGraphMtEph test_disconnected_components
        PASS [   0.004s] (3916/4337) apas-verus::TestUnDirGraphMtEph test_clone
        PASS [   0.004s] (3917/4337) apas-verus::TestUnDirGraphMtEph test_debug_format
        PASS [   0.004s] (3918/4337) apas-verus::TestUnDirGraphMtEph test_clone_graph
        PASS [   0.004s] (3919/4337) apas-verus::TestUnDirGraphMtEph test_cycle_graph
        PASS [   0.003s] (3920/4337) apas-verus::TestUnDirGraphMtEph test_incident
        PASS [   0.004s] (3921/4337) apas-verus::TestUnDirGraphMtEph test_display_format
        PASS [   0.004s] (3922/4337) apas-verus::TestUnDirGraphMtEph test_equality
        PASS [   0.004s] (3923/4337) apas-verus::TestUnDirGraphMtEph test_edge_order_symmetry
        PASS [   0.004s] (3924/4337) apas-verus::TestUnDirGraphMtEph test_empty_graph_all_operations
        PASS [   0.003s] (3925/4337) apas-verus::TestUnDirGraphMtEph test_isolated_vertices
        PASS [   0.003s] (3926/4337) apas-verus::TestUnDirGraphMtEph test_ng_of_vertices_empty_set
        PASS [   0.003s] (3927/4337) apas-verus::TestUnDirGraphMtEph test_multiple_self_loops
        PASS [   0.004s] (3928/4337) apas-verus::TestUnDirGraphMtEph test_indegree
        PASS [   0.005s] (3929/4337) apas-verus::TestUnDirGraphMtEph test_large_parallel_graph
        PASS [   0.004s] (3930/4337) apas-verus::TestUnDirGraphMtEph test_ng_single_edge
        PASS [   0.004s] (3931/4337) apas-verus::TestUnDirGraphMtEph test_ng_parallel_with_many_edges
        PASS [   0.004s] (3932/4337) apas-verus::TestUnDirGraphMtEph test_ng_of_vertices_parallel
        PASS [   0.006s] (3933/4337) apas-verus::TestUnDirGraphMtEph test_ng_of_vertices_large_set
        PASS [   0.004s] (3934/4337) apas-verus::TestUnDirGraphMtEph test_ngofvertices_empty_subset
        PASS [   0.003s] (3935/4337) apas-verus::TestUnDirGraphMtEph test_nminus
        PASS [   0.003s] (3936/4337) apas-verus::TestUnDirGraphMtEph test_nplus
        PASS [   0.004s] (3937/4337) apas-verus::TestUnDirGraphMtEph test_nminusofvertices
        PASS [   0.003s] (3938/4337) apas-verus::TestUnDirGraphMtEph test_outdegree
        PASS [   0.003s] (3939/4337) apas-verus::TestUnDirGraphMtEph test_nplusofvertices
        PASS [   0.003s] (3940/4337) apas-verus::TestUnDirGraphMtEph test_sizea
        PASS [   0.004s] (3941/4337) apas-verus::TestUnDirGraphMtEph test_path_graph
        PASS [   0.004s] (3942/4337) apas-verus::TestUnDirGraphMtEph test_star_graph
        PASS [   0.004s] (3943/4337) apas-verus::TestUnDirGraphMtEph test_undirgraphmteph_complete_graph
        PASS [   0.004s] (3944/4337) apas-verus::TestUnDirGraphMtEph test_undirgraphmteph_basic_operations
        PASS [   0.003s] (3945/4337) apas-verus::TestUnDirGraphMtEph test_undirgraphmteph_edge_cases
        PASS [   0.003s] (3946/4337) apas-verus::TestUnDirGraphMtEph test_undirgraphmteph_empty
        PASS [   0.006s] (3947/4337) apas-verus::TestUnDirGraphMtEph test_undirgraphmteph_concurrent_access
        PASS [   0.004s] (3948/4337) apas-verus::TestUnDirGraphMtEph test_undirgraphmteph_incident_operations
        PASS [   0.004s] (3949/4337) apas-verus::TestUnDirGraphMtEph test_undirgraphmteph_ngofvertices
        PASS [   0.004s] (3950/4337) apas-verus::TestUnDirGraphMtEph test_undirgraphmteph_nplusminusofvertices
        PASS [   0.004s] (3951/4337) apas-verus::TestUnDirGraphMtEph test_undirgraphmteph_nonexistent_vertex
        PASS [   0.003s] (3952/4337) apas-verus::TestUnDirGraphStEph test_arcs
        PASS [   0.003s] (3953/4337) apas-verus::TestUnDirGraphMtEph test_undirgraphmtephlit_macro_functionality
        PASS [   0.003s] (3954/4337) apas-verus::TestUnDirGraphStEph test_clone
        PASS [   0.003s] (3955/4337) apas-verus::TestUnDirGraphStEph test_complete_graph
        PASS [   0.003s] (3956/4337) apas-verus::TestUnDirGraphStEph test_cycle_graph
        PASS [   0.003s] (3957/4337) apas-verus::TestUnDirGraphStEph test_debug
        PASS [   0.003s] (3958/4337) apas-verus::TestUnDirGraphStEph test_degree
        PASS [   0.003s] (3959/4337) apas-verus::TestUnDirGraphStEph test_disconnected_graph
        PASS [   0.003s] (3960/4337) apas-verus::TestUnDirGraphStEph test_display
        PASS [   0.004s] (3961/4337) apas-verus::TestUnDirGraphStEph test_empty
        PASS [   0.003s] (3962/4337) apas-verus::TestUnDirGraphStEph test_indegree
        PASS [   0.003s] (3963/4337) apas-verus::TestUnDirGraphStEph test_incident
        PASS [   0.003s] (3964/4337) apas-verus::TestUnDirGraphStEph test_equality
        PASS [   0.003s] (3965/4337) apas-verus::TestUnDirGraphStEph test_isolated_vertex
        PASS [   0.004s] (3966/4337) apas-verus::TestUnDirGraphStEph test_neighbor
        PASS [   0.003s] (3967/4337) apas-verus::TestUnDirGraphStEph test_ng
        PASS [   0.003s] (3968/4337) apas-verus::TestUnDirGraphStEph test_ngofvertices
        PASS [   0.004s] (3969/4337) apas-verus::TestUnDirGraphStEph test_nminus
        PASS [   0.003s] (3970/4337) apas-verus::TestUnDirGraphStEph test_nminusofvertices
        PASS [   0.004s] (3971/4337) apas-verus::TestUnDirGraphStEph test_nplus
        PASS [   0.003s] (3972/4337) apas-verus::TestUnDirGraphStEph test_nplusofvertices
        PASS [   0.003s] (3973/4337) apas-verus::TestUnDirGraphStEph test_outdegree
        PASS [   0.003s] (3974/4337) apas-verus::TestUnDirGraphStEph test_path_graph
        PASS [   0.003s] (3975/4337) apas-verus::TestUnDirGraphStEph test_self_loop
        PASS [   0.003s] (3976/4337) apas-verus::TestUnDirGraphStEph test_sizea
        PASS [   0.003s] (3977/4337) apas-verus::TestUnDirGraphStEph test_undigraph_vertices_and_edges
        PASS [   0.003s] (3978/4337) apas-verus::TestUnDirGraphStEph test_star_graph
        PASS [   0.004s] (3979/4337) apas-verus::TestUnDirGraphStEph test_undirgraphstephlit_macro_functionality
        PASS [   0.004s] (3980/4337) apas-verus::TestUnionFindArrayStEph test_find_self
        PASS [   0.003s] (3981/4337) apas-verus::TestUnionFindArrayStEph test_find_single
        PASS [   0.003s] (3982/4337) apas-verus::TestUnionFindArrayStEph test_new
        PASS [   0.004s] (3983/4337) apas-verus::TestUnionFindArrayStEph test_new_zero
        PASS [   0.003s] (3984/4337) apas-verus::TestUnionFindArrayStEph test_size
        PASS [   0.003s] (3985/4337) apas-verus::TestUnionFindArrayStEph test_union_basic
        PASS [   0.003s] (3986/4337) apas-verus::TestUnionFindArrayStEph test_union_chain
        PASS [   0.003s] (3987/4337) apas-verus::TestUnionFindArrayStEph test_union_by_rank_large
        PASS [   0.003s] (3988/4337) apas-verus::TestUnionFindArrayStEph test_union_merge_sets
        PASS [   0.003s] (3989/4337) apas-verus::TestUnionFindArrayStEph test_union_idempotent
        PASS [   0.003s] (3990/4337) apas-verus::TestUnionFindNoPCStEph test_equals_different_sets
        PASS [   0.003s] (3991/4337) apas-verus::TestUnionFindNoPCStEph test_equals_same_element
        PASS [   0.003s] (3992/4337) apas-verus::TestUnionFindNoPCStEph test_find_self
        PASS [   0.003s] (3993/4337) apas-verus::TestUnionFindNoPCStEph test_insert_and_size
        PASS [   0.003s] (3994/4337) apas-verus::TestUnionFindNoPCStEph test_multiple_disjoint_sets
        PASS [   0.003s] (3995/4337) apas-verus::TestUnionFindNoPCStEph test_new_empty
        PASS [   0.003s] (3996/4337) apas-verus::TestUnionFindNoPCStEph test_union_basic
        PASS [   0.003s] (3997/4337) apas-verus::TestUnionFindNoPCStEph test_size_unchanged_after_union
        PASS [   0.003s] (3998/4337) apas-verus::TestUnionFindNoPCStEph test_union_chain
        PASS [   0.003s] (3999/4337) apas-verus::TestUnionFindNoPCStEph test_union_idempotent
        PASS [   0.003s] (4000/4337) apas-verus::TestUnionFindNoPCStEph test_union_transitivity
        PASS [   0.003s] (4001/4337) apas-verus::TestUnionFindPCStEph test_multiple_components
        PASS [   0.003s] (4002/4337) apas-verus::TestUnionFindPCStEph test_default_trait
        PASS [   0.003s] (4003/4337) apas-verus::TestUnionFindPCStEph test_find_root
        PASS [   0.003s] (4004/4337) apas-verus::TestUnionFindPCStEph test_large_union_find
        PASS [   0.003s] (4005/4337) apas-verus::TestUnionFindPCStEph test_rank_based_union_smaller_to_larger
        PASS [   0.003s] (4006/4337) apas-verus::TestUnionFindPCStEph test_trait_find
        PASS [   0.003s] (4007/4337) apas-verus::TestUnionFindPCStEph test_star_pattern
        PASS [   0.003s] (4008/4337) apas-verus::TestUnionFindPCStEph test_trait_equals
        PASS [   0.003s] (4009/4337) apas-verus::TestUnionFindPCStEph test_trait_insert
        PASS [   0.003s] (4010/4337) apas-verus::TestUnionFindPCStEph test_trait_new
        PASS [   0.003s] (4011/4337) apas-verus::TestUnionFindPCStEph test_trait_size
        PASS [   0.003s] (4012/4337) apas-verus::TestUnionFindPCStEph test_trait_union
        PASS [   0.003s] (4013/4337) apas-verus::TestUnionFindPCStEph test_union_find_basic
        PASS [   0.003s] (4014/4337) apas-verus::TestUnionFindPCStEph test_union_find_already_unioned
        PASS [   0.003s] (4015/4337) apas-verus::TestUnionFindPCStEph test_union_find_empty
        PASS [   0.003s] (4016/4337) apas-verus::TestUnionFindPCStEph test_union_find_reflexive
        PASS [   0.003s] (4017/4337) apas-verus::TestUnionFindPCStEph test_union_find_path_compression
        PASS [   0.003s] (4018/4337) apas-verus::TestUnionFindPCStEph test_union_find_string_vertices
        PASS [   0.003s] (4019/4337) apas-verus::TestUnionFindPCStEph test_union_find_single
        PASS [   0.003s] (4020/4337) apas-verus::TestUnionFindPCStEph test_union_find_symmetric
        PASS [   0.003s] (4021/4337) apas-verus::TestUnionFindPCStEph test_union_find_transitive
        PASS [   0.003s] (4022/4337) apas-verus::TestUnsortedListPQ test_complexity_characteristics
        PASS [   0.003s] (4023/4337) apas-verus::TestUnsortedListPQ test_display_formatting
        PASS [   0.003s] (4024/4337) apas-verus::TestUnsortedListPQ test_delete_min_sequence
        PASS [   0.003s] (4025/4337) apas-verus::TestUnsortedListPQ test_duplicate_elements
        PASS [   0.003s] (4026/4337) apas-verus::TestUnsortedListPQ test_empty_constructor
        PASS [   0.003s] (4027/4337) apas-verus::TestUnsortedListPQ test_edge_cases
        PASS [   0.003s] (4028/4337) apas-verus::TestUnsortedListPQ test_empty_priority_queue
        PASS [   0.003s] (4029/4337) apas-verus::TestUnsortedListPQ test_from_seq
        PASS [   0.003s] (4030/4337) apas-verus::TestUnsortedListPQ test_from_vec_convenience
        PASS [   0.003s] (4031/4337) apas-verus::TestUnsortedListPQ test_insert_after_delete
        PASS [   0.004s] (4032/4337) apas-verus::TestUnsortedListPQ test_insert_all
        PASS [   0.004s] (4033/4337) apas-verus::TestUnsortedListPQ test_large_dataset
        PASS [   0.004s] (4034/4337) apas-verus::TestUnsortedListPQ test_insert_and_find_min
        PASS [   0.003s] (4035/4337) apas-verus::TestUnsortedListPQ test_macro_creation
        PASS [   0.003s] (4036/4337) apas-verus::TestUnsortedListPQ test_meld_multiple
        PASS [   0.003s] (4037/4337) apas-verus::TestUnsortedListPQ test_meld_operation
        PASS [   0.003s] (4038/4337) apas-verus::TestUnsortedListPQ test_meld_with_empty
        PASS [   0.003s] (4039/4337) apas-verus::TestUnsortedListPQ test_mixed_positive_negative
        PASS [   0.003s] (4040/4337) apas-verus::TestUnsortedListPQ test_negative_numbers
        PASS [   0.003s] (4041/4337) apas-verus::TestUnsortedListPQ test_roundtrip_vec
        PASS [   0.003s] (4042/4337) apas-verus::TestUnsortedListPQ test_persistent_behavior
        PASS [   0.003s] (4043/4337) apas-verus::TestUnsortedListPQ test_singleton_constructor
        PASS [   0.003s] (4044/4337) apas-verus::TestUnsortedListPQ test_string_elements
        PASS [   0.006s] (4045/4337) apas-verus::TestUnsortedListPQ test_singleton_priority_queue
        PASS [   0.003s] (4046/4337) apas-verus::TestUnsortedListPQ test_to_vec
        PASS [   0.003s] (4047/4337) apas-verus::TestUnsortedListPQ test_to_seq
        PASS [   0.003s] (4048/4337) apas-verus::TestUnsortedListPQ test_to_vec_empty
        PASS [   0.004s] (4049/4337) apas-verus::TestUnsortedListPQ test_to_seq_empty
        PASS [   0.003s] (4050/4337) apas-verus::TestVecChainedHashTable test_vec_chained_delete_nonexistent
        PASS [   0.003s] (4051/4337) apas-verus::TestVecChainedHashTable test_vec_chained_hash_index
        PASS [   0.003s] (4052/4337) apas-verus::TestUnsortedListPQ test_unsortedlistpqlit_macro_functionality
        PASS [   0.003s] (4053/4337) apas-verus::TestVecChainedHashTable test_vec_chained_delete
        PASS [   0.003s] (4054/4337) apas-verus::TestVecChainedHashTable test_vec_chained_insert_lookup
        PASS [   0.003s] (4055/4337) apas-verus::TestVecChainedHashTable test_vec_chained_insert_then_delete_then_lookup
        PASS [   0.003s] (4056/4337) apas-verus::TestVecChainedHashTable test_vec_chained_lookup_nonexistent
        PASS [   0.003s] (4057/4337) apas-verus::TestVecChainedHashTable test_vec_chained_many_collisions
        PASS [   0.003s] (4058/4337) apas-verus::TestVecChainedHashTable test_vec_chained_overwrite_value
        PASS [   0.003s] (4059/4337) apas-verus::TestVecChainedHashTable test_vec_chained_resize
        PASS [   0.003s] (4060/4337) apas-verus::TestVecChainedHashTable test_vec_entry_delete
        PASS [   0.003s] (4061/4337) apas-verus::TestVecChainedHashTable test_vec_entry_delete_nonexistent
        PASS [   0.003s] (4062/4337) apas-verus::TestVecChainedHashTable test_vec_entry_insert
        PASS [   0.003s] (4063/4337) apas-verus::TestVecChainedHashTable test_vec_entry_delete_all
        PASS [   0.003s] (4064/4337) apas-verus::TestVecChainedHashTable test_vec_entry_multiple_inserts
        PASS [   0.003s] (4065/4337) apas-verus::TestVecChainedHashTable test_vec_entry_update
        PASS [   0.003s] (4066/4337) apas-verus::TestVecChainedHashTable test_vec_entry_new
        PASS [   0.004s] (4067/4337) apas-verus::TestVertexMatchingMtEph test_parallel_matching_mt_cycle
        PASS [   0.004s] (4068/4337) apas-verus::TestVertexMatchingMtEph test_parallel_matching_mt_correctness
        PASS [   0.005s] (4069/4337) apas-verus::TestVertexMatchingMtEph test_parallel_matching_mt_different_seeds
        PASS [   0.003s] (4070/4337) apas-verus::TestVertexMatchingStEph test_greedy_matching_complete_graph
        PASS [   0.004s] (4071/4337) apas-verus::TestVertexMatchingMtEph test_parallel_matching_mt_empty
        PASS [   0.004s] (4072/4337) apas-verus::TestVertexMatchingMtEph test_parallel_matching_mt_star
        PASS [   0.004s] (4073/4337) apas-verus::TestVertexMatchingMtEph test_parallel_matching_mt_single_edge
        PASS [   0.003s] (4074/4337) apas-verus::TestVertexMatchingStEph test_greedy_matching_cycle
        PASS [   0.003s] (4075/4337) apas-verus::TestVertexMatchingStEph test_greedy_matching_empty_graph
        PASS [   0.003s] (4076/4337) apas-verus::TestVertexMatchingStEph test_greedy_matching_isolated_vertices
        PASS [   0.003s] (4077/4337) apas-verus::TestVertexMatchingStEph test_greedy_matching_path
        PASS [   0.003s] (4078/4337) apas-verus::TestVertexMatchingStEph test_greedy_matching_single_edge
        PASS [   0.003s] (4079/4337) apas-verus::TestVertexMatchingStEph test_greedy_matching_star
        PASS [   0.003s] (4080/4337) apas-verus::TestVertexMatchingStEph test_parallel_matching_st_determinism
        PASS [   0.003s] (4081/4337) apas-verus::TestVertexMatchingStEph test_parallel_matching_st_cycle
        PASS [   0.003s] (4082/4337) apas-verus::TestVertexMatchingStEph test_matching_properties
        PASS [   0.004s] (4083/4337) apas-verus::TestVertexMatchingStEph test_greedy_matching_two_edges_share_vertex
        PASS [   0.003s] (4084/4337) apas-verus::TestVertexMatchingStEph test_parallel_matching_st_empty
        PASS [   0.003s] (4085/4337) apas-verus::TestVertexMatchingStEph test_parallel_matching_st_large_cycle
        PASS [   0.003s] (4086/4337) apas-verus::TestVertexMatchingStEph test_parallel_matching_st_single_edge
        PASS [   0.003s] (4087/4337) apas-verus::TestVertexMatchingStEph test_parallel_matching_st_star
        PASS [   0.003s] (4088/4337) apas-verus::TestWeightedDirGraphStEphI128 test_add_weighed_edge
        PASS [   0.003s] (4089/4337) apas-verus::TestWeightedDirGraphStEphI128 test_clone
        PASS [   0.003s] (4090/4337) apas-verus::TestWeightedDirGraphStEphI128 test_from_weighed_edges
        PASS [   0.003s] (4091/4337) apas-verus::TestWeightedDirGraphStEphI128 test_max_weight
        PASS [   0.005s] (4092/4337) apas-verus::TestWeightedDirGraphStEphI128 test_empty_graph
        PASS [   0.004s] (4093/4337) apas-verus::TestWeightedDirGraphStEphI128 test_self_loop
        PASS [   0.006s] (4094/4337) apas-verus::TestWeightedDirGraphStEphI128 test_multiple_edges_same_source
        PASS [   0.003s] (4095/4337) apas-verus::TestWeightedDirGraphStEphI16 test_clone
        PASS [   0.003s] (4096/4337) apas-verus::TestWeightedDirGraphStEphI16 test_add_weighed_edge
        PASS [   0.003s] (4097/4337) apas-verus::TestWeightedDirGraphStEphI16 test_empty_graph
        PASS [   0.003s] (4098/4337) apas-verus::TestWeightedDirGraphStEphI16 test_from_weighed_edges
        PASS [   0.003s] (4099/4337) apas-verus::TestWeightedDirGraphStEphI16 test_max_weight
        PASS [   0.003s] (4100/4337) apas-verus::TestWeightedDirGraphStEphI16 test_multiple_edges_same_source
        PASS [   0.004s] (4101/4337) apas-verus::TestWeightedDirGraphStEphI16 test_self_loop
        PASS [   0.003s] (4102/4337) apas-verus::TestWeightedDirGraphStEphI32 test_clone
        PASS [   0.003s] (4103/4337) apas-verus::TestWeightedDirGraphStEphI32 test_add_weighed_edge
        PASS [   0.003s] (4104/4337) apas-verus::TestWeightedDirGraphStEphI32 test_empty_graph
        PASS [   0.003s] (4105/4337) apas-verus::TestWeightedDirGraphStEphI32 test_from_weighed_edges
        PASS [   0.003s] (4106/4337) apas-verus::TestWeightedDirGraphStEphI32 test_max_weight
        PASS [   0.003s] (4107/4337) apas-verus::TestWeightedDirGraphStEphI32 test_multiple_edges_same_source
        PASS [   0.003s] (4108/4337) apas-verus::TestWeightedDirGraphStEphI32 test_self_loop
        PASS [   0.003s] (4109/4337) apas-verus::TestWeightedDirGraphStEphI64 test_add_weighed_edge
        PASS [   0.003s] (4110/4337) apas-verus::TestWeightedDirGraphStEphI64 test_clone
        PASS [   0.003s] (4111/4337) apas-verus::TestWeightedDirGraphStEphI64 test_empty_graph
        PASS [   0.003s] (4112/4337) apas-verus::TestWeightedDirGraphStEphI64 test_max_weight
        PASS [   0.003s] (4113/4337) apas-verus::TestWeightedDirGraphStEphI64 test_from_weighed_edges
        PASS [   0.003s] (4114/4337) apas-verus::TestWeightedDirGraphStEphI64 test_multiple_edges_same_source
        PASS [   0.003s] (4115/4337) apas-verus::TestWeightedDirGraphStEphI64 test_self_loop
        PASS [   0.003s] (4116/4337) apas-verus::TestWeightedDirGraphStEphI8 test_add_weighed_edge
        PASS [   0.003s] (4117/4337) apas-verus::TestWeightedDirGraphStEphI8 test_clone
        PASS [   0.003s] (4118/4337) apas-verus::TestWeightedDirGraphStEphI8 test_empty_graph
        PASS [   0.003s] (4119/4337) apas-verus::TestWeightedDirGraphStEphI8 test_from_weighed_edges
        PASS [   0.003s] (4120/4337) apas-verus::TestWeightedDirGraphStEphI8 test_multiple_edges_same_source
        PASS [   0.003s] (4121/4337) apas-verus::TestWeightedDirGraphStEphI8 test_max_weight
        PASS [   0.003s] (4122/4337) apas-verus::TestWeightedDirGraphStEphIsize test_add_weighed_edge
        PASS [   0.003s] (4123/4337) apas-verus::TestWeightedDirGraphStEphIsize test_clone
        PASS [   0.003s] (4124/4337) apas-verus::TestWeightedDirGraphStEphI8 test_self_loop
        PASS [   0.003s] (4125/4337) apas-verus::TestWeightedDirGraphStEphIsize test_from_weighed_edges
        PASS [   0.003s] (4126/4337) apas-verus::TestWeightedDirGraphStEphIsize test_empty_graph
        PASS [   0.003s] (4127/4337) apas-verus::TestWeightedDirGraphStEphIsize test_multiple_edges_same_source
        PASS [   0.003s] (4128/4337) apas-verus::TestWeightedDirGraphStEphIsize test_self_loop
        PASS [   0.003s] (4129/4337) apas-verus::TestWeightedDirGraphStEphIsize test_max_weight
        PASS [   0.003s] (4130/4337) apas-verus::TestWeightedDirGraphStEphU128 test_clone
        PASS [   0.003s] (4131/4337) apas-verus::TestWeightedDirGraphStEphU128 test_add_weighed_edge
        PASS [   0.003s] (4132/4337) apas-verus::TestWeightedDirGraphStEphU128 test_max_weight
        PASS [   0.003s] (4133/4337) apas-verus::TestWeightedDirGraphStEphU128 test_empty_graph
        PASS [   0.003s] (4134/4337) apas-verus::TestWeightedDirGraphStEphU128 test_from_weighed_edges
        PASS [   0.003s] (4135/4337) apas-verus::TestWeightedDirGraphStEphU128 test_self_loop
        PASS [   0.003s] (4136/4337) apas-verus::TestWeightedDirGraphStEphU128 test_multiple_edges_same_source
        PASS [   0.003s] (4137/4337) apas-verus::TestWeightedDirGraphStEphU16 test_empty_graph
        PASS [   0.003s] (4138/4337) apas-verus::TestWeightedDirGraphStEphU16 test_clone
        PASS [   0.003s] (4139/4337) apas-verus::TestWeightedDirGraphStEphU16 test_add_weighed_edge
        PASS [   0.003s] (4140/4337) apas-verus::TestWeightedDirGraphStEphU16 test_max_weight
        PASS [   0.003s] (4141/4337) apas-verus::TestWeightedDirGraphStEphU16 test_from_weighed_edges
        PASS [   0.003s] (4142/4337) apas-verus::TestWeightedDirGraphStEphU16 test_self_loop
        PASS [   0.003s] (4143/4337) apas-verus::TestWeightedDirGraphStEphU32 test_add_weighed_edge
        PASS [   0.003s] (4144/4337) apas-verus::TestWeightedDirGraphStEphU16 test_multiple_edges_same_source
        PASS [   0.003s] (4145/4337) apas-verus::TestWeightedDirGraphStEphU32 test_empty_graph
        PASS [   0.003s] (4146/4337) apas-verus::TestWeightedDirGraphStEphU32 test_complete_graph_weighted
        PASS [   0.003s] (4147/4337) apas-verus::TestWeightedDirGraphStEphU32 test_in_neighbors_weighed
        PASS [   0.003s] (4148/4337) apas-verus::TestWeightedDirGraphStEphU32 test_from_weighed_edges
        PASS [   0.003s] (4149/4337) apas-verus::TestWeightedDirGraphStEphU32 test_get_edge_weight
        PASS [   0.003s] (4150/4337) apas-verus::TestWeightedDirGraphStEphU32 test_isolated_vertex
        PASS [   0.003s] (4151/4337) apas-verus::TestWeightedDirGraphStEphU32 test_no_edges_graph
        PASS [   2.004s] (4152/4337) apas-verus::TestDirGraphMtEph test_deadlock_prevention_concurrent_graph_operations
        PASS [   0.003s] (4153/4337) apas-verus::TestWeightedDirGraphStEphU32 test_out_neighbors_weighed
        PASS [   0.003s] (4154/4337) apas-verus::TestWeightedDirGraphStEphU32 test_self_loop
        PASS [   0.003s] (4155/4337) apas-verus::TestWeightedDirGraphStEphU32 test_weighed_edges
        PASS [   0.003s] (4156/4337) apas-verus::TestWeightedDirGraphStEphU32 test_weighted_star
        PASS [   0.003s] (4157/4337) apas-verus::TestWeightedDirGraphStEphU32 test_weighted_path
        PASS [   0.003s] (4158/4337) apas-verus::TestWeightedDirGraphStEphU32 test_zero_weight
        PASS [   0.003s] (4159/4337) apas-verus::TestWeightedDirGraphStEphU64 test_clone
        PASS [   0.003s] (4160/4337) apas-verus::TestWeightedDirGraphStEphU64 test_empty_graph
        PASS [   0.003s] (4161/4337) apas-verus::TestWeightedDirGraphStEphU64 test_add_weighed_edge
        PASS [   0.003s] (4162/4337) apas-verus::TestWeightedDirGraphStEphU64 test_max_weight
        PASS [   0.003s] (4163/4337) apas-verus::TestWeightedDirGraphStEphU64 test_from_weighed_edges
        PASS [   0.003s] (4164/4337) apas-verus::TestWeightedDirGraphStEphU64 test_multiple_edges_same_source
        PASS [   0.003s] (4165/4337) apas-verus::TestWeightedDirGraphStEphU64 test_self_loop
        PASS [   0.003s] (4166/4337) apas-verus::TestWeightedDirGraphStEphU8 test_add_weighed_edge
        PASS [   0.004s] (4167/4337) apas-verus::TestWeightedDirGraphStEphU8 test_clone
        PASS [   0.003s] (4168/4337) apas-verus::TestWeightedDirGraphStEphU8 test_empty_graph
        PASS [   0.003s] (4169/4337) apas-verus::TestWeightedDirGraphStEphU8 test_from_weighed_edges
        PASS [   0.003s] (4170/4337) apas-verus::TestWeightedDirGraphStEphU8 test_max_weight
        PASS [   0.003s] (4171/4337) apas-verus::TestWeightedDirGraphStEphU8 test_multiple_edges_same_source
        PASS [   0.003s] (4172/4337) apas-verus::TestWeightedDirGraphStEphU8 test_self_loop
        PASS [   0.003s] (4173/4337) apas-verus::TestWeightedDirGraphStEphUsize test_add_weighed_edge
        PASS [   0.003s] (4174/4337) apas-verus::TestWeightedDirGraphStEphUsize test_clone
        PASS [   0.003s] (4175/4337) apas-verus::TestWeightedDirGraphStEphUsize test_empty_graph
        PASS [   0.003s] (4176/4337) apas-verus::TestWeightedDirGraphStEphUsize test_from_weighed_edges
        PASS [   0.003s] (4177/4337) apas-verus::TestWeightedDirGraphStEphUsize test_max_weight
        PASS [   0.003s] (4178/4337) apas-verus::TestWeightedDirGraphStEphUsize test_multiple_edges_same_source
        PASS [   0.003s] (4179/4337) apas-verus::TestWeightedDirGraphStEphUsize test_self_loop
        PASS [   0.003s] (4180/4337) apas-verus::Testdeep_view_standard test_collection_construction
        PASS [   0.003s] (4181/4337) apas-verus::Testdeep_view_standard test_simple_none
        PASS [   0.003s] (4182/4337) apas-verus::Testdeep_view_standard test_simple_some
        PASS [   0.003s] (4183/4337) apas-verus::Testiterators_standard test_into_iter_borrow
        PASS [   0.003s] (4184/4337) apas-verus::Testiterators_standard test_into_iter_consume
        PASS [   0.003s] (4185/4337) apas-verus::Testiterators_standard test_iter
        PASS [   0.003s] (4186/4337) apas-verus::Testiterators_standard test_iter_empty
        PASS [   0.003s] (4187/4337) apas-verus::Testiterators_standard test_new
        PASS [   0.003s] (4188/4337) apas-verus::Testmod_standard test_new
        PASS [   0.003s] (4189/4337) apas-verus::Testmod_standard test_new_empty
        PASS [   0.003s] (4190/4337) apas-verus::Testmulti_struct_standard test_interior_new
        PASS [   0.003s] (4191/4337) apas-verus::Testmulti_struct_standard test_interior_set_key
        PASS [   0.003s] (4192/4337) apas-verus::Testmulti_struct_standard test_leaf_new
        PASS [   0.003s] (4193/4337) apas-verus::Testmulti_struct_standard test_leaf_set_key
        PASS [   0.003s] (4194/4337) apas-verus::Testmulti_struct_standard test_tree_new_empty
        PASS [   0.003s] (4195/4337) apas-verus::Testmulti_struct_standard test_tree_with_leaf
        PASS [   0.003s] (4196/4337) apas-verus::Testmut_standard test_collect_range
        PASS [   0.003s] (4197/4337) apas-verus::Testmut_standard test_counter_new
        PASS [   0.003s] (4198/4337) apas-verus::Testmut_standard test_counter_inc
        PASS [   0.003s] (4199/4337) apas-verus::Testmut_standard test_counter_add
        PASS [   0.003s] (4200/4337) apas-verus::Testmut_standard test_increment_ref
        PASS [   0.003s] (4201/4337) apas-verus::Testmut_standard test_pair_new
        PASS [   0.003s] (4202/4337) apas-verus::Testmut_standard test_pair_set_fst
        PASS [   0.003s] (4203/4337) apas-verus::Testmut_standard test_pair_swap
        PASS [   0.003s] (4204/4337) apas-verus::Testmut_standard test_pair_set_snd
        PASS [   0.003s] (4205/4337) apas-verus::Testmut_standard test_replace_item
        PASS [   0.003s] (4206/4337) apas-verus::Testspec_naming_convention test_bounded_counter_bound_preserved
        PASS [   0.003s] (4207/4337) apas-verus::Testspec_naming_convention test_bounded_counter_increment_to_full
        PASS [   0.005s] (4208/4337) apas-verus::Testspec_naming_convention test_bounded_counter_err_when_full
        PASS [   0.003s] (4209/4337) apas-verus::Testtable_of_contents_standard test_clone
        PASS [   0.003s] (4210/4337) apas-verus::Testtable_of_contents_standard test_debug
        PASS [   0.003s] (4211/4337) apas-verus::Testtable_of_contents_standard test_display
        PASS [   0.003s] (4212/4337) apas-verus::Testtable_of_contents_standard test_into_iter_borrow
        PASS [   0.003s] (4213/4337) apas-verus::Testtable_of_contents_standard test_into_iter_consume
        PASS [   0.003s] (4214/4337) apas-verus::Testtable_of_contents_standard test_is_empty
        PASS [   0.003s] (4215/4337) apas-verus::Testtable_of_contents_standard test_lit_values
        PASS [   0.003s] (4216/4337) apas-verus::Testtable_of_contents_standard test_lit_empty
        PASS [   0.003s] (4217/4337) apas-verus::Testtable_of_contents_standard test_new
        PASS [   0.003s] (4218/4337) apas-verus::Testtable_of_contents_standard test_iter
        PASS [   0.003s] (4219/4337) apas-verus::Testtable_of_contents_standard test_partial_eq
        PASS [   0.003s] (4220/4337) apas-verus::Testtoplevel_coarse_rwlocks_for_mt_modules test_countdown_to_zero
        PASS [   0.003s] (4221/4337) apas-verus::Testtoplevel_coarse_rwlocks_for_mt_modules test_countdown_err_at_zero
        PASS [   0.003s] (4222/4337) apas-verus::Testusing_closures_standard test_map_apply
        PASS [   0.003s] (4223/4337) apas-verus::Testtoplevel_coarse_rwlocks_for_mt_modules test_countdown_new_zero
        PASS [   0.003s] (4224/4337) apas-verus::Testusing_closures_standard test_display
        PASS [   0.003s] (4225/4337) apas-verus::Testusing_closures_standard test_tabulate
        PASS [   0.003s] (4226/4337) apas-verus::Testview_standard test_simple_new_get
        PASS [   0.003s] (4227/4337) apas-verus::Testview_standard test_collection_nth
        PASS [   0.003s] (4228/4337) apas-verus::Testwrapping_iterators_standard test_display
        PASS [   0.003s] (4229/4337) apas-verus::Testview_standard test_collection_empty
        PASS [   0.003s] (4230/4337) apas-verus::Testview_standard test_collection_length
        PASS [   0.004s] (4231/4337) apas-verus::Testwrapping_iterators_standard test_inner_new_and_iter
        PASS [   0.003s] (4232/4337) apas-verus::Testwrapping_iterators_standard test_outer_into_iter
        PASS [   0.003s] (4233/4337) apas-verus::test_exercise12_1 spin_lock_excludes_parallel_threads
        PASS [   0.003s] (4234/4337) apas-verus::Testwrapping_iterators_standard test_outer_new_and_iter
        PASS [   0.003s] (4235/4337) apas-verus::test_exercise12_1 parallel_increment_counts_all_iterations
        PASS [   0.003s] (4236/4337) apas-verus::test_exercise12_1 spin_lock_with_lock_executes_body
        PASS [   0.003s] (4237/4337) apas-verus::test_exercise12_1 test_default_trait
        PASS [   0.003s] (4238/4337) apas-verus::test_exercise12_1 test_lock_unlock_sequential
        PASS [   0.003s] (4239/4337) apas-verus::test_exercise12_1 test_parallel_increment_one
        PASS [   0.008s] (4240/4337) apas-verus::test_exercise12_1 spin_lock_is_non_reentrant
        PASS [   0.003s] (4241/4337) apas-verus::test_exercise12_1 test_with_lock_nested_computation
        PASS [   0.003s] (4242/4337) apas-verus::test_exercise12_1 test_with_lock_returns_value
        PASS [   0.004s] (4243/4337) apas-verus::test_exercise12_1 test_parallel_increment_zero
        PASS [   0.004s] (4244/4337) apas-verus::test_exercise12_1 test_spin_lock_multiple_threads_stress
        PASS [   0.003s] (4245/4337) apas-verus::test_exercise12_1 test_with_lock_string_return
        PASS [   0.003s] (4246/4337) apas-verus::test_exercise12_1 test_with_lock_vec_mutation
        PASS [   0.003s] (4247/4337) apas-verus::test_exercise12_2 fetch_add_cas_is_thread_safe
        PASS [   0.003s] (4248/4337) apas-verus::test_exercise12_2 fetch_add_cas_large_delta
        PASS [   0.003s] (4249/4337) apas-verus::test_exercise12_2 fetch_add_cas_multiple_threads_stress
        PASS [   0.011s] (4250/4337) apas-verus::test_exercise12_1 test_parallel_increment_large
        PASS [   0.003s] (4251/4337) apas-verus::test_exercise12_2 fetch_add_cas_returns_monotonically_increasing
        PASS [   0.003s] (4252/4337) apas-verus::test_exercise12_2 fetch_add_cas_sequential_accumulation
        PASS [   0.003s] (4253/4337) apas-verus::test_exercise12_2 fetch_add_cas_returns_previous_value
        PASS [   0.003s] (4254/4337) apas-verus::test_exercise12_2 fetch_add_cas_zero_delta
        PASS [   0.003s] (4255/4337) apas-verus::test_exercise12_2 fetch_add_cas_wrapping
        PASS [   0.003s] (4256/4337) apas-verus::test_exercise12_2 trait_impl_works
        PASS [   0.004s] (4257/4337) apas-verus::test_exercise12_5 multi_thread_pop_consumes_all_elements
        PASS [   0.003s] (4258/4337) apas-verus::test_exercise12_5 pop_on_empty_returns_none
        PASS [   0.003s] (4259/4337) apas-verus::test_exercise12_5 push_pop_lifo_single_thread
        PASS [   0.003s] (4260/4337) apas-verus::test_exercise12_5 multi_thread_push_collects_all_items
        PASS [   0.003s] (4261/4337) apas-verus::test_exercise12_5 test_concurrent_push_pop_interleaved
        PASS [   0.003s] (4262/4337) apas-verus::test_exercise12_5 test_default_trait
        PASS [   0.003s] (4263/4337) apas-verus::test_exercise12_5 test_drain
        PASS [   0.003s] (4264/4337) apas-verus::test_exercise12_5 test_interleaved_push_pop
        PASS [   0.003s] (4265/4337) apas-verus::test_exercise12_5 test_drain_twice
        PASS [   0.003s] (4266/4337) apas-verus::test_exercise12_5 test_drain_empty_stack
        PASS [   0.003s] (4267/4337) apas-verus::test_exercise12_5 test_drain_preserves_all_elements
        PASS [   0.003s] (4268/4337) apas-verus::test_exercise12_5 test_is_empty_after_operations
        PASS [   0.003s] (4269/4337) apas-verus::test_exercise12_5 test_multiple_push_pop_cycles
        PASS [   0.003s] (4270/4337) apas-verus::test_exercise12_5 test_push_many_pop_all
        PASS [   0.003s] (4271/4337) apas-verus::test_exercise12_5 test_push_large_count
        PASS [   0.003s] (4272/4337) apas-verus::test_feq test_clone_bool
        PASS [   0.004s] (4273/4337) apas-verus::test_exercise12_5 test_pop_on_empty_multiple_times
        PASS [   0.004s] (4274/4337) apas-verus::test_exercise12_5 test_string_values
        PASS [   0.003s] (4275/4337) apas-verus::test_feq test_is_sorted_false_beginning
        PASS [   0.003s] (4276/4337) apas-verus::test_feq test_clone_i32
        PASS [   0.003s] (4277/4337) apas-verus::test_feq test_clone_vec
        PASS [   0.003s] (4278/4337) apas-verus::test_feq test_clone_u64
        PASS [   0.003s] (4279/4337) apas-verus::test_feq test_is_sorted_empty
        PASS [   0.003s] (4280/4337) apas-verus::test_feq test_is_sorted_equal_elements
        PASS [   0.003s] (4281/4337) apas-verus::test_feq test_is_sorted_single
        PASS [   0.003s] (4282/4337) apas-verus::test_feq test_is_sorted_false_middle
        PASS [   0.003s] (4283/4337) apas-verus::test_feq test_is_sorted_large_vec
        PASS [   0.003s] (4284/4337) apas-verus::test_feq test_is_sorted_large_vec_unsorted
        PASS [   0.003s] (4285/4337) apas-verus::test_feq test_is_sorted_false_end
        PASS [   0.003s] (4286/4337) apas-verus::test_feq test_is_sorted_negative_numbers
        PASS [   0.003s] (4287/4337) apas-verus::test_feq test_symmetric_u64
        PASS [   0.003s] (4288/4337) apas-verus::test_feq test_is_sorted_two_elements_unsorted
        PASS [   0.003s] (4289/4337) apas-verus::test_feq test_is_sorted_two_elements_sorted
        PASS [   0.003s] (4290/4337) apas-verus::test_feq test_is_sorted_true
        PASS [   0.003s] (4291/4337) apas-verus::test_feq test_reflexive_u64
        PASS [   0.003s] (4292/4337) apas-verus::test_feq test_transitive_u64
        PASS [   0.004s] (4293/4337) apas-verus::test_fibonacci_scheduler test_fib_par_n10
        PASS [   0.004s] (4294/4337) apas-verus::test_fibonacci_scheduler test_fib_par_n2
        PASS [   0.004s] (4295/4337) apas-verus::test_fibonacci_scheduler test_fib_par_base_cases
        PASS [   0.004s] (4296/4337) apas-verus::test_fibonacci_scheduler test_fib_seq_base_cases
        PASS [   0.004s] (4297/4337) apas-verus::test_fibonacci_scheduler test_fib_seq
        PASS [   0.008s] (4298/4337) apas-verus::test_fibonacci_scheduler test_fib_par_larger
        PASS [   0.009s] (4299/4337) apas-verus::test_fibonacci_scheduler test_fib_par
        PASS [   0.004s] (4300/4337) apas-verus::test_fibonacci_scheduler test_fib_seq_monotonic
        PASS [   0.004s] (4301/4337) apas-verus::test_fibonacci_scheduler test_fib_seq_n10
        PASS [   0.004s] (4302/4337) apas-verus::test_fibonacci_scheduler test_fib_seq_n2
        PASS [   0.010s] (4303/4337) apas-verus::test_fibonacci_scheduler test_fib_par_recurrence
        PASS [   0.004s] (4304/4337) apas-verus::test_fibonacci_scheduler test_fib_seq_strictly_increasing_from_n2
        PASS [   0.004s] (4305/4337) apas-verus::test_fibonacci_scheduler test_fib_seq_recurrence
        PASS [   0.004s] (4306/4337) apas-verus::test_hf_scheduler test_join_closures_capture
        PASS [   0.004s] (4307/4337) apas-verus::test_hf_scheduler test_join_heavy
        PASS [   0.004s] (4308/4337) apas-verus::test_hf_scheduler test_join_simple
        PASS [   0.004s] (4309/4337) apas-verus::test_hf_scheduler test_join_large_result
        PASS [   0.004s] (4310/4337) apas-verus::test_hf_scheduler test_join_returns_correct_types
        PASS [   0.004s] (4311/4337) apas-verus::test_hf_scheduler test_spawn_join_different_types
        PASS [   0.004s] (4312/4337) apas-verus::test_hf_scheduler test_spawn_join_simple
        PASS [   0.004s] (4313/4337) apas-verus::test_hf_scheduler test_spawn_join_nested
        PASS [   0.004s] (4314/4337) apas-verus::test_hf_scheduler test_spawn_join_identity
        PASS [   0.003s] (4315/4337) apas-verus::test_hf_scheduler test_spawn_join_with_computation
        PASS [   0.004s] (4316/4337) apas-verus::test_hf_scheduler test_spawn_join_zero_computation
        PASS [   0.004s] (4317/4337) apas-verus::test_hf_scheduler test_spawn_wait_chained
        PASS [   0.004s] (4318/4337) apas-verus::test_hf_scheduler test_spawn_wait_n_tasks
        PASS [   0.004s] (4319/4337) apas-verus::test_hf_scheduler test_spawn_wait_simple
        PASS [   0.003s] (4320/4337) apas-verus::test_hf_scheduler test_spawn_wait_vec_result
        PASS [   0.004s] (4321/4337) apas-verus::test_hf_scheduler test_spawn_wait_string
        PASS [   0.004s] (4322/4337) apas-verus::test_threads_plus test_is_finished_eventually_true
        PASS [   0.004s] (4323/4337) apas-verus::test_threads_plus test_many_threads
        PASS [   0.004s] (4324/4337) apas-verus::test_threads_plus test_single_thread_returns_value
        PASS [   0.004s] (4325/4337) apas-verus::test_threads_plus test_single_thread_with_computation
        PASS [   0.004s] (4326/4337) apas-verus::test_threads_plus test_thread_returns_string
        PASS [   0.004s] (4327/4337) apas-verus::test_threads_plus test_thread_returns_vec
        PASS [   0.030s] (4328/4337) apas-verus::test_fibonacci_scheduler test_fib_seq_par_agree
        PASS [   0.003s] (4329/4337) apas-verus::test_total_order test_total_order_i32
        PASS [   0.003s] (4330/4337) apas-verus::test_threads_plus test_two_threads_parallel
        PASS [   0.003s] (4331/4337) apas-verus::test_threads_plus test_three_threads_parallel
        PASS [   0.003s] (4332/4337) apas-verus::test_total_order test_total_order_u8
        PASS [   0.003s] (4333/4337) apas-verus::test_total_order test_total_order_u64
        PASS [   0.003s] (4334/4337) apas-verus::test_total_order test_total_order_i64
        PASS [   0.014s] (4335/4337) apas-verus::test_threads_plus test_thread_with_sleep
        PASS [   0.054s] (4336/4337) apas-verus::test_hf_scheduler test_spawn_wait_parallel
        PASS [   7.130s] (4337/4337) apas-verus::test_fibonacci_scheduler test_fib_known_large
────────────
     Summary [  10.699s] 4337 tests run: 4334 passed, 3 failed, 0 skipped
        FAIL [   0.004s] ( 813/4337) apas-verus::TestBSTMtEph mt_bbalpha_comprehensive_operations
        FAIL [   0.009s] (1848/4337) apas-verus::TestConnectivityMtEph test_connected_components_mt_multiple
        FAIL [   0.004s] (3605/4337) apas-verus::TestSpanTreeMtEph test_spanning_tree_mt_two_vertices
error: test run failed
Elapsed: 18s
