src/Chap02/FibonacciHFScheduler.rs:94: info: match (implicit): APAS: Work O(φⁿ), Span O(φⁿ) | Review: Work O(φⁿ), Span O(φⁿ); sequential, work = span
src/Chap02/FibonacciHFScheduler.rs:111: info: match (implicit): APAS: Work O(φⁿ), Span O(n) — both branches recurse in parallel | Review: Work O(φⁿ), Span O(n); recursive fib_par through join()
src/Chap03/InsertionSortStEph.rs:58: info: match (implicit): APAS: Work O(n²), Span O(n²) — sequential insertion sort | Review: Work O(n²), Span O(n²); iterative in-place variant, same cost as prose
src/Chap05/MappingStEph.rs:185: error: possible mismatch: APAS: definitional predicate, no cost specified. | Review: Work O(|v|^2), Span O(|v|^2). For each element calls is_functional_vec_at which is O(|v|).
src/Chap05/MappingStEph.rs:192: error: possible mismatch: APAS: definitional predicate, no cost specified. | Review: Work O(|v|), Span O(|v|). Scans vec for duplicate domain key at p.
src/Chap05/MappingStEph.rs:199: error: possible mismatch: APAS: definitional predicate, no cost specified. | Review: Work O(|s|), Span O(|s|). Iterates set, checks domain key at p.
src/Chap05/MappingStEph.rs:206: error: possible mismatch: APAS: definitional predicate, no cost specified. | Review: Work O(|s|²), Span O(|s|²). Iterates set and for each pair calls is_functional_SetStEph_at which is O(|s|).
src/Chap05/MappingStEph.rs:213: error: possible mismatch: APAS: definitional predicate, no cost specified. | Review: Work O(|r|²), Span O(|r|²). Delegates to is_functional_SetStEph which is O(|s|²).
src/Chap05/MappingStEph.rs:220: info: match (implicit): APAS: Work O(1), Span O(1) | Review: Work O(1), Span O(1)
src/Chap05/MappingStEph.rs:230: warning: ACCEPTED DIFFERENCE: Work O(|v|), Span O(|v|) — ACCEPTED DIFFERENCE: St sequential, APAS parallel
src/Chap05/MappingStEph.rs:240: warning: ACCEPTED DIFFERENCE: Work O(|r|), Span O(|r|) — ACCEPTED DIFFERENCE: St sequential, APAS parallel
src/Chap05/MappingStEph.rs:249: info: match (implicit): APAS: Work O(1), Span O(1) | Review: Work O(1), Span O(1)
src/Chap05/MappingStEph.rs:257: warning: ACCEPTED DIFFERENCE: Work O(|m|), Span O(|m|) — ACCEPTED DIFFERENCE: St sequential, APAS parallel
src/Chap05/MappingStEph.rs:264: info: match (implicit): APAS: Work O(|m|), Span O(1) | Review: Work O(|m|), Span O(|m|) — agrees on work. Iterates pairs, inserts each value.
src/Chap05/MappingStEph.rs:273: info: match (implicit): APAS: Work O(1), Span O(1) | Review: Work O(1), Span O(1) — agrees. Hash set contains() on the pair.
src/Chap05/MappingStEph.rs:284: info: match (implicit): APAS: Work O(1), Span O(1) | Review: Work O(1), Span O(1) — agrees. Creates iterator handle.
src/Chap05/RelationStEph.rs:99: info: match (implicit): APAS: Work O(1), Span O(1) | Review: Work O(1), Span O(1)
src/Chap05/RelationStEph.rs:107: warning: ACCEPTED DIFFERENCE: Work O(|pairs|), Span O(|pairs|) — ACCEPTED DIFFERENCE: St sequential, APAS parallel
src/Chap05/RelationStEph.rs:114: warning: ACCEPTED DIFFERENCE: Work O(|pairs|), Span O(|pairs|) — ACCEPTED DIFFERENCE: St sequential, APAS parallel
src/Chap05/RelationStEph.rs:120: info: match (implicit): APAS: Work O(1), Span O(1) | Review: Work O(1), Span O(1)
src/Chap05/RelationStEph.rs:129: warning: ACCEPTED DIFFERENCE: Work O(|R|), Span O(|R|) — ACCEPTED DIFFERENCE: St sequential, APAS parallel
src/Chap05/RelationStEph.rs:137: warning: ACCEPTED DIFFERENCE: Work O(|R|), Span O(|R|) — ACCEPTED DIFFERENCE: St sequential, APAS parallel
src/Chap05/RelationStEph.rs:143: info: match (implicit): APAS: Work O(1), Span O(1) | Review: Work O(1), Span O(1) — agrees. Hash set contains() on the pair.
src/Chap05/RelationStEph.rs:150: info: match (implicit): APAS: Work O(1), Span O(1) | Review: Work O(1), Span O(1) — agrees. Delegates to set mem.
src/Chap05/RelationStEph.rs:157: info: match (implicit): APAS: Work O(1), Span O(1) | Review: Work O(1), Span O(1) — agrees. Creates iterator handle.
src/Chap05/SetMtEph.rs:232: info: match (implicit): APAS: Work O(|v|), Span O(1) | Review: Work O(|v|), Span O(|v|) — sequential loop, not parallel. Span == Work.
src/Chap05/SetMtEph.rs:239: info: match (implicit): APAS: Work O(1), Span O(1) | Review: Work O(1), Span O(1) — agrees. Creates iterator handle.
src/Chap05/SetMtEph.rs:260: info: match (implicit): APAS: Work O(1), Span O(1) | Review: Work O(1), Span O(1) — agrees. Allocates empty hash set.
src/Chap05/SetMtEph.rs:267: info: match (implicit): APAS: Work O(1), Span O(1) | Review: Work O(1), Span O(1) — agrees. One allocation + one insert.
src/Chap05/SetMtEph.rs:274: info: match (implicit): APAS: Work O(1), Span O(1) | Review: Work O(1), Span O(1) — agrees. Hash set len().
src/Chap05/SetMtEph.rs:281: info: match (implicit): APAS: Work O(1), Span O(1) | Review: Work O(1), Span O(1) — agrees. Hash set contains().
src/Chap05/SetMtEph.rs:288: info: match (implicit): APAS: Work O(1), Span O(1) | Review: Work O(1), Span O(1) — agrees. Hash set insert(), amortized.
src/Chap05/SetMtEph.rs:298: info: match (implicit): APAS: Work O(|a| + |b|), Span O(1) | Review: Work O(|a| + |b|), Span O(|a| + |b|) — sequential loop, not parallel. Span == Work.
src/Chap05/SetMtEph.rs:308: info: match (implicit): APAS: Work O(|a| + |b|), Span O(1) | Review: Work O(|a| + |b|), Span O(|a| + |b|) — sequential loop, not parallel. Span == Work.
src/Chap05/SetMtEph.rs:321: error: possible mismatch: APAS: Work O(|a| + |b|), Span O(1) | Review: Work O(|a|), Span O(|a|) — iterates self only, O(1) hash lookup in s2 each. No parallelism.
src/Chap05/SetMtEph.rs:341: info: match (implicit): APAS: Work O(|a| × |b|), Span O(|b|) | Review: Work O(|a| × |b|), Span O(|a| × |b|) — spawns |a| parallel elt_cross_set tasks (each O(|b|)), but join phase is sequential disjoint_union over |a| results of size |b|. Sequential join dominates span.
src/Chap05/SetMtEph.rs:378: info: match (implicit): APAS: Work O(|a| × |parts|), Span O(1) | Review: Work O(|a| × |parts|), Span O(|a| × |parts|) — sequential loop, not parallel. Span == Work.
src/Chap05/SetMtEph.rs:398: info: match (implicit): APAS: Work O(|self|), Span O(1) | Review: Work O(|self|), Span O(|self|) — sequential loop, not parallel. Span == Work.
src/Chap05/SetMtEph.rs:416: info: match (implicit): APAS: Work O(1), Span O(1) | Review: Work O(1), Span O(1) — agrees. Creates iterator, takes first.
src/Chap05/SetStEph.rs:221: warning: ACCEPTED DIFFERENCE: Work O(|v|), Span O(|v|) — ACCEPTED DIFFERENCE: St sequential, APAS parallel. Iterates vec, O(1) hash insert each.
src/Chap05/SetStEph.rs:227: info: match (implicit): APAS: Work O(1), Span O(1) | Review: Work O(1), Span O(1) — agrees. Creates iterator handle.
src/Chap05/SetStEph.rs:248: info: match (implicit): APAS: Work O(1), Span O(1) | Review: Work O(1), Span O(1) — agrees. Allocates empty hash set.
src/Chap05/SetStEph.rs:255: info: match (implicit): APAS: Work O(1), Span O(1) | Review: Work O(1), Span O(1) — agrees. One allocation + one insert.
src/Chap05/SetStEph.rs:262: info: match (implicit): APAS: Work O(1), Span O(1) | Review: Work O(1), Span O(1) — agrees. Hash set len().
src/Chap05/SetStEph.rs:269: info: match (implicit): APAS: Work O(1), Span O(1) | Review: Work O(1), Span O(1) — agrees. Hash set contains().
src/Chap05/SetStEph.rs:276: info: match (implicit): APAS: Work O(1), Span O(1) | Review: Work O(1), Span O(1) — agrees. Hash set insert(), amortized.
src/Chap05/SetStEph.rs:287: warning: ACCEPTED DIFFERENCE: Work O(|a| + |b|), Span O(|a| + |b|) — ACCEPTED DIFFERENCE: St sequential, APAS parallel. Clone one, iterate other, insert all.
src/Chap05/SetStEph.rs:297: warning: ACCEPTED DIFFERENCE: Work O(|a| + |b|), Span O(|a| + |b|) — ACCEPTED DIFFERENCE: St sequential, APAS parallel. Same as union, disjointness is a precondition only.
src/Chap05/SetStEph.rs:310: warning: ACCEPTED DIFFERENCE: Work O(|a|), Span O(|a|) — ACCEPTED DIFFERENCE: St sequential + only iterates self (not both). APAS parallel.
src/Chap05/SetStEph.rs:330: warning: ACCEPTED DIFFERENCE: Work O(|a| × |b|), Span O(|a| × |b|) — ACCEPTED DIFFERENCE: St sequential, APAS parallel
src/Chap05/SetStEph.rs:366: warning: ACCEPTED DIFFERENCE: Work O(|a| × |parts|), Span O(|a| × |parts|) — ACCEPTED DIFFERENCE: St sequential, APAS parallel. Outer loop over |a|, inner partition_on_elt scans |parts| with O(1) hash lookups.
src/Chap05/SetStEph.rs:385: info: match (implicit): APAS: Work O(|self|), Span O(1) | Review: Work O(|self|), Span O(|self|) — agrees on work. Iterates set, O(1) insert each.
src/Chap05/SetStEph.rs:404: info: match (implicit): APAS: Work O(1), Span O(1) | Review: Work O(1), Span O(1) — agrees. Creates iterator, takes first.
src/Chap06/DirGraphMtEph.rs:117: info: match (implicit): APAS: Work O(1), Span O(1) | Review: Work O(1), Span O(1)
src/Chap06/DirGraphMtEph.rs:128: info: match (implicit): APAS: Work O(|V| + |A|), Span O(1) | Review: Work O(|V| + |A|), Span O(1)
src/Chap06/DirGraphMtEph.rs:142: info: match (implicit): APAS: Work O(1), Span O(1) | Review: Work O(1), Span O(1)
src/Chap06/DirGraphMtEph.rs:148: info: match (implicit): APAS: Work O(1), Span O(1) | Review: Work O(1), Span O(1)
src/Chap06/DirGraphMtEph.rs:154: info: match (implicit): APAS: Work O(1), Span O(1) | Review: Work O(1), Span O(1)
src/Chap06/DirGraphMtEph.rs:161: info: match (implicit): APAS: Work O(1), Span O(1) | Review: Work O(1), Span O(1)
src/Chap06/DirGraphMtEph.rs:168: info: match (implicit): APAS: Work O(1), Span O(1) | Review: Work O(1), Span O(1)
src/Chap06/DirGraphMtEph.rs:179: info: match (implicit): APAS: Work O(1), Span O(1) | Review: Work O(1), Span O(1)
src/Chap06/DirGraphMtEph.rs:200: info: match (implicit): APAS: Work O(|A|), Span O(log |A|) — parallel | Review: Work O(|A|), Span O(log |A|) — ParaPair! split arcs
src/Chap06/DirGraphMtEph.rs:213: info: match (implicit): APAS: Work O(|A|), Span O(log |A|) — parallel | Review: Work O(|A|), Span O(log |A|) — calls n_plus
src/Chap06/DirGraphMtEph.rs:237: info: match (implicit): APAS: Work O(|A|), Span O(log |A|) — parallel | Review: Work O(|A|), Span O(log |A|) — ParaPair! split arcs
src/Chap06/DirGraphMtEph.rs:250: info: match (implicit): APAS: Work O(|A|), Span O(log |A|) — parallel | Review: Work O(|A|), Span O(log |A|) — calls n_minus
src/Chap06/DirGraphMtEph.rs:266: info: match (implicit): APAS: Work O(|A|), Span O(log |A|) — parallel | Review: Work O(|A|), Span O(log |A|) — n_plus + n_minus
src/Chap06/DirGraphMtEph.rs:285: info: match (implicit): APAS: Work O(|A|), Span O(log |A|) — parallel | Review: Work O(|A|), Span O(log |A|) — calls ng
src/Chap06/DirGraphMtEph.rs:307: info: match (implicit): APAS: Work O(|u_set| × |A|), Span O(log |u_set| + log |A|) — parallel | Review: Work O(|u_set| × |A|), Span O(log |u_set| + log |A|) — ParaPair! split vertices
src/Chap06/DirGraphMtEph.rs:332: info: match (implicit): APAS: Work O(|u_set| × |A|), Span O(log |u_set| + log |A|) — parallel | Review: Work O(|u_set| × |A|), Span O(log |u_set| + log |A|) — ParaPair! split vertices
src/Chap06/DirGraphMtEph.rs:357: info: match (implicit): APAS: Work O(|u_set| × |A|), Span O(log |u_set| + log |A|) — parallel | Review: Work O(|u_set| × |A|), Span O(log |u_set| + log |A|) — ParaPair! split vertices
src/Chap06/DirGraphStEph.rs:121: info: match (implicit): APAS: Work O(1), Span O(1) | Review: Work O(1), Span O(1)
src/Chap06/DirGraphStEph.rs:132: info: match (implicit): APAS: Work O(|V| + |A|), Span O(1) | Review: Work O(|V| + |A|), Span O(|V| + |A|) — sequential
src/Chap06/DirGraphStEph.rs:146: info: match (implicit): APAS: Work O(1), Span O(1) | Review: Work O(1), Span O(1)
src/Chap06/DirGraphStEph.rs:152: info: match (implicit): APAS: Work O(1), Span O(1) | Review: Work O(1), Span O(1)
src/Chap06/DirGraphStEph.rs:158: info: match (implicit): APAS: Work O(1), Span O(1) | Review: Work O(1), Span O(1)
src/Chap06/DirGraphStEph.rs:165: info: match (implicit): APAS: Work O(1), Span O(1) | Review: Work O(1), Span O(1)
src/Chap06/DirGraphStEph.rs:172: info: match (implicit): APAS: Work O(1), Span O(1) | Review: Work O(1), Span O(1)
src/Chap06/DirGraphStEph.rs:179: info: match (implicit): APAS: Work O(|A|), Span O(1) | Review: Work O(|A|), Span O(|A|) — sequential filter
src/Chap06/DirGraphStEph.rs:186: info: match (implicit): APAS: Work O(|vertices| × |A|), Span O(1) | Review: Work O(|vertices| × |A|), Span O(|vertices| × |A|) — nested iteration
src/Chap06/DirGraphStEph.rs:193: info: match (implicit): APAS: Work O(|A|), Span O(1) | Review: Work O(|A|), Span O(|A|) — sequential filter
src/Chap06/DirGraphStEph.rs:200: info: match (implicit): APAS: Work O(|A|), Span O(1) | Review: Work O(|A|), Span O(|A|) — sequential filter
src/Chap06/DirGraphStEph.rs:207: info: match (implicit): APAS: Work O(|vertices| × |A|), Span O(1) | Review: Work O(|vertices| × |A|), Span O(|vertices| × |A|) — nested iteration
src/Chap06/DirGraphStEph.rs:214: info: match (implicit): APAS: Work O(|vertices| × |A|), Span O(1) | Review: Work O(|vertices| × |A|), Span O(|vertices| × |A|) — nested iteration
src/Chap06/DirGraphStEph.rs:221: info: match (implicit): APAS: Work O(1), Span O(1) | Review: Work O(1), Span O(1)
src/Chap06/DirGraphStEph.rs:228: info: match (implicit): APAS: Work O(|A|), Span O(1) | Review: Work O(|A|), Span O(|A|) — sequential filter
src/Chap06/DirGraphStEph.rs:235: info: match (implicit): APAS: Work O(|A|), Span O(1) | Review: Work O(|A|), Span O(|A|) — sequential filter
src/Chap06/DirGraphStEph.rs:242: info: match (implicit): APAS: Work O(|A|), Span O(1) | Review: Work O(|A|), Span O(|A|) — sequential filter
src/Chap06/LabDirGraphMtEph.rs:120: info: match (implicit): APAS: Work O(1), Span O(1) | Review: Work O(1), Span O(1)
src/Chap06/LabDirGraphMtEph.rs:131: info: match (implicit): APAS: Work O(|V| + |A|), Span O(1) | Review: Work O(|V| + |A|), Span O(1)
src/Chap06/LabDirGraphMtEph.rs:145: info: match (implicit): APAS: Work O(1), Span O(1) | Review: Work O(1), Span O(1)
src/Chap06/LabDirGraphMtEph.rs:151: info: match (implicit): APAS: Work O(1), Span O(1) | Review: Work O(1), Span O(1)
src/Chap06/LabDirGraphMtEph.rs:157: info: match (implicit): APAS: Work O(|A|), Span O(1) | Review: Work O(|A|), Span O(|A|) — sequential map
src/Chap06/LabDirGraphMtEph.rs:164: info: match (implicit): APAS: Work O(1), Span O(1) | Review: Work O(1), Span O(1)
src/Chap06/LabDirGraphMtEph.rs:171: info: match (implicit): APAS: Work O(1), Span O(1) | Review: Work O(1), Span O(1)
src/Chap06/LabDirGraphMtEph.rs:181: info: match (implicit): APAS: Work O(|A|), Span O(1) | Review: Work O(|A|), Span O(|A|) — sequential search
src/Chap06/LabDirGraphMtEph.rs:190: info: match (implicit): APAS: Work O(|A|), Span O(1) | Review: Work O(|A|), Span O(|A|) — sequential search
src/Chap06/LabDirGraphMtEph.rs:226: info: match (implicit): APAS: Work O(|A|), Span O(log |A|) — parallel | Review: Work O(|A|), Span O(log |A|) — ParaPair! split arcs
src/Chap06/LabDirGraphMtEph.rs:240: info: match (implicit): APAS: Work O(|A|), Span O(log |A|) — parallel | Review: Work O(|A|), Span O(log |A|) — ParaPair! split arcs
src/Chap06/LabDirGraphStEph.rs:103: info: match (implicit): APAS: Work O(1), Span O(1) | Review: Work O(1), Span O(1)
src/Chap06/LabDirGraphStEph.rs:115: warning: ACCEPTED DIFFERENCE: Work O(|V| + |A|), Span O(|V| + |A|) — ACCEPTED DIFFERENCE: St sequential, APAS Span O(1)
src/Chap06/LabDirGraphStEph.rs:128: info: match (implicit): APAS: Work O(1), Span O(1) | Review: Work O(1), Span O(1)
src/Chap06/LabDirGraphStEph.rs:134: info: match (implicit): APAS: Work O(1), Span O(1) | Review: Work O(1), Span O(1)
src/Chap06/LabDirGraphStEph.rs:141: warning: ACCEPTED DIFFERENCE: Work O(|A|), Span O(|A|) — ACCEPTED DIFFERENCE: St sequential, APAS Span O(1)
src/Chap06/LabDirGraphStEph.rs:147: info: match (implicit): APAS: Work O(1), Span O(1) | Review: Work O(1), Span O(1)
src/Chap06/LabDirGraphStEph.rs:154: info: match (implicit): APAS: Work O(1), Span O(1) | Review: Work O(1), Span O(1)
src/Chap06/LabDirGraphStEph.rs:164: warning: ACCEPTED DIFFERENCE: Work O(|A|), Span O(|A|) — ACCEPTED DIFFERENCE: St sequential, APAS Span O(1)
src/Chap06/LabDirGraphStEph.rs:173: warning: ACCEPTED DIFFERENCE: Work O(|A|), Span O(|A|) — ACCEPTED DIFFERENCE: St sequential, APAS Span O(1)
src/Chap06/LabDirGraphStEph.rs:181: warning: ACCEPTED DIFFERENCE: Work O(|A|), Span O(|A|) — ACCEPTED DIFFERENCE: St sequential, APAS Span O(1)
src/Chap06/LabDirGraphStEph.rs:189: warning: ACCEPTED DIFFERENCE: Work O(|A|), Span O(|A|) — ACCEPTED DIFFERENCE: St sequential, APAS Span O(1)
src/Chap06/LabUnDirGraphMtEph.rs:131: info: match (implicit): APAS: Work O(1), Span O(1) | Review: Work O(1), Span O(1)
src/Chap06/LabUnDirGraphMtEph.rs:142: info: match (implicit): APAS: Work O(|V| + |E|), Span O(1) | Review: Work O(|V| + |E|), Span O(1)
src/Chap06/LabUnDirGraphMtEph.rs:156: info: match (implicit): APAS: Work O(1), Span O(1) | Review: Work O(1), Span O(1)
src/Chap06/LabUnDirGraphMtEph.rs:162: info: match (implicit): APAS: Work O(1), Span O(1) | Review: Work O(1), Span O(1)
src/Chap06/LabUnDirGraphMtEph.rs:168: info: match (implicit): APAS: Work O(|E|), Span O(1) | Review: Work O(|E|), Span O(|E|) — sequential map
src/Chap06/LabUnDirGraphMtEph.rs:176: info: match (implicit): APAS: Work O(1), Span O(1) | Review: Work O(1), Span O(1)
src/Chap06/LabUnDirGraphMtEph.rs:183: info: match (implicit): APAS: Work O(1), Span O(1) | Review: Work O(1), Span O(1)
src/Chap06/LabUnDirGraphMtEph.rs:194: info: match (implicit): APAS: Work O(|E|), Span O(1) | Review: Work O(|E|), Span O(|E|) — sequential search
src/Chap06/LabUnDirGraphMtEph.rs:205: info: match (implicit): APAS: Work O(|E|), Span O(1) | Review: Work O(|E|), Span O(|E|) — sequential search
src/Chap06/LabUnDirGraphMtEph.rs:224: info: match (implicit): APAS: Work O(|E|), Span O(log |E|) — parallel | Review: Work O(|E|), Span O(log |E|) — ParaPair! split edges
src/Chap06/LabUnDirGraphStEph.rs:100: info: match (implicit): APAS: Work O(1), Span O(1) | Review: Work O(1), Span O(1)
src/Chap06/LabUnDirGraphStEph.rs:111: info: match (implicit): APAS: Work O(|V| + |E|), Span O(1) | Review: Work O(|V| + |E|), Span O(|V| + |E|) — sequential
src/Chap06/LabUnDirGraphStEph.rs:125: info: match (implicit): APAS: Work O(1), Span O(1) | Review: Work O(1), Span O(1)
src/Chap06/LabUnDirGraphStEph.rs:131: info: match (implicit): APAS: Work O(1), Span O(1) | Review: Work O(1), Span O(1)
src/Chap06/LabUnDirGraphStEph.rs:137: info: match (implicit): APAS: Work O(|E|), Span O(1) | Review: Work O(|E|), Span O(|E|) — sequential map
src/Chap06/LabUnDirGraphStEph.rs:145: info: match (implicit): APAS: Work O(1), Span O(1) | Review: Work O(1), Span O(1)
src/Chap06/LabUnDirGraphStEph.rs:152: info: match (implicit): APAS: Work O(1), Span O(1) | Review: Work O(1), Span O(1)
src/Chap06/LabUnDirGraphStEph.rs:162: info: match (implicit): APAS: Work O(|E|), Span O(1) | Review: Work O(|E|), Span O(|E|) — sequential search
src/Chap06/LabUnDirGraphStEph.rs:173: info: match (implicit): APAS: Work O(|E|), Span O(1) | Review: Work O(|E|), Span O(|E|) — sequential search
src/Chap06/LabUnDirGraphStEph.rs:181: info: match (implicit): APAS: Work O(|E|), Span O(1) | Review: Work O(|E|), Span O(|E|) — sequential filter
src/Chap06/UnDirGraphMtEph.rs:135: info: match (implicit): APAS: Work O(1), Span O(1) | Review: Work O(1), Span O(1)
src/Chap06/UnDirGraphMtEph.rs:146: info: match (implicit): APAS: Work O(|V| + |E|), Span O(1) | Review: Work O(|V| + |E|), Span O(1)
src/Chap06/UnDirGraphMtEph.rs:160: info: match (implicit): APAS: Work O(1), Span O(1) | Review: Work O(1), Span O(1)
src/Chap06/UnDirGraphMtEph.rs:166: info: match (implicit): APAS: Work O(1), Span O(1) | Review: Work O(1), Span O(1)
src/Chap06/UnDirGraphMtEph.rs:172: info: match (implicit): APAS: Work O(1), Span O(1) | Review: Work O(1), Span O(1)
src/Chap06/UnDirGraphMtEph.rs:179: info: match (implicit): APAS: Work O(1), Span O(1) | Review: Work O(1), Span O(1)
src/Chap06/UnDirGraphMtEph.rs:186: info: match (implicit): APAS: Work O(1), Span O(1) | Review: Work O(1), Span O(1)
src/Chap06/UnDirGraphMtEph.rs:203: info: match (implicit): APAS: Work O(|E|), Span O(log |E|) — parallel | Review: Work O(|E|), Span O(log |E|) — ParaPair! split edges
src/Chap06/UnDirGraphMtEph.rs:222: info: match (implicit): APAS: Work O(|u_set| × |E|), Span O(log |u_set| + log |E|) — parallel | Review: Work O(|u_set| × |E|), Span O(log |u_set| + log |E|) — ParaPair! split vertices
src/Chap06/UnDirGraphMtEph.rs:235: info: match (implicit): APAS: Work O(1), Span O(1) | Review: Work O(1), Span O(1)
src/Chap06/UnDirGraphMtEph.rs:242: info: match (implicit): APAS: Work O(|E|), Span O(log |E|) — parallel | Review: Work O(|E|), Span O(log |E|) — calls ng
src/Chap06/UnDirGraphStEph.rs:107: info: match (implicit): APAS: Work O(1), Span O(1) | Review: Work O(1), Span O(1)
src/Chap06/UnDirGraphStEph.rs:118: info: match (implicit): APAS: Work O(|V| + |E|), Span O(1) | Review: Work O(|V| + |E|), Span O(|V| + |E|) -- sequential
src/Chap06/UnDirGraphStEph.rs:131: info: match (implicit): APAS: Work O(1), Span O(1) | Review: Work O(1), Span O(1)
src/Chap06/UnDirGraphStEph.rs:137: info: match (implicit): APAS: Work O(1), Span O(1) | Review: Work O(1), Span O(1)
src/Chap06/UnDirGraphStEph.rs:143: info: match (implicit): APAS: Work O(1), Span O(1) | Review: Work O(1), Span O(1)
src/Chap06/UnDirGraphStEph.rs:150: info: match (implicit): APAS: Work O(1), Span O(1) | Review: Work O(1), Span O(1)
src/Chap06/UnDirGraphStEph.rs:157: info: match (implicit): APAS: Work O(1), Span O(1) | Review: Work O(1), Span O(1)
src/Chap06/UnDirGraphStEph.rs:168: info: match (implicit): APAS: Work O(|E|), Span O(1) | Review: Work O(|E|), Span O(|E|) -- sequential filter
src/Chap06/UnDirGraphStEph.rs:180: info: match (implicit): APAS: Work O(|u_set| x |E|), Span O(1) | Review: Work O(|u_set| x |E|), Span O(|u_set| x |E|) -- nested iteration
src/Chap06/UnDirGraphStEph.rs:192: info: match (implicit): APAS: Work O(1), Span O(1) | Review: Work O(1), Span O(1)
src/Chap06/UnDirGraphStEph.rs:199: info: match (implicit): APAS: Work O(|E|), Span O(1) | Review: Work O(|E|), Span O(|E|) -- sequential filter
src/Chap06/WeightedDirGraphStEphF64.rs:68: info: match (implicit): APAS: Work O(|V| + |E|), Span O(1) | Review: Work O(|V| + |E|), Span O(|V| + |E|) -- sequential
src/Chap06/WeightedDirGraphStEphF64.rs:79: info: match (implicit): APAS: Work O(1), Span O(1) | Review: Work O(1), Span O(1)
src/Chap06/WeightedDirGraphStEphF64.rs:88: info: match (implicit): APAS: Work O(|A|), Span O(1) | Review: Work O(|A|), Span O(|A|) -- sequential search
src/Chap06/WeightedDirGraphStEphF64.rs:97: info: match (implicit): APAS: Work O(|A|), Span O(1) | Review: Work O(|A|), Span O(|A|) -- sequential iteration
src/Chap06/WeightedDirGraphStEphF64.rs:105: info: match (implicit): APAS: Work O(|A|), Span O(1) | Review: Work O(|A|), Span O(|A|) -- sequential filter
src/Chap06/WeightedDirGraphStEphF64.rs:114: info: match (implicit): APAS: Work O(|A|), Span O(1) | Review: Work O(|A|), Span O(|A|) -- sequential filter
src/Chap06/WeightedDirGraphStEphF64.rs:129: info: match (implicit): APAS: Work O(|V| + |E|), Span O(1) | Review: Work O(|V| + |E|), Span O(|V| + |E|) — sequential
src/Chap06/WeightedDirGraphStEphF64.rs:181: info: match (implicit): APAS: Work O(1), Span O(1) | Review: Work O(1), Span O(1)
src/Chap06/WeightedDirGraphStEphF64.rs:188: info: match (implicit): APAS: Work O(|A|), Span O(1) | Review: Work O(|A|), Span O(|A|) — sequential
src/Chap06/WeightedDirGraphStEphF64.rs:198: info: match (implicit): APAS: Work O(|A|), Span O(1) | Review: Work O(|A|), Span O(|A|) — sequential
src/Chap06/WeightedDirGraphStEphF64.rs:242: info: match (implicit): APAS: Work O(|A|), Span O(1) | Review: Work O(|A|), Span O(|A|) — sequential
src/Chap06/WeightedDirGraphStEphF64.rs:307: info: match (implicit): APAS: Work O(|A|), Span O(1) | Review: Work O(|A|), Span O(|A|) — sequential
src/Chap06/WeightedDirGraphStEphI128.rs:71: info: match (implicit): APAS: Work O(|V| + |E|), Span O(1) | Review: Work O(|V| + |E|), Span O(|V| + |E|) -- sequential
src/Chap06/WeightedDirGraphStEphI128.rs:82: info: match (implicit): APAS: Work O(1), Span O(1) | Review: Work O(1), Span O(1)
src/Chap06/WeightedDirGraphStEphI128.rs:91: info: match (implicit): APAS: Work O(|A|), Span O(1) | Review: Work O(|A|), Span O(|A|) -- sequential search
src/Chap06/WeightedDirGraphStEphI128.rs:100: info: match (implicit): APAS: Work O(|A|), Span O(1) | Review: Work O(|A|), Span O(|A|) -- sequential iteration
src/Chap06/WeightedDirGraphStEphI128.rs:108: info: match (implicit): APAS: Work O(|A|), Span O(1) | Review: Work O(|A|), Span O(|A|) -- sequential filter
src/Chap06/WeightedDirGraphStEphI128.rs:117: info: match (implicit): APAS: Work O(|A|), Span O(1) | Review: Work O(|A|), Span O(|A|) -- sequential filter
src/Chap06/WeightedDirGraphStEphI128.rs:126: info: match (implicit): APAS: Work O(|A|), Span O(1) | Review: Work O(|A|), Span O(|A|) -- sequential fold
src/Chap06/WeightedDirGraphStEphI128.rs:133: info: match (implicit): APAS: Work O(|A|), Span O(1) | Review: Work O(|A|), Span O(|A|) -- sequential filter
src/Chap06/WeightedDirGraphStEphI128.rs:142: info: match (implicit): APAS: Work O(|A|), Span O(1) | Review: Work O(|A|), Span O(|A|) -- sequential filter
src/Chap06/WeightedDirGraphStEphI128.rs:157: info: match (implicit): APAS: Work O(|V| + |E|), Span O(1) | Review: Work O(|V| + |E|), Span O(|V| + |E|) — sequential
src/Chap06/WeightedDirGraphStEphI128.rs:209: info: match (implicit): APAS: Work O(1), Span O(1) | Review: Work O(1), Span O(1)
src/Chap06/WeightedDirGraphStEphI128.rs:216: info: match (implicit): APAS: Work O(|A|), Span O(1) | Review: Work O(|A|), Span O(|A|) — sequential
src/Chap06/WeightedDirGraphStEphI128.rs:226: info: match (implicit): APAS: Work O(|A|), Span O(1) | Review: Work O(|A|), Span O(|A|) — sequential
src/Chap06/WeightedDirGraphStEphI128.rs:270: info: match (implicit): APAS: Work O(|A|), Span O(1) | Review: Work O(|A|), Span O(|A|) — sequential
src/Chap06/WeightedDirGraphStEphI128.rs:335: info: match (implicit): APAS: Work O(|A|), Span O(1) | Review: Work O(|A|), Span O(|A|) — sequential
src/Chap06/WeightedDirGraphStEphI128.rs:400: info: match (implicit): APAS: Work O(|A|), Span O(1) | Review: Work O(|A|), Span O(|A|) — sequential
src/Chap06/WeightedDirGraphStEphI16.rs:71: info: match (implicit): APAS: Work O(|V| + |E|), Span O(1) | Review: Work O(|V| + |E|), Span O(|V| + |E|) -- sequential
src/Chap06/WeightedDirGraphStEphI16.rs:82: info: match (implicit): APAS: Work O(1), Span O(1) | Review: Work O(1), Span O(1)
src/Chap06/WeightedDirGraphStEphI16.rs:91: info: match (implicit): APAS: Work O(|A|), Span O(1) | Review: Work O(|A|), Span O(|A|) -- sequential search
src/Chap06/WeightedDirGraphStEphI16.rs:100: info: match (implicit): APAS: Work O(|A|), Span O(1) | Review: Work O(|A|), Span O(|A|) -- sequential iteration
src/Chap06/WeightedDirGraphStEphI16.rs:108: info: match (implicit): APAS: Work O(|A|), Span O(1) | Review: Work O(|A|), Span O(|A|) -- sequential filter
src/Chap06/WeightedDirGraphStEphI16.rs:117: info: match (implicit): APAS: Work O(|A|), Span O(1) | Review: Work O(|A|), Span O(|A|) -- sequential filter
src/Chap06/WeightedDirGraphStEphI16.rs:126: info: match (implicit): APAS: Work O(|A|), Span O(1) | Review: Work O(|A|), Span O(|A|) -- sequential fold
src/Chap06/WeightedDirGraphStEphI16.rs:133: info: match (implicit): APAS: Work O(|A|), Span O(1) | Review: Work O(|A|), Span O(|A|) -- sequential filter
src/Chap06/WeightedDirGraphStEphI16.rs:142: info: match (implicit): APAS: Work O(|A|), Span O(1) | Review: Work O(|A|), Span O(|A|) -- sequential filter
src/Chap06/WeightedDirGraphStEphI16.rs:157: info: match (implicit): APAS: Work O(|V| + |E|), Span O(1) | Review: Work O(|V| + |E|), Span O(|V| + |E|) — sequential
src/Chap06/WeightedDirGraphStEphI16.rs:202: info: match (implicit): APAS: Work O(1), Span O(1) | Review: Work O(1), Span O(1)
src/Chap06/WeightedDirGraphStEphI16.rs:209: info: match (implicit): APAS: Work O(|A|), Span O(1) | Review: Work O(|A|), Span O(|A|) — sequential
src/Chap06/WeightedDirGraphStEphI16.rs:219: info: match (implicit): APAS: Work O(|A|), Span O(1) | Review: Work O(|A|), Span O(|A|) — sequential
src/Chap06/WeightedDirGraphStEphI16.rs:263: info: match (implicit): APAS: Work O(|A|), Span O(1) | Review: Work O(|A|), Span O(|A|) — sequential
src/Chap06/WeightedDirGraphStEphI16.rs:328: info: match (implicit): APAS: Work O(|A|), Span O(1) | Review: Work O(|A|), Span O(|A|) — sequential
src/Chap06/WeightedDirGraphStEphI16.rs:393: info: match (implicit): APAS: Work O(|A|), Span O(1) | Review: Work O(|A|), Span O(|A|) — sequential
src/Chap06/WeightedDirGraphStEphI32.rs:71: info: match (implicit): APAS: Work O(|V| + |E|), Span O(1) | Review: Work O(|V| + |E|), Span O(|V| + |E|) -- sequential
src/Chap06/WeightedDirGraphStEphI32.rs:82: info: match (implicit): APAS: Work O(1), Span O(1) | Review: Work O(1), Span O(1)
src/Chap06/WeightedDirGraphStEphI32.rs:91: info: match (implicit): APAS: Work O(|A|), Span O(1) | Review: Work O(|A|), Span O(|A|) -- sequential search
src/Chap06/WeightedDirGraphStEphI32.rs:100: info: match (implicit): APAS: Work O(|A|), Span O(1) | Review: Work O(|A|), Span O(|A|) -- sequential iteration
src/Chap06/WeightedDirGraphStEphI32.rs:108: info: match (implicit): APAS: Work O(|A|), Span O(1) | Review: Work O(|A|), Span O(|A|) -- sequential filter
src/Chap06/WeightedDirGraphStEphI32.rs:117: info: match (implicit): APAS: Work O(|A|), Span O(1) | Review: Work O(|A|), Span O(|A|) -- sequential filter
src/Chap06/WeightedDirGraphStEphI32.rs:126: info: match (implicit): APAS: Work O(|A|), Span O(1) | Review: Work O(|A|), Span O(|A|) -- sequential fold
src/Chap06/WeightedDirGraphStEphI32.rs:133: info: match (implicit): APAS: Work O(|A|), Span O(1) | Review: Work O(|A|), Span O(|A|) -- sequential filter
src/Chap06/WeightedDirGraphStEphI32.rs:142: info: match (implicit): APAS: Work O(|A|), Span O(1) | Review: Work O(|A|), Span O(|A|) -- sequential filter
src/Chap06/WeightedDirGraphStEphI32.rs:157: info: match (implicit): APAS: Work O(|V| + |E|), Span O(1) | Review: Work O(|V| + |E|), Span O(|V| + |E|) — sequential
src/Chap06/WeightedDirGraphStEphI32.rs:202: info: match (implicit): APAS: Work O(1), Span O(1) | Review: Work O(1), Span O(1)
src/Chap06/WeightedDirGraphStEphI32.rs:209: info: match (implicit): APAS: Work O(|A|), Span O(1) | Review: Work O(|A|), Span O(|A|) — sequential
src/Chap06/WeightedDirGraphStEphI32.rs:219: info: match (implicit): APAS: Work O(|A|), Span O(1) | Review: Work O(|A|), Span O(|A|) — sequential
src/Chap06/WeightedDirGraphStEphI32.rs:263: info: match (implicit): APAS: Work O(|A|), Span O(1) | Review: Work O(|A|), Span O(|A|) — sequential
src/Chap06/WeightedDirGraphStEphI32.rs:328: info: match (implicit): APAS: Work O(|A|), Span O(1) | Review: Work O(|A|), Span O(|A|) — sequential
src/Chap06/WeightedDirGraphStEphI32.rs:393: info: match (implicit): APAS: Work O(|A|), Span O(1) | Review: Work O(|A|), Span O(|A|) — sequential
src/Chap06/WeightedDirGraphStEphI64.rs:71: info: match (implicit): APAS: Work O(|V| + |E|), Span O(1) | Review: Work O(|V| + |E|), Span O(|V| + |E|) -- sequential
src/Chap06/WeightedDirGraphStEphI64.rs:82: info: match (implicit): APAS: Work O(1), Span O(1) | Review: Work O(1), Span O(1)
src/Chap06/WeightedDirGraphStEphI64.rs:91: info: match (implicit): APAS: Work O(|A|), Span O(1) | Review: Work O(|A|), Span O(|A|) -- sequential search
src/Chap06/WeightedDirGraphStEphI64.rs:100: info: match (implicit): APAS: Work O(|A|), Span O(1) | Review: Work O(|A|), Span O(|A|) -- sequential iteration
src/Chap06/WeightedDirGraphStEphI64.rs:108: info: match (implicit): APAS: Work O(|A|), Span O(1) | Review: Work O(|A|), Span O(|A|) -- sequential filter
src/Chap06/WeightedDirGraphStEphI64.rs:117: info: match (implicit): APAS: Work O(|A|), Span O(1) | Review: Work O(|A|), Span O(|A|) -- sequential filter
src/Chap06/WeightedDirGraphStEphI64.rs:126: info: match (implicit): APAS: Work O(|A|), Span O(1) | Review: Work O(|A|), Span O(|A|) -- sequential fold
src/Chap06/WeightedDirGraphStEphI64.rs:133: info: match (implicit): APAS: Work O(|A|), Span O(1) | Review: Work O(|A|), Span O(|A|) -- sequential filter
src/Chap06/WeightedDirGraphStEphI64.rs:142: info: match (implicit): APAS: Work O(|A|), Span O(1) | Review: Work O(|A|), Span O(|A|) -- sequential filter
src/Chap06/WeightedDirGraphStEphI64.rs:157: info: match (implicit): APAS: Work O(|V| + |E|), Span O(1) | Review: Work O(|V| + |E|), Span O(|V| + |E|) — sequential
src/Chap06/WeightedDirGraphStEphI64.rs:202: info: match (implicit): APAS: Work O(1), Span O(1) | Review: Work O(1), Span O(1)
src/Chap06/WeightedDirGraphStEphI64.rs:209: info: match (implicit): APAS: Work O(|A|), Span O(1) | Review: Work O(|A|), Span O(|A|) — sequential
src/Chap06/WeightedDirGraphStEphI64.rs:219: info: match (implicit): APAS: Work O(|A|), Span O(1) | Review: Work O(|A|), Span O(|A|) — sequential
src/Chap06/WeightedDirGraphStEphI64.rs:263: info: match (implicit): APAS: Work O(|A|), Span O(1) | Review: Work O(|A|), Span O(|A|) — sequential
src/Chap06/WeightedDirGraphStEphI64.rs:328: info: match (implicit): APAS: Work O(|A|), Span O(1) | Review: Work O(|A|), Span O(|A|) — sequential
src/Chap06/WeightedDirGraphStEphI64.rs:393: info: match (implicit): APAS: Work O(|A|), Span O(1) | Review: Work O(|A|), Span O(|A|) — sequential
src/Chap06/WeightedDirGraphStEphI8.rs:71: info: match (implicit): APAS: Work O(|V| + |E|), Span O(1) | Review: Work O(|V| + |E|), Span O(|V| + |E|) -- sequential
src/Chap06/WeightedDirGraphStEphI8.rs:82: info: match (implicit): APAS: Work O(1), Span O(1) | Review: Work O(1), Span O(1)
src/Chap06/WeightedDirGraphStEphI8.rs:91: info: match (implicit): APAS: Work O(|A|), Span O(1) | Review: Work O(|A|), Span O(|A|) -- sequential search
src/Chap06/WeightedDirGraphStEphI8.rs:100: info: match (implicit): APAS: Work O(|A|), Span O(1) | Review: Work O(|A|), Span O(|A|) -- sequential iteration
src/Chap06/WeightedDirGraphStEphI8.rs:108: info: match (implicit): APAS: Work O(|A|), Span O(1) | Review: Work O(|A|), Span O(|A|) -- sequential filter
src/Chap06/WeightedDirGraphStEphI8.rs:117: info: match (implicit): APAS: Work O(|A|), Span O(1) | Review: Work O(|A|), Span O(|A|) -- sequential filter
src/Chap06/WeightedDirGraphStEphI8.rs:126: info: match (implicit): APAS: Work O(|A|), Span O(1) | Review: Work O(|A|), Span O(|A|) -- sequential fold
src/Chap06/WeightedDirGraphStEphI8.rs:133: info: match (implicit): APAS: Work O(|A|), Span O(1) | Review: Work O(|A|), Span O(|A|) -- sequential filter
src/Chap06/WeightedDirGraphStEphI8.rs:142: info: match (implicit): APAS: Work O(|A|), Span O(1) | Review: Work O(|A|), Span O(|A|) -- sequential filter
src/Chap06/WeightedDirGraphStEphI8.rs:157: info: match (implicit): APAS: Work O(|V| + |E|), Span O(1) | Review: Work O(|V| + |E|), Span O(|V| + |E|) — sequential
src/Chap06/WeightedDirGraphStEphI8.rs:202: info: match (implicit): APAS: Work O(1), Span O(1) | Review: Work O(1), Span O(1)
src/Chap06/WeightedDirGraphStEphI8.rs:209: info: match (implicit): APAS: Work O(|A|), Span O(1) | Review: Work O(|A|), Span O(|A|) — sequential
src/Chap06/WeightedDirGraphStEphI8.rs:219: info: match (implicit): APAS: Work O(|A|), Span O(1) | Review: Work O(|A|), Span O(|A|) — sequential
src/Chap06/WeightedDirGraphStEphI8.rs:263: info: match (implicit): APAS: Work O(|A|), Span O(1) | Review: Work O(|A|), Span O(|A|) — sequential
src/Chap06/WeightedDirGraphStEphI8.rs:328: info: match (implicit): APAS: Work O(|A|), Span O(1) | Review: Work O(|A|), Span O(|A|) — sequential
src/Chap06/WeightedDirGraphStEphI8.rs:393: info: match (implicit): APAS: Work O(|A|), Span O(1) | Review: Work O(|A|), Span O(|A|) — sequential
src/Chap06/WeightedDirGraphStEphIsize.rs:71: info: match (implicit): APAS: Work O(|V| + |E|), Span O(1) | Review: Work O(|V| + |E|), Span O(|V| + |E|) -- sequential
src/Chap06/WeightedDirGraphStEphIsize.rs:82: info: match (implicit): APAS: Work O(1), Span O(1) | Review: Work O(1), Span O(1)
src/Chap06/WeightedDirGraphStEphIsize.rs:91: info: match (implicit): APAS: Work O(|A|), Span O(1) | Review: Work O(|A|), Span O(|A|) -- sequential search
src/Chap06/WeightedDirGraphStEphIsize.rs:100: info: match (implicit): APAS: Work O(|A|), Span O(1) | Review: Work O(|A|), Span O(|A|) -- sequential iteration
src/Chap06/WeightedDirGraphStEphIsize.rs:108: info: match (implicit): APAS: Work O(|A|), Span O(1) | Review: Work O(|A|), Span O(|A|) -- sequential filter
src/Chap06/WeightedDirGraphStEphIsize.rs:117: info: match (implicit): APAS: Work O(|A|), Span O(1) | Review: Work O(|A|), Span O(|A|) -- sequential filter
src/Chap06/WeightedDirGraphStEphIsize.rs:126: info: match (implicit): APAS: Work O(|A|), Span O(1) | Review: Work O(|A|), Span O(|A|) -- sequential fold
src/Chap06/WeightedDirGraphStEphIsize.rs:133: info: match (implicit): APAS: Work O(|A|), Span O(1) | Review: Work O(|A|), Span O(|A|) -- sequential filter
src/Chap06/WeightedDirGraphStEphIsize.rs:142: info: match (implicit): APAS: Work O(|A|), Span O(1) | Review: Work O(|A|), Span O(|A|) -- sequential filter
src/Chap06/WeightedDirGraphStEphIsize.rs:157: info: match (implicit): APAS: Work O(|V| + |E|), Span O(1) | Review: Work O(|V| + |E|), Span O(|V| + |E|) — sequential
src/Chap06/WeightedDirGraphStEphIsize.rs:202: info: match (implicit): APAS: Work O(1), Span O(1) | Review: Work O(1), Span O(1)
src/Chap06/WeightedDirGraphStEphIsize.rs:209: info: match (implicit): APAS: Work O(|A|), Span O(1) | Review: Work O(|A|), Span O(|A|) — sequential
src/Chap06/WeightedDirGraphStEphIsize.rs:219: info: match (implicit): APAS: Work O(|A|), Span O(1) | Review: Work O(|A|), Span O(|A|) — sequential
src/Chap06/WeightedDirGraphStEphIsize.rs:263: info: match (implicit): APAS: Work O(|A|), Span O(1) | Review: Work O(|A|), Span O(|A|) — sequential
src/Chap06/WeightedDirGraphStEphIsize.rs:328: info: match (implicit): APAS: Work O(|A|), Span O(1) | Review: Work O(|A|), Span O(|A|) — sequential
src/Chap06/WeightedDirGraphStEphIsize.rs:393: info: match (implicit): APAS: Work O(|A|), Span O(1) | Review: Work O(|A|), Span O(|A|) — sequential
src/Chap06/WeightedDirGraphStEphU128.rs:71: info: match (implicit): APAS: Work O(|V| + |E|), Span O(1) | Review: Work O(|V| + |E|), Span O(|V| + |E|) -- sequential
src/Chap06/WeightedDirGraphStEphU128.rs:82: info: match (implicit): APAS: Work O(1), Span O(1) | Review: Work O(1), Span O(1)
src/Chap06/WeightedDirGraphStEphU128.rs:91: info: match (implicit): APAS: Work O(|A|), Span O(1) | Review: Work O(|A|), Span O(|A|) -- sequential search
src/Chap06/WeightedDirGraphStEphU128.rs:100: info: match (implicit): APAS: Work O(|A|), Span O(1) | Review: Work O(|A|), Span O(|A|) -- sequential iteration
src/Chap06/WeightedDirGraphStEphU128.rs:108: info: match (implicit): APAS: Work O(|A|), Span O(1) | Review: Work O(|A|), Span O(|A|) -- sequential filter
src/Chap06/WeightedDirGraphStEphU128.rs:117: info: match (implicit): APAS: Work O(|A|), Span O(1) | Review: Work O(|A|), Span O(|A|) -- sequential filter
src/Chap06/WeightedDirGraphStEphU128.rs:126: info: match (implicit): APAS: Work O(|A|), Span O(1) | Review: Work O(|A|), Span O(|A|) -- sequential fold
src/Chap06/WeightedDirGraphStEphU128.rs:133: info: match (implicit): APAS: Work O(|A|), Span O(1) | Review: Work O(|A|), Span O(|A|) -- sequential filter
src/Chap06/WeightedDirGraphStEphU128.rs:142: info: match (implicit): APAS: Work O(|A|), Span O(1) | Review: Work O(|A|), Span O(|A|) -- sequential filter
src/Chap06/WeightedDirGraphStEphU128.rs:157: info: match (implicit): APAS: Work O(|V| + |E|), Span O(1) | Review: Work O(|V| + |E|), Span O(|V| + |E|) — sequential
src/Chap06/WeightedDirGraphStEphU128.rs:202: info: match (implicit): APAS: Work O(1), Span O(1) | Review: Work O(1), Span O(1)
src/Chap06/WeightedDirGraphStEphU128.rs:209: info: match (implicit): APAS: Work O(|A|), Span O(1) | Review: Work O(|A|), Span O(|A|) — sequential
src/Chap06/WeightedDirGraphStEphU128.rs:219: info: match (implicit): APAS: Work O(|A|), Span O(1) | Review: Work O(|A|), Span O(|A|) — sequential
src/Chap06/WeightedDirGraphStEphU128.rs:263: info: match (implicit): APAS: Work O(|A|), Span O(1) | Review: Work O(|A|), Span O(|A|) — sequential
src/Chap06/WeightedDirGraphStEphU128.rs:328: info: match (implicit): APAS: Work O(|A|), Span O(1) | Review: Work O(|A|), Span O(|A|) — sequential
src/Chap06/WeightedDirGraphStEphU128.rs:393: info: match (implicit): APAS: Work O(|A|), Span O(1) | Review: Work O(|A|), Span O(|A|) — sequential
src/Chap06/WeightedDirGraphStEphU16.rs:71: info: match (implicit): APAS: Work O(|V| + |E|), Span O(1) | Review: Work O(|V| + |E|), Span O(|V| + |E|) -- sequential
src/Chap06/WeightedDirGraphStEphU16.rs:82: info: match (implicit): APAS: Work O(1), Span O(1) | Review: Work O(1), Span O(1)
src/Chap06/WeightedDirGraphStEphU16.rs:91: info: match (implicit): APAS: Work O(|A|), Span O(1) | Review: Work O(|A|), Span O(|A|) -- sequential search
src/Chap06/WeightedDirGraphStEphU16.rs:100: info: match (implicit): APAS: Work O(|A|), Span O(1) | Review: Work O(|A|), Span O(|A|) -- sequential iteration
src/Chap06/WeightedDirGraphStEphU16.rs:108: info: match (implicit): APAS: Work O(|A|), Span O(1) | Review: Work O(|A|), Span O(|A|) -- sequential filter
src/Chap06/WeightedDirGraphStEphU16.rs:117: info: match (implicit): APAS: Work O(|A|), Span O(1) | Review: Work O(|A|), Span O(|A|) -- sequential filter
src/Chap06/WeightedDirGraphStEphU16.rs:126: info: match (implicit): APAS: Work O(|A|), Span O(1) | Review: Work O(|A|), Span O(|A|) -- sequential fold
src/Chap06/WeightedDirGraphStEphU16.rs:133: info: match (implicit): APAS: Work O(|A|), Span O(1) | Review: Work O(|A|), Span O(|A|) -- sequential filter
src/Chap06/WeightedDirGraphStEphU16.rs:142: info: match (implicit): APAS: Work O(|A|), Span O(1) | Review: Work O(|A|), Span O(|A|) -- sequential filter
src/Chap06/WeightedDirGraphStEphU16.rs:157: info: match (implicit): APAS: Work O(|V| + |E|), Span O(1) | Review: Work O(|V| + |E|), Span O(|V| + |E|) — sequential
src/Chap06/WeightedDirGraphStEphU16.rs:202: info: match (implicit): APAS: Work O(1), Span O(1) | Review: Work O(1), Span O(1)
src/Chap06/WeightedDirGraphStEphU16.rs:209: info: match (implicit): APAS: Work O(|A|), Span O(1) | Review: Work O(|A|), Span O(|A|) — sequential
src/Chap06/WeightedDirGraphStEphU16.rs:219: info: match (implicit): APAS: Work O(|A|), Span O(1) | Review: Work O(|A|), Span O(|A|) — sequential
src/Chap06/WeightedDirGraphStEphU16.rs:263: info: match (implicit): APAS: Work O(|A|), Span O(1) | Review: Work O(|A|), Span O(|A|) — sequential
src/Chap06/WeightedDirGraphStEphU16.rs:328: info: match (implicit): APAS: Work O(|A|), Span O(1) | Review: Work O(|A|), Span O(|A|) — sequential
src/Chap06/WeightedDirGraphStEphU16.rs:393: info: match (implicit): APAS: Work O(|A|), Span O(1) | Review: Work O(|A|), Span O(|A|) — sequential
src/Chap06/WeightedDirGraphStEphU32.rs:71: info: match (implicit): APAS: Work O(|V| + |E|), Span O(1) | Review: Work O(|V| + |E|), Span O(|V| + |E|) -- sequential
src/Chap06/WeightedDirGraphStEphU32.rs:82: info: match (implicit): APAS: Work O(1), Span O(1) | Review: Work O(1), Span O(1)
src/Chap06/WeightedDirGraphStEphU32.rs:91: info: match (implicit): APAS: Work O(|A|), Span O(1) | Review: Work O(|A|), Span O(|A|) -- sequential search
src/Chap06/WeightedDirGraphStEphU32.rs:100: info: match (implicit): APAS: Work O(|A|), Span O(1) | Review: Work O(|A|), Span O(|A|) -- sequential iteration
src/Chap06/WeightedDirGraphStEphU32.rs:108: info: match (implicit): APAS: Work O(|A|), Span O(1) | Review: Work O(|A|), Span O(|A|) -- sequential filter
src/Chap06/WeightedDirGraphStEphU32.rs:117: info: match (implicit): APAS: Work O(|A|), Span O(1) | Review: Work O(|A|), Span O(|A|) -- sequential filter
src/Chap06/WeightedDirGraphStEphU32.rs:126: info: match (implicit): APAS: Work O(|A|), Span O(1) | Review: Work O(|A|), Span O(|A|) -- sequential fold
src/Chap06/WeightedDirGraphStEphU32.rs:133: info: match (implicit): APAS: Work O(|A|), Span O(1) | Review: Work O(|A|), Span O(|A|) -- sequential filter
src/Chap06/WeightedDirGraphStEphU32.rs:142: info: match (implicit): APAS: Work O(|A|), Span O(1) | Review: Work O(|A|), Span O(|A|) -- sequential filter
src/Chap06/WeightedDirGraphStEphU32.rs:157: info: match (implicit): APAS: Work O(|V| + |E|), Span O(1) | Review: Work O(|V| + |E|), Span O(|V| + |E|) — sequential
src/Chap06/WeightedDirGraphStEphU32.rs:202: info: match (implicit): APAS: Work O(1), Span O(1) | Review: Work O(1), Span O(1)
src/Chap06/WeightedDirGraphStEphU32.rs:209: info: match (implicit): APAS: Work O(|A|), Span O(1) | Review: Work O(|A|), Span O(|A|) — sequential
src/Chap06/WeightedDirGraphStEphU32.rs:219: info: match (implicit): APAS: Work O(|A|), Span O(1) | Review: Work O(|A|), Span O(|A|) — sequential
src/Chap06/WeightedDirGraphStEphU32.rs:263: info: match (implicit): APAS: Work O(|A|), Span O(1) | Review: Work O(|A|), Span O(|A|) — sequential
src/Chap06/WeightedDirGraphStEphU32.rs:328: info: match (implicit): APAS: Work O(|A|), Span O(1) | Review: Work O(|A|), Span O(|A|) — sequential
src/Chap06/WeightedDirGraphStEphU32.rs:393: info: match (implicit): APAS: Work O(|A|), Span O(1) | Review: Work O(|A|), Span O(|A|) — sequential
src/Chap06/WeightedDirGraphStEphU64.rs:71: info: match (implicit): APAS: Work O(|V| + |E|), Span O(1) | Review: Work O(|V| + |E|), Span O(|V| + |E|) -- sequential
src/Chap06/WeightedDirGraphStEphU64.rs:82: info: match (implicit): APAS: Work O(1), Span O(1) | Review: Work O(1), Span O(1)
src/Chap06/WeightedDirGraphStEphU64.rs:91: info: match (implicit): APAS: Work O(|A|), Span O(1) | Review: Work O(|A|), Span O(|A|) -- sequential search
src/Chap06/WeightedDirGraphStEphU64.rs:100: info: match (implicit): APAS: Work O(|A|), Span O(1) | Review: Work O(|A|), Span O(|A|) -- sequential iteration
src/Chap06/WeightedDirGraphStEphU64.rs:108: info: match (implicit): APAS: Work O(|A|), Span O(1) | Review: Work O(|A|), Span O(|A|) -- sequential filter
src/Chap06/WeightedDirGraphStEphU64.rs:117: info: match (implicit): APAS: Work O(|A|), Span O(1) | Review: Work O(|A|), Span O(|A|) -- sequential filter
src/Chap06/WeightedDirGraphStEphU64.rs:126: info: match (implicit): APAS: Work O(|A|), Span O(1) | Review: Work O(|A|), Span O(|A|) -- sequential fold
src/Chap06/WeightedDirGraphStEphU64.rs:133: info: match (implicit): APAS: Work O(|A|), Span O(1) | Review: Work O(|A|), Span O(|A|) -- sequential filter
src/Chap06/WeightedDirGraphStEphU64.rs:142: info: match (implicit): APAS: Work O(|A|), Span O(1) | Review: Work O(|A|), Span O(|A|) -- sequential filter
src/Chap06/WeightedDirGraphStEphU64.rs:157: info: match (implicit): APAS: Work O(|V| + |E|), Span O(1) | Review: Work O(|V| + |E|), Span O(|V| + |E|) — sequential
src/Chap06/WeightedDirGraphStEphU64.rs:202: info: match (implicit): APAS: Work O(1), Span O(1) | Review: Work O(1), Span O(1)
src/Chap06/WeightedDirGraphStEphU64.rs:209: info: match (implicit): APAS: Work O(|A|), Span O(1) | Review: Work O(|A|), Span O(|A|) — sequential
src/Chap06/WeightedDirGraphStEphU64.rs:219: info: match (implicit): APAS: Work O(|A|), Span O(1) | Review: Work O(|A|), Span O(|A|) — sequential
src/Chap06/WeightedDirGraphStEphU64.rs:263: info: match (implicit): APAS: Work O(|A|), Span O(1) | Review: Work O(|A|), Span O(|A|) — sequential
src/Chap06/WeightedDirGraphStEphU64.rs:328: info: match (implicit): APAS: Work O(|A|), Span O(1) | Review: Work O(|A|), Span O(|A|) — sequential
src/Chap06/WeightedDirGraphStEphU64.rs:393: info: match (implicit): APAS: Work O(|A|), Span O(1) | Review: Work O(|A|), Span O(|A|) — sequential
src/Chap06/WeightedDirGraphStEphU8.rs:71: info: match (implicit): APAS: Work O(|V| + |E|), Span O(1) | Review: Work O(|V| + |E|), Span O(|V| + |E|) -- sequential
src/Chap06/WeightedDirGraphStEphU8.rs:82: info: match (implicit): APAS: Work O(1), Span O(1) | Review: Work O(1), Span O(1)
src/Chap06/WeightedDirGraphStEphU8.rs:91: info: match (implicit): APAS: Work O(|A|), Span O(1) | Review: Work O(|A|), Span O(|A|) -- sequential search
src/Chap06/WeightedDirGraphStEphU8.rs:100: info: match (implicit): APAS: Work O(|A|), Span O(1) | Review: Work O(|A|), Span O(|A|) -- sequential iteration
src/Chap06/WeightedDirGraphStEphU8.rs:108: info: match (implicit): APAS: Work O(|A|), Span O(1) | Review: Work O(|A|), Span O(|A|) -- sequential filter
src/Chap06/WeightedDirGraphStEphU8.rs:117: info: match (implicit): APAS: Work O(|A|), Span O(1) | Review: Work O(|A|), Span O(|A|) -- sequential filter
src/Chap06/WeightedDirGraphStEphU8.rs:126: info: match (implicit): APAS: Work O(|A|), Span O(1) | Review: Work O(|A|), Span O(|A|) -- sequential fold
src/Chap06/WeightedDirGraphStEphU8.rs:133: info: match (implicit): APAS: Work O(|A|), Span O(1) | Review: Work O(|A|), Span O(|A|) -- sequential filter
src/Chap06/WeightedDirGraphStEphU8.rs:142: info: match (implicit): APAS: Work O(|A|), Span O(1) | Review: Work O(|A|), Span O(|A|) -- sequential filter
src/Chap06/WeightedDirGraphStEphU8.rs:157: info: match (implicit): APAS: Work O(|V| + |E|), Span O(1) | Review: Work O(|V| + |E|), Span O(|V| + |E|) — sequential
src/Chap06/WeightedDirGraphStEphU8.rs:202: info: match (implicit): APAS: Work O(1), Span O(1) | Review: Work O(1), Span O(1)
src/Chap06/WeightedDirGraphStEphU8.rs:209: info: match (implicit): APAS: Work O(|A|), Span O(1) | Review: Work O(|A|), Span O(|A|) — sequential
src/Chap06/WeightedDirGraphStEphU8.rs:219: info: match (implicit): APAS: Work O(|A|), Span O(1) | Review: Work O(|A|), Span O(|A|) — sequential
src/Chap06/WeightedDirGraphStEphU8.rs:263: info: match (implicit): APAS: Work O(|A|), Span O(1) | Review: Work O(|A|), Span O(|A|) — sequential
src/Chap06/WeightedDirGraphStEphU8.rs:328: info: match (implicit): APAS: Work O(|A|), Span O(1) | Review: Work O(|A|), Span O(|A|) — sequential
src/Chap06/WeightedDirGraphStEphU8.rs:393: info: match (implicit): APAS: Work O(|A|), Span O(1) | Review: Work O(|A|), Span O(|A|) — sequential
src/Chap06/WeightedDirGraphStEphUsize.rs:71: info: match (implicit): APAS: Work O(|V| + |E|), Span O(1) | Review: Work O(|V| + |E|), Span O(|V| + |E|) -- sequential
src/Chap06/WeightedDirGraphStEphUsize.rs:82: info: match (implicit): APAS: Work O(1), Span O(1) | Review: Work O(1), Span O(1)
src/Chap06/WeightedDirGraphStEphUsize.rs:91: info: match (implicit): APAS: Work O(|A|), Span O(1) | Review: Work O(|A|), Span O(|A|) -- sequential search
src/Chap06/WeightedDirGraphStEphUsize.rs:100: info: match (implicit): APAS: Work O(|A|), Span O(1) | Review: Work O(|A|), Span O(|A|) -- sequential iteration
src/Chap06/WeightedDirGraphStEphUsize.rs:108: info: match (implicit): APAS: Work O(|A|), Span O(1) | Review: Work O(|A|), Span O(|A|) -- sequential filter
src/Chap06/WeightedDirGraphStEphUsize.rs:117: info: match (implicit): APAS: Work O(|A|), Span O(1) | Review: Work O(|A|), Span O(|A|) -- sequential filter
src/Chap06/WeightedDirGraphStEphUsize.rs:126: info: match (implicit): APAS: Work O(|A|), Span O(1) | Review: Work O(|A|), Span O(|A|) -- sequential fold
src/Chap06/WeightedDirGraphStEphUsize.rs:133: info: match (implicit): APAS: Work O(|A|), Span O(1) | Review: Work O(|A|), Span O(|A|) -- sequential filter
src/Chap06/WeightedDirGraphStEphUsize.rs:142: info: match (implicit): APAS: Work O(|A|), Span O(1) | Review: Work O(|A|), Span O(|A|) -- sequential filter
src/Chap06/WeightedDirGraphStEphUsize.rs:157: info: match (implicit): APAS: Work O(|V| + |E|), Span O(1) | Review: Work O(|V| + |E|), Span O(|V| + |E|) — sequential
src/Chap06/WeightedDirGraphStEphUsize.rs:202: info: match (implicit): APAS: Work O(1), Span O(1) | Review: Work O(1), Span O(1)
src/Chap06/WeightedDirGraphStEphUsize.rs:209: info: match (implicit): APAS: Work O(|A|), Span O(1) | Review: Work O(|A|), Span O(|A|) — sequential
src/Chap06/WeightedDirGraphStEphUsize.rs:219: info: match (implicit): APAS: Work O(|A|), Span O(1) | Review: Work O(|A|), Span O(|A|) — sequential
src/Chap06/WeightedDirGraphStEphUsize.rs:263: info: match (implicit): APAS: Work O(|A|), Span O(1) | Review: Work O(|A|), Span O(|A|) — sequential
src/Chap06/WeightedDirGraphStEphUsize.rs:328: info: match (implicit): APAS: Work O(|A|), Span O(1) | Review: Work O(|A|), Span O(|A|) — sequential
src/Chap06/WeightedDirGraphStEphUsize.rs:393: info: match (implicit): APAS: Work O(|A|), Span O(1) | Review: Work O(|A|), Span O(|A|) — sequential
src/Chap11/FibonacciMtEph2Threads.rs:111: warning: ACCEPTED DIFFERENCE: Work O(n), Span O(n) — ACCEPTED DIFFERENCE: iterative implementation, not Ex 11.10 recursive parallel; O(n) is strictly better than O(φⁿ)
src/Chap11/FibonacciMtEphRecomputes.rs:102: info: match (implicit): APAS: Work O(φⁿ), Span O(n) — full recursive parallelism | Review: Work O(φⁿ), Span O(n); TSM at every recursive level
src/Chap11/FibonacciMtPerAllThreads.rs:36: info: match (implicit): APAS: Work O(φⁿ), Span O(n) — full recursive parallelism | Review: Work O(φⁿ), Span O(n); ParaPair! at every level
src/Chap11/FibonacciMtPerTSM.rs:96: info: match (implicit): APAS: Work O(φⁿ), Span O(n) — full recursive parallelism | Review: Work O(φⁿ), Span O(n); TSM + vstd::thread at every level
src/Chap11/FibonacciStEph.rs:97: info: match (implicit): APAS: Work O(n), Span O(n) — sequential, no parallelism | Review: Work O(n), Span O(n); iterative loop, O(1) space
src/Chap11/FibonacciStEph.rs:138: info: match (implicit): APAS: Work O(φⁿ), Span O(φⁿ) — sequential, span == work | Review: Work O(φⁿ), Span O(φⁿ); exponential, demonstration only
src/Chap18/ArraySeqMtEph.rs:1527: info: match (implicit): APAS: Work O(1), Span O(1) | Review: Work O(1), Span O(1)
src/Chap18/ArraySeqMtEph.rs:1535: info: match (implicit): APAS: Work O(1), Span O(1) | Review: Work O(1), Span O(1)
src/Chap18/ArraySeqMtEph.rs:1558: warning: ACCEPTED DIFFERENCE: Work O(j), Span O(j) — ACCEPTED DIFFERENCE: Vec-backed; sequential clone loop, not O(1) slice
src/Chap18/ArraySeqMtEph.rs:1585: info: match (implicit): APAS: Work O(1), Span O(1) | Review: Work O(1), Span O(1)
src/Chap18/ArraySeqMtEph.rs:1592: info: match (implicit): APAS: Work O(1), Span O(1) | Review: Work O(1), Span O(1)
src/Chap18/ArraySeqMtEph.rs:1603: warning: ACCEPTED DIFFERENCE: Work O(|a| + |b|), Span O(|a| + |b|) — ACCEPTED DIFFERENCE: Vec-backed; span O(|a|+|b|) not O(1), sequential loops
src/Chap18/ArraySeqMtEph.rs:1618: warning: ACCEPTED DIFFERENCE: Work O(n), Span O(lg n) — ACCEPTED DIFFERENCE: Vec-backed; parallel D&C with multiset distribution lemma
src/Chap18/ArraySeqMtEph.rs:1642: warning: ACCEPTED DIFFERENCE: Work O(n), Span O(n) — ACCEPTED DIFFERENCE: Vec-backed; span O(n) not O(1), sequential clone loop
src/Chap18/ArraySeqMtEph.rs:1659: warning: ACCEPTED DIFFERENCE: Work O(n + m), Span O(n + m) — ACCEPTED DIFFERENCE: Vec-backed; span O(n+m) not O(lg degree), sequential loops
src/Chap18/ArraySeqMtEph.rs:1676: warning: ACCEPTED DIFFERENCE: Work O(n + m), Span O(n + m) — ACCEPTED DIFFERENCE: Vec-backed; delegates to inject, span O(n+m) not O(1)
src/Chap18/ArraySeqMtEph.rs:1690: info: match (implicit): APAS: Work O(1), Span O(1) | Review: Work O(1), Span O(1)
src/Chap18/ArraySeqMtEph.rs:1697: info: match (implicit): APAS: Work O(1), Span O(1) | Review: Work O(1), Span O(1)
src/Chap18/ArraySeqMtEph.rs:1704: error: possible mismatch: APAS: Work O(1 + Sigma W(f)), Span O(1 + Sigma S(f)) | Review: Work O(n), Span O(n) (iterate is sequential)
src/Chap18/ArraySeqMtEph.rs:1715: error: possible mismatch: APAS: Work O(1 + Sigma W(f)), Span O(lg |a| * max S(f)) | Review: Work O(n), Span O(lg n) (parallel divide-and-conquer via join)
src/Chap18/ArraySeqMtEph.rs:1731: warning: ACCEPTED DIFFERENCE: Work O(n), Span O(n) — ACCEPTED DIFFERENCE: Vec-backed; span O(n) not O(lg n), sequential loop
src/Chap18/ArraySeqMtEph.rs:1749: warning: ACCEPTED DIFFERENCE: Work O(n), Span O(lg n + max S(f)) — ACCEPTED DIFFERENCE: Vec-backed; parallel D&C via join; O(lg n) from Vec copy overhead
src/Chap18/ArraySeqMtEph.rs:1763: warning: ACCEPTED DIFFERENCE: Work O(n), Span O(n) — ACCEPTED DIFFERENCE: Vec-backed; span O(n) not O(1), sequential loop
src/Chap18/ArraySeqMtEph.rs:1777: warning: ACCEPTED DIFFERENCE: Work O(Σ|a_i|), Span O(Σ|a_i|) — ACCEPTED DIFFERENCE: Vec-backed; span O(Σ|a_i|) not O(lg|a|), sequential nested loops
src/Chap18/ArraySeqMtEphSlice.rs:273: info: match (implicit): APAS: Work O(1), Span O(1) | Review: Work O(1), Span O(1)
src/Chap18/ArraySeqMtEphSlice.rs:312: info: match (implicit): APAS: Work O(1), Span O(1) | Review: Work O(1), Span O(1)
src/Chap18/ArraySeqMtEphSlice.rs:320: info: match (implicit): APAS: Work O(1), Span O(1) | Review: Work O(1), Span O(1)
src/Chap18/ArraySeqMtEphSlice.rs:408: info: match (implicit): APAS: Work O(n * W(f)), Span O(lg n + S(f)) | Review: Work O(n * W(f)), Span O(lg n * S(f)) — D&C + join, O(n) rejoin.
src/Chap18/ArraySeqMtEphSlice.rs:422: error: possible mismatch: APAS: Work O(|a|), Span O(lg |a|) | Review: Work O(n lg n), Span O(n) — D&C + join, O(1) split, sequential prefix adjustment O(n) at each level.
src/Chap18/ArraySeqMtEphSlice.rs:1450: warning: ACCEPTED DIFFERENCE: Work O(sum |a[i]|), Span O(lg^2 |a| + max |a[i]|) — ACCEPTED DIFFERENCE: Vec concat at each D&C level; O(1) rejoin needs PCell pre-allocated output
src/Chap18/ArraySeqMtPer.rs:120: info: match (implicit): APAS: Work O(1), Span O(1) | Review: Work O(1), Span O(1)
src/Chap18/ArraySeqMtPer.rs:128: info: match (implicit): APAS: Work O(1), Span O(1) | Review: Work O(1), Span O(1)
src/Chap18/ArraySeqMtPer.rs:151: warning: ACCEPTED DIFFERENCE: Work O(j), Span O(j) — ACCEPTED DIFFERENCE: Vec-backed; Vec-backed, sequential clone loop; O(1) requires tree representation
src/Chap18/ArraySeqMtPer.rs:178: info: match (implicit): APAS: Work O(1), Span O(1) | Review: Work O(1), Span O(1)
src/Chap18/ArraySeqMtPer.rs:185: info: match (implicit): APAS: Work O(1), Span O(1) | Review: Work O(1), Span O(1)
src/Chap18/ArraySeqMtPer.rs:196: warning: ACCEPTED DIFFERENCE: Work O(|a| + |b|), Span O(|a| + |b|) — ACCEPTED DIFFERENCE: Vec-backed; Vec-backed, sequential clone loops; O(1) requires tree representation
src/Chap18/ArraySeqMtPer.rs:211: warning: ACCEPTED DIFFERENCE: Work O(n), Span O(lg n) — ACCEPTED DIFFERENCE: Vec-backed; parallel D&C with multiset distribution lemma
src/Chap18/ArraySeqMtPer.rs:235: warning: ACCEPTED DIFFERENCE: Work O(n), Span O(n) — ACCEPTED DIFFERENCE: Vec-backed; Vec-backed, sequential clone loop; O(1) requires tree representation
src/Chap18/ArraySeqMtPer.rs:252: warning: ACCEPTED DIFFERENCE: Work O(n + m), Span O(n + m) — ACCEPTED DIFFERENCE: Vec-backed; sequential apply; parallel inject requires sort-by-position
src/Chap18/ArraySeqMtPer.rs:267: info: match (implicit): APAS: Work O(1), Span O(1) | Review: Work O(1), Span O(1)
src/Chap18/ArraySeqMtPer.rs:274: info: match (implicit): APAS: Work O(1), Span O(1) | Review: Work O(1), Span O(1)
src/Chap18/ArraySeqMtPer.rs:281: error: possible mismatch: APAS: Work O(1 + Sigma W(f)), Span O(1 + Sigma S(f)) | Review: Work O(n), Span O(n) (iterate is sequential)
src/Chap18/ArraySeqMtPer.rs:293: warning: ACCEPTED DIFFERENCE: Work O(n), Span O(n) — ACCEPTED DIFFERENCE: Vec-backed; sequential fold; parallel reduce_inner available via bare impl
src/Chap18/ArraySeqMtPer.rs:307: warning: ACCEPTED DIFFERENCE: Work O(n), Span O(n) — ACCEPTED DIFFERENCE: Vec-backed; sequential loop; parallel scan requires upsweep/downsweep
src/Chap18/ArraySeqMtPer.rs:325: warning: ACCEPTED DIFFERENCE: Work O(n), Span O(n) — ACCEPTED DIFFERENCE: Vec-backed; sequential loop; parallel map_inner available via bare impl
src/Chap18/ArraySeqMtPer.rs:336: warning: ACCEPTED DIFFERENCE: Work O(n), Span O(n) — ACCEPTED DIFFERENCE: Vec-backed; sequential loop; parallel tabulate_inner available via bare impl
src/Chap18/ArraySeqMtPer.rs:348: warning: ACCEPTED DIFFERENCE: Work O(Σ|a_i|), Span O(Σ|a_i|) — ACCEPTED DIFFERENCE: Vec-backed; sequential nested loops; D&C flatten requires outer array cloning proof
src/Chap18/ArraySeq.rs:339: info: match (implicit): APAS: Work O(1), Span O(1) | Review: Work O(1), Span O(1)
src/Chap18/ArraySeq.rs:347: info: match (implicit): APAS: Work O(1), Span O(1) | Review: Work O(1), Span O(1)
src/Chap18/ArraySeq.rs:355: info: match (implicit): APAS: Work O(1), Span O(1) | Review: Work O(1), Span O(1)
src/Chap18/ArraySeq.rs:362: info: match (implicit): APAS: Work O(1), Span O(1) | Review: Work O(1), Span O(1)
src/Chap18/ArraySeq.rs:372: warning: ACCEPTED DIFFERENCE: Work O(j), Span O(j) — ACCEPTED DIFFERENCE: sequential clone loop, not O(1) slice
src/Chap18/ArraySeq.rs:386: warning: ACCEPTED DIFFERENCE: Work O(|a| + |b|), Span O(|a| + |b|) — ACCEPTED DIFFERENCE: span O(|a|+|b|) not O(1), sequential loops
src/Chap18/ArraySeq.rs:400: warning: ACCEPTED DIFFERENCE: Work O(n), Span O(n) — ACCEPTED DIFFERENCE: span O(n) not O(lg n), sequential loop
src/Chap18/ArraySeq.rs:424: warning: ACCEPTED DIFFERENCE: Work O(n), Span O(n) — ACCEPTED DIFFERENCE: span O(n) not O(1), sequential clone loop
src/Chap18/ArraySeq.rs:437: info: match (implicit): APAS: Work O(1), Span O(1) | Review: Work O(1), Span O(1)
src/Chap18/ArraySeq.rs:444: info: match (implicit): APAS: Work O(1), Span O(1) | Review: Work O(1), Span O(1)
src/Chap18/ArraySeq.rs:452: error: possible mismatch: APAS: Work O(1 + Sigma W(f)), Span O(1 + Sigma S(f)) | Review: Work O(n), Span O(n) (iterate is sequential)
src/Chap18/ArraySeq.rs:465: warning: ACCEPTED DIFFERENCE: Work O(n), Span O(n) — ACCEPTED DIFFERENCE: span O(n) not O(lg n), sequential fold
src/Chap18/ArraySeq.rs:480: warning: ACCEPTED DIFFERENCE: Work O(n), Span O(n) — ACCEPTED DIFFERENCE: span O(n) not O(lg n), sequential loop
src/Chap18/ArraySeq.rs:502: warning: ACCEPTED DIFFERENCE: Work O(n + m), Span O(n + m) — ACCEPTED DIFFERENCE: span O(n+m) not O(lg degree), sequential loops
src/Chap18/ArraySeq.rs:598: warning: ACCEPTED DIFFERENCE: Work O(n²), Span O(n²) — ACCEPTED DIFFERENCE: linear find_key per pair gives O(n²), sequential
src/Chap18/ArraySeq.rs:1342: warning: ACCEPTED DIFFERENCE: Work O(n), Span O(n) — ACCEPTED DIFFERENCE: span O(n) not O(1), sequential loop
src/Chap18/ArraySeq.rs:1374: warning: ACCEPTED DIFFERENCE: Work O(n), Span O(n) — ACCEPTED DIFFERENCE: span O(n) not O(1), sequential loop
src/Chap18/ArraySeq.rs:1409: warning: ACCEPTED DIFFERENCE: Work O(Σ|a_i|), Span O(Σ|a_i|) — ACCEPTED DIFFERENCE: span O(Σ|a_i|) not O(lg|a|), sequential nested loops
src/Chap18/ArraySeqStEph.rs:124: info: match (implicit): APAS: Work O(1), Span O(1) | Review: Work O(1), Span O(1)
src/Chap18/ArraySeqStEph.rs:132: info: match (implicit): APAS: Work O(1), Span O(1) | Review: Work O(1), Span O(1)
src/Chap18/ArraySeqStEph.rs:155: warning: ACCEPTED DIFFERENCE: Work O(j), Span O(j) — ACCEPTED DIFFERENCE: sequential clone loop, not O(1) slice
src/Chap18/ArraySeqStEph.rs:182: info: match (implicit): APAS: Work O(1), Span O(1) | Review: Work O(1), Span O(1)
src/Chap18/ArraySeqStEph.rs:189: info: match (implicit): APAS: Work O(1), Span O(1) | Review: Work O(1), Span O(1)
src/Chap18/ArraySeqStEph.rs:200: warning: ACCEPTED DIFFERENCE: Work O(|a| + |b|), Span O(|a| + |b|) — ACCEPTED DIFFERENCE: span O(|a|+|b|) not O(1), sequential loops
src/Chap18/ArraySeqStEph.rs:215: warning: ACCEPTED DIFFERENCE: Work O(n), Span O(n) — ACCEPTED DIFFERENCE: span O(n) not O(lg n), sequential loop
src/Chap18/ArraySeqStEph.rs:239: warning: ACCEPTED DIFFERENCE: Work O(n), Span O(n) — ACCEPTED DIFFERENCE: clones full array, not O(1)
src/Chap18/ArraySeqStEph.rs:256: warning: ACCEPTED DIFFERENCE: Work O(n + m), Span O(n + m) — ACCEPTED DIFFERENCE: span O(n+m) not O(lg degree), sequential loops
src/Chap18/ArraySeqStEph.rs:271: info: match (implicit): APAS: Work O(1), Span O(1) | Review: Work O(1), Span O(1)
src/Chap18/ArraySeqStEph.rs:278: info: match (implicit): APAS: Work O(1), Span O(1) | Review: Work O(1), Span O(1)
src/Chap18/ArraySeqStEph.rs:285: error: possible mismatch: APAS: Work O(1 + Sigma W(f)), Span O(1 + Sigma S(f)) | Review: Work O(n), Span O(n) (iterate is sequential)
src/Chap18/ArraySeqStEph.rs:297: warning: ACCEPTED DIFFERENCE: Work O(n), Span O(n) — ACCEPTED DIFFERENCE: span O(n) not O(lg n), sequential fold
src/Chap18/ArraySeqStEph.rs:311: warning: ACCEPTED DIFFERENCE: Work O(n), Span O(n) — ACCEPTED DIFFERENCE: span O(n) not O(lg n), sequential loop
src/Chap18/ArraySeqStEph.rs:329: warning: ACCEPTED DIFFERENCE: Work O(n), Span O(n) — ACCEPTED DIFFERENCE: span O(n) not O(1), sequential loop
src/Chap18/ArraySeqStEph.rs:340: warning: ACCEPTED DIFFERENCE: Work O(n), Span O(n) — ACCEPTED DIFFERENCE: span O(n) not O(1), sequential loop
src/Chap18/ArraySeqStEph.rs:352: warning: ACCEPTED DIFFERENCE: Work O(Σ|a_i|), Span O(Σ|a_i|) — ACCEPTED DIFFERENCE: span O(Σ|a_i|) not O(lg|a|), sequential nested loops
src/Chap18/ArraySeqStPer.rs:114: info: match (implicit): APAS: Work O(1), Span O(1) | Review: Work O(1), Span O(1)
src/Chap18/ArraySeqStPer.rs:122: info: match (implicit): APAS: Work O(1), Span O(1) | Review: Work O(1), Span O(1)
src/Chap18/ArraySeqStPer.rs:145: warning: ACCEPTED DIFFERENCE: Work O(j), Span O(j) — ACCEPTED DIFFERENCE: sequential clone loop, not O(1) slice
src/Chap18/ArraySeqStPer.rs:172: info: match (implicit): APAS: Work O(1), Span O(1) | Review: Work O(1), Span O(1)
src/Chap18/ArraySeqStPer.rs:179: info: match (implicit): APAS: Work O(1), Span O(1) | Review: Work O(1), Span O(1)
src/Chap18/ArraySeqStPer.rs:190: warning: ACCEPTED DIFFERENCE: Work O(|a| + |b|), Span O(|a| + |b|) — ACCEPTED DIFFERENCE: span O(|a|+|b|) not O(1), sequential loops
src/Chap18/ArraySeqStPer.rs:205: warning: ACCEPTED DIFFERENCE: Work O(n), Span O(n) — ACCEPTED DIFFERENCE: span O(n) not O(lg n), sequential loop
src/Chap18/ArraySeqStPer.rs:229: warning: ACCEPTED DIFFERENCE: Work O(n), Span O(n) — ACCEPTED DIFFERENCE: clones full array, not O(1)
src/Chap18/ArraySeqStPer.rs:246: warning: ACCEPTED DIFFERENCE: Work O(n + m), Span O(n + m) — ACCEPTED DIFFERENCE: span O(n+m) not O(lg degree), sequential loops
src/Chap18/ArraySeqStPer.rs:261: info: match (implicit): APAS: Work O(1), Span O(1) | Review: Work O(1), Span O(1)
src/Chap18/ArraySeqStPer.rs:268: info: match (implicit): APAS: Work O(1), Span O(1) | Review: Work O(1), Span O(1)
src/Chap18/ArraySeqStPer.rs:275: error: possible mismatch: APAS: Work O(1 + Sigma W(f)), Span O(1 + Sigma S(f)) | Review: Work O(n), Span O(n) (iterate is sequential)
src/Chap18/ArraySeqStPer.rs:287: warning: ACCEPTED DIFFERENCE: Work O(n), Span O(n) — ACCEPTED DIFFERENCE: span O(n) not O(lg n), sequential fold
src/Chap18/ArraySeqStPer.rs:301: warning: ACCEPTED DIFFERENCE: Work O(n), Span O(n) — ACCEPTED DIFFERENCE: span O(n) not O(lg n), sequential loop
src/Chap18/ArraySeqStPer.rs:319: warning: ACCEPTED DIFFERENCE: Work O(n), Span O(n) — ACCEPTED DIFFERENCE: span O(n) not O(1), sequential loop
src/Chap18/ArraySeqStPer.rs:330: warning: ACCEPTED DIFFERENCE: Work O(n), Span O(n) — ACCEPTED DIFFERENCE: span O(n) not O(1), sequential loop
src/Chap18/ArraySeqStPer.rs:342: warning: ACCEPTED DIFFERENCE: Work O(Σ|a_i|), Span O(Σ|a_i|) — ACCEPTED DIFFERENCE: span O(Σ|a_i|) not O(lg|a|), sequential nested loops
src/Chap18/LinkedListStEph.rs:127: warning: ACCEPTED DIFFERENCE: Work O(1), Span O(1) — ACCEPTED DIFFERENCE: Vec-backed, O(1) random access not O(i) traversal
src/Chap18/LinkedListStEph.rs:134: warning: ACCEPTED DIFFERENCE: Work O(j), Span O(j) — ACCEPTED DIFFERENCE: Vec-backed, O(j) clone loop not O(start+j) traversal
src/Chap18/LinkedListStEph.rs:172: error: possible mismatch: APAS: Work O(Sigma W(f)), Span O(Sigma S(f)) | Review: Work O(n), Span O(n) (both sequential)
src/Chap18/LinkedListStEph.rs:183: error: possible mismatch: APAS: Work O(Sigma W(f)), Span O(Sigma S(f)) | Review: Work O(n), Span O(n) (both sequential)
src/Chap18/LinkedListStEph.rs:194: warning: ACCEPTED DIFFERENCE: Work O(|a| + |b|), Span O(|a| + |b|) — ACCEPTED DIFFERENCE: Vec-backed, copies both sequences not just a
src/Chap18/LinkedListStEph.rs:209: error: possible mismatch: APAS: Work O(Sigma W(f)), Span O(Sigma S(f)) | Review: Work O(n), Span O(n) (both sequential)
src/Chap18/LinkedListStEph.rs:239: warning: ACCEPTED DIFFERENCE: Work O(n), Span O(n) — ACCEPTED DIFFERENCE: clones full array, not O(1)
src/Chap18/LinkedListStEph.rs:271: error: possible mismatch: APAS: Work O(Sigma W(f)), Span O(Sigma S(f)) | Review: Work O(n), Span O(n) (both sequential)
src/Chap18/LinkedListStEph.rs:284: error: possible mismatch: APAS: Work O(|a|), Span O(|a|) | Review: Work O(n), Span O(n)
src/Chap18/LinkedListStPer.rs:118: warning: ACCEPTED DIFFERENCE: Work O(1), Span O(1) — ACCEPTED DIFFERENCE: Vec-backed, O(1) random access not O(i) traversal
src/Chap18/LinkedListStPer.rs:125: warning: ACCEPTED DIFFERENCE: Work O(j), Span O(j) — ACCEPTED DIFFERENCE: Vec-backed, O(j) clone loop not O(start+j) traversal
src/Chap18/LinkedListStPer.rs:163: error: possible mismatch: APAS: Work O(Sigma W(f)), Span O(Sigma S(f)) | Review: Work O(n), Span O(n) (both sequential)
src/Chap18/LinkedListStPer.rs:174: error: possible mismatch: APAS: Work O(Sigma W(f)), Span O(Sigma S(f)) | Review: Work O(n), Span O(n) (both sequential)
src/Chap18/LinkedListStPer.rs:185: warning: ACCEPTED DIFFERENCE: Work O(|a| + |b|), Span O(|a| + |b|) — ACCEPTED DIFFERENCE: Vec-backed, copies both sequences not just a
src/Chap18/LinkedListStPer.rs:200: error: possible mismatch: APAS: Work O(Sigma W(f)), Span O(Sigma S(f)) | Review: Work O(n), Span O(n) (both sequential)
src/Chap18/LinkedListStPer.rs:230: warning: ACCEPTED DIFFERENCE: Work O(n), Span O(n) — ACCEPTED DIFFERENCE: clones full array, not O(1)
src/Chap18/LinkedListStPer.rs:262: error: possible mismatch: APAS: Work O(Sigma W(f)), Span O(Sigma S(f)) | Review: Work O(n), Span O(n) (both sequential)
src/Chap18/LinkedListStPer.rs:275: error: possible mismatch: APAS: Work O(|a|), Span O(|a|) | Review: Work O(n), Span O(n)
src/Chap19/ArraySeqMtEph.rs:167: info: match (implicit): APAS: Work O(1), Span O(1) | Review: Work O(1), Span O(1)
src/Chap19/ArraySeqMtEph.rs:175: info: match (implicit): APAS: Work O(1), Span O(1) | Review: Work O(1), Span O(1)
src/Chap19/ArraySeqMtEph.rs:198: warning: ACCEPTED DIFFERENCE: Work O(length), Span O(length) — ACCEPTED DIFFERENCE: Vec-backed; Vec-backed, copies elements sequentially
src/Chap19/ArraySeqMtEph.rs:221: info: match (implicit): APAS: Work O(1), Span O(1) | Review: Work O(1), Span O(1)
src/Chap19/ArraySeqMtEph.rs:228: info: match (implicit): APAS: Work O(1), Span O(1) | Review: Work O(1), Span O(1)
src/Chap19/ArraySeqMtEph.rs:241: warning: ACCEPTED DIFFERENCE: Work O(|a| + |b|), Span O(|a| + |b|) — ACCEPTED DIFFERENCE: Vec-backed; sequential tabulate, span = work
src/Chap19/ArraySeqMtEph.rs:255: error: possible mismatch: APAS: Work O(1 + Sigma W(f(x))), Span O(lg |a| + max S(f(x))) | Review: Work O(n), Span O(n) — D&C via filter_dc + join, but append is sequential
src/Chap19/ArraySeqMtEph.rs:276: warning: ACCEPTED DIFFERENCE: Work O(|a|), Span O(|a|) — ACCEPTED DIFFERENCE: Vec-backed; clone entire Vec + set, sequential
src/Chap19/ArraySeqMtEph.rs:293: warning: ACCEPTED DIFFERENCE: Work O(|a| + |b|), Span O(|a| + |b|) — ACCEPTED DIFFERENCE: Vec-backed; sequential clone + loop
src/Chap19/ArraySeqMtEph.rs:310: warning: ACCEPTED DIFFERENCE: Work O(|a| + |b|), Span O(|a| + |b|) — ACCEPTED DIFFERENCE: Vec-backed; delegates to inject, sequential clone + loop
src/Chap19/ArraySeqMtEph.rs:324: info: match (implicit): APAS: Work O(1), Span O(1) | Review: Work O(1), Span O(1)
src/Chap19/ArraySeqMtEph.rs:331: info: match (implicit): APAS: Work O(1), Span O(1) | Review: Work O(1), Span O(1)
src/Chap19/ArraySeqMtEph.rs:338: error: possible mismatch: APAS: iterate (iterative) | Review: Work O(|a|), Span O(|a|).
src/Chap19/ArraySeqMtEph.rs:349: error: possible mismatch: APAS: Work O(1 + Sigma W(f)), Span O(1 + Sigma S(f)) | Review: Work O(Sigma W(f)), Span O(Sigma S(f)) (inherently sequential)
src/Chap19/ArraySeqMtEph.rs:362: error: possible mismatch: APAS: reduce (iterative) | Review: Work O(|a|), Span O(|a|).
src/Chap19/ArraySeqMtEph.rs:375: error: possible mismatch: APAS: Work O(1 + Sigma W(f)), Span O(lg |a| * max S(f)) | Review: Work O(Sigma W(f)), Span O(lg |a| * max S(f)): D&C fork-join via reduce_par
src/Chap19/ArraySeqMtEph.rs:390: warning: ACCEPTED DIFFERENCE: Work O(|a|), Span O(|a|) — ACCEPTED DIFFERENCE: Vec-backed; sequential loop, span = work
src/Chap19/ArraySeqMtEph.rs:405: error: possible mismatch: APAS: Work O(1 + Sigma W(f(x))), Span O(1 + max S(f(x))) | Review: Work O(Sigma W(f(x))), Span O(n + max S(f(x))) — D&C via map_dc + join, concat_seqs is sequential O(n)
src/Chap19/ArraySeqMtEph.rs:419: warning: ACCEPTED DIFFERENCE: Work O(Sigma W(f(i))), Span O(Sigma S(f(i))) — ACCEPTED DIFFERENCE: Vec-backed; sequential loop, span = work
src/Chap19/ArraySeqMtEph.rs:432: warning: ACCEPTED DIFFERENCE: Work O(|a| + sum |a[i]|), Span O(|a| + sum |a[i]|) — ACCEPTED DIFFERENCE: Vec-backed; nested sequential loops, span = work
src/Chap19/ArraySeqMtEph.rs:442: error: possible mismatch: APAS: deflate (part of filter) | Review: Work O(1), Span O(1).
src/Chap19/ArraySeqMtEph.rs:1089: error: possible mismatch: APAS: parallel variant — map | Review: Work O(|a|), Span O(|a|) — D&C + join, but append is sequential O(n).
src/Chap19/ArraySeqMtEph.rs:1324: error: possible mismatch: APAS: parallel variant — filter | Review: Work O(|a|), Span O(|a|) — D&C + join, but append is sequential O(n).
src/Chap19/ArraySeqMtEph.rs:1409: error: possible mismatch: APAS: parallel variant — reduce | Review: Work O(|a|), Span O(lg |a|).
src/Chap19/ArraySeqMtEphSlice.rs:272: info: match (implicit): APAS: Work O(1), Span O(1) | Review: Work O(1), Span O(1)
src/Chap19/ArraySeqMtEphSlice.rs:325: info: match (implicit): APAS: Work O(1), Span O(1) | Review: Work O(1), Span O(1)
src/Chap19/ArraySeqMtEphSlice.rs:333: info: match (implicit): APAS: Work O(1), Span O(1) | Review: Work O(1), Span O(1)
src/Chap19/ArraySeqMtEphSlice.rs:368: info: match (implicit): APAS: Work O(1), Span O(1) | Review: Work O(1), Span O(1)
src/Chap19/ArraySeqMtEphSlice.rs:375: info: match (implicit): APAS: Work O(1), Span O(1) | Review: Work O(1), Span O(1)
src/Chap19/ArraySeqMtEphSlice.rs:516: info: match (implicit): APAS: Work O(n * W(f)), Span O(lg n + S(f)) | Review: Work O(n * W(f)), Span O(lg n * S(f)) — D&C + join, O(n) rejoin.
src/Chap19/ArraySeqMtEphSlice.rs:530: error: possible mismatch: APAS: Work O(|a|), Span O(lg |a|) | Review: Work O(n lg n), Span O(n) — D&C + join, O(1) split, sequential prefix adjustment O(n) at each level.
src/Chap19/ArraySeqMtEphSlice.rs:1485: warning: ACCEPTED DIFFERENCE: Work O(sum |a[i]|), Span O(lg^2 |a| + max |a[i]|) — ACCEPTED DIFFERENCE: Vec concat at each D&C level; O(1) rejoin needs PCell pre-allocated output
src/Chap19/ArraySeqStEph.rs:164: info: match (implicit): APAS: Work O(1), Span O(1) | Review: Work O(1), Span O(1)
src/Chap19/ArraySeqStEph.rs:172: info: match (implicit): APAS: Work O(1), Span O(1) | Review: Work O(1), Span O(1)
src/Chap19/ArraySeqStEph.rs:195: warning: ACCEPTED DIFFERENCE: Work O(length), Span O(length) — ACCEPTED DIFFERENCE: Vec-backed, copies elements sequentially
src/Chap19/ArraySeqStEph.rs:218: info: match (implicit): APAS: Work O(1), Span O(1) | Review: Work O(1), Span O(1)
src/Chap19/ArraySeqStEph.rs:225: info: match (implicit): APAS: Work O(1), Span O(1) | Review: Work O(1), Span O(1)
src/Chap19/ArraySeqStEph.rs:238: warning: ACCEPTED DIFFERENCE: Work O(|a| + |b|), Span O(|a| + |b|) — ACCEPTED DIFFERENCE: sequential tabulate, span = work
src/Chap19/ArraySeqStEph.rs:253: warning: ACCEPTED DIFFERENCE: Work O(|a| * (1 + W(f))), Span O(|a| * (1 + S(f))) — ACCEPTED DIFFERENCE: sequential map+flatten, span = work
src/Chap19/ArraySeqStEph.rs:273: warning: ACCEPTED DIFFERENCE: Work O(|a|), Span O(|a|) — ACCEPTED DIFFERENCE: clone entire Vec + set, sequential
src/Chap19/ArraySeqStEph.rs:290: warning: ACCEPTED DIFFERENCE: Work O(|a| + |b|), Span O(|a| + |b|) — ACCEPTED DIFFERENCE: sequential clone + loop
src/Chap19/ArraySeqStEph.rs:305: info: match (implicit): APAS: Work O(1), Span O(1) | Review: Work O(1), Span O(1)
src/Chap19/ArraySeqStEph.rs:312: info: match (implicit): APAS: Work O(1), Span O(1) | Review: Work O(1), Span O(1)
src/Chap19/ArraySeqStEph.rs:319: error: possible mismatch: APAS: iterate (iterative form) | Review: Work O(|a|), Span O(|a|)
src/Chap19/ArraySeqStEph.rs:331: warning: ACCEPTED DIFFERENCE: Work O(Sigma W(f)) — ACCEPTED DIFFERENCE: St sequential, APAS parallel
src/Chap19/ArraySeqStEph.rs:343: error: possible mismatch: APAS: reduce (iterative form) | Review: Work O(|a|), Span O(|a|)
src/Chap19/ArraySeqStEph.rs:357: warning: ACCEPTED DIFFERENCE: Work O(Sigma W(f)), Span O(Sigma S(f)) — ACCEPTED DIFFERENCE: delegates to reduce_iter (sequential), span = work
src/Chap19/ArraySeqStEph.rs:371: warning: ACCEPTED DIFFERENCE: Work O(|a|), Span O(|a|) — ACCEPTED DIFFERENCE: sequential loop, span = work
src/Chap19/ArraySeqStEph.rs:387: warning: ACCEPTED DIFFERENCE: Work O(Sigma W(f(x))), Span O(Sigma S(f(x))) — ACCEPTED DIFFERENCE: sequential tabulate, span = work
src/Chap19/ArraySeqStEph.rs:398: warning: ACCEPTED DIFFERENCE: Work O(Sigma W(f(i))), Span O(Sigma S(f(i))) — ACCEPTED DIFFERENCE: sequential loop, span = work
src/Chap19/ArraySeqStEph.rs:411: warning: ACCEPTED DIFFERENCE: Work O(|a| + sum |a[i]|), Span O(|a| + sum |a[i]|) — ACCEPTED DIFFERENCE: nested sequential loops, span = work
src/Chap19/ArraySeqStEph.rs:421: error: possible mismatch: APAS: deflate (part of filter) | Review: Work O(1), Span O(1)
src/Chap19/ArraySeqStPer.rs:151: info: match (implicit): APAS: Work O(1), Span O(1) | Review: Work O(1), Span O(1)
src/Chap19/ArraySeqStPer.rs:159: info: match (implicit): APAS: Work O(1), Span O(1) | Review: Work O(1), Span O(1)
src/Chap19/ArraySeqStPer.rs:182: warning: ACCEPTED DIFFERENCE: Work O(length), Span O(length) — ACCEPTED DIFFERENCE: Vec-backed, copies elements sequentially
src/Chap19/ArraySeqStPer.rs:205: info: match (implicit): APAS: Work O(1), Span O(1) | Review: Work O(1), Span O(1)
src/Chap19/ArraySeqStPer.rs:212: info: match (implicit): APAS: Work O(1), Span O(1) | Review: Work O(1), Span O(1)
src/Chap19/ArraySeqStPer.rs:225: warning: ACCEPTED DIFFERENCE: Work O(|a| + |b|), Span O(|a| + |b|) — ACCEPTED DIFFERENCE: sequential tabulate, span = work
src/Chap19/ArraySeqStPer.rs:240: warning: ACCEPTED DIFFERENCE: Work O(|a| * (1 + W(f))), Span O(|a| * (1 + S(f))) — ACCEPTED DIFFERENCE: sequential map+flatten, span = work
src/Chap19/ArraySeqStPer.rs:260: warning: ACCEPTED DIFFERENCE: Work O(|a|), Span O(|a|) — ACCEPTED DIFFERENCE: clone entire Vec + set, sequential
src/Chap19/ArraySeqStPer.rs:277: warning: ACCEPTED DIFFERENCE: Work O(|a| + |b|), Span O(|a| + |b|) — ACCEPTED DIFFERENCE: sequential clone + loop
src/Chap19/ArraySeqStPer.rs:292: info: match (implicit): APAS: Work O(1), Span O(1) | Review: Work O(1), Span O(1)
src/Chap19/ArraySeqStPer.rs:299: info: match (implicit): APAS: Work O(1), Span O(1) | Review: Work O(1), Span O(1)
src/Chap19/ArraySeqStPer.rs:306: error: possible mismatch: APAS: iterate (iterative form) | Review: Work O(|a|), Span O(|a|)
src/Chap19/ArraySeqStPer.rs:318: warning: ACCEPTED DIFFERENCE: Work O(Sigma W(f)) — ACCEPTED DIFFERENCE: St sequential, APAS parallel
src/Chap19/ArraySeqStPer.rs:330: error: possible mismatch: APAS: reduce (iterative form) | Review: Work O(|a|), Span O(|a|)
src/Chap19/ArraySeqStPer.rs:344: warning: ACCEPTED DIFFERENCE: Work O(Sigma W(f)), Span O(Sigma S(f)) — ACCEPTED DIFFERENCE: delegates to reduce_iter (sequential), span = work
src/Chap19/ArraySeqStPer.rs:358: warning: ACCEPTED DIFFERENCE: Work O(|a|), Span O(|a|) — ACCEPTED DIFFERENCE: sequential loop, span = work
src/Chap19/ArraySeqStPer.rs:374: warning: ACCEPTED DIFFERENCE: Work O(Sigma W(f(x))), Span O(Sigma S(f(x))) — ACCEPTED DIFFERENCE: sequential tabulate, span = work
src/Chap19/ArraySeqStPer.rs:385: warning: ACCEPTED DIFFERENCE: Work O(Sigma W(f(i))), Span O(Sigma S(f(i))) — ACCEPTED DIFFERENCE: sequential loop, span = work
src/Chap19/ArraySeqStPer.rs:398: warning: ACCEPTED DIFFERENCE: Work O(|a| + sum |a[i]|), Span O(|a| + sum |a[i]|) — ACCEPTED DIFFERENCE: nested sequential loops, span = work
src/Chap19/ArraySeqStPer.rs:408: error: possible mismatch: APAS: deflate (part of filter) | Review: Work O(1), Span O(1)
src/Chap21/Algorithm21_1.rs:98: info: match (implicit): APAS: Work O(m), Span O(lg k) where m = total elements, k = number of inner sequences. | Review: Work O(m), Span O(m) — sequential two-pass implementation.
src/Chap21/Algorithm21_1.rs:163: info: match (implicit): APAS: Work O(n²), Span O(lg n) | Review: Work O(n²), Span O(n²) — sequential StPer tabulate + flatten.
src/Chap21/Algorithm21_2.rs:51: info: match (implicit): APAS: Work O(n³), Span O(lg n) | Review: Work O(n³), Span O(n³) — sequential StPer nested tabulate + flatten.
src/Chap21/Algorithm21_5.rs:53: warning: ACCEPTED DIFFERENCE: Work O(n^(3/2)), Span O(n^(3/2)) — ACCEPTED DIFFERENCE: sequential tabulate+filter via ArraySeqStPer, span = work
src/Chap21/Algorithm21_6.rs:76: warning: ACCEPTED DIFFERENCE: Work O(n lg n), Span O(n lg n) — ACCEPTED DIFFERENCE: sequential tabulate+flatten+loop via ArraySeqStPer, span = work
src/Chap21/Exercise21_5.rs:80: error: possible mismatch: APAS: Work O(n²), Span O(lg n) | Review: Work O(n³), Span O(n³) — sequential StPer; subseq_copy is O(k) not O(1).
src/Chap21/Exercise21_7.rs:59: info: match (implicit): APAS: Work O(1), Span O(1) | Review: Work O(1), Span O(1)
src/Chap21/Exercise21_7.rs:68: info: match (implicit): APAS: Work O(1), Span O(1) | Review: Work O(1), Span O(1)
src/Chap21/Exercise21_7.rs:85: info: match (implicit): APAS: Work O(|a|·|b|), Span O(lg |a|) | Review: Work O(|a|·|b|), Span O(|a|·|b|) — sequential StPer filter + tabulate + flatten.
src/Chap21/Exercise21_8.rs:169: info: match (implicit): APAS: Work O(1), Span O(1) | Review: Work O(1), Span O(1)
src/Chap21/Exercise21_8.rs:182: info: match (implicit): APAS: Work O(√n), Span O(lg n) | Review: Work O(√n), Span O(√n) — sequential StEph tabulate + filter.
src/Chap23/BalBinTreeStEph.rs:85: info: match (implicit): APAS: Work O(1), Span O(1). | Review: Work O(1), Span O(1)
src/Chap23/BalBinTreeStEph.rs:96: info: match (implicit): APAS: Work O(1), Span O(1). | Review: Work O(1), Span O(1)
src/Chap23/BalBinTreeStEph.rs:108: info: match (implicit): APAS: Work O(1), Span O(1). | Review: Work O(1), Span O(1)
src/Chap23/BalBinTreeStEph.rs:115: info: match (implicit): APAS: Work O(n), Span O(n). | Review: Work O(n), Span O(n) — sequential recursive traversal, no stored size.
src/Chap23/BalBinTreeStEph.rs:123: info: match (implicit): APAS: Work O(n), Span O(n). | Review: Work O(n), Span O(n) — sequential recursive traversal.
src/Chap23/BalBinTreeStEph.rs:132: info: match (implicit): APAS: Work O(n), Span O(n). | Review: Work O(n), Span O(n) — sequential recursive traversal with Vec building.
src/Chap23/BalBinTreeStEph.rs:143: info: match (implicit): APAS: Work O(n), Span O(n). | Review: Work O(n), Span O(n) — sequential recursive traversal with Vec building.
src/Chap23/BalBinTreeStEph.rs:154: info: match (implicit): APAS: Work O(n), Span O(n). | Review: Work O(n), Span O(n) — sequential recursive traversal with Vec building.
src/Chap23/BalBinTreeStEph.rs:359: info: match (implicit): APAS: Work O(n), Span O(n) — dominated by in_order traversal. | Review: Work O(n), Span O(n) — calls in_order() then wraps in iterator.
src/Chap23/BalBinTreeStEph.rs:374: info: match (implicit): APAS: Work O(n), Span O(n) — dominated by pre_order traversal. | Review: Work O(n), Span O(n) — calls pre_order() then wraps in iterator.
src/Chap23/BalBinTreeStEph.rs:389: info: match (implicit): APAS: Work O(n), Span O(n) — dominated by post_order traversal. | Review: Work O(n), Span O(n) — calls post_order() then wraps in iterator.
src/Chap23/PrimTreeSeqStPer.rs:672: info: match (implicit): APAS: Work O(1), Span O(1). | Review: Work O(1), Span O(1)
src/Chap23/PrimTreeSeqStPer.rs:680: info: match (implicit): APAS: Work O(1), Span O(1). | Review: Work O(1), Span O(1)
src/Chap23/PrimTreeSeqStPer.rs:699: info: match (implicit): APAS: Work O(1), Span O(1) | Review: Work O(1), Span O(1)
src/Chap23/PrimTreeSeqStPer.rs:709: warning: ACCEPTED DIFFERENCE: Work O(1), Span O(1) — ACCEPTED DIFFERENCE from CS 20.6 O(lg n) but matches CS 22.2 O(1); Vec-backed, direct array index
src/Chap23/PrimTreeSeqStPer.rs:718: warning: ACCEPTED DIFFERENCE: Work O(|a|), Span O(|a|) — ACCEPTED DIFFERENCE: Vec-backed, copies elements into left/right halves
src/Chap23/PrimTreeSeqStPer.rs:742: warning: ACCEPTED DIFFERENCE: Work O(|L| + |R|), Span O(|L| + |R|) for Two; O(1) for Zero/One — ACCEPTED DIFFERENCE: Vec append vs APAS O(1 + |r(L) - r(R)|)
src/Chap23/PrimTreeSeqStPer.rs:753: warning: ACCEPTED DIFFERENCE: Work O(|a| + |b|), Span O(|a| + |b|) — ACCEPTED DIFFERENCE: Vec-backed, copies both arrays sequentially
src/Chap23/PrimTreeSeqStPer.rs:770: warning: ACCEPTED DIFFERENCE: Work O(length), Span O(length) — ACCEPTED DIFFERENCE: Vec-backed, copies elements sequentially
src/Chap23/PrimTreeSeqStPer.rs:787: warning: ACCEPTED DIFFERENCE: Work O(|a|), Span O(|a|) — ACCEPTED DIFFERENCE: Vec-backed, copies entire array with replacement
src/Chap23/PrimTreeSeqStPer.rs:802: info: match (implicit): APAS: Work O(n), Span O(log n) — parallel tree-based. | Review: Work O(n), Span O(n) — sequential loop.
src/Chap23/PrimTreeSeqStPer.rs:813: info: match (implicit): APAS: Work O(n), Span O(log n) — parallel tree-based. | Review: Work O(n), Span O(n) — sequential loop.
src/Chap23/PrimTreeSeqStPer.rs:826: info: match (implicit): APAS: Work O(n), Span O(log² n) — parallel tree-based with rebalancing. | Review: Work O(n), Span O(n) — sequential loop.
src/Chap23/PrimTreeSeqStPer.rs:844: error: possible mismatch: APAS: Tree-based Work O(log² n), Span O(log² n). | Review: Work O(|a| − n), Span O(|a| − n) — delegates to subseq.
src/Chap23/PrimTreeSeqStPer.rs:860: error: possible mismatch: APAS: flatten = reduce append empty. Tree-based cost depends on reduce+append. | Review: Work O(Σ|a_i|), Span O(Σ|a_i|) — nested sequential loops.
src/Chap26/DivConReduceMtPer.rs:155: info: match (implicit): APAS: Work O(n), Span O(lg n) — D&C reduce with constant-time op. | Review: Work O(n), Span O(lg n) — delegates to ArraySeqMtPerS::reduce (parallel). Agrees with APAS.
src/Chap26/DivConReduceMtPer.rs:172: info: match (implicit): APAS: Work O(n), Span O(lg n) — D&C reduce with constant-time op. | Review: Work O(n), Span O(lg n) — delegates to ArraySeqMtPerS::reduce (parallel). Agrees with APAS.
src/Chap26/DivConReduceMtPer.rs:185: info: match (implicit): APAS: Work O(n), Span O(lg n) — D&C reduce with constant-time op. | Review: Work O(n), Span O(lg n) — delegates to ArraySeqMtPerS::reduce (parallel). Agrees with APAS.
src/Chap26/DivConReduceMtPer.rs:198: info: match (implicit): APAS: Work O(n), Span O(lg n) — D&C reduce with constant-time op. | Review: Work O(n), Span O(lg n) — delegates to ArraySeqMtPerS::reduce (parallel). Agrees with APAS.
src/Chap26/DivConReduceMtPer.rs:211: info: match (implicit): APAS: Work O(n), Span O(lg n) — D&C reduce with constant-time op. | Review: Work O(n), Span O(lg n) — delegates to ArraySeqMtPerS::reduce (parallel). Agrees with APAS.
src/Chap26/DivConReduceStPer.rs:70: warning: ACCEPTED DIFFERENCE: Work O(n), Span O(n) — ACCEPTED DIFFERENCE: sequential while loop, not D&C
src/Chap26/DivConReduceStPer.rs:87: warning: ACCEPTED DIFFERENCE: Work O(n), Span O(n) — ACCEPTED DIFFERENCE: delegates to sequential reduce
src/Chap26/DivConReduceStPer.rs:100: warning: ACCEPTED DIFFERENCE: Work O(n), Span O(n) — ACCEPTED DIFFERENCE: delegates to sequential reduce
src/Chap26/DivConReduceStPer.rs:113: warning: ACCEPTED DIFFERENCE: Work O(n), Span O(n) — ACCEPTED DIFFERENCE: delegates to sequential reduce
src/Chap26/DivConReduceStPer.rs:126: warning: ACCEPTED DIFFERENCE: Work O(n), Span O(n) — ACCEPTED DIFFERENCE: delegates to sequential reduce
src/Chap26/ETSPMtEph.rs:387: error: possible mismatch: APAS: Work O(n^2), Span O(lg^2 n) — parallel recur + parallel minVal. | Review: Work O(n²), Span O(n²) — O(n²) swap search dominates; could be reduced
src/Chap26/ETSPMtEph.rs:408: error: possible mismatch: APAS: Work O(n^2), Span O(lg^2 n) — parallel recur + parallel minVal. | Review: Work O(n²), Span O(n²) — O(n²) swap search dominates span.
src/Chap26/ETSPMtEph.rs:586: info: match (implicit): APAS: Work O(n), Span O(n) — linear partition (simplified from sort-based split). | Review: Work O(n), Span O(n) — sequential copy into halves.
src/Chap26/ETSPMtEph.rs:648: error: possible mismatch: APAS: Work O(n^2), Span O(lg n) — parallel minVal over all edge pairs. | Review: Work O(1), Span O(1) — stub returning (0,0); real search in find_best_swap_impl.
src/Chap26/ETSPStEph.rs:287: warning: ACCEPTED DIFFERENCE: Work O(n^2), Span O(n^2) — ACCEPTED DIFFERENCE: sequential recursion, no parallel split
src/Chap26/ETSPStEph.rs:302: error: possible mismatch: APAS: Work O(n^2), Span O(lg^2 n) — D&C eTSP heuristic. | Review: Work O(n²), Span O(n²) — sequential implementation, Span = Work.
src/Chap26/ETSPStEph.rs:499: info: match (implicit): APAS: Work O(n), Span O(n) — linear partition (simplified from sort-based split). | Review: Work O(n), Span O(n) — sequential copy into halves.
src/Chap26/ETSPStEph.rs:565: error: possible mismatch: APAS: Work O(n^2), Span O(lg n) — parallel minVal over all edge pairs. | Review: Work O(1), Span O(1) — stub returning (0,0); real search in find_best_swap_impl.
src/Chap26/MergeSortMtPer.rs:183: info: match (implicit): APAS: Work O(n), Span O(lg n) — parallel merge assumed for merge sort span analysis. | Review: Work O(n), Span O(n) — parallel D&C merge via join(); Vec concat at each level is O(n), dominating span. O(lg² n) requires O(1) concat (balanced tree).
src/Chap26/MergeSortMtPer.rs:198: info: match (implicit): APAS: Work O(n lg n), Span O(lg^2 n) — with O(lg n)-span merge. | Review: Work O(n lg n), Span O(n) — parallel recursion via join(), O(n) merge: S(n) = S(n/2) + O(n) = O(n).
src/Chap26/MergeSortMtPer.rs:213: info: match (implicit): APAS: Work O(lg n), Span O(lg n) — binary search for merge. | Review: Work O(lg n), Span O(lg n) — agrees with APAS.
src/Chap26/MergeSortMtPer.rs:279: info: match (implicit): APAS: Work O(n), Span O(lg n) — parallel merge via binary search and recursive halving. | Review: Work O(n), Span O(n) — Vec concat at each level is O(n), dominating span.
src/Chap26/MergeSortStPer.rs:107: info: match (implicit): APAS: Work O(n), Span O(lg n) — parallel merge assumed for merge sort analysis. | Review: Work O(n), Span O(n) — sequential two-pointer merge, Span = Work.
src/Chap26/MergeSortStPer.rs:123: warning: ACCEPTED DIFFERENCE: Work O(n lg n), Span O(n lg n) — ACCEPTED DIFFERENCE: sequential recursion and sequential merge
src/Chap26/ScanDCMtPer.rs:101: info: match (implicit): APAS: Work O(n lg n), Span O(lg n) — parallel recursive calls. | Review: Work O(n lg n), Span O(n) — parallel recursion via join(), sequential O(n) combine: S(n) = S(n/2) + O(n) = O(n).
src/Chap26/ScanDCMtPer.rs:118: info: match (implicit): APAS: Work O(n lg n), Span O(lg n) — parallel recursive calls + O(n)/O(1) combine. | Review: Work O(n lg n), Span O(n) — parallel recursion via join(), sequential O(n) combine: S(n) = S(n/2) + O(n) = O(n).
src/Chap26/ScanDCStPer.rs:94: warning: ACCEPTED DIFFERENCE: Work O(n lg n), Span O(n lg n) — ACCEPTED DIFFERENCE: sequential recursion, no parallel split
src/Chap26/ScanDCStPer.rs:111: info: match (implicit): APAS: Work O(n lg n), Span O(lg n) — same as scan_dc. | Review: Work O(n lg n), Span O(n lg n) — delegates to sequential scan_dc.
src/Chap27/ReduceContractMtEph.rs:56: info: match (implicit): APAS: Work O(n), Span O(lg n) | Review: Work O(n), Span O(n) — contraction via one-level join, each half sequential.
src/Chap27/ReduceContractStEph.rs:51: warning: ACCEPTED DIFFERENCE: Work O(n), Span O(n) — ACCEPTED DIFFERENCE: sequential contraction, no parallel tabulate
src/Chap27/ScanContractMtEph.rs:56: info: match (implicit): APAS: Work O(n), Span O(lg n) | Review: Work O(n), Span O(n) — contraction parallel via one-level join; expansion sequential.
src/Chap27/ScanContractMtEph.rs:78: info: match (implicit): APAS: Work O(n), Span O(1) — parallel tabulate (expansion step). | Review: Work O(n), Span O(n) — sequential loop, no parallelism.
src/Chap27/ScanContractStEph.rs:67: warning: ACCEPTED DIFFERENCE: Work O(n), Span O(n) — ACCEPTED DIFFERENCE: sequential contraction/expansion loops
src/Chap27/ScanContractStEph.rs:87: info: match (implicit): APAS: Work O(n), Span O(1) — parallel tabulate (expansion step). | Review: Work O(n), Span O(n) — sequential loop, no parallelism.
src/Chap28/MaxContigSubSumBruteStEph.rs:59: warning: ACCEPTED DIFFERENCE: Work O(n^3), Span O(n^3) — ACCEPTED DIFFERENCE: triple-nested sequential loops
src/Chap28/MaxContigSubSumBruteStEph.rs:75: info: match (implicit): APAS: Work O(1), Span O(1) | Review: Work O(1), Span O(1)
src/Chap28/MaxContigSubSumDivConMtEph.rs:53: info: match (implicit): APAS: Work O(n lg n), Span O(lg^2 n) | Review: Work O(n lg n), Span O(lg^2 n)
src/Chap28/MaxContigSubSumDivConMtEph.rs:70: info: match (implicit): APAS: Work O(1), Span O(1) | Review: Work O(1), Span O(1)
src/Chap28/MaxContigSubSumDivConMtEph.rs:86: info: match (implicit): APAS: Work O(n), Span O(lg n) | Review: Work O(n), Span O(n) — sequential loop
src/Chap28/MaxContigSubSumDivConMtEph.rs:145: info: match (implicit): APAS: Work O(n), Span O(lg n) | Review: Work O(n), Span O(n) — sequential loop
src/Chap28/MaxContigSubSumDivConOptMtEph.rs:59: info: match (implicit): APAS: Work O(n), Span O(lg n) | Review: Work O(n), Span O(lg n)
src/Chap28/MaxContigSubSumDivConOptMtEph.rs:76: info: match (implicit): APAS: Work O(1), Span O(1) | Review: Work O(1), Span O(1)
src/Chap28/MaxContigSubSumDivConOptMtEph.rs:92: error: possible mismatch: APAS: Work O(n), Span O(lg n) | Review: Work O(n log n), Span O(n) — subseq_copy O(n) per level; sequential
src/Chap28/MaxContigSubSumDivConOptStEph.rs:274: warning: ACCEPTED DIFFERENCE: Work O(n), Span O(n) — ACCEPTED DIFFERENCE: sequential recursion; combine is O(1) so work matches, but span = work
src/Chap28/MaxContigSubSumDivConOptStEph.rs:290: info: match (implicit): APAS: Work O(1), Span O(1) | Review: Work O(1), Span O(1)
src/Chap28/MaxContigSubSumDivConOptStEph.rs:307: warning: ACCEPTED DIFFERENCE: Work O(n log n), Span O(n log n) — ACCEPTED DIFFERENCE: St sequential, APAS parallel. subseq_copy O(n) per level
src/Chap28/MaxContigSubSumDivConStEph.rs:162: warning: ACCEPTED DIFFERENCE: Work O(n lg n), Span O(n lg n) — ACCEPTED DIFFERENCE: sequential recursion, no parallel split
src/Chap28/MaxContigSubSumDivConStEph.rs:178: info: match (implicit): APAS: Work O(1), Span O(1) | Review: Work O(1), Span O(1)
src/Chap28/MaxContigSubSumDivConStEph.rs:196: info: match (implicit): APAS: Work O(n), Span O(lg n) | Review: Work O(n), Span O(n) — sequential loop
src/Chap28/MaxContigSubSumDivConStEph.rs:278: info: match (implicit): APAS: Work O(n), Span O(lg n) | Review: Work O(n), Span O(n) — sequential loop
src/Chap28/MaxContigSubSumIterStEph.rs:139: info: match (implicit): APAS: Work O(n), Span O(n) | Review: Work O(n), Span O(n)
src/Chap28/MaxContigSubSumIterStEph.rs:154: info: match (implicit): APAS: Work O(1), Span O(1) | Review: Work O(1), Span O(1)
src/Chap28/MaxContigSubSumOptMtEph.rs:37: info: match (implicit): APAS: Work O(n), Span O(lg n) | Review: Work O(n), Span O(lg n)
src/Chap28/MaxContigSubSumOptStEph.rs:103: info: match (implicit): APAS: Work O(n), Span O(lg n) | Review: Work O(n), Span O(n) — sequential
src/Chap28/MaxContigSubSumReducedMcsseStEph.rs:57: error: possible mismatch: APAS: Work O(n^2), Span O(lg n) | Review: Work O(n²), Span O(n²) — sequential
src/Chap28/MaxContigSubSumReducedMcsseStEph.rs:74: info: match (implicit): APAS: Work O(1), Span O(1) | Review: Work O(1), Span O(1)
src/Chap28/MaxContigSubSumReducedStEph.rs:55: warning: ACCEPTED DIFFERENCE: Work O(n), Span O(n) — ACCEPTED DIFFERENCE: sequential single-pass loop, no parallel scan
src/Chap28/MaxContigSubSumReducedStEph.rs:71: info: match (implicit): APAS: Work O(1), Span O(1) | Review: Work O(1), Span O(1)
src/Chap35/OrderStatSelectMtEph.rs:156: error: possible mismatch: APAS: Work O(n), Span O(lg^2 n) | Review: Work O(n) expected, Span O(lg^2 n) expected — parallel D&C partition O(lg n) per round + parallel recursion
src/Chap35/OrderStatSelectMtEph.rs:217: info: match (implicit): APAS: Work O(n), Span O(lg n) — uses parallel filter. | Review: Work O(n), Span O(lg n) — parallel D&C partition via join, base case O(1), O(lg n) levels
src/Chap35/OrderStatSelectMtEph.rs:374: info: match (implicit): APAS: Work O(n), Span O(lg n) — uses parallel filter. | Review: Work O(n), Span O(lg n) — parallel D&C partition via join
src/Chap35/OrderStatSelectMtEph.rs:494: info: match (implicit): APAS: Work O(n) expected, Span O(lg^2 n) w.h.p. | Review: Work O(n) expected, Span O(lg^2 n) expected — D&C partition is O(lg n) span
src/Chap35/OrderStatSelectMtPer.rs:156: error: possible mismatch: APAS: Work O(n), Span O(lg^2 n) | Review: Work O(n) expected, Span O(lg^2 n) expected — parallel D&C partition O(lg n) per round + parallel recursion
src/Chap35/OrderStatSelectMtPer.rs:217: info: match (implicit): APAS: Work O(n), Span O(lg n) — uses parallel filter. | Review: Work O(n), Span O(lg n) — parallel D&C partition via join, base case O(1), O(lg n) levels
src/Chap35/OrderStatSelectMtPer.rs:374: info: match (implicit): APAS: Work O(n), Span O(lg n) — uses parallel filter. | Review: Work O(n), Span O(lg n) — parallel D&C partition via join
src/Chap35/OrderStatSelectMtPer.rs:492: info: match (implicit): APAS: Work O(n) expected, Span O(lg^2 n) w.h.p. | Review: Work O(n) expected, Span O(lg^2 n) expected — D&C partition is O(lg n) span
src/Chap35/OrderStatSelectStEph.rs:106: warning: ACCEPTED DIFFERENCE: Work O(n) expected, Span O(n) expected — ACCEPTED DIFFERENCE: sequential partition loop, span = work
src/Chap35/OrderStatSelectStEph.rs:135: warning: ACCEPTED DIFFERENCE: Work O(n) expected, Span O(n) expected — ACCEPTED DIFFERENCE: St sequential, APAS Span O(lg^2 n)
src/Chap35/OrderStatSelectStPer.rs:106: warning: ACCEPTED DIFFERENCE: Work O(n) expected, Span O(n) expected — ACCEPTED DIFFERENCE: sequential partition loop, span = work
src/Chap35/OrderStatSelectStPer.rs:135: warning: ACCEPTED DIFFERENCE: Work O(n) expected, Span O(n) expected — ACCEPTED DIFFERENCE: St sequential, APAS Span O(lg^2 n)
src/Chap36/QuickSortMtEph.rs:189: warning: ACCEPTED DIFFERENCE: Work O(n^2) worst, Span O(n^2) worst — ACCEPTED DIFFERENCE: Vec-backed; see QuickSortMtEphSlice for parallel partition
src/Chap36/QuickSortMtEph.rs:200: warning: ACCEPTED DIFFERENCE: Work O(n lg n), Span O(n) — ACCEPTED DIFFERENCE: Vec-backed; see QuickSortMtEphSlice for parallel partition
src/Chap36/QuickSortMtEph.rs:211: warning: ACCEPTED DIFFERENCE: Work O(n lg n) expected, Span O(n) expected — ACCEPTED DIFFERENCE: Vec-backed; see QuickSortMtEphSlice for parallel partition
src/Chap36/QuickSortMtEphSlice.rs:215: error: possible mismatch: APAS: Work O(n^2), Span O(n lg n) | Review: Work O(n^2) worst, Span O(n lg n) worst — parallel D&C partition via join + parallel recursion via ParaPair
src/Chap36/QuickSortMtEphSlice.rs:230: info: match (implicit): APAS: Work O(n lg n), Span O(lg^2 n) | Review: Work O(n lg n), Span O(lg^2 n) — parallel D&C partition O(lg n) per level + parallel recursion via ParaPair
src/Chap36/QuickSortMtEphSlice.rs:245: error: possible mismatch: APAS: Work O(n lg n), Span O(lg^2 n) | Review: Work O(n lg n) expected, Span O(lg^2 n) expected — parallel D&C partition O(lg n) per level + parallel recursion via ParaPair
src/Chap36/QuickSortStEph.rs:193: warning: ACCEPTED DIFFERENCE: Work O(n^2) worst, Span O(n^2) worst — ACCEPTED DIFFERENCE: sequential recursion + sequential partition
src/Chap36/QuickSortStEph.rs:204: warning: ACCEPTED DIFFERENCE: Work O(n lg n), Span O(n lg n) — ACCEPTED DIFFERENCE: sequential recursion, span = work
src/Chap36/QuickSortStEph.rs:215: warning: ACCEPTED DIFFERENCE: Work O(n lg n) expected, Span O(n lg n) expected — ACCEPTED DIFFERENCE: sequential recursion, span = work
src/Chap37/AVLTreeSeqMtPer.rs:336: info: match (implicit): APAS: Work O(lg n), Span O(lg n) — balanced tree descent via subtree sizes | Review: Work O(lg n), Span O(lg n); rank-based tree descent
src/Chap37/AVLTreeSeq.rs:381: warning: ACCEPTED DIFFERENCE: Work O(lg n), Span O(lg n) — ACCEPTED DIFFERENCE: tree traversal to indexed node, not O(1) array access
src/Chap37/AVLTreeSeq.rs:429: warning: ACCEPTED DIFFERENCE: Work O(lg n), Span O(lg n) — ACCEPTED DIFFERENCE: tree traversal + path reconstruction, not O(1) array update
src/Chap37/AVLTreeSeqStEph.rs:885: warning: ACCEPTED DIFFERENCE: Work O(lg n), Span O(lg n) — ACCEPTED DIFFERENCE: tree traversal to indexed node
src/Chap37/AVLTreeSeqStEph.rs:932: warning: ACCEPTED DIFFERENCE: Work O(lg n), Span O(lg n) — ACCEPTED DIFFERENCE: tree traversal + path reconstruction
src/Chap37/AVLTreeSeqStPer.rs:371: warning: ACCEPTED DIFFERENCE: Work O(lg n), Span O(lg n) — ACCEPTED DIFFERENCE: tree traversal to indexed node
src/Chap37/BSTAVLMtEph.rs:791: info: match (implicit): APAS: Work O(h(T)), Span O(h(T)) | Review: Work O(h(T)), Span O(h(T))
src/Chap37/BSTAVLStEph.rs:136: info: match (implicit): APAS: Work O(h(T)), Span O(h(T)) | Review: Work O(h(T)), Span O(h(T))
src/Chap37/BSTAVLStEph.rs:156: info: match: APAS: Work O(1), Span O(1) | Review: Work O(1), Span O(1) — matches textbook
src/Chap37/BSTAVLStEph.rs:191: info: match: APAS: Work O(1), Span O(1) | Review: Work O(1), Span O(1) — matches textbook
src/Chap37/BSTAVLStEph.rs:226: error: possible mismatch: APAS: Work O(1), Span O(1) | Review: Work O(n), Span O(n) — does not match textbook: calls BalBinTree::height on children and grandchildren, a recursive O(subtree size) walk (no stored height); n = subtree size
src/Chap37/BSTAVLStEph.rs:251: error: possible mismatch: APAS: Work O(lg n), Span O(lg n) | Review: Work O(n), Span O(n) — does not match textbook: rebalance at every path node recomputes subtree heights, and the subtree sizes along the path sum to O(n); CS 38.11 insert O(lg n)
src/Chap37/BSTAVLStEph.rs:265: info: match: APAS: Work O(lg n), Span O(lg n) | Review: Work O(lg n), Span O(lg n) — matches textbook
src/Chap37/BSTAVLStEph.rs:271: info: match: APAS: Work O(lg n), Span O(lg n) | Review: Work O(lg n), Span O(lg n) — matches textbook
src/Chap37/BSTAVLStEph.rs:538: info: match (implicit): APAS: Work O(1), Span O(1) | Review: Work O(1), Span O(1) — constant-number of rotations.
src/Chap37/BSTAVLStEph.rs:918: info: match (implicit): APAS: Work O(1), Span O(1) | Review: Work O(1), Span O(1) — agrees with APAS.
src/Chap37/BSTAVLStEph.rs:943: info: match (implicit): APAS: Work O(lg n), Span O(lg n) | Review: Work O(lg n), Span O(lg n) — agrees with APAS; AVL guarantees h = O(lg n).
src/Chap37/BSTAVLStEph.rs:950: info: match (implicit): APAS: Work O(lg n), Span O(lg n) | Review: Work O(lg n), Span O(lg n) — agrees with APAS; AVL guarantees h = O(lg n).
src/Chap37/BSTAVLStEph.rs:957: info: match (implicit): APAS: Work O(lg n), Span O(lg n) | Review: Work O(lg n), Span O(lg n) — agrees with APAS; AVL guarantees h = O(lg n).
src/Chap37/BSTBBAlphaMtEph.rs:1010: error: possible mismatch: APAS: Work O(h(T)), Span O(h(T)) | Review: Work O(lg n), Span O(lg n) — one root-to-leaf path, O(1) per level.
src/Chap37/BSTBBAlphaMtEph.rs:1045: error: possible mismatch: APAS: Work O(h(T)), Span O(h(T)) | Review: Work O(lg n), Span O(lg n) — one root-to-leaf path, O(1) per level.
src/Chap37/BSTBBAlphaMtEph.rs:1304: error: possible mismatch: APAS: Work O(h(T)), Span O(h(T)) | Review: Work O(lg n), Span O(lg n) — one root-to-leaf path, O(1) per level.
src/Chap37/BSTBBAlphaMtEph.rs:1391: error: possible mismatch: APAS: Work O(h(T)), Span O(h(T)) | Review: Work O(lg n), Span O(lg n) — one root-to-leaf path, O(1) per level.
src/Chap37/BSTBBAlphaMtEph.rs:1700: error: possible mismatch: APAS: Work O(h(T)), Span O(h(T)) | Review: Work O(lg n), Span O(lg n) — O(1) size check, then one root-to-leaf path.
src/Chap37/BSTBBAlphaMtEph.rs:1713: error: possible mismatch: APAS: Work O(h(T)), Span O(h(T)) | Review: Work O(lg n), Span O(lg n) — one root-to-leaf path, O(1) per level.
src/Chap37/BSTBBAlphaMtEph.rs:1753: error: possible mismatch: APAS: Work O(h(T)), Span O(h(T)) | Review: Work O(lg n), Span O(lg n) — one root-to-leaf path.
src/Chap37/BSTBBAlphaMtEph.rs:1848: error: possible mismatch: APAS: Work O(h(T)), Span O(h(T)) | Review: Work O(lg n), Span O(lg n) — O(1) size check, then one root-to-leaf path.
src/Chap37/BSTBBAlphaMtEph.rs:1879: error: possible mismatch: APAS: Work O(h(T)), Span O(h(T)) | Review: Work O(lg n), Span O(lg n) — one root-to-leaf path, O(1) per level.
src/Chap37/BSTBBAlphaMtEph.rs:1959: error: possible mismatch: APAS: Work O(h(T)), Span O(h(T)) | Review: Work O(lg n), Span O(lg n) — one root-to-leaf path.
src/Chap37/BSTBBAlphaStEph.rs:1003: error: possible mismatch: APAS: Work O(h(T)), Span O(h(T)) | Review: Work O(lg n), Span O(lg n) — one root-to-leaf path, O(1) per level.
src/Chap37/BSTBBAlphaStEph.rs:1038: error: possible mismatch: APAS: Work O(h(T)), Span O(h(T)) | Review: Work O(lg n), Span O(lg n) — one root-to-leaf path, O(1) per level.
src/Chap37/BSTBBAlphaStEph.rs:1297: error: possible mismatch: APAS: Work O(h(T)), Span O(h(T)) | Review: Work O(lg n), Span O(lg n) — one root-to-leaf path, O(1) per level.
src/Chap37/BSTBBAlphaStEph.rs:1384: error: possible mismatch: APAS: Work O(h(T)), Span O(h(T)) | Review: Work O(lg n), Span O(lg n) — one root-to-leaf path, O(1) per level.
src/Chap37/BSTBBAlphaStEph.rs:1706: error: possible mismatch: APAS: Work O(h(T)), Span O(h(T)) | Review: Work O(lg n), Span O(lg n) — one root-to-leaf path, O(1) per level.
src/Chap37/BSTBBAlphaStEph.rs:1727: error: possible mismatch: APAS: Work O(h(T)), Span O(h(T)) | Review: Work O(lg n), Span O(lg n) — one root-to-leaf path.
src/Chap37/BSTBBAlphaStEph.rs:1737: error: possible mismatch: APAS: Work O(h(T)), Span O(h(T)) | Review: Work O(lg n), Span O(lg n) — one root-to-leaf path, O(1) per level.
src/Chap37/BSTBBAlphaStEph.rs:1797: info: match (implicit): APAS: Work O(1), Span O(1) | Review: Work O(1), Span O(1) — agrees with APAS.
src/Chap37/BSTBBAlphaStEph.rs:1829: error: possible mismatch: APAS: Work O(h(T)), Span O(h(T)) | Review: Work O(lg n), Span O(lg n) — one root-to-leaf path, O(1) per level.
src/Chap37/BSTBBAlphaStEph.rs:1848: error: possible mismatch: APAS: Work O(h(T)), Span O(h(T)) | Review: Work O(lg n), Span O(lg n) — one root-to-leaf path.
src/Chap37/BSTBBAlphaStEph.rs:1856: error: possible mismatch: APAS: Work O(h(T)), Span O(h(T)) | Review: Work O(lg n), Span O(lg n) — one root-to-leaf path.
src/Chap37/BSTBBAlphaStEph.rs:1864: error: possible mismatch: APAS: Work O(h(T)), Span O(h(T)) | Review: Work O(lg n), Span O(lg n) — one root-to-leaf path, O(1) per level.
src/Chap37/BSTPlainMtEph.rs:556: info: match (implicit): APAS: Work O(h(T)), Span O(h(T)) | Review: Work O(h(T)), Span O(h(T))
src/Chap37/BSTPlainStEph.rs:71: info: match (implicit): APAS: Work O(h(T)), Span O(h(T)) | Review: Work O(h(T)), Span O(h(T)) — agrees with APAS.
src/Chap37/BSTPlainStEph.rs:82: info: match (implicit): APAS: Work O(h(T)), Span O(h(T)) | Review: Work O(h(T)), Span O(h(T)) — agrees with APAS.
src/Chap37/BSTPlainStEph.rs:89: info: match (implicit): APAS: Work O(h(T)), Span O(h(T)) | Review: Work O(h(T)), Span O(h(T)) — agrees with APAS.
src/Chap37/BSTPlainStEph.rs:132: info: match (implicit): APAS: Work O(h(T)), Span O(h(T)) | Review: Work O(h(T)), Span O(h(T)) — agrees with APAS.
src/Chap37/BSTPlainStEph.rs:194: info: match (implicit): APAS: Work O(h(T)), Span O(h(T)) | Review: Work O(h(T)), Span O(h(T))
src/Chap37/BSTPlainStEph.rs:653: info: match (implicit): APAS: Work O(1), Span O(1) | Review: Work O(1), Span O(1) — agrees with APAS.
src/Chap37/BSTPlainStEph.rs:678: info: match (implicit): APAS: Work O(h(T)), Span O(h(T)) | Review: Work O(h(T)), Span O(h(T)) — agrees with APAS.
src/Chap37/BSTPlainStEph.rs:685: info: match (implicit): APAS: Work O(h(T)), Span O(h(T)) | Review: Work O(h(T)), Span O(h(T)) — agrees with APAS.
src/Chap37/BSTPlainStEph.rs:692: info: match (implicit): APAS: Work O(h(T)), Span O(h(T)) | Review: Work O(h(T)), Span O(h(T)) — agrees with APAS.
src/Chap37/BSTPlainStEph.rs:699: info: match (implicit): APAS: Work O(h(T)), Span O(h(T)) | Review: Work O(h(T)), Span O(h(T)) — agrees with APAS.
src/Chap37/BSTRBMtEph.rs:2252: error: possible mismatch: APAS: Work O(h(T)), Span O(h(T)) | Review: Work O(lg n), Span O(lg n) — one root-to-leaf path, O(1) per level.
src/Chap37/BSTRBMtEph.rs:2292: error: possible mismatch: APAS: Work O(h(T)), Span O(h(T)) | Review: Work O(lg n), Span O(lg n) — one root-to-leaf path, O(1) per level.
src/Chap37/BSTRBMtEph.rs:2434: info: match (implicit): APAS: Work O(1), Span O(1) | Review: Work O(1), Span O(1)
src/Chap37/BSTRBMtEph.rs:2941: error: possible mismatch: APAS: Work O(h(T)), Span O(h(T)) | Review: Work O(lg n), Span O(lg n) — one root-to-leaf path, O(1) per level.
src/Chap37/BSTRBMtEph.rs:3177: error: possible mismatch: APAS: Work O(h(T)), Span O(h(T)) | Review: Work O(lg n), Span O(lg n) — one root-to-leaf path, O(1) per level.
src/Chap37/BSTRBMtEph.rs:3905: error: possible mismatch: APAS: Work O(h(T)), Span O(h(T)) | Review: Work O(lg n), Span O(lg n) — a search, then one root-to-leaf path, O(1) per level.
src/Chap37/BSTRBMtEph.rs:3945: error: possible mismatch: APAS: Work O(h(T)), Span O(h(T)) | Review: Work O(lg n), Span O(lg n) — one root-to-leaf path; height <= 2 lg(n + 1).
src/Chap37/BSTRBMtEph.rs:4089: error: possible mismatch: APAS: Work O(h(T)), Span O(h(T)) | Review: Work O(lg n), Span O(lg n) — O(1) size check from the cache, then one root-to-leaf insert.
src/Chap37/BSTRBMtEph.rs:4169: error: possible mismatch: APAS: Work O(h(T)), Span O(h(T)) | Review: Work O(lg n), Span O(lg n) — a search, then one root-to-leaf path, O(1) per level.
src/Chap37/BSTRBStEph.rs:1928: error: possible mismatch: APAS: Work O(h(T)), Span O(h(T)) | Review: Work O(lg n), Span O(lg n) — one root-to-leaf path, O(1) per level.
src/Chap37/BSTRBStEph.rs:1968: error: possible mismatch: APAS: Work O(h(T)), Span O(h(T)) | Review: Work O(lg n), Span O(lg n) — one root-to-leaf path, O(1) per level.
src/Chap37/BSTRBStEph.rs:2056: info: match (implicit): APAS: Work O(1), Span O(1) | Review: Work O(1), Span O(1)
src/Chap37/BSTRBStEph.rs:2557: error: possible mismatch: APAS: Work O(h(T)), Span O(h(T)) | Review: Work O(lg n), Span O(lg n) — one root-to-leaf path, O(1) per level.
src/Chap37/BSTRBStEph.rs:2793: error: possible mismatch: APAS: Work O(h(T)), Span O(h(T)) | Review: Work O(lg n), Span O(lg n) — one root-to-leaf path, O(1) per level.
src/Chap37/BSTRBStEph.rs:3074: error: possible mismatch: APAS: Work O(h(T)), Span O(h(T)) | Review: Work O(lg n), Span O(lg n) — one root-to-leaf path, O(1) per level.
src/Chap37/BSTRBStEph.rs:3088: error: possible mismatch: APAS: Work O(h(T)), Span O(h(T)) | Review: Work O(lg n), Span O(lg n) — a search, then one root-to-leaf path, O(1) per level.
src/Chap37/BSTRBStEph.rs:3106: error: possible mismatch: APAS: Work O(h(T)), Span O(h(T)) | Review: Work O(lg n), Span O(lg n) — one root-to-leaf path; height <= 2 lg(n + 1).
src/Chap37/BSTRBStEph.rs:3165: info: match (implicit): APAS: Work O(1), Span O(1) | Review: Work O(1), Span O(1) — agrees with APAS.
src/Chap37/BSTRBStEph.rs:3203: error: possible mismatch: APAS: Work O(h(T)), Span O(h(T)) | Review: Work O(lg n), Span O(lg n) — one root-to-leaf path, O(1) per level.
src/Chap37/BSTRBStEph.rs:3238: error: possible mismatch: APAS: Work O(h(T)), Span O(h(T)) | Review: Work O(lg n), Span O(lg n) — a search, then one root-to-leaf path, O(1) per level.
src/Chap37/BSTRBStEph.rs:3304: error: possible mismatch: APAS: Work O(h(T)), Span O(h(T)) | Review: Work O(lg n), Span O(lg n) — one root-to-leaf path.
src/Chap37/BSTRBStEph.rs:3312: error: possible mismatch: APAS: Work O(h(T)), Span O(h(T)) | Review: Work O(lg n), Span O(lg n) — one root-to-leaf path.
src/Chap37/BSTSetAVLMtEph.rs:79: info: match (implicit): APAS: Work O(h(T)), Span O(h(T)) | Review: Work O(h(T)), Span O(h(T))
src/Chap37/BSTSetBBAlphaMtEph.rs:79: info: match (implicit): APAS: Work O(h(T)), Span O(h(T)) | Review: Work O(h(T)), Span O(h(T))
src/Chap37/BSTSetPlainMtEph.rs:79: info: match (implicit): APAS: Work O(h(T)), Span O(h(T)) | Review: Work O(h(T)), Span O(h(T))
src/Chap37/BSTSetRBMtEph.rs:78: info: match (implicit): APAS: Work O(h(T)), Span O(h(T)) | Review: Work O(h(T)), Span O(h(T))
src/Chap37/BSTSetRBMtEph.rs:280: error: possible mismatch: APAS: Work O(h(T)), Span O(h(T)) | Review: Work O(lg n), Span O(lg n) — the red-black tree's delete: a search, then one root-to-leaf path.
src/Chap37/BSTSetSplayMtEph.rs:79: info: match (implicit): APAS: Work O(h(T)), Span O(h(T)) | Review: Work O(h(T)), Span O(h(T))
src/Chap37/BSTSplayMtEph.rs:266: info: match (implicit): APAS: Work O(1), Span O(1) | Review: Work O(1), Span O(1)
src/Chap37/BSTSplayMtEph.rs:441: info: match (implicit): APAS: Work O(1), Span O(1) | Review: Work O(1), Span O(1)
src/Chap37/BSTSplayMtEph.rs:1870: info: match (implicit): APAS: Work O(h(T)), Span O(h(T)) | Review: Work O(h(T)), Span O(h(T))
src/Chap37/BSTSplayStEph.rs:86: info: match (implicit): APAS: Work O(1), Span O(1) | Review: Work O(1), Span O(1)
src/Chap37/BSTSplayStEph.rs:102: info: match (implicit): APAS: Work O(lg n) amortized, Span O(lg n) amortized | Review: Work O(lg n) amortized, Span O(lg n) amortized — agrees with APAS.
src/Chap37/BSTSplayStEph.rs:1040: info: match (implicit): APAS: Work O(1), Span O(1) | Review: Work O(1), Span O(1)
src/Chap37/BSTSplayStEph.rs:1157: info: match (implicit): APAS: Work O(h(T)), Span O(h(T)) | Review: Work O(h(T)), Span O(h(T))
src/Chap37/BSTSplayStEph.rs:1242: info: match (implicit): APAS: Work O(h(T)), Span O(h(T)) | Review: Work O(h(T)), Span O(h(T)) — standard BST insert path.
src/Chap37/BSTSplayStEph.rs:1351: info: match (implicit): APAS: Work O(lg n) amortized, Span O(lg n) amortized | Review: Work O(lg n) amortized, Span O(lg n) amortized — bst_insert + splay.
src/Chap37/BSTSplayStEph.rs:1368: info: match (implicit): APAS: Work O(h(T)), Span O(h(T)) | Review: Work O(h(T)), Span O(h(T)) — standard BST search.
src/Chap37/BSTSplayStEph.rs:1514: info: match (implicit): APAS: Work O(n), Span O(n) | Review: Work O(n), Span O(n) — visits every node.
src/Chap37/BSTSplayStEph.rs:1528: info: match (implicit): APAS: Work O(n), Span O(n) | Review: Work O(n), Span O(n) — visits every node.
src/Chap37/BSTSplayStEph.rs:1553: error: possible mismatch: APAS: // Veracity: UNNEEDED proof block         /// - Alg Analysis: APAS (Ch37 CS 38.11): Work O(1), Span O(1) | Review: Work O(1), Span O(1) — agrees with APAS.
src/Chap37/BSTSplayStEph.rs:1559: info: match (implicit): APAS: Work O(1), Span O(1) | Review: Work O(1), Span O(1) — cached size field.
src/Chap37/BSTSplayStEph.rs:1574: error: possible mismatch: APAS: // Veracity: UNNEEDED proof block         /// - Alg Analysis: APAS (Ch37 CS 38.11): Work O(lg n) amortized, Span O(lg n) amortized | Review: Work O(lg n) amortized, Span O(lg n) amortized — agrees with APAS.
src/Chap37/BSTSplayStEph.rs:1580: info: match (implicit): APAS: Work O(h(T)), Span O(h(T)) | Review: Work O(h(T)), Span O(h(T)) — agrees with APAS.
src/Chap37/BSTSplayStEph.rs:1585: info: match (implicit): APAS: Work O(h(T)), Span O(h(T)) | Review: Work O(h(T)), Span O(h(T)) — delegates to find.
src/Chap37/BSTSplayStEph.rs:1625: info: match (implicit): APAS: Work O(n), Span O(n) | Review: Work O(n), Span O(n) — in-order traversal.
src/Chap37/BSTSplayStEph.rs:1634: info: match (implicit): APAS: Work O(n), Span O(n) | Review: Work O(n), Span O(n) — pre-order traversal.
src/Chap38/BSTParaMtEph.rs:201: info: match (implicit): APAS: Work O(1), Span O(1) | Review: Work O(1), Span O(1) — agrees with APAS.
src/Chap38/BSTParaMtEph.rs:206: info: match (implicit): APAS: Work O(1), Span O(1) | Review: Work O(1), Span O(1)
src/Chap38/BSTParaMtEph.rs:213: info: match (implicit): APAS: Work O(1), Span O(1) | Review: Work O(1), Span O(1) — agrees with APAS.
src/Chap38/BSTParaMtEph.rs:230: warning: ACCEPTED DIFFERENCE: Work O(1), Span O(1) — ACCEPTED DIFFERENCE: parametric design; concrete BST provides rebalancing
src/Chap38/BSTParaMtEph.rs:245: info: match (implicit): APAS: Work O(1), Span O(1) | Review: Work O(1), Span O(1) — agrees with APAS.
src/Chap38/BSTParaMtEph.rs:250: info: match (implicit): APAS: Work O(1), Span O(1) | Review: Work O(1), Span O(1) — agrees with APAS.
src/Chap38/BSTParaMtEph.rs:255: info: match (implicit): APAS: Work O(lg |t|), Span O(lg |t|) | Review: Work O(lg |t|), Span O(lg |t|)
src/Chap38/BSTParaMtEph.rs:267: info: match (implicit): APAS: Work O(lg |t|), Span O(lg |t|) | Review: Work O(lg |t|), Span O(lg |t|)
src/Chap38/BSTParaMtEph.rs:278: info: match (implicit): APAS: Work O(lg |t|), Span O(lg |t|) | Review: Work O(lg |t|), Span O(lg |t|)
src/Chap38/BSTParaMtEph.rs:284: info: match (implicit): APAS: Work O(lg |t|), Span O(lg |t|) | Review: Work O(lg |t|), Span O(lg |t|)
src/Chap38/BSTParaMtEph.rs:297: info: match (implicit): APAS: Work O(lg(|t1|+|t2|)), Span O(lg(|t1|+|t2|)) | Review: Work O(lg(|t1|+|t2|)), Span O(lg(|t1|+|t2|)); delegates to join_pair_inner
src/Chap38/BSTParaMtEph.rs:310: info: match (implicit): APAS: Work O(lg(|t1|+|t2|)), Span O(lg(|t1|+|t2|)) | Review: Work O(lg(|t1|+|t2|)), Span O(lg(|t1|+|t2|)) — sequential join by exposing right subtree
src/Chap38/BSTParaMtEph.rs:322: info: match (implicit): APAS: Work O(m * lg(n/m)), Span O(lg n) | Review: Work O(m * lg(n/m)), Span O(lg^2 n); parallel recursion via ParaPair!
src/Chap38/BSTParaMtEph.rs:331: info: match (implicit): APAS: Work O(m * lg(n/m)), Span O(lg n) | Review: Work O(m * lg(n/m)), Span O(lg^2 n); parallel recursion via ParaPair!
src/Chap38/BSTParaMtEph.rs:337: info: match (implicit): APAS: Work O(m * lg(n/m)), Span O(lg n) | Review: Work O(m * lg(n/m)), Span O(lg^2 n); parallel recursion via ParaPair!
src/Chap38/BSTParaMtEph.rs:344: warning: ACCEPTED DIFFERENCE: Work O(Σ W(f(x))), Span O(n + max S(f(x))) — ACCEPTED DIFFERENCE: Verus limitation; spec_fn not Send, blocks parallel filter
src/Chap38/BSTParaMtEph.rs:363: info: match (implicit): APAS: Work O(Σ W(f(x))), Span O(lg |t| + max S(f(x))) | Review: Work O(Σ W(f(x))), Span O(lg |t| + max S(f(x))); parallel recursion via ParaPair!
src/Chap38/BSTParaMtEph.rs:370: info: match (implicit): APAS: Work O(lg |t|), Span O(lg |t|) | Review: Work O(lg |t|), Span O(lg |t|) — agrees with APAS.
src/Chap38/BSTParaMtEph.rs:383: warning: ACCEPTED DIFFERENCE: Work O(1), Span O(1) — ACCEPTED DIFFERENCE: parametric design; delegates to join_mid which is O(1)
src/Chap38/BSTParaMtEph.rs:404: info: match (implicit): APAS: Work O(|t|), Span O(|t|) | Review: Work O(|t|), Span O(|t|) — agrees with APAS; sequential DFS traversal.
src/Chap38/BSTParaStEph.rs:299: info: match (implicit): APAS: Work O(1), Span O(1) | Review: Work O(1), Span O(1) — agrees with APAS.
src/Chap38/BSTParaStEph.rs:304: info: match (implicit): APAS: Work O(1), Span O(1) | Review: Work O(1), Span O(1)
src/Chap38/BSTParaStEph.rs:311: info: match (implicit): APAS: Work O(1), Span O(1) | Review: Work O(1), Span O(1) — agrees with APAS.
src/Chap38/BSTParaStEph.rs:328: warning: ACCEPTED DIFFERENCE: Work O(1), Span O(1) — ACCEPTED DIFFERENCE: parametric impl wraps node without rebalancing
src/Chap38/BSTParaStEph.rs:344: warning: ACCEPTED DIFFERENCE: Work O(1), Span O(1) — ACCEPTED DIFFERENCE: delegates to join_mid which is O(1) in parametric impl
src/Chap38/BSTParaStEph.rs:355: info: match (implicit): APAS: Work O(1), Span O(1) | Review: Work O(1), Span O(1) — agrees with APAS.
src/Chap38/BSTParaStEph.rs:360: info: match (implicit): APAS: Work O(1), Span O(1) | Review: Work O(1), Span O(1) — agrees with APAS.
src/Chap38/BSTParaStEph.rs:365: info: match (implicit): APAS: Work O(lg |t|), Span O(lg |t|) | Review: Work O(lg |t|), Span O(lg |t|)
src/Chap38/BSTParaStEph.rs:377: info: match (implicit): APAS: Work O(lg |t|), Span O(lg |t|) | Review: Work O(lg |t|), Span O(lg |t|)
src/Chap38/BSTParaStEph.rs:389: info: match (implicit): APAS: Work O(lg |t|), Span O(lg |t|) | Review: Work O(lg |t|), Span O(lg |t|)
src/Chap38/BSTParaStEph.rs:397: info: match (implicit): APAS: Work O(lg |t|), Span O(lg |t|) | Review: Work O(lg |t|), Span O(lg |t|)
src/Chap38/BSTParaStEph.rs:412: info: match (implicit): APAS: Work O(lg |t|), Span O(lg |t|) | Review: Work O(lg |t|), Span O(lg |t|) — agrees with APAS.
src/Chap38/BSTParaStEph.rs:424: info: match (implicit): APAS: Work O(lg |t|), Span O(lg |t|) | Review: Work O(lg |t|), Span O(lg |t|) — agrees with APAS.
src/Chap38/BSTParaStEph.rs:436: info: match (implicit): APAS: Work O(lg(|t1|+|t2|)), Span O(lg(|t1|+|t2|)) | Review: Work O(lg(|t1|+|t2|)), Span O(lg(|t1|+|t2|))
src/Chap38/BSTParaStEph.rs:448: warning: ACCEPTED DIFFERENCE: Work O(m * lg(n/m)), Span O(m * lg(n/m)) — ACCEPTED DIFFERENCE: sequential recursion, no parallel split
src/Chap38/BSTParaStEph.rs:457: warning: ACCEPTED DIFFERENCE: Work O(m * lg(n/m)), Span O(m * lg(n/m)) — ACCEPTED DIFFERENCE: sequential recursion, no parallel split
src/Chap38/BSTParaStEph.rs:465: warning: ACCEPTED DIFFERENCE: Work O(m * lg(n/m)), Span O(m * lg(n/m)) — ACCEPTED DIFFERENCE: sequential recursion, no parallel split
src/Chap38/BSTParaStEph.rs:473: warning: ACCEPTED DIFFERENCE: Work O(Σ W(f(x))), Span O(n + max S(f(x))) — ACCEPTED DIFFERENCE: sequential tree traversal
src/Chap38/BSTParaStEph.rs:493: warning: ACCEPTED DIFFERENCE: Work O(Σ W(f(x))), Span O(n + max S(f(x))) — ACCEPTED DIFFERENCE: sequential tree traversal
src/Chap38/BSTParaStEph.rs:510: info: match (implicit): APAS: Work O(|t|), Span O(|t|) | Review: Work O(|t|), Span O(|t|) — agrees with APAS.
src/Chap39/BSTParaTreapMtEph.rs:222: info: match (implicit): APAS: Work O(1), Span O(1) | Review: Work O(1), Span O(1)
src/Chap39/BSTParaTreapMtEph.rs:287: info: match (implicit): APAS: Work O(lg(|t1|+|t2|)), Span O(lg(|t1|+|t2|)) | Review: Work O(lg(|t1|+|t2|)), Span O(lg(|t1|+|t2|))
src/Chap39/BSTParaTreapMtEph.rs:580: info: match (implicit): APAS: Work O(lg(|t1|+|t2|)), Span O(lg(|t1|+|t2|)) | Review: Work O(lg(|t1|+|t2|)), Span O(lg(|t1|+|t2|))
src/Chap39/BSTParaTreapMtEph.rs:1279: info: match (implicit): APAS: Work O(1), Span O(1) | Review: Work O(1), Span O(1)
src/Chap39/BSTParaTreapMtEph.rs:1284: info: match (implicit): APAS: Work O(1), Span O(1) | Review: Work O(1), Span O(1)
src/Chap39/BSTParaTreapMtEph.rs:1300: info: match (implicit): APAS: Work O(lg(|t1|+|t2|)), Span O(lg(|t1|+|t2|)) | Review: Work O(lg(|t1|+|t2|)), Span O(lg(|t1|+|t2|))
src/Chap39/BSTParaTreapMtEph.rs:1318: info: match (implicit): APAS: Work O(1), Span O(1) | Review: Work O(1), Span O(1)
src/Chap39/BSTParaTreapMtEph.rs:1323: info: match (implicit): APAS: Work O(1), Span O(1) | Review: Work O(1), Span O(1)
src/Chap39/BSTParaTreapMtEph.rs:1328: info: match (implicit): APAS: Work O(lg |t|), Span O(lg |t|) | Review: Work O(lg |t|), Span O(lg |t|)
src/Chap39/BSTParaTreapMtEph.rs:1336: info: match (implicit): APAS: Work O(lg |t|), Span O(lg |t|) | Review: Work O(lg |t|), Span O(lg |t|)
src/Chap39/BSTParaTreapMtEph.rs:1345: info: match (implicit): APAS: Work O(lg |t|), Span O(lg |t|) | Review: Work O(lg |t|), Span O(lg |t|)
src/Chap39/BSTParaTreapMtEph.rs:1353: info: match (implicit): APAS: Work O(lg |t|), Span O(lg |t|) | Review: Work O(lg |t|), Span O(lg |t|)
src/Chap39/BSTParaTreapMtEph.rs:1365: info: match (implicit): APAS: Work O(lg(|t1|+|t2|)), Span O(lg(|t1|+|t2|)) | Review: Work O(lg(|t1|+|t2|)), Span O(lg(|t1|+|t2|))
src/Chap39/BSTParaTreapMtEph.rs:1377: info: match (implicit): APAS: Work O(m · lg(n/m)), Span O(lg n) | Review: Work O(m · lg(n/m)), Span O(lg n)
src/Chap39/BSTParaTreapMtEph.rs:1386: info: match (implicit): APAS: Work O(m · lg(n/m)), Span O(lg n) | Review: Work O(m · lg(n/m)), Span O(lg n)
src/Chap39/BSTParaTreapMtEph.rs:1395: info: match (implicit): APAS: Work O(m · lg(n/m)), Span O(lg n) | Review: Work O(m · lg(n/m)), Span O(lg n)
src/Chap39/BSTParaTreapMtEph.rs:1404: info: match (implicit): APAS: Work O(|t|), Span O(lg |t|) | Review: Work O(|t|), Span O(lg |t|)
src/Chap39/BSTParaTreapMtEph.rs:1425: info: match (implicit): APAS: Work O(|t|), Span O(lg |t|) | Review: Work O(|t|), Span O(lg |t|)
src/Chap39/BSTParaTreapMtEph.rs:1437: info: match (implicit): APAS: Work O(|t|), Span O(|t|) | Review: Work O(|t|), Span O(|t|)
src/Chap39/BSTSetTreapMtEph.rs:73: info: match (implicit): APAS: Work O(1), Span O(1) | Review: Work O(1), Span O(1)
src/Chap39/BSTSetTreapMtEph.rs:78: info: match (implicit): APAS: Work O(lg n), Span O(lg n) | Review: Work O(lg n), Span O(lg n)
src/Chap39/BSTSetTreapMtEph.rs:84: info: match (implicit): APAS: Work O(1), Span O(1) | Review: Work O(1), Span O(1)
src/Chap39/BSTSetTreapMtEph.rs:89: info: match (implicit): APAS: Work O(1), Span O(1) | Review: Work O(1), Span O(1)
src/Chap39/BSTSetTreapMtEph.rs:94: info: match (implicit): APAS: Work O(lg n), Span O(lg n) | Review: Work O(lg n), Span O(lg n)
src/Chap39/BSTSetTreapMtEph.rs:102: info: match (implicit): APAS: Work O(lg n), Span O(lg n) | Review: Work O(lg n), Span O(lg n)
src/Chap39/BSTSetTreapMtEph.rs:108: info: match (implicit): APAS: Work O(lg n), Span O(lg n) | Review: Work O(lg n), Span O(lg n)
src/Chap39/BSTSetTreapMtEph.rs:116: info: match (implicit): APAS: Work O(lg n), Span O(lg n) | Review: Work O(lg n), Span O(lg n)
src/Chap39/BSTSetTreapMtEph.rs:124: info: match (implicit): APAS: Work O(lg n), Span O(lg n) | Review: Work O(lg n), Span O(lg n)
src/Chap39/BSTSetTreapMtEph.rs:133: info: match (implicit): APAS: Work O(lg n), Span O(lg n) | Review: Work O(lg n), Span O(lg n)
src/Chap39/BSTSetTreapMtEph.rs:142: info: match (implicit): APAS: Work O(m · lg(n/m)), Span O(lg n) | Review: Work O(m · lg(n/m)), Span O(lg n)
src/Chap39/BSTSetTreapMtEph.rs:151: info: match (implicit): APAS: Work O(m · lg(n/m)), Span O(lg n) | Review: Work O(m · lg(n/m)), Span O(lg n)
src/Chap39/BSTSetTreapMtEph.rs:160: info: match (implicit): APAS: Work O(m · lg(n/m)), Span O(lg n) | Review: Work O(m · lg(n/m)), Span O(lg n)
src/Chap39/BSTSetTreapMtEph.rs:169: info: match (implicit): APAS: Work O(lg |t|), Span O(lg |t|) | Review: Work O(lg |t|), Span O(lg |t|)
src/Chap39/BSTSetTreapMtEph.rs:184: info: match (implicit): APAS: Work O(lg(|t1|+|t2|)), Span O(lg(|t1|+|t2|)) | Review: Work O(lg(|t1|+|t2|)), Span O(lg(|t1|+|t2|))
src/Chap39/BSTSetTreapMtEph.rs:196: info: match (implicit): APAS: Work O(lg(|t1|+|t2|)), Span O(lg(|t1|+|t2|)) | Review: Work O(lg(|t1|+|t2|)), Span O(lg(|t1|+|t2|))
src/Chap39/BSTSetTreapMtEph.rs:210: info: match (implicit): APAS: Work O(n), Span O(lg n) | Review: Work O(n), Span O(lg n)
src/Chap39/BSTSetTreapMtEph.rs:231: info: match (implicit): APAS: Work O(n), Span O(lg n) | Review: Work O(n), Span O(lg n)
src/Chap39/BSTSetTreapMtEph.rs:242: info: match (implicit): APAS: Work O(n), Span O(n) | Review: Work O(n), Span O(n)
src/Chap39/BSTSetTreapMtEph.rs:248: info: match (implicit): APAS: Work O(1), Span O(1) | Review: Work O(1), Span O(1)
src/Chap39/BSTTreapMtEph.rs:88: info: match (implicit): APAS: Work O(1), Span O(1) | Review: Work O(1), Span O(1)
src/Chap39/BSTTreapMtEph.rs:119: info: match (implicit): APAS: Work O(1), Span O(1) | Review: Work O(1), Span O(1)
src/Chap39/BSTTreapMtEph.rs:290: error: possible mismatch: APAS: Work O(lg n) expected, Span O(lg n) expected | Review: Work O(log n) expected, O(n) worst case; Span O(log n) expected
src/Chap39/BSTTreapMtEph.rs:377: error: possible mismatch: APAS: Work O(lg n) expected, Span O(lg n) expected | Review: Work O(log n) expected, O(n) worst case; Span O(log n) expected
src/Chap39/BSTTreapMtEph.rs:533: error: possible mismatch: APAS: Work O(lg n) expected, Span O(lg n) expected | Review: Work O(log n) expected, O(n) worst case; Span O(log n) expected
src/Chap39/BSTTreapMtEph.rs:598: error: possible mismatch: APAS: Work O(lg n) expected, Span O(lg n) expected | Review: Work O(log n) expected, O(n) worst case; Span O(log n) expected
src/Chap39/BSTTreapMtEph.rs:634: error: possible mismatch: APAS: Work O(lg n) expected, Span O(lg n) expected | Review: Work O(log n) expected, O(n) worst case; Span O(log n) expected
src/Chap39/BSTTreapMtEph.rs:697: info: match (implicit): APAS: Work O(n), Span O(n) | Review: Work O(n), Span O(n)
src/Chap39/BSTTreapMtEph.rs:712: info: match (implicit): APAS: Work O(n), Span O(n) | Review: Work O(n), Span O(n)
src/Chap39/BSTTreapMtEph.rs:892: info: match (implicit): APAS: Work O(1), Span O(1) | Review: Work O(1), Span O(1)
src/Chap39/BSTTreapMtEph.rs:983: info: match (implicit): APAS: Work O(1), Span O(1) | Review: Work O(1), Span O(1)
src/Chap39/BSTTreapMtEph.rs:993: info: match (implicit): APAS: Work O(1), Span O(1) | Review: Work O(1), Span O(1)
src/Chap39/BSTTreapMtEph.rs:1000: info: match (implicit): APAS: Work O(lg n) expected, Span O(lg n) expected | Review: Work O(lg n) expected, Span O(lg n) expected
src/Chap39/BSTTreapMtEph.rs:1011: info: match (implicit): APAS: Work O(lg n) expected, Span O(lg n) expected | Review: Work O(lg n) expected, Span O(lg n) expected
src/Chap39/BSTTreapMtEph.rs:1024: info: match (implicit): APAS: Work O(lg n) expected, Span O(lg n) expected | Review: Work O(lg n) expected, Span O(lg n) expected
src/Chap39/BSTTreapMtEph.rs:1037: info: match (implicit): APAS: Work O(n), Span O(n) | Review: Work O(n), Span O(n)
src/Chap39/BSTTreapMtEph.rs:1046: info: match (implicit): APAS: Work O(1), Span O(1) | Review: Work O(1), Span O(1)
src/Chap39/BSTTreapMtEph.rs:1051: info: match (implicit): APAS: Work O(lg n) expected, Span O(lg n) expected | Review: Work O(lg n) expected, Span O(lg n) expected
src/Chap39/BSTTreapMtEph.rs:1064: info: match (implicit): APAS: Work O(lg n) expected, Span O(lg n) expected | Review: Work O(lg n) expected, Span O(lg n) expected
src/Chap39/BSTTreapMtEph.rs:1076: info: match (implicit): APAS: Work O(lg n) expected, Span O(lg n) expected | Review: Work O(lg n) expected, Span O(lg n) expected
src/Chap39/BSTTreapMtEph.rs:1086: info: match (implicit): APAS: Work O(lg n) expected, Span O(lg n) expected | Review: Work O(lg n) expected, Span O(lg n) expected
src/Chap39/BSTTreapMtEph.rs:1094: info: match (implicit): APAS: Work O(1), Span O(1) | Review: Work O(1), Span O(1)
src/Chap39/BSTTreapMtEph.rs:1099: info: match (implicit): APAS: Work O(1), Span O(1) | Review: Work O(1), Span O(1)
src/Chap39/BSTTreapMtEph.rs:1104: info: match (implicit): APAS: Work O(n), Span O(n) | Review: Work O(n), Span O(n)
src/Chap39/BSTTreapMtEph.rs:1109: info: match (implicit): APAS: Work O(lg n) expected, Span O(lg n) expected | Review: Work O(lg n) expected, Span O(lg n) expected
src/Chap39/BSTTreapMtEph.rs:1114: info: match (implicit): APAS: Work O(lg n) expected, Span O(lg n) expected | Review: Work O(lg n) expected, Span O(lg n) expected
src/Chap39/BSTTreapMtEph.rs:1119: info: match (implicit): APAS: Work O(n), Span O(n) | Review: Work O(n), Span O(n)
src/Chap39/BSTTreapMtEph.rs:1124: info: match (implicit): APAS: Work O(n), Span O(n) | Review: Work O(n), Span O(n)
src/Chap39/BSTTreapStEph.rs:214: info: match (implicit): APAS: Work O(1), Span O(1) | Review: Work O(1), Span O(1)
src/Chap39/BSTTreapStEph.rs:224: info: match (implicit): APAS: Work O(1), Span O(1) | Review: Work O(1), Span O(1)
src/Chap39/BSTTreapStEph.rs:229: info: match (implicit): APAS: Work O(1), Span O(1) | Review: Work O(1), Span O(1)
src/Chap39/BSTTreapStEph.rs:234: info: match (implicit): APAS: Work O(n), Span O(n) | Review: Work O(n), Span O(n)
src/Chap39/BSTTreapStEph.rs:242: error: possible mismatch: APAS: Work O(lg n) expected, Span O(lg n) expected | Review: Work O(log n) expected, O(n) worst case
src/Chap39/BSTTreapStEph.rs:257: error: possible mismatch: APAS: Work O(lg n) expected, Span O(lg n) expected | Review: Work O(log n) expected, O(n) worst case
src/Chap39/BSTTreapStEph.rs:269: error: possible mismatch: APAS: Work O(lg n) expected, Span O(lg n) expected | Review: Work O(log n) expected, O(n) worst case
src/Chap39/BSTTreapStEph.rs:280: error: possible mismatch: APAS: Work O(lg n) expected, Span O(lg n) expected | Review: Work O(log n) expected, O(n) worst case
src/Chap39/BSTTreapStEph.rs:289: error: possible mismatch: APAS: Work O(lg n) expected, Span O(lg n) expected | Review: Work O(log n) expected, O(n) worst case
src/Chap39/BSTTreapStEph.rs:298: error: possible mismatch: APAS: Work O(lg n) expected, Span O(lg n) expected | Review: Work O(log n) expected, O(n) worst case
src/Chap39/BSTTreapStEph.rs:307: info: match (implicit): APAS: Work O(n), Span O(n) | Review: Work O(n), Span O(n)
src/Chap39/BSTTreapStEph.rs:312: info: match (implicit): APAS: Work O(n), Span O(n) | Review: Work O(n), Span O(n)
src/Chap39/BSTTreapStEph.rs:318: info: match (implicit): APAS: Work O(1), Span O(1) | Review: Work O(1), Span O(1)
src/Chap39/BSTTreapStEph.rs:326: info: match (implicit): APAS: Work O(1), Span O(1) | Review: Work O(1), Span O(1)
src/Chap39/BSTTreapStEph.rs:332: info: match (implicit): APAS: Work O(1), Span O(1) | Review: Work O(1), Span O(1)
src/Chap39/BSTTreapStEph.rs:457: info: match (implicit): APAS: Work O(1), Span O(1) | Review: Work O(1), Span O(1)
src/Chap39/BSTTreapStEph.rs:463: info: match (implicit): APAS: Work O(1), Span O(1) | Review: Work O(1), Span O(1)
src/Chap39/BSTTreapStEph.rs:472: info: match (implicit): APAS: Work O(1), Span O(1) | Review: Work O(1), Span O(1)
src/Chap39/BSTTreapStEph.rs:495: info: match (implicit): APAS: Work O(lg(|t1|+|t2|)), Span O(lg(|t1|+|t2|)) | Review: Work O(lg(|t1|+|t2|)), Span O(lg(|t1|+|t2|))
src/Chap39/BSTTreapStEph.rs:517: info: match (implicit): APAS: Work O(1), Span O(1) | Review: Work O(1), Span O(1)
src/Chap39/BSTTreapStEph.rs:524: info: match (implicit): APAS: Work O(1), Span O(1) | Review: Work O(1), Span O(1)
src/Chap39/BSTTreapStEph.rs:531: info: match (implicit): APAS: Work O(lg |t|), Span O(lg |t|) | Review: Work O(lg |t|), Span O(lg |t|)
src/Chap39/BSTTreapStEph.rs:543: info: match (implicit): APAS: Work O(lg |t|), Span O(lg |t|) | Review: Work O(lg |t|), Span O(lg |t|)
src/Chap39/BSTTreapStEph.rs:556: info: match (implicit): APAS: Work O(lg |t|), Span O(lg |t|) | Review: Work O(lg |t|), Span O(lg |t|)
src/Chap39/BSTTreapStEph.rs:568: info: match (implicit): APAS: Work O(lg |t|), Span O(lg |t|) | Review: Work O(lg |t|), Span O(lg |t|)
src/Chap39/BSTTreapStEph.rs:586: info: match (implicit): APAS: Work O(lg(|t_1| + |t_2|)), Span O(lg(|t_1| + |t_2|)) | Review: Work O(lg(|t_1| + |t_2|)), Span O(lg(|t_1| + |t_2|))
src/Chap39/BSTTreapStEph.rs:604: warning: ACCEPTED DIFFERENCE: Work O(m · lg(n/m)) — ACCEPTED DIFFERENCE: St sequential, APAS parallel
src/Chap39/BSTTreapStEph.rs:618: warning: ACCEPTED DIFFERENCE: Work O(m · lg(n/m)) — ACCEPTED DIFFERENCE: St sequential, APAS parallel
src/Chap39/BSTTreapStEph.rs:632: warning: ACCEPTED DIFFERENCE: Work O(m · lg(n/m)) — ACCEPTED DIFFERENCE: St sequential, APAS parallel
src/Chap39/BSTTreapStEph.rs:646: warning: ACCEPTED DIFFERENCE: Work O(|t|) — ACCEPTED DIFFERENCE: St sequential, APAS parallel
src/Chap39/BSTTreapStEph.rs:670: warning: ACCEPTED DIFFERENCE: Work O(|t|) — ACCEPTED DIFFERENCE: St sequential, APAS parallel
src/Chap39/BSTTreapStEph.rs:681: info: match (implicit): APAS: Work O(|t|), Span O(|t|) | Review: Work O(|t|), Span O(|t|)
src/Chap39/BSTTreapStEph.rs:909: info: match (implicit): APAS: Work O(1), Span O(1) | Review: Work O(1), Span O(1)
src/Chap39/BSTTreapStEph.rs:927: info: match (implicit): APAS: Work O(1), Span O(1) | Review: Work O(1), Span O(1)
src/Chap39/BSTTreapStEph.rs:937: info: match (implicit): APAS: Work O(1), Span O(1) | Review: Work O(1), Span O(1)
src/Chap39/BSTTreapStEph.rs:2142: info: match (implicit): APAS: Work O(lg(|t1|+|t2|)), Span O(lg(|t1|+|t2|)) | Review: Work O(lg(|t1|+|t2|)), Span O(lg(|t1|+|t2|))
src/Chap39/BSTTreapStEph.rs:2388: info: match (implicit): APAS: Work O(lg(|t1|+|t2|)), Span O(lg(|t1|+|t2|)) | Review: Work O(lg(|t1|+|t2|)), Span O(lg(|t1|+|t2|))
src/Chap40/BSTKeyValueStEph.rs:185: info: match (implicit): APAS: Work O(1), Span O(1) | Review: Work O(1), Span O(1)
src/Chap40/BSTKeyValueStEph.rs:193: info: match (implicit): APAS: Work O(1), Span O(1) | Review: Work O(1), Span O(1)
src/Chap40/BSTKeyValueStEph.rs:198: info: match (implicit): APAS: Work O(1), Span O(1) | Review: Work O(1), Span O(1)
src/Chap40/BSTKeyValueStEph.rs:203: info: match (implicit): APAS: Work O(n), Span O(n) | Review: Work O(n), Span O(n)
src/Chap40/BSTKeyValueStEph.rs:209: info: match (implicit): APAS: Work O(log n) expected, O(n) worst | Review: Work O(log n) expected, O(n) worst
src/Chap40/BSTKeyValueStEph.rs:222: info: match (implicit): APAS: Work O(n), Span O(n) | Review: Work O(n), Span O(n); filter + rebuild
src/Chap40/BSTKeyValueStEph.rs:231: info: match (implicit): APAS: Work O(log n) expected, O(n) worst | Review: Work O(log n) expected, O(n) worst
src/Chap40/BSTKeyValueStEph.rs:239: info: match (implicit): APAS: Work O(log n) expected, O(n) worst | Review: Work O(log n) expected, O(n) worst
src/Chap40/BSTKeyValueStEph.rs:245: info: match (implicit): APAS: Work O(log n) expected, O(n) worst | Review: Work O(log n) expected, O(n) worst
src/Chap40/BSTKeyValueStEph.rs:253: info: match (implicit): APAS: Work O(n), Span O(n) | Review: Work O(n), Span O(n)
src/Chap40/BSTKeyValueStEph.rs:259: info: match (implicit): APAS: Work O(n), Span O(n) | Review: Work O(n), Span O(n)
src/Chap40/BSTKeyValueStEph.rs:265: info: match (implicit): APAS: Work O(log n) expected, Span O(log n) expected | Review: Work O(log n) expected, Span O(log n) expected
src/Chap40/BSTKeyValueStEph.rs:278: info: match (implicit): APAS: Work O(log n) expected, Span O(log n) expected | Review: Work O(log n) expected, Span O(log n) expected
src/Chap40/BSTReducedStEph.rs:245: info: match (implicit): APAS: Work O(1), Span O(1) | Review: Work O(1), Span O(1)
src/Chap40/BSTReducedStEph.rs:253: info: match (implicit): APAS: Work O(1), Span O(1) | Review: Work O(1), Span O(1)
src/Chap40/BSTReducedStEph.rs:258: info: match (implicit): APAS: Work O(1), Span O(1) | Review: Work O(1), Span O(1)
src/Chap40/BSTReducedStEph.rs:263: info: match (implicit): APAS: Work O(n), Span O(n) | Review: Work O(n), Span O(n)
src/Chap40/BSTReducedStEph.rs:269: info: match (implicit): APAS: Work O(log n) expected, O(n) worst | Review: Work O(log n) expected, O(n) worst
src/Chap40/BSTReducedStEph.rs:283: info: match (implicit): APAS: Work O(log n) expected, Span O(log n) expected | Review: Work O(log n) expected, Span O(log n) expected; rotation-based
src/Chap40/BSTReducedStEph.rs:295: info: match (implicit): APAS: Work O(log n) expected, O(n) worst | Review: Work O(log n) expected, O(n) worst
src/Chap40/BSTReducedStEph.rs:306: info: match (implicit): APAS: Work O(log n) expected, O(n) worst | Review: Work O(log n) expected, O(n) worst
src/Chap40/BSTReducedStEph.rs:315: info: match (implicit): APAS: Work O(log n) expected, O(n) worst | Review: Work O(log n) expected, O(n) worst
src/Chap40/BSTReducedStEph.rs:326: info: match (implicit): APAS: Work O(n), Span O(n) | Review: Work O(n), Span O(n)
src/Chap40/BSTReducedStEph.rs:332: info: match (implicit): APAS: Work O(n), Span O(n) | Review: Work O(n), Span O(n)
src/Chap40/BSTReducedStEph.rs:338: info: match (implicit): APAS: Work O(log n) expected, Span O(log n) expected | Review: Work O(log n) expected, Span O(log n) expected
src/Chap40/BSTReducedStEph.rs:346: info: match (implicit): APAS: Work O(log n) expected, Span O(log n) expected | Review: Work O(log n) expected, Span O(log n) expected
src/Chap40/BSTReducedStEph.rs:354: info: match (implicit): APAS: Work O(1), Span O(1) — reads augmented field at root | Review: Work O(1), Span O(1)
src/Chap40/BSTReducedStEph.rs:360: info: match (implicit): APAS: Work O(log n), Span O(log n) — range query on augmented BST | Review: Work O(log n), Span O(log n)
src/Chap40/BSTReducedStEph.rs:373: info: match (implicit): APAS: Work O(1), Span O(1) — reads augmented reduced value | Review: Work O(1), Span O(1)
src/Chap40/BSTReducedStEph.rs:378: info: match (implicit): APAS: Work O(1), Span O(1) — recomputes size and reduced value from children | Review: Work O(1), Span O(1)
src/Chap40/BSTReducedStEph.rs:394: info: match (implicit): APAS: Work O(1), Span O(1) — corresponds to APAS makeNode with reduced values | Review: Work O(1), Span O(1)
src/Chap40/BSTReducedStEph.rs:408: info: match (implicit): APAS: Work O(1), Span O(1) | Review: Work O(1), Span O(1)
src/Chap40/BSTReducedStEph.rs:428: info: match (implicit): APAS: Work O(1), Span O(1) | Review: Work O(1), Span O(1)
src/Chap40/BSTReducedStEph.rs:448: info: match (implicit): APAS: Work O(log n) expected, Span O(log n) expected | Review: Work O(log n) expected, Span O(log n) expected
src/Chap40/BSTReducedStEph.rs:554: info: match (implicit): APAS: Work O(log n), Span O(log n) — range query on augmented BST | Review: Work O(log n), Span O(log n)
src/Chap40/BSTSizeStEph.rs:173: info: match (implicit): APAS: Work O(1), Span O(1) | Review: Work O(1), Span O(1)
src/Chap40/BSTSizeStEph.rs:181: info: match (implicit): APAS: Work O(1), Span O(1) — reads augmented size field | Review: Work O(1), Span O(1)
src/Chap40/BSTSizeStEph.rs:186: info: match (implicit): APAS: Work O(1), Span O(1) | Review: Work O(1), Span O(1)
src/Chap40/BSTSizeStEph.rs:191: info: match (implicit): APAS: Work O(n), Span O(n) | Review: Work O(n), Span O(n)
src/Chap40/BSTSizeStEph.rs:200: info: match (implicit): APAS: Work O(log n) expected, Span O(log n) expected | Review: Work O(log n) expected, Span O(log n) expected
src/Chap40/BSTSizeStEph.rs:214: info: match (implicit): APAS: Work O(n), Span O(n) | Review: Work O(n), Span O(n)
src/Chap40/BSTSizeStEph.rs:226: info: match (implicit): APAS: Work O(log n) expected, Span O(log n) expected | Review: Work O(log n) expected, Span O(log n) expected
src/Chap40/BSTSizeStEph.rs:237: info: match (implicit): APAS: Work O(log n) expected, Span O(log n) expected | Review: Work O(log n) expected, Span O(log n) expected
src/Chap40/BSTSizeStEph.rs:246: info: match (implicit): APAS: Work O(log n) expected, Span O(log n) expected | Review: Work O(log n) expected, Span O(log n) expected
src/Chap40/BSTSizeStEph.rs:254: info: match (implicit): APAS: Work O(log n) expected, Span O(log n) expected | Review: Work O(log n) expected, Span O(log n) expected
src/Chap40/BSTSizeStEph.rs:262: info: match (implicit): APAS: Work O(n), Span O(n) | Review: Work O(n), Span O(n)
src/Chap40/BSTSizeStEph.rs:268: info: match (implicit): APAS: Work O(lg n), Span O(lg n) | Review: Work O(lg n), Span O(lg n)
src/Chap40/BSTSizeStEph.rs:277: info: match (implicit): APAS: Work O(lg n), Span O(lg n) | Review: Work O(lg n), Span O(lg n)
src/Chap40/BSTSizeStEph.rs:282: info: match (implicit): APAS: Work O(log n), Span O(log n) | Review: Work O(log n), Span O(log n)
src/Chap41/ArraySetEnumMtEph.rs:193: info: match (implicit): APAS: Work O(u/w), Span O(u/w) -- allocates u/64 words. | Review: Work O(u/w), Span O(u/w) -- allocates u/64 words.
src/Chap41/ArraySetEnumMtEph.rs:204: warning: ACCEPTED DIFFERENCE: Work O(u), Span O(u) — ACCEPTED DIFFERENCE: PRAM gap; sequential bit scan; APAS CS 41.3 Span O(1) assumes PRAM, not fork-join
src/Chap41/ArraySetEnumMtEph.rs:212: warning: ACCEPTED DIFFERENCE: Work O(u), Span O(u) — ACCEPTED DIFFERENCE: PRAM gap; sequential scan, APAS assumes parallel
src/Chap41/ArraySetEnumMtEph.rs:220: info: match (implicit): APAS: Work O(u/w), Span O(u/w) -- same as new. | Review: Work O(u/w), Span O(u/w) -- same as new.
src/Chap41/ArraySetEnumMtEph.rs:231: warning: ACCEPTED DIFFERENCE: Work O(u), Span O(u) — ACCEPTED DIFFERENCE: PRAM gap; matches APAS Work, Span sequential (PRAM assumes O(1) parallel)
src/Chap41/ArraySetEnumMtEph.rs:242: warning: ACCEPTED DIFFERENCE: Work O(u + n), Span O(u + n) — ACCEPTED DIFFERENCE: PRAM gap; sequential init + insert loop
src/Chap41/ArraySetEnumMtEph.rs:251: warning: ACCEPTED DIFFERENCE: Work O(u + Σ W(f(x))), Span O(u + Σ W(f(x))) — ACCEPTED DIFFERENCE: PRAM gap; sequential loop; APAS CS 41.3 Span O(1) assumes PRAM, not fork-join
src/Chap41/ArraySetEnumMtEph.rs:264: warning: ACCEPTED DIFFERENCE: Work O(u), Span O(u) — ACCEPTED DIFFERENCE: PRAM gap; sequential word-AND, APAS assumes parallel
src/Chap41/ArraySetEnumMtEph.rs:278: warning: ACCEPTED DIFFERENCE: Work O(u), Span O(u) — ACCEPTED DIFFERENCE: PRAM gap; sequential word-AND-NOT, APAS assumes parallel
src/Chap41/ArraySetEnumMtEph.rs:292: warning: ACCEPTED DIFFERENCE: Work O(u), Span O(u) — ACCEPTED DIFFERENCE: PRAM gap; sequential word-OR, APAS assumes parallel
src/Chap41/ArraySetEnumMtEph.rs:305: error: possible mismatch: APAS: Work O(lg |a|), Span O(lg |a|) | Review: Work O(1), Span O(1) CS 41.3
src/Chap41/ArraySetEnumMtEph.rs:314: warning: ACCEPTED DIFFERENCE: Work O(1), Span O(1) — ACCEPTED DIFFERENCE: PRAM gap; ephemeral bit clear, APAS O(u) assumes copy
src/Chap41/ArraySetEnumMtEph.rs:325: warning: ACCEPTED DIFFERENCE: Work O(1), Span O(1) — ACCEPTED DIFFERENCE: PRAM gap; ephemeral bit set, APAS O(u) assumes copy
src/Chap41/ArraySetStEph.rs:228: warning: ACCEPTED DIFFERENCE: Work O(1), Span O(1) — ACCEPTED DIFFERENCE: stored count, not array scan
src/Chap41/ArraySetStEph.rs:236: warning: ACCEPTED DIFFERENCE: Work O(n), Span O(n) — ACCEPTED DIFFERENCE: sequential clone of element array
src/Chap41/ArraySetStEph.rs:251: warning: ACCEPTED DIFFERENCE: Work O(1), Span O(1) — ACCEPTED DIFFERENCE: single-element array, not boolean array
src/Chap41/ArraySetStEph.rs:258: warning: ACCEPTED DIFFERENCE: Work O(n²), Span O(n²) — ACCEPTED DIFFERENCE: sequential insert loop, each O(n)
src/Chap41/ArraySetStEph.rs:267: warning: ACCEPTED DIFFERENCE: Work O(n + Σ W(f(x))), Span O(n + Σ W(f(x))) — ACCEPTED DIFFERENCE: sequential filter
src/Chap41/ArraySetStEph.rs:289: warning: ACCEPTED DIFFERENCE: Work O(n·m), Span O(n·m) — ACCEPTED DIFFERENCE: nested linear scans
src/Chap41/ArraySetStEph.rs:301: warning: ACCEPTED DIFFERENCE: Work O(n·m), Span O(n·m) — ACCEPTED DIFFERENCE: nested linear scans
src/Chap41/ArraySetStEph.rs:313: warning: ACCEPTED DIFFERENCE: Work O(n·m), Span O(n·m) — ACCEPTED DIFFERENCE: nested linear scans
src/Chap41/ArraySetStEph.rs:325: warning: ACCEPTED DIFFERENCE: Work O(n), Span O(n) — ACCEPTED DIFFERENCE: linear scan, not indexed
src/Chap41/ArraySetStEph.rs:332: warning: ACCEPTED DIFFERENCE: Work O(n), Span O(n) — ACCEPTED DIFFERENCE: copy with filter
src/Chap41/ArraySetStEph.rs:343: warning: ACCEPTED DIFFERENCE: Work O(n), Span O(n) — ACCEPTED DIFFERENCE: find + copy
src/Chap41/AVLTreeSetMtEph.rs:91: info: match (implicit): APAS: Work O(1), Span O(1) | Review: Work O(1), Span O(1) CS 41.4
src/Chap41/AVLTreeSetMtEph.rs:100: warning: ACCEPTED DIFFERENCE: Work O(n), Span O(n) — ACCEPTED DIFFERENCE: APAS O(lg n) span requires tree-based sequence concat (join); AVLTreeSeqStEphS lacks concat, so O(n) materialization into Vec is unavoidable
src/Chap41/AVLTreeSetMtEph.rs:120: info: match (implicit): APAS: Work O(1), Span O(1) | Review: Work O(1), Span O(1) CS 41.4
src/Chap41/AVLTreeSetMtEph.rs:129: info: match (implicit): APAS: Work O(n lg n), Span O(lg^2 n) | Review: Work O(n lg n), Span O(lg^2 n) — parallel D&C: split Vec, recurse via join(), union results
src/Chap41/AVLTreeSetMtEph.rs:143: warning: ACCEPTED DIFFERENCE: Work O(Σ W(f(x))), Span O(n + max S(f(x))) — ACCEPTED DIFFERENCE: Verus limitation; spec_fn not Send, blocks parallel filter
src/Chap41/AVLTreeSetMtEph.rs:166: error: possible mismatch: APAS: Work O(m * lg(1+n/m)), Span O(lg n) | Review: Work O(m·lg(1+n/m)), Span O(lg² n); parallel D&C via BSTParaMtEph
src/Chap41/AVLTreeSetMtEph.rs:180: error: possible mismatch: APAS: Work O(m * lg(1+n/m)), Span O(lg n) | Review: Work O(m·lg(1+n/m)), Span O(lg² n); parallel D&C via BSTParaMtEph
src/Chap41/AVLTreeSetMtEph.rs:194: error: possible mismatch: APAS: Work O(m * lg(1+n/m)), Span O(lg n) | Review: Work O(m·lg(1+n/m)), Span O(lg² n); parallel D&C via BSTParaMtEph
src/Chap41/AVLTreeSetMtEph.rs:209: error: possible mismatch: APAS: Work O(lg |a|), Span O(lg |a|) | Review: Work O(lg n), Span O(lg n) CS 41.4
src/Chap41/AVLTreeSetMtEph.rs:220: error: possible mismatch: APAS: Work O(lg |a|), Span O(lg |a|) | Review: Work O(lg n), Span O(lg n) CS 41.4
src/Chap41/AVLTreeSetMtEph.rs:234: error: possible mismatch: APAS: Work O(lg |a|), Span O(lg |a|) | Review: Work O(lg n), Span O(lg n) CS 41.4
src/Chap41/AVLTreeSetMtPer.rs:94: info: match (implicit): APAS: Work O(1), Span O(1) | Review: Work O(1), Span O(1) CS 41.4
src/Chap41/AVLTreeSetMtPer.rs:103: warning: ACCEPTED DIFFERENCE: Work O(n), Span O(n) — ACCEPTED DIFFERENCE: APAS O(lg n) span requires tree-based sequence concat (join); AVLTreeSeqMtPerS lacks concat, so O(n) materialization into Vec is unavoidable
src/Chap41/AVLTreeSetMtPer.rs:121: info: match (implicit): APAS: Work O(1), Span O(1) | Review: Work O(1), Span O(1) CS 41.4
src/Chap41/AVLTreeSetMtPer.rs:129: info: match (implicit): APAS: Work O(n lg n), Span O(lg^2 n) | Review: Work O(n lg n), Span O(lg^2 n) — parallel D&C: split Vec, recurse via join(), union results
src/Chap41/AVLTreeSetMtPer.rs:142: warning: ACCEPTED DIFFERENCE: Work O(Σ W(f(x))), Span O(n + max S(f(x))) — ACCEPTED DIFFERENCE: Verus limitation; spec_fn not Send, blocks parallel filter
src/Chap41/AVLTreeSetMtPer.rs:165: error: possible mismatch: APAS: Work O(m * lg(1+n/m)), Span O(lg n) | Review: Work O(m·lg(1+n/m)), Span O(lg² n); parallel D&C via BSTParaMtEph
src/Chap41/AVLTreeSetMtPer.rs:177: error: possible mismatch: APAS: Work O(m * lg(1+n/m)), Span O(lg n) | Review: Work O(m·lg(1+n/m)), Span O(lg² n); parallel D&C via BSTParaMtEph
src/Chap41/AVLTreeSetMtPer.rs:189: error: possible mismatch: APAS: Work O(m * lg(1+n/m)), Span O(lg n) | Review: Work O(m·lg(1+n/m)), Span O(lg² n); parallel D&C via BSTParaMtEph
src/Chap41/AVLTreeSetMtPer.rs:202: error: possible mismatch: APAS: Work O(lg |a|), Span O(lg |a|) | Review: Work O(lg n), Span O(lg n) CS 41.4
src/Chap41/AVLTreeSetMtPer.rs:213: error: possible mismatch: APAS: Work O(lg |a|), Span O(lg |a|) | Review: Work O(lg n), Span O(lg n) CS 41.4
src/Chap41/AVLTreeSetMtPer.rs:224: error: possible mismatch: APAS: Work O(lg |a|), Span O(lg |a|) | Review: Work O(lg n), Span O(lg n) CS 41.4
src/Chap41/AVLTreeSetStEph.rs:195: info: match (implicit): APAS: Work O(1), Span O(1) | Review: Work O(1), Span O(1) CS 41.4
src/Chap41/AVLTreeSetStEph.rs:204: warning: ACCEPTED DIFFERENCE: Work O(n), Span O(n) — ACCEPTED DIFFERENCE: sequential in-order traversal
src/Chap41/AVLTreeSetStEph.rs:222: info: match (implicit): APAS: Work O(1), Span O(1) | Review: Work O(1), Span O(1) CS 41.4
src/Chap41/AVLTreeSetStEph.rs:233: warning: ACCEPTED DIFFERENCE: Work O(n lg n), Span O(n lg n) — ACCEPTED DIFFERENCE: sequential loop of inserts
src/Chap41/AVLTreeSetStEph.rs:245: warning: ACCEPTED DIFFERENCE: Work O(n + Σ W(f(x))), Span O(n + Σ W(f(x))) — ACCEPTED DIFFERENCE: sequential filter
src/Chap41/AVLTreeSetStEph.rs:268: warning: ACCEPTED DIFFERENCE: Work O(m·lg(1+n/m)), Span O(m·lg(1+n/m)) — ACCEPTED DIFFERENCE: sequential split-join
src/Chap41/AVLTreeSetStEph.rs:281: warning: ACCEPTED DIFFERENCE: Work O(m·lg(1+n/m)), Span O(m·lg(1+n/m)) — ACCEPTED DIFFERENCE: sequential split-join
src/Chap41/AVLTreeSetStEph.rs:294: warning: ACCEPTED DIFFERENCE: Work O(m·lg(1+n/m)), Span O(m·lg(1+n/m)) — ACCEPTED DIFFERENCE: sequential split-join
src/Chap41/AVLTreeSetStEph.rs:307: error: possible mismatch: APAS: Work O(lg |a|), Span O(lg |a|) | Review: Work O(lg n), Span O(lg n) CS 41.4
src/Chap41/AVLTreeSetStEph.rs:317: error: possible mismatch: APAS: Work O(lg |a|), Span O(lg |a|) | Review: Work O(lg n), Span O(lg n) CS 41.4
src/Chap41/AVLTreeSetStEph.rs:329: error: possible mismatch: APAS: Work O(lg |a|), Span O(lg |a|) | Review: Work O(lg n), Span O(lg n) CS 41.4
src/Chap41/AVLTreeSetStPer.rs:187: info: match (implicit): APAS: Work O(1), Span O(1) | Review: Work O(1), Span O(1) CS 41.4
src/Chap41/AVLTreeSetStPer.rs:196: warning: ACCEPTED DIFFERENCE: Work O(n), Span O(n) — ACCEPTED DIFFERENCE: sequential in-order traversal
src/Chap41/AVLTreeSetStPer.rs:214: info: match (implicit): APAS: Work O(1), Span O(1) | Review: Work O(1), Span O(1) CS 41.4
src/Chap41/AVLTreeSetStPer.rs:225: warning: ACCEPTED DIFFERENCE: Work O(n lg n), Span O(n lg n) — ACCEPTED DIFFERENCE: sequential loop of inserts
src/Chap41/AVLTreeSetStPer.rs:237: warning: ACCEPTED DIFFERENCE: Work O(n + Σ W(f(x))), Span O(n + Σ W(f(x))) — ACCEPTED DIFFERENCE: sequential filter
src/Chap41/AVLTreeSetStPer.rs:260: warning: ACCEPTED DIFFERENCE: Work O(m·lg(1+n/m)), Span O(m·lg(1+n/m)) — ACCEPTED DIFFERENCE: sequential split-join
src/Chap41/AVLTreeSetStPer.rs:273: warning: ACCEPTED DIFFERENCE: Work O(m·lg(1+n/m)), Span O(m·lg(1+n/m)) — ACCEPTED DIFFERENCE: sequential split-join
src/Chap41/AVLTreeSetStPer.rs:286: warning: ACCEPTED DIFFERENCE: Work O(m·lg(1+n/m)), Span O(m·lg(1+n/m)) — ACCEPTED DIFFERENCE: sequential split-join
src/Chap41/AVLTreeSetStPer.rs:299: error: possible mismatch: APAS: Work O(lg |a|), Span O(lg |a|) | Review: Work O(lg n), Span O(lg n) CS 41.4
src/Chap41/AVLTreeSetStPer.rs:309: error: possible mismatch: APAS: Work O(lg |a|), Span O(lg |a|) | Review: Work O(lg n), Span O(lg n) CS 41.4
src/Chap41/AVLTreeSetStPer.rs:321: error: possible mismatch: APAS: Work O(lg |a|), Span O(lg |a|) | Review: Work O(lg n), Span O(lg n) CS 41.4
src/Chap42/TableMtEph.rs:100: info: match (implicit): APAS: Work O(1), Span O(1) | Review: Work O(1), Span O(1)
src/Chap42/TableMtEph.rs:107: info: match (implicit): APAS: Work O(1), Span O(1) -- agrees with APAS. | Review: Work O(1), Span O(1) -- agrees with APAS.
src/Chap42/TableMtEph.rs:112: info: match (implicit): APAS: Work O(1), Span O(1) | Review: Work O(1), Span O(1)
src/Chap42/TableMtEph.rs:119: warning: ACCEPTED DIFFERENCE: Work O(n), Span O(n) — ACCEPTED DIFFERENCE: array-backed unordered table; sequential key extraction
src/Chap42/TableMtEph.rs:124: error: possible mismatch: APAS: Work O(|s| * W(f)), Span O(lg |s| + S(f)) | Review: Work O(|s|·W(f)), Span O(lg |s| + S(f)) — parallel D&C tabulate via join
src/Chap42/TableMtEph.rs:139: error: possible mismatch: APAS: Work O(Σ W(f(.))), Span O(lg |a| + max S(f(.))) | Review: Work O(n·W(f)), Span O(lg n + max W(f)) — parallel D&C map via join
src/Chap42/TableMtEph.rs:156: warning: ACCEPTED DIFFERENCE: Work O(n + Σ W(f(k,v))), Span O(n + Σ W(f(k,v))) — ACCEPTED DIFFERENCE: array-backed unordered table; sequential loop; D&C no-dup proof pending
src/Chap42/TableMtEph.rs:175: warning: ACCEPTED DIFFERENCE: Work O(n·m), Span O(n·m) — ACCEPTED DIFFERENCE: array-backed unordered table; nested linear scans on array
src/Chap42/TableMtEph.rs:193: warning: ACCEPTED DIFFERENCE: Work O(n·m), Span O(n·m) — ACCEPTED DIFFERENCE: array-backed unordered table; nested linear scans on array
src/Chap42/TableMtEph.rs:215: warning: ACCEPTED DIFFERENCE: Work O(n·m), Span O(n·m) — ACCEPTED DIFFERENCE: array-backed unordered table; nested linear scans on array
src/Chap42/TableMtEph.rs:225: error: possible mismatch: APAS: Work O(lg |a|), Span O(lg |a|) | Review: Work O(n), Span O(n) — linear scan on flat array
src/Chap42/TableMtEph.rs:236: warning: ACCEPTED DIFFERENCE: Work O(n), Span O(n) — ACCEPTED DIFFERENCE: array-backed unordered table; linear scan + copy
src/Chap42/TableMtEph.rs:242: warning: ACCEPTED DIFFERENCE: Work O(n), Span O(n) — ACCEPTED DIFFERENCE: array-backed unordered table; linear scan + copy
src/Chap42/TableMtEph.rs:260: warning: ACCEPTED DIFFERENCE: Work O(n·m), Span O(n·m) — ACCEPTED DIFFERENCE: array-backed unordered table; nested linear scans on array
src/Chap42/TableMtEph.rs:270: warning: ACCEPTED DIFFERENCE: Work O(n·m), Span O(n·m) — ACCEPTED DIFFERENCE: array-backed unordered table; nested linear scans on array
src/Chap42/TableStEph.rs:96: info: match (implicit): APAS: Work O(1), Span O(1) | Review: Work O(1), Span O(1)
src/Chap42/TableStEph.rs:103: info: match (implicit): APAS: Work O(1), Span O(1) -- agrees with APAS. | Review: Work O(1), Span O(1) -- agrees with APAS.
src/Chap42/TableStEph.rs:108: info: match (implicit): APAS: Work O(1), Span O(1) | Review: Work O(1), Span O(1)
src/Chap42/TableStEph.rs:115: warning: ACCEPTED DIFFERENCE: Work O(n), Span O(n) — ACCEPTED DIFFERENCE: sequential key extraction
src/Chap42/TableStEph.rs:121: warning: ACCEPTED DIFFERENCE: Work O(|s|·W(f)), Span O(|s|·W(f)) — ACCEPTED DIFFERENCE: sequential loop
src/Chap42/TableStEph.rs:133: warning: ACCEPTED DIFFERENCE: Work O(n·W(f)), Span O(n·W(f)) — ACCEPTED DIFFERENCE: sequential loop
src/Chap42/TableStEph.rs:149: warning: ACCEPTED DIFFERENCE: Work O(n + Σ W(f(k,v))), Span O(n + Σ W(f(k,v))) — ACCEPTED DIFFERENCE: sequential loop
src/Chap42/TableStEph.rs:169: warning: ACCEPTED DIFFERENCE: Work O(n·m), Span O(n·m) — ACCEPTED DIFFERENCE: nested linear scans on array
src/Chap42/TableStEph.rs:187: warning: ACCEPTED DIFFERENCE: Work O(n·m), Span O(n·m) — ACCEPTED DIFFERENCE: nested linear scans on array
src/Chap42/TableStEph.rs:209: warning: ACCEPTED DIFFERENCE: Work O(n·m), Span O(n·m) — ACCEPTED DIFFERENCE: nested linear scans on array
src/Chap42/TableStEph.rs:221: warning: ACCEPTED DIFFERENCE: Work O(n), Span O(n) — ACCEPTED DIFFERENCE: linear scan on unsorted array
src/Chap42/TableStEph.rs:244: warning: ACCEPTED DIFFERENCE: Work O(n), Span O(n) — ACCEPTED DIFFERENCE: linear scan + copy
src/Chap42/TableStEph.rs:254: warning: ACCEPTED DIFFERENCE: Work O(n), Span O(n) — ACCEPTED DIFFERENCE: linear scan + copy
src/Chap42/TableStEph.rs:325: warning: ACCEPTED DIFFERENCE: Work O(n·m), Span O(n·m) — ACCEPTED DIFFERENCE: nested linear scans on array
src/Chap42/TableStEph.rs:336: warning: ACCEPTED DIFFERENCE: Work O(n·m), Span O(n·m) — ACCEPTED DIFFERENCE: nested linear scans on array
src/Chap42/TableStPer.rs:171: info: match (implicit): APAS: Work O(1), Span O(1) | Review: Work O(1), Span O(1)
src/Chap42/TableStPer.rs:179: info: match (implicit): APAS: Work O(1), Span O(1) -- agrees with APAS. | Review: Work O(1), Span O(1) -- agrees with APAS.
src/Chap42/TableStPer.rs:185: info: match (implicit): APAS: Work O(1), Span O(1) | Review: Work O(1), Span O(1)
src/Chap42/TableStPer.rs:193: warning: ACCEPTED DIFFERENCE: Work O(n), Span O(n) — ACCEPTED DIFFERENCE: sequential key extraction
src/Chap42/TableStPer.rs:200: warning: ACCEPTED DIFFERENCE: Work O(|s|·W(f)), Span O(|s|·W(f)) — ACCEPTED DIFFERENCE: sequential loop
src/Chap42/TableStPer.rs:213: warning: ACCEPTED DIFFERENCE: Work O(n·W(f)), Span O(n·W(f)) — ACCEPTED DIFFERENCE: sequential loop
src/Chap42/TableStPer.rs:230: warning: ACCEPTED DIFFERENCE: Work O(n + Σ W(f(k,v))), Span O(n + Σ W(f(k,v))) — ACCEPTED DIFFERENCE: sequential loop
src/Chap42/TableStPer.rs:251: warning: ACCEPTED DIFFERENCE: Work O(n·m), Span O(n·m) — ACCEPTED DIFFERENCE: nested linear scans on array
src/Chap42/TableStPer.rs:270: warning: ACCEPTED DIFFERENCE: Work O(n·m), Span O(n·m) — ACCEPTED DIFFERENCE: nested linear scans on array
src/Chap42/TableStPer.rs:293: warning: ACCEPTED DIFFERENCE: Work O(n·m), Span O(n·m) — ACCEPTED DIFFERENCE: nested linear scans on array
src/Chap42/TableStPer.rs:303: warning: ACCEPTED DIFFERENCE: Work O(n), Span O(n) — ACCEPTED DIFFERENCE: linear scan on unsorted array
src/Chap42/TableStPer.rs:328: warning: ACCEPTED DIFFERENCE: Work O(n), Span O(n) — ACCEPTED DIFFERENCE: linear scan + copy
src/Chap42/TableStPer.rs:339: warning: ACCEPTED DIFFERENCE: Work O(n), Span O(n) — ACCEPTED DIFFERENCE: linear scan + copy
src/Chap42/TableStPer.rs:410: warning: ACCEPTED DIFFERENCE: Work O(n·m), Span O(n·m) — ACCEPTED DIFFERENCE: nested linear scans on array
src/Chap42/TableStPer.rs:420: warning: ACCEPTED DIFFERENCE: Work O(n·m), Span O(n·m) — ACCEPTED DIFFERENCE: nested linear scans on array
src/Chap42/TableStPer.rs:429: error: possible mismatch: APAS: Work O(|a|), Span O(lg |a|) -- from Algorithm 42.3 | Review: Work O(n), Span O(n) -- returns backing entries directly.
src/Chap43/AugOrderedTableMtEph.rs:110: info: match (implicit): APAS: Work O(1), Span O(1) | Review: Work O(1), Span O(1)
src/Chap43/AugOrderedTableMtEph.rs:117: info: match (implicit): APAS: Work O(1), Span O(1) | Review: Work O(1), Span O(1)
src/Chap43/AugOrderedTableMtEph.rs:132: info: match (implicit): APAS: Work O(1), Span O(1) | Review: Work O(1), Span O(1)
src/Chap43/AugOrderedTableMtEph.rs:148: info: match (implicit): APAS: Work O(log n), Span O(log n) | Review: Work O(log n), Span O(log n)
src/Chap43/AugOrderedTableMtEph.rs:159: info: match (implicit): APAS: Work O(log n), Span O(log n) | Review: Work O(log n), Span O(log n)
src/Chap43/AugOrderedTableMtEph.rs:170: info: match (implicit): APAS: Work O(1), Span O(1) | Review: Work O(1), Span O(1)
src/Chap43/AugOrderedTableMtEph.rs:177: info: match (implicit): APAS: Work O(log n), Span O(log n) | Review: Work O(log n), Span O(log n)
src/Chap43/AugOrderedTableMtEph.rs:187: info: match (implicit): APAS: Work O(log n), Span O(log n) | Review: Work O(log n), Span O(log n)
src/Chap43/AugOrderedTableMtEph.rs:196: info: match (implicit): APAS: Work O(n), Span O(n) | Review: Work O(n), Span O(n)
src/Chap43/AugOrderedTableMtEph.rs:202: info: match (implicit): APAS: Work O(n log n), Span O(n) | Review: Work O(n log n), Span O(n)
src/Chap43/AugOrderedTableMtEph.rs:225: info: match (implicit): APAS: Work O(n), Span O(log n) | Review: Work O(n), Span O(log n)
src/Chap43/AugOrderedTableMtEph.rs:234: info: match (implicit): APAS: Work O(n), Span O(log n) | Review: Work O(n), Span O(log n)
src/Chap43/AugOrderedTableMtEph.rs:243: error: possible mismatch: APAS: Work O(m log(n/m + 1)), Span O(log n log m) | Review: Work O(m log(n/m + 1)
src/Chap43/AugOrderedTableMtEph.rs:254: error: possible mismatch: APAS: Work O(m log(n/m + 1)), Span O(log n log m) | Review: Work O(m log(n/m + 1)
src/Chap43/AugOrderedTableMtEph.rs:265: error: possible mismatch: APAS: Work O(m log(n/m + 1)), Span O(log n log m) | Review: Work O(m log(n/m + 1)
src/Chap43/AugOrderedTableMtEph.rs:271: error: possible mismatch: APAS: Work O(m log(n/m + 1)), Span O(log n log m) | Review: Work O(m log(n/m + 1)
src/Chap43/AugOrderedTableMtEph.rs:277: error: possible mismatch: APAS: Work O(m log(n/m + 1)), Span O(log n log m) | Review: Work O(m log(n/m + 1)
src/Chap43/AugOrderedTableMtEph.rs:283: info: match (implicit): APAS: Work O(n), Span O(log n) | Review: Work O(n), Span O(log n)
src/Chap43/AugOrderedTableMtEph.rs:289: info: match (implicit): APAS: Work O(n), Span O(log n) | Review: Work O(n), Span O(log n)
src/Chap43/AugOrderedTableMtEph.rs:296: info: match (implicit): APAS: Work O(log n), Span O(log n) | Review: Work O(log n), Span O(log n)
src/Chap43/AugOrderedTableMtEph.rs:307: info: match (implicit): APAS: Work O(log n), Span O(log n) | Review: Work O(log n), Span O(log n)
src/Chap43/AugOrderedTableMtEph.rs:318: info: match (implicit): APAS: Work O(log n), Span O(log n) | Review: Work O(log n), Span O(log n)
src/Chap43/AugOrderedTableMtEph.rs:329: info: match (implicit): APAS: Work O(log n), Span O(log n) | Review: Work O(log n), Span O(log n)
src/Chap43/AugOrderedTableMtEph.rs:340: info: match (implicit): APAS: Work O(log n), Span O(log n) | Review: Work O(log n), Span O(log n)
src/Chap43/AugOrderedTableMtEph.rs:347: error: possible mismatch: APAS: Work O(m log(n/m + 1)), Span O(log n log m) | Review: Work O(m log(n/m + 1)
src/Chap43/AugOrderedTableMtEph.rs:353: info: match (implicit): APAS: Work O(log n), Span O(log n) | Review: Work O(log n), Span O(log n)
src/Chap43/AugOrderedTableMtEph.rs:363: info: match (implicit): APAS: Work O(log n), Span O(log n) | Review: Work O(log n), Span O(log n)
src/Chap43/AugOrderedTableMtEph.rs:373: info: match (implicit): APAS: Work O(log n), Span O(log n) | Review: Work O(log n), Span O(log n)
src/Chap43/AugOrderedTableMtEph.rs:384: info: match (implicit): APAS: Work O(log n), Span O(log n) | Review: Work O(log n), Span O(log n)
src/Chap43/AugOrderedTableMtEph.rs:391: info: match (implicit): APAS: Work O(1), Span O(1) | Review: Work O(1), Span O(1)
src/Chap43/AugOrderedTableMtEph.rs:395: info: match (implicit): APAS: Work O(log n), Span O(log n) -- split + cached reduction | Review: Work O(log n), Span O(log n)
src/Chap43/AugOrderedTableMtEph.rs:401: info: match (implicit): APAS: Work O(log n), Span O(log n) -- split + cached reduction | Review: Work O(log n), Span O(log n)
src/Chap43/AugOrderedTableStEph.rs:108: info: match (implicit): APAS: Work O(1), Span O(1) | Review: Work O(1), Span O(1)
src/Chap43/AugOrderedTableStEph.rs:115: info: match (implicit): APAS: Work O(1), Span O(1) | Review: Work O(1), Span O(1)
src/Chap43/AugOrderedTableStEph.rs:130: info: match (implicit): APAS: Work O(1), Span O(1) | Review: Work O(1), Span O(1)
src/Chap43/AugOrderedTableStEph.rs:145: info: match (implicit): APAS: Work O(log n), Span O(log n) | Review: Work O(log n), Span O(log n)
src/Chap43/AugOrderedTableStEph.rs:156: info: match (implicit): APAS: Work O(log n), Span O(log n) | Review: Work O(log n), Span O(log n)
src/Chap43/AugOrderedTableStEph.rs:167: info: match (implicit): APAS: Work O(1), Span O(1) | Review: Work O(1), Span O(1)
src/Chap43/AugOrderedTableStEph.rs:174: info: match (implicit): APAS: Work O(log n), Span O(log n) | Review: Work O(log n), Span O(log n)
src/Chap43/AugOrderedTableStEph.rs:191: info: match (implicit): APAS: Work O(log n), Span O(log n) | Review: Work O(log n), Span O(log n)
src/Chap43/AugOrderedTableStEph.rs:200: info: match (implicit): APAS: Work O(n), Span O(n) | Review: Work O(n), Span O(n)
src/Chap43/AugOrderedTableStEph.rs:207: info: match (implicit): APAS: Work O(n log n), Span O(n log n) | Review: Work O(n log n), Span O(n log n)
src/Chap43/AugOrderedTableStEph.rs:232: info: match (implicit): APAS: Work O(n), Span O(n) | Review: Work O(n), Span O(n)
src/Chap43/AugOrderedTableStEph.rs:239: info: match (implicit): APAS: Work O(n), Span O(n) | Review: Work O(n), Span O(n)
src/Chap43/AugOrderedTableStEph.rs:253: info: match (implicit): APAS: Work O(n), Span O(n) | Review: Work O(n), Span O(n)
src/Chap43/AugOrderedTableStEph.rs:259: error: possible mismatch: APAS: Work O(m log(n/m + 1)), Span O(log n log m) | Review: Work O(m log(n/m + 1)
src/Chap43/AugOrderedTableStEph.rs:277: error: possible mismatch: APAS: Work O(m log(n/m + 1)), Span O(log n log m) | Review: Work O(m log(n/m + 1)
src/Chap43/AugOrderedTableStEph.rs:300: error: possible mismatch: APAS: Work O(m log(n/m + 1)), Span O(log n log m) | Review: Work O(m log(n/m + 1)
src/Chap43/AugOrderedTableStEph.rs:309: error: possible mismatch: APAS: Work O(m log(n/m + 1)), Span O(log n log m) | Review: Work O(m log(n/m + 1)
src/Chap43/AugOrderedTableStEph.rs:318: error: possible mismatch: APAS: Work O(m log(n/m + 1)), Span O(log n log m) | Review: Work O(m log(n/m + 1)
src/Chap43/AugOrderedTableStEph.rs:327: info: match (implicit): APAS: Work O(n log n), Span O(n log n) | Review: Work O(n log n), Span O(n log n)
src/Chap43/AugOrderedTableStEph.rs:334: info: match (implicit): APAS: Work O(log n), Span O(log n) | Review: Work O(log n), Span O(log n)
src/Chap43/AugOrderedTableStEph.rs:345: info: match (implicit): APAS: Work O(log n), Span O(log n) | Review: Work O(log n), Span O(log n)
src/Chap43/AugOrderedTableStEph.rs:356: info: match (implicit): APAS: Work O(log n), Span O(log n) | Review: Work O(log n), Span O(log n)
src/Chap43/AugOrderedTableStEph.rs:367: info: match (implicit): APAS: Work O(log n), Span O(log n) | Review: Work O(log n), Span O(log n)
src/Chap43/AugOrderedTableStEph.rs:378: info: match (implicit): APAS: Work O(log n), Span O(log n) | Review: Work O(log n), Span O(log n)
src/Chap43/AugOrderedTableStEph.rs:388: error: possible mismatch: APAS: Work O(m log(n/m + 1)), Span O(log n log m) | Review: Work O(m log(n/m + 1)
src/Chap43/AugOrderedTableStEph.rs:401: info: match (implicit): APAS: Work O(log n + m), Span O(log n) | Review: Work O(log n + m), Span O(log n)
src/Chap43/AugOrderedTableStEph.rs:409: info: match (implicit): APAS: Work O(log n), Span O(log n) | Review: Work O(log n), Span O(log n)
src/Chap43/AugOrderedTableStEph.rs:419: info: match (implicit): APAS: Work O(log n), Span O(log n) | Review: Work O(log n), Span O(log n)
src/Chap43/AugOrderedTableStEph.rs:430: info: match (implicit): APAS: Work O(log n), Span O(log n) | Review: Work O(log n), Span O(log n)
src/Chap43/AugOrderedTableStEph.rs:440: info: match (implicit): APAS: Work O(1), Span O(1) | Review: Work O(1), Span O(1)
src/Chap43/AugOrderedTableStEph.rs:445: info: match (implicit): APAS: Work O(log n), Span O(log n) | Review: Work O(log n), Span O(log n)
src/Chap43/AugOrderedTableStPer.rs:109: info: match (implicit): APAS: Work O(1), Span O(1) | Review: Work O(1), Span O(1)
src/Chap43/AugOrderedTableStPer.rs:116: info: match (implicit): APAS: Work O(1), Span O(1) | Review: Work O(1), Span O(1)
src/Chap43/AugOrderedTableStPer.rs:131: info: match (implicit): APAS: Work O(1), Span O(1) | Review: Work O(1), Span O(1)
src/Chap43/AugOrderedTableStPer.rs:147: info: match (implicit): APAS: Work O(log n), Span O(log n) | Review: Work O(log n), Span O(log n)
src/Chap43/AugOrderedTableStPer.rs:158: info: match (implicit): APAS: Work O(log n), Span O(log n) | Review: Work O(log n), Span O(log n)
src/Chap43/AugOrderedTableStPer.rs:170: info: match (implicit): APAS: Work O(log n), Span O(log n) | Review: Work O(log n), Span O(log n)
src/Chap43/AugOrderedTableStPer.rs:181: info: match (implicit): APAS: Work O(n), Span O(n) | Review: Work O(n), Span O(n)
src/Chap43/AugOrderedTableStPer.rs:188: info: match (implicit): APAS: Work O(n log n), Span O(n) | Review: Work O(n log n), Span O(n)
src/Chap43/AugOrderedTableStPer.rs:213: info: match (implicit): APAS: Work O(n), Span O(log n) | Review: Work O(n), Span O(log n)
src/Chap43/AugOrderedTableStPer.rs:230: info: match (implicit): APAS: Work O(n), Span O(log n) | Review: Work O(n), Span O(log n)
src/Chap43/AugOrderedTableStPer.rs:246: error: possible mismatch: APAS: Work O(m log(n/m + 1)), Span O(log n log m) | Review: Work O(m log(n/m + 1)
src/Chap43/AugOrderedTableStPer.rs:265: error: possible mismatch: APAS: Work O(m log(n/m + 1)), Span O(log n log m) | Review: Work O(m log(n/m + 1)
src/Chap43/AugOrderedTableStPer.rs:288: error: possible mismatch: APAS: Work O(m log(n/m + 1)), Span O(log n log m) | Review: Work O(m log(n/m + 1)
src/Chap43/AugOrderedTableStPer.rs:301: error: possible mismatch: APAS: Work O(m log(n/m + 1)), Span O(log n log m) | Review: Work O(m log(n/m + 1)
src/Chap43/AugOrderedTableStPer.rs:313: error: possible mismatch: APAS: Work O(m log(n/m + 1)), Span O(log n log m) | Review: Work O(m log(n/m + 1)
src/Chap43/AugOrderedTableStPer.rs:325: info: match (implicit): APAS: Work O(n), Span O(log n) | Review: Work O(n), Span O(log n)
src/Chap43/AugOrderedTableStPer.rs:332: info: match (implicit): APAS: Work O(log n), Span O(log n) | Review: Work O(log n), Span O(log n)
src/Chap43/AugOrderedTableStPer.rs:343: info: match (implicit): APAS: Work O(log n), Span O(log n) | Review: Work O(log n), Span O(log n)
src/Chap43/AugOrderedTableStPer.rs:354: info: match (implicit): APAS: Work O(log n), Span O(log n) | Review: Work O(log n), Span O(log n)
src/Chap43/AugOrderedTableStPer.rs:365: info: match (implicit): APAS: Work O(log n), Span O(log n) | Review: Work O(log n), Span O(log n)
src/Chap43/AugOrderedTableStPer.rs:376: info: match (implicit): APAS: Work O(log n), Span O(log n) | Review: Work O(log n), Span O(log n)
src/Chap43/AugOrderedTableStPer.rs:396: error: possible mismatch: APAS: Work O(m log(n/m + 1)), Span O(log n log m) | Review: Work O(m log(n/m + 1)
src/Chap43/AugOrderedTableStPer.rs:410: info: match (implicit): APAS: Work O(log n), Span O(log n) | Review: Work O(log n), Span O(log n)
src/Chap43/AugOrderedTableStPer.rs:421: info: match (implicit): APAS: Work O(log n), Span O(log n) | Review: Work O(log n), Span O(log n)
src/Chap43/AugOrderedTableStPer.rs:433: info: match (implicit): APAS: Work O(log n), Span O(log n) | Review: Work O(log n), Span O(log n)
src/Chap43/AugOrderedTableStPer.rs:446: info: match (implicit): APAS: Work O(log n), Span O(log n) | Review: Work O(log n), Span O(log n)
src/Chap43/AugOrderedTableStPer.rs:461: info: match (implicit): APAS: Work O(1), Span O(1) | Review: Work O(1), Span O(1)
src/Chap43/AugOrderedTableStPer.rs:466: info: match (implicit): APAS: Work O(log n), Span O(log n) -- split + cached reduction | Review: Work O(log n), Span O(log n)
src/Chap43/OrderedSetMtEph.rs:115: info: match (implicit): APAS: Work O(1), Span O(1) | Review: Work O(1), Span O(1)
src/Chap43/OrderedSetMtEph.rs:122: info: match (implicit): APAS: Work O(1), Span O(1) | Review: Work O(1), Span O(1)
src/Chap43/OrderedSetMtEph.rs:131: info: match (implicit): APAS: Work O(1), Span O(1) | Review: Work O(1), Span O(1)
src/Chap43/OrderedSetMtEph.rs:140: info: match (implicit): APAS: Work O(log n), Span O(log n) | Review: Work O(log n), Span O(log n)
src/Chap43/OrderedSetMtEph.rs:147: info: match (implicit): APAS: Work O(log n), Span O(log n) | Review: Work O(log n), Span O(log n)
src/Chap43/OrderedSetMtEph.rs:154: info: match (implicit): APAS: Work O(log n), Span O(log n) | Review: Work O(log n), Span O(log n)
src/Chap43/OrderedSetMtEph.rs:160: info: match (implicit): APAS: Work O(n), Span O(n) | Review: Work O(n), Span O(n)
src/Chap43/OrderedSetMtEph.rs:174: error: possible mismatch: APAS: Work O(m log(n/m + 1)), Span O(log n log m) | Review: Work O(m log(n/m + 1)
src/Chap43/OrderedSetMtEph.rs:181: error: possible mismatch: APAS: Work O(m log(n/m + 1)), Span O(log n log m) | Review: Work O(m log(n/m + 1)
src/Chap43/OrderedSetMtEph.rs:191: error: possible mismatch: APAS: Work O(m log(n/m + 1)), Span O(log n log m) | Review: Work O(m log(n/m + 1)
src/Chap43/OrderedSetMtEph.rs:198: info: match (implicit): APAS: Work O(n), Span O(n) | Review: Work O(n), Span O(n)
src/Chap43/OrderedSetMtEph.rs:207: info: match (implicit): APAS: Work O(n log n), Span O(n log n) | Review: Work O(n log n), Span O(n log n)
src/Chap43/OrderedSetMtEph.rs:218: info: match (implicit): APAS: Work O(lg n), Span O(lg n) | Review: Work O(lg n), Span O(lg n)
src/Chap43/OrderedSetMtEph.rs:228: info: match (implicit): APAS: Work O(lg n), Span O(lg n) | Review: Work O(lg n), Span O(lg n)
src/Chap43/OrderedSetMtEph.rs:238: info: match (implicit): APAS: Work O(lg n), Span O(lg n) | Review: Work O(lg n), Span O(lg n)
src/Chap43/OrderedSetMtEph.rs:249: info: match (implicit): APAS: Work O(lg n), Span O(lg n) | Review: Work O(lg n), Span O(lg n)
src/Chap43/OrderedSetMtEph.rs:260: info: match (implicit): APAS: Work O(lg n), Span O(lg n) | Review: Work O(lg n), Span O(lg n)
src/Chap43/OrderedSetMtEph.rs:268: info: match (implicit): APAS: Work O(lg n), Span O(lg n) | Review: Work O(lg n), Span O(lg n)
src/Chap43/OrderedSetMtEph.rs:276: info: match (implicit): APAS: Work O(lg n), Span O(lg n) | Review: Work O(lg n), Span O(lg n)
src/Chap43/OrderedSetMtEph.rs:284: info: match (implicit): APAS: Work O(lg n), Span O(lg n) | Review: Work O(lg n), Span O(lg n)
src/Chap43/OrderedSetMtEph.rs:291: info: match (implicit): APAS: Work O(lg n), Span O(lg n) | Review: Work O(lg n), Span O(lg n)
src/Chap43/OrderedSetMtEph.rs:299: info: match (implicit): APAS: Work O(lg n), Span O(lg n) | Review: Work O(lg n), Span O(lg n)
src/Chap43/OrderedSetStEph.rs:128: info: match (implicit): APAS: Work O(1), Span O(1) | Review: Work O(1), Span O(1)
src/Chap43/OrderedSetStEph.rs:134: info: match (implicit): APAS: Work O(1), Span O(1) | Review: Work O(1), Span O(1)
src/Chap43/OrderedSetStEph.rs:144: info: match (implicit): APAS: Work O(1), Span O(1) | Review: Work O(1), Span O(1)
src/Chap43/OrderedSetStEph.rs:154: info: match (implicit): APAS: Work O(log n), Span O(log n) | Review: Work O(log n), Span O(log n)
src/Chap43/OrderedSetStEph.rs:160: info: match (implicit): APAS: Work O(log n), Span O(log n) | Review: Work O(log n), Span O(log n)
src/Chap43/OrderedSetStEph.rs:170: info: match (implicit): APAS: Work O(log n), Span O(log n) | Review: Work O(log n), Span O(log n)
src/Chap43/OrderedSetStEph.rs:178: info: match (implicit): APAS: Work O(n), Span O(n) | Review: Work O(n), Span O(n)
src/Chap43/OrderedSetStEph.rs:198: error: possible mismatch: APAS: Work O(m log(n/m + 1)), Span O(m log(n/m + 1)) | Review: Work O(m log(n/m + 1)
src/Chap43/OrderedSetStEph.rs:206: error: possible mismatch: APAS: Work O(m log(n/m + 1)), Span O(m log(n/m + 1)) | Review: Work O(m log(n/m + 1)
src/Chap43/OrderedSetStEph.rs:217: error: possible mismatch: APAS: Work O(m log(n/m + 1)), Span O(m log(n/m + 1)) | Review: Work O(m log(n/m + 1)
src/Chap43/OrderedSetStEph.rs:225: info: match (implicit): APAS: Work O(n), Span O(n) | Review: Work O(n), Span O(n)
src/Chap43/OrderedSetStEph.rs:234: info: match (implicit): APAS: Work O(n log n), Span O(n log n) | Review: Work O(n log n), Span O(n log n)
src/Chap43/OrderedSetStEph.rs:247: info: match (implicit): APAS: Work O(lg n), Span O(lg n) | Review: Work O(lg n), Span O(lg n)
src/Chap43/OrderedSetStEph.rs:257: info: match (implicit): APAS: Work O(lg n), Span O(lg n) | Review: Work O(lg n), Span O(lg n)
src/Chap43/OrderedSetStEph.rs:267: info: match (implicit): APAS: Work O(lg n), Span O(lg n) | Review: Work O(lg n), Span O(lg n)
src/Chap43/OrderedSetStEph.rs:278: info: match (implicit): APAS: Work O(lg n), Span O(lg n) | Review: Work O(lg n), Span O(lg n)
src/Chap43/OrderedSetStEph.rs:289: info: match (implicit): APAS: Work O(lg n), Span O(lg n) | Review: Work O(lg n), Span O(lg n)
src/Chap43/OrderedSetStEph.rs:305: info: match (implicit): APAS: Work O(lg n), Span O(lg n) | Review: Work O(lg n), Span O(lg n)
src/Chap43/OrderedSetStEph.rs:314: info: match (implicit): APAS: Work O(lg n), Span O(lg n) | Review: Work O(lg n), Span O(lg n)
src/Chap43/OrderedSetStEph.rs:323: info: match (implicit): APAS: Work O(lg n), Span O(lg n) | Review: Work O(lg n), Span O(lg n)
src/Chap43/OrderedSetStEph.rs:330: info: match (implicit): APAS: Work O(lg n), Span O(lg n) | Review: Work O(lg n), Span O(lg n)
src/Chap43/OrderedSetStEph.rs:338: info: match (implicit): APAS: Work O(lg n), Span O(lg n) | Review: Work O(lg n), Span O(lg n)
src/Chap43/OrderedSetStPer.rs:130: info: match (implicit): APAS: Work O(1), Span O(1) | Review: Work O(1), Span O(1)
src/Chap43/OrderedSetStPer.rs:136: info: match (implicit): APAS: Work O(1), Span O(1) | Review: Work O(1), Span O(1)
src/Chap43/OrderedSetStPer.rs:144: info: match (implicit): APAS: Work O(1), Span O(1) | Review: Work O(1), Span O(1)
src/Chap43/OrderedSetStPer.rs:152: info: match (implicit): APAS: Work O(log n), Span O(log n) | Review: Work O(log n), Span O(log n)
src/Chap43/OrderedSetStPer.rs:158: info: match (implicit): APAS: Work O(log n), Span O(log n) | Review: Work O(log n), Span O(log n)
src/Chap43/OrderedSetStPer.rs:166: info: match (implicit): APAS: Work O(log n), Span O(log n) | Review: Work O(log n), Span O(log n)
src/Chap43/OrderedSetStPer.rs:172: info: match (implicit): APAS: Work O(n), Span O(n) | Review: Work O(n), Span O(n)
src/Chap43/OrderedSetStPer.rs:186: error: possible mismatch: APAS: Work O(m log(n/m + 1)), Span O(m log(n/m + 1)) | Review: Work O(m log(n/m + 1)
src/Chap43/OrderedSetStPer.rs:192: error: possible mismatch: APAS: Work O(m log(n/m + 1)), Span O(m log(n/m + 1)) | Review: Work O(m log(n/m + 1)
src/Chap43/OrderedSetStPer.rs:201: error: possible mismatch: APAS: Work O(m log(n/m + 1)), Span O(m log(n/m + 1)) | Review: Work O(m log(n/m + 1)
src/Chap43/OrderedSetStPer.rs:207: info: match (implicit): APAS: Work O(n), Span O(n) | Review: Work O(n), Span O(n)
src/Chap43/OrderedSetStPer.rs:216: info: match (implicit): APAS: Work O(n log n), Span O(n log n) | Review: Work O(n log n), Span O(n log n)
src/Chap43/OrderedSetStPer.rs:228: info: match (implicit): APAS: Work O(lg n), Span O(lg n) | Review: Work O(lg n), Span O(lg n)
src/Chap43/OrderedSetStPer.rs:238: info: match (implicit): APAS: Work O(lg n), Span O(lg n) | Review: Work O(lg n), Span O(lg n)
src/Chap43/OrderedSetStPer.rs:248: info: match (implicit): APAS: Work O(lg n), Span O(lg n) | Review: Work O(lg n), Span O(lg n)
src/Chap43/OrderedSetStPer.rs:259: info: match (implicit): APAS: Work O(lg n), Span O(lg n) | Review: Work O(lg n), Span O(lg n)
src/Chap43/OrderedSetStPer.rs:270: info: match (implicit): APAS: Work O(lg n), Span O(lg n) | Review: Work O(lg n), Span O(lg n)
src/Chap43/OrderedSetStPer.rs:286: info: match (implicit): APAS: Work O(lg n), Span O(lg n) | Review: Work O(lg n), Span O(lg n)
src/Chap43/OrderedSetStPer.rs:295: info: match (implicit): APAS: Work O(lg n), Span O(lg n) | Review: Work O(lg n), Span O(lg n)
src/Chap43/OrderedSetStPer.rs:304: info: match (implicit): APAS: Work O(lg n), Span O(lg n) | Review: Work O(lg n), Span O(lg n)
src/Chap43/OrderedSetStPer.rs:311: info: match (implicit): APAS: Work O(lg n), Span O(lg n) | Review: Work O(lg n), Span O(lg n)
src/Chap43/OrderedSetStPer.rs:319: info: match (implicit): APAS: Work O(lg n), Span O(lg n) | Review: Work O(lg n), Span O(lg n)
src/Chap43/OrderedTableMtEph.rs:121: info: match (implicit): APAS: Work O(1), Span O(1) | Review: Work O(1), Span O(1)
src/Chap43/OrderedTableMtEph.rs:129: info: match (implicit): APAS: Work O(1), Span O(1) | Review: Work O(1), Span O(1)
src/Chap43/OrderedTableMtEph.rs:142: info: match (implicit): APAS: Work O(1), Span O(1) | Review: Work O(1), Span O(1)
src/Chap43/OrderedTableMtEph.rs:155: info: match (implicit): APAS: Work O(log n), Span O(log n) | Review: Work O(log n), Span O(log n)
src/Chap43/OrderedTableMtEph.rs:167: info: match (implicit): APAS: Work O(log n), Span O(log n) | Review: Work O(log n), Span O(log n)
src/Chap43/OrderedTableMtEph.rs:179: info: match (implicit): APAS: Work O(1), Span O(1) | Review: Work O(1), Span O(1)
src/Chap43/OrderedTableMtEph.rs:187: info: match (implicit): APAS: Work O(log n), Span O(log n) | Review: Work O(log n), Span O(log n)
src/Chap43/OrderedTableMtEph.rs:198: info: match (implicit): APAS: Work O(log n), Span O(log n) | Review: Work O(log n), Span O(log n)
src/Chap43/OrderedTableMtEph.rs:208: info: match (implicit): APAS: Work O(n), Span O(n) | Review: Work O(n), Span O(n)
src/Chap43/OrderedTableMtEph.rs:215: info: match (implicit): APAS: Work O(n log n), Span O(n log n) | Review: Work O(n log n), Span O(n log n)
src/Chap43/OrderedTableMtEph.rs:233: info: match (implicit): APAS: Work O(n), Span O(n) | Review: Work O(n), Span O(n)
src/Chap43/OrderedTableMtEph.rs:240: info: match (implicit): APAS: Work O(n), Span O(n) | Review: Work O(n), Span O(n)
src/Chap43/OrderedTableMtEph.rs:254: error: possible mismatch: APAS: Work O(m log(n/m + 1)), Span O(log n log m) | Review: Work O(m log(n/m + 1)
src/Chap43/OrderedTableMtEph.rs:261: error: possible mismatch: APAS: Work O(m log(n/m + 1)), Span O(log n log m) | Review: Work O(m log(n/m + 1)
src/Chap43/OrderedTableMtEph.rs:268: error: possible mismatch: APAS: Work O(m log(n/m + 1)), Span O(log n log m) | Review: Work O(m log(n/m + 1)
src/Chap43/OrderedTableMtEph.rs:275: error: possible mismatch: APAS: Work O(m log(n/m + 1)), Span O(log n log m) | Review: Work O(m log(n/m + 1)
src/Chap43/OrderedTableMtEph.rs:282: error: possible mismatch: APAS: Work O(m log(n/m + 1)), Span O(log n log m) | Review: Work O(m log(n/m + 1)
src/Chap43/OrderedTableMtEph.rs:289: info: match (implicit): APAS: Work O(n), Span O(n) | Review: Work O(n), Span O(n)
src/Chap43/OrderedTableMtEph.rs:296: info: match (implicit): APAS: Work O(n log n), Span O(n log n) | Review: Work O(n log n), Span O(n log n)
src/Chap43/OrderedTableMtEph.rs:303: info: match (implicit): APAS: Work O(log n), Span O(log n) | Review: Work O(log n), Span O(log n)
src/Chap43/OrderedTableMtEph.rs:315: info: match (implicit): APAS: Work O(log n), Span O(log n) | Review: Work O(log n), Span O(log n)
src/Chap43/OrderedTableMtEph.rs:327: info: match (implicit): APAS: Work O(log n), Span O(log n) | Review: Work O(log n), Span O(log n)
src/Chap43/OrderedTableMtEph.rs:339: info: match (implicit): APAS: Work O(log n), Span O(log n) | Review: Work O(log n), Span O(log n)
src/Chap43/OrderedTableMtEph.rs:351: info: match (implicit): APAS: Work O(log n), Span O(log n) | Review: Work O(log n), Span O(log n)
src/Chap43/OrderedTableMtEph.rs:359: error: possible mismatch: APAS: Work O(m log(n/m + 1)), Span O(log n log m) | Review: Work O(m log(n/m + 1)
src/Chap43/OrderedTableMtEph.rs:366: info: match (implicit): APAS: Work O(log n + m), Span O(log n) | Review: Work O(log n + m), Span O(log n)
src/Chap43/OrderedTableMtEph.rs:377: info: match (implicit): APAS: Work O(log n), Span O(log n) | Review: Work O(log n), Span O(log n)
src/Chap43/OrderedTableMtEph.rs:388: info: match (implicit): APAS: Work O(log n), Span O(log n) | Review: Work O(log n), Span O(log n)
src/Chap43/OrderedTableMtEph.rs:400: info: match (implicit): APAS: Work O(log n), Span O(log n) | Review: Work O(log n), Span O(log n)
src/Chap43/OrderedTableMtPer.rs:115: info: match (implicit): APAS: Work O(1), Span O(1) | Review: Work O(1), Span O(1)
src/Chap43/OrderedTableMtPer.rs:123: info: match (implicit): APAS: Work O(1), Span O(1) | Review: Work O(1), Span O(1)
src/Chap43/OrderedTableMtPer.rs:136: info: match (implicit): APAS: Work O(1), Span O(1) | Review: Work O(1), Span O(1)
src/Chap43/OrderedTableMtPer.rs:150: info: match (implicit): APAS: Work O(log n), Span O(log n) | Review: Work O(log n), Span O(log n)
src/Chap43/OrderedTableMtPer.rs:161: info: match (implicit): APAS: Work O(log n), Span O(log n) | Review: Work O(log n), Span O(log n)
src/Chap43/OrderedTableMtPer.rs:182: info: match (implicit): APAS: Work O(log n), Span O(log n) | Review: Work O(log n), Span O(log n)
src/Chap43/OrderedTableMtPer.rs:200: info: match (implicit): APAS: Work O(n), Span O(n) | Review: Work O(n), Span O(n)
src/Chap43/OrderedTableMtPer.rs:207: info: match (implicit): APAS: Work O(n), Span O(n) | Review: Work O(n), Span O(n)
src/Chap43/OrderedTableMtPer.rs:222: info: match (implicit): APAS: Work O(n), Span O(n) | Review: Work O(n), Span O(n)
src/Chap43/OrderedTableMtPer.rs:229: info: match (implicit): APAS: Work O(log n), Span O(log n) | Review: Work O(log n), Span O(log n)
src/Chap43/OrderedTableMtPer.rs:241: info: match (implicit): APAS: Work O(log n), Span O(log n) | Review: Work O(log n), Span O(log n)
src/Chap43/OrderedTableMtPer.rs:253: info: match (implicit): APAS: Work O(log n), Span O(log n) | Review: Work O(log n), Span O(log n)
src/Chap43/OrderedTableMtPer.rs:265: info: match (implicit): APAS: Work O(log n), Span O(log n) | Review: Work O(log n), Span O(log n)
src/Chap43/OrderedTableMtPer.rs:277: info: match (implicit): APAS: Work O(log n), Span O(log n) | Review: Work O(log n), Span O(log n)
src/Chap43/OrderedTableMtPer.rs:285: error: possible mismatch: APAS: Work O(m log(n/m + 1)), Span O(log n log m) | Review: Work O(m log(n/m + 1)
src/Chap43/OrderedTableMtPer.rs:297: info: match (implicit): APAS: Work O(log n + m), Span O(log n) | Review: Work O(log n + m), Span O(log n)
src/Chap43/OrderedTableMtPer.rs:304: info: match (implicit): APAS: Work O(log n), Span O(log n) | Review: Work O(log n), Span O(log n)
src/Chap43/OrderedTableMtPer.rs:315: info: match (implicit): APAS: Work O(log n), Span O(log n) | Review: Work O(log n), Span O(log n)
src/Chap43/OrderedTableMtPer.rs:327: info: match (implicit): APAS: Work O(log n), Span O(log n) | Review: Work O(log n), Span O(log n)
src/Chap43/OrderedTableStEph.rs:91: info: match (implicit): APAS: Work O(1), Span O(1) | Review: Work O(1), Span O(1)
src/Chap43/OrderedTableStEph.rs:98: info: match (implicit): APAS: Work O(1), Span O(1) | Review: Work O(1), Span O(1)
src/Chap43/OrderedTableStEph.rs:114: info: match (implicit): APAS: Work O(1), Span O(1) | Review: Work O(1), Span O(1)
src/Chap43/OrderedTableStEph.rs:127: info: match (implicit): APAS: Work O(log n), Span O(log n) | Review: Work O(log n), Span O(log n)
src/Chap43/OrderedTableStEph.rs:138: info: match (implicit): APAS: Work O(log n), Span O(log n) | Review: Work O(log n), Span O(log n)
src/Chap43/OrderedTableStEph.rs:149: info: match (implicit): APAS: Work O(1), Span O(1) | Review: Work O(1), Span O(1)
src/Chap43/OrderedTableStEph.rs:156: info: match (implicit): APAS: Work O(log n), Span O(log n) | Review: Work O(log n), Span O(log n)
src/Chap43/OrderedTableStEph.rs:174: info: match (implicit): APAS: Work O(log n), Span O(log n) | Review: Work O(log n), Span O(log n)
src/Chap43/OrderedTableStEph.rs:184: info: match (implicit): APAS: Work O(n), Span O(n) | Review: Work O(n), Span O(n)
src/Chap43/OrderedTableStEph.rs:191: info: match (implicit): APAS: Work O(n log n), Span O(n) | Review: Work O(n log n), Span O(n)
src/Chap43/OrderedTableStEph.rs:215: info: match (implicit): APAS: Work O(n), Span O(n) | Review: Work O(n), Span O(n)
src/Chap43/OrderedTableStEph.rs:225: info: match (implicit): APAS: Work O(n), Span O(n) | Review: Work O(n), Span O(n)
src/Chap43/OrderedTableStEph.rs:245: info: match (implicit): APAS: Work O(n), Span O(n) | Review: Work O(n), Span O(n)
src/Chap43/OrderedTableStEph.rs:251: error: possible mismatch: APAS: Work O(m log(n/m + 1)), Span O(log n log m) | Review: Work O(m log(n/m + 1)
src/Chap43/OrderedTableStEph.rs:270: error: possible mismatch: APAS: Work O(m log(n/m + 1)), Span O(log n log m) | Review: Work O(m log(n/m + 1)
src/Chap43/OrderedTableStEph.rs:294: error: possible mismatch: APAS: Work O(m log(n/m + 1)), Span O(log n log m) | Review: Work O(m log(n/m + 1)
src/Chap43/OrderedTableStEph.rs:304: error: possible mismatch: APAS: Work O(m log(n/m + 1)), Span O(log n log m) | Review: Work O(m log(n/m + 1)
src/Chap43/OrderedTableStEph.rs:314: error: possible mismatch: APAS: Work O(m log(n/m + 1)), Span O(log n log m) | Review: Work O(m log(n/m + 1)
src/Chap43/OrderedTableStEph.rs:324: info: match (implicit): APAS: Work O(n log n), Span O(n log n) | Review: Work O(n log n), Span O(n log n)
src/Chap43/OrderedTableStEph.rs:331: info: match (implicit): APAS: Work O(log n), Span O(log n) | Review: Work O(log n), Span O(log n)
src/Chap43/OrderedTableStEph.rs:342: info: match (implicit): APAS: Work O(log n), Span O(log n) | Review: Work O(log n), Span O(log n)
src/Chap43/OrderedTableStEph.rs:352: info: match (implicit): APAS: Work O(log n), Span O(log n) | Review: Work O(log n), Span O(log n)
src/Chap43/OrderedTableStEph.rs:362: info: match (implicit): APAS: Work O(log n), Span O(log n) | Review: Work O(log n), Span O(log n)
src/Chap43/OrderedTableStEph.rs:372: info: match (implicit): APAS: Work O(log n), Span O(log n) | Review: Work O(log n), Span O(log n)
src/Chap43/OrderedTableStEph.rs:392: error: possible mismatch: APAS: Work O(m log(n/m + 1)), Span O(log n log m) | Review: Work O(m log(n/m + 1)
src/Chap43/OrderedTableStEph.rs:406: error: possible mismatch: APAS: Work O(log n + m) where m = output size, Span O(log n) | Review: Work O(log n + m)
src/Chap43/OrderedTableStEph.rs:417: info: match (implicit): APAS: Work O(log n), Span O(log n) | Review: Work O(log n), Span O(log n)
src/Chap43/OrderedTableStEph.rs:429: info: match (implicit): APAS: Work O(log n), Span O(log n) | Review: Work O(log n), Span O(log n)
src/Chap43/OrderedTableStEph.rs:442: info: match (implicit): APAS: Work O(log n), Span O(log n) | Review: Work O(log n), Span O(log n)
src/Chap43/OrderedTableStPer.rs:94: info: match (implicit): APAS: Work O(1), Span O(1) | Review: Work O(1), Span O(1)
src/Chap43/OrderedTableStPer.rs:100: info: match (implicit): APAS: Work O(1), Span O(1) | Review: Work O(1), Span O(1)
src/Chap43/OrderedTableStPer.rs:111: info: match (implicit): APAS: Work O(1), Span O(1) | Review: Work O(1), Span O(1)
src/Chap43/OrderedTableStPer.rs:123: info: match (implicit): APAS: Work O(log n), Span O(log n) | Review: Work O(log n), Span O(log n)
src/Chap43/OrderedTableStPer.rs:133: info: match (implicit): APAS: Work O(log n), Span O(log n) | Review: Work O(log n), Span O(log n)
src/Chap43/OrderedTableStPer.rs:159: info: match (implicit): APAS: Work O(log n), Span O(log n) | Review: Work O(log n), Span O(log n)
src/Chap43/OrderedTableStPer.rs:180: info: match (implicit): APAS: Work O(n), Span O(n) | Review: Work O(n), Span O(n)
src/Chap43/OrderedTableStPer.rs:186: info: match (implicit): APAS: Work O(n log n), Span O(n log n) | Review: Work O(n log n), Span O(n log n)
src/Chap43/OrderedTableStPer.rs:207: info: match (implicit): APAS: Work O(n), Span O(n) | Review: Work O(n), Span O(n)
src/Chap43/OrderedTableStPer.rs:220: info: match (implicit): APAS: Work O(n), Span O(n) | Review: Work O(n), Span O(n)
src/Chap43/OrderedTableStPer.rs:234: error: possible mismatch: APAS: Work O(m log(n/m + 1)), Span O(log n log m) | Review: Work O(m log(n/m + 1)
src/Chap43/OrderedTableStPer.rs:251: error: possible mismatch: APAS: Work O(m log(n/m + 1)), Span O(log n log m) | Review: Work O(m log(n/m + 1)
src/Chap43/OrderedTableStPer.rs:273: error: possible mismatch: APAS: Work O(m log(n/m + 1)), Span O(log n log m) | Review: Work O(m log(n/m + 1)
src/Chap43/OrderedTableStPer.rs:282: error: possible mismatch: APAS: Work O(m log(n/m + 1)), Span O(log n log m) | Review: Work O(m log(n/m + 1)
src/Chap43/OrderedTableStPer.rs:291: error: possible mismatch: APAS: Work O(m log(n/m + 1)), Span O(log n log m) | Review: Work O(m log(n/m + 1)
src/Chap43/OrderedTableStPer.rs:300: info: match (implicit): APAS: Work O(n log n), Span O(n log n) | Review: Work O(n log n), Span O(n log n)
src/Chap43/OrderedTableStPer.rs:306: info: match (implicit): APAS: Work O(log n), Span O(log n) | Review: Work O(log n), Span O(log n)
src/Chap43/OrderedTableStPer.rs:316: info: match (implicit): APAS: Work O(log n), Span O(log n) | Review: Work O(log n), Span O(log n)
src/Chap43/OrderedTableStPer.rs:326: info: match (implicit): APAS: Work O(log n), Span O(log n) | Review: Work O(log n), Span O(log n)
src/Chap43/OrderedTableStPer.rs:336: info: match (implicit): APAS: Work O(log n), Span O(log n) | Review: Work O(log n), Span O(log n)
src/Chap43/OrderedTableStPer.rs:346: info: match (implicit): APAS: Work O(log n), Span O(log n) | Review: Work O(log n), Span O(log n)
src/Chap43/OrderedTableStPer.rs:365: error: possible mismatch: APAS: Work O(m log(n/m + 1)), Span O(log n log m) | Review: Work O(m log(n/m + 1)
src/Chap43/OrderedTableStPer.rs:379: warning: ACCEPTED DIFFERENCE: Work O(log n + m) — ACCEPTED DIFFERENCE: St sequential, APAS parallel
src/Chap43/OrderedTableStPer.rs:388: info: match (implicit): APAS: Work O(log n), Span O(log n) | Review: Work O(log n), Span O(log n)
src/Chap43/OrderedTableStPer.rs:399: info: match (implicit): APAS: Work O(log n), Span O(log n) | Review: Work O(log n), Span O(log n)
src/Chap43/OrderedTableStPer.rs:411: info: match (implicit): APAS: Work O(log n), Span O(log n) | Review: Work O(log n), Span O(log n)
src/Chap44/DocumentIndex.rs:93: warning: ACCEPTED DIFFERENCE: Work O(n lg n), Span O(n lg n) — ACCEPTED DIFFERENCE: sequential loops, APAS Span O(lg^2 n)
src/Chap44/DocumentIndex.rs:104: info: match (implicit): APAS: Work O(lg n), Span O(lg n) | Review: Work O(lg n), Span O(lg n)
src/Chap44/DocumentIndex.rs:118: warning: ACCEPTED DIFFERENCE: Work O(m·lg(1+n/m)), Span O(m·lg(1+n/m)) — ACCEPTED DIFFERENCE: sequential split-join
src/Chap44/DocumentIndex.rs:132: warning: ACCEPTED DIFFERENCE: Work O(m·lg(1+n/m)), Span O(m·lg(1+n/m)) — ACCEPTED DIFFERENCE: sequential split-join
src/Chap44/DocumentIndex.rs:147: warning: ACCEPTED DIFFERENCE: Work O(m·lg(1+n/m)), Span O(m·lg(1+n/m)) — ACCEPTED DIFFERENCE: sequential split-join
src/Chap44/DocumentIndex.rs:160: info: match (implicit): APAS: Work O(1), Span O(1) | Review: Work O(1), Span O(1) — agrees with APAS
src/Chap44/DocumentIndex.rs:500: info: match (implicit): APAS: Work O(lg n), Span O(lg n) | Review: Work O(lg n), Span O(lg n)
src/Chap45/BalancedTreePQ.rs:102: info: match (implicit): APAS: Work O(lg n), Span O(lg n) | Review: Work O(lg n), Span O(lg n)
src/Chap45/BalancedTreePQ.rs:114: info: match (implicit): APAS: Work O(lg n), Span O(lg n) | Review: Work O(lg n), Span O(lg n)
src/Chap45/BalancedTreePQ.rs:126: info: match (implicit): APAS: Work O(m·lg(1+n/m)), Span O(m·lg(1+n/m)) | Review: Work O(m·lg(1+n/m)), Span O(m·lg(1+n/m)): tree union
src/Chap45/BalancedTreePQ.rs:136: info: match (implicit): APAS: Work O(n lg n), Span O(n lg n) | Review: Work O(n lg n), Span O(n lg n): sequential inserts
src/Chap45/BalancedTreePQ.rs:293: info: match (implicit): APAS: Work O(1), Span O(1). | Review: Work O(1), Span O(1); constant-time empty construction.
src/Chap45/BalancedTreePQ.rs:302: info: match (implicit): APAS: Work O(1), Span O(1). | Review: Work O(1), Span O(1); constant-time singleton construction.
src/Chap45/BalancedTreePQ.rs:312: warning: ACCEPTED DIFFERENCE: Work O(1), Span O(1) — ACCEPTED DIFFERENCE: indexed access to first element of sorted seq.
src/Chap45/BalancedTreePQ.rs:323: warning: ACCEPTED DIFFERENCE: Work O(n), Span O(n) — ACCEPTED DIFFERENCE: values_in_order + Vec::insert at sorted position.
src/Chap45/BalancedTreePQ.rs:390: warning: ACCEPTED DIFFERENCE: Work O(n), Span O(n) — ACCEPTED DIFFERENCE: clone elements 1..n, rebuild via from_vec.
src/Chap45/BalancedTreePQ.rs:412: warning: ACCEPTED DIFFERENCE: Work O(m+n), Span O(m+n) — ACCEPTED DIFFERENCE: merge two sorted sequences, rebuild via from_vec.
src/Chap45/BalancedTreePQ.rs:478: warning: ACCEPTED DIFFERENCE: Work O(n^2), Span O(n^2) — ACCEPTED DIFFERENCE: n calls to insert, each O(n).
src/Chap45/BalancedTreePQ.rs:532: warning: ACCEPTED DIFFERENCE: Work O(n), Span O(n) — ACCEPTED DIFFERENCE: clone elements 0..n-1, rebuild via from_vec.
src/Chap45/BinaryHeapPQ.rs:259: info: match (implicit): APAS: Work O(lg n), Span O(lg n) | Review: Work O(lg n), Span O(lg n): sift up
src/Chap45/BinaryHeapPQ.rs:272: info: match (implicit): APAS: Work O(lg n), Span O(lg n) | Review: Work O(lg n), Span O(lg n): sift down
src/Chap45/BinaryHeapPQ.rs:294: info: match (implicit): APAS: Work O(m + n), Span O(m + n) | Review: Work O(m + n), Span O(m + n): rebuild heap from combined arrays
src/Chap45/BinaryHeapPQ.rs:306: info: match (implicit): APAS: Work O(n), Span O(n) | Review: Work O(n), Span O(n) Work: bottom-up heapify
src/Chap45/BinaryHeapPQ.rs:1210: info: match (implicit): APAS: Work O(1), Span O(1). | Review: Work O(1), Span O(1); constant-time empty construction.
src/Chap45/BinaryHeapPQ.rs:1224: info: match (implicit): APAS: Work O(1), Span O(1). | Review: Work O(1), Span O(1); constant-time singleton construction.
src/Chap45/BinaryHeapPQ.rs:1241: info: match (implicit): APAS: Work O(1), Span O(1). | Review: Work O(1), Span O(1); root of heap is minimum.
src/Chap45/BinaryHeapPQ.rs:1270: warning: ACCEPTED DIFFERENCE: Work O(n), Span O(n) — ACCEPTED DIFFERENCE: append copies persistent array O(n), then bubble_up O(log n).
src/Chap45/BinaryHeapPQ.rs:1345: warning: ACCEPTED DIFFERENCE: Work O(n), Span O(n) — ACCEPTED DIFFERENCE: rebuild array O(n), then bubble_down O(log n).
src/Chap45/BinaryHeapPQ.rs:1552: info: match (implicit): APAS: Work O(m+n), Span O(m+n). | Review: Work O(m+n), Span O(m+n); append O(m+n), then heapify O(m+n).
src/Chap45/BinaryHeapPQ.rs:1587: info: match (implicit): APAS: Work O(n), Span O(n). | Review: Work O(n), Span O(n); heapify via bottom-up bubble_down.
src/Chap45/BinaryHeapPQ.rs:1597: info: match (implicit): APAS: Work O(1), Span O(1). | Review: Work O(1), Span O(1); field access.
src/Chap45/BinaryHeapPQ.rs:1604: info: match (implicit): APAS: Work O(1), Span O(1). | Review: Work O(1), Span O(1); field access and comparison.
src/Chap45/BinaryHeapPQ.rs:1611: info: match (implicit): APAS: Work O(n), Span O(n). | Review: Work O(n), Span O(n); clones persistent array.
src/Chap45/BinaryHeapPQ.rs:1619: warning: ACCEPTED DIFFERENCE: Work O(m+n), Span O(m+n) — ACCEPTED DIFFERENCE: from_seq O(m), then meld O(m+n).
src/Chap45/BinaryHeapPQ.rs:1627: warning: ACCEPTED DIFFERENCE: Work O(n^2), Span O(n^2) — ACCEPTED DIFFERENCE: n iterations of delete_min each O(n).
src/Chap45/BinaryHeapPQ.rs:1736: info: match (implicit): APAS: Work O(n), Span O(n). | Review: Work O(n), Span O(n); linear scan checking parent-child ordering.
src/Chap45/BinaryHeapPQ.rs:1743: info: match (implicit): APAS: Work O(log n), Span O(log n). | Review: Work O(log n), Span O(log n); computes floor(log2(n)) + 1.
src/Chap45/BinaryHeapPQ.rs:1762: info: match (implicit): APAS: Work O(2^level), Span O(2^level). | Review: Work O(2^level), Span O(2^level); copies elements in [2^level - 1, 2^(level+1) - 1).
src/Chap45/BinaryHeapPQ.rs:1806: info: match (implicit): APAS: Work O(n), Span O(n). | Review: Work O(n), Span O(n); from_vec then heapify.
src/Chap45/BinaryHeapPQ.rs:1815: error: possible mismatch: APAS: // Veracity: UNNEEDED proof block             /// - Alg Analysis: APAS (Ch45 ref): Work O(n), Span O(n). | Review: // Veracity: UNNEEDED proof block             /// - Alg Analysis: Code review (Claude Opus 4.6): Work O(n), Span O(n); linear copy to Vec.
src/Chap45/BinaryHeapPQ.rs:1837: warning: ACCEPTED DIFFERENCE: Work O(n^2), Span O(n^2) — ACCEPTED DIFFERENCE: extract_all_sorted O(n^2), then linear copy.
src/Chap45/HeapsortExample.rs:195: info: match (implicit): APAS: Work O(n²), Span O(n²) — n × O(n) deleteMin dominates. | Review: Work O(n²), Span O(n²) — agrees with APAS.
src/Chap45/HeapsortExample.rs:214: info: match (implicit): APAS: Work O(n²), Span O(n²) — n × O(n) insert dominates. | Review: Work O(n²), Span O(n²) — agrees with APAS.
src/Chap45/HeapsortExample.rs:233: error: possible mismatch: APAS: Work O(n log n), Span O(n log n) | Review: Work O(n²), Span O(n²) — insert is O(n) due to Vec conversion, not O(log n).
src/Chap45/HeapsortExample.rs:252: error: possible mismatch: APAS: Work O(n log n), Span O(n log n) | Review: Work O(n² log n), Span O(n² log n) — each insert/delete is O(n log n) due to array swaps.
src/Chap45/HeapsortExample.rs:271: error: possible mismatch: APAS: Work O(n log n), Span O(n log n) | Review: Work O(n²), Span O(n²) — each insert/delete clones tree O(n).
src/Chap45/LeftistHeapPQ.rs:642: info: match (implicit): APAS: Work O(lg n), Span O(lg n) | Review: Work O(lg n), Span O(lg n): meld with singleton
src/Chap45/LeftistHeapPQ.rs:653: info: match (implicit): APAS: Work O(lg n), Span O(lg n) | Review: Work O(lg n), Span O(lg n): meld children
src/Chap45/LeftistHeapPQ.rs:670: info: match (implicit): APAS: Work O(lg m + lg n), Span O(lg m + lg n) | Review: Work O(lg m + lg n), Span O(lg m + lg n)
src/Chap45/LeftistHeapPQ.rs:683: warning: ACCEPTED DIFFERENCE: Work O(n), Span O(n) — ACCEPTED DIFFERENCE: sequential reduce, APAS Span O(lg^2 n) assumes parallel
src/Chap45/LeftistHeapPQ.rs:820: info: match (implicit): APAS: Work O(1), Span O(1). | Review: Work O(1), Span O(1); constant-time Leaf construction.
src/Chap45/LeftistHeapPQ.rs:828: info: match (implicit): APAS: Work O(1), Span O(1). | Review: Work O(1), Span O(1); constant-time Node construction.
src/Chap45/LeftistHeapPQ.rs:855: info: match (implicit): APAS: Work O(1), Span O(1). | Review: Work O(1), Span O(1); root access by heap property.
src/Chap45/LeftistHeapPQ.rs:889: info: match (implicit): APAS: Work O(log n), Span O(log n). | Review: Work O(log n), Span O(log n); singleton then meld along right spines.
src/Chap45/LeftistHeapPQ.rs:907: info: match (implicit): APAS: Work O(log n), Span O(log n). | Review: Work O(log n), Span O(log n); remove root, meld children.
src/Chap45/LeftistHeapPQ.rs:971: info: match (implicit): APAS: Work O(log m + log n), Span O(log m + log n). | Review: Work O(log m + log n), Span O(log m + log n); recursive meld along right spines.
src/Chap45/LeftistHeapPQ.rs:983: warning: ACCEPTED DIFFERENCE: Work O(n log n), Span O(n log n) — ACCEPTED DIFFERENCE: sequential insert, not reduce-based.
src/Chap45/SortedListPQ.rs:179: info: match (implicit): APAS: Work O(n), Span O(n) | Review: Work O(n), Span O(n): scan for sorted position + copy
src/Chap45/SortedListPQ.rs:193: warning: ACCEPTED DIFFERENCE: Work O(n), Span O(n) — ACCEPTED DIFFERENCE: persistent array drops first element by copying
src/Chap45/SortedListPQ.rs:208: info: match (implicit): APAS: Work O(m + n), Span O(m + n) | Review: Work O(m + n), Span O(m + n): sorted merge
src/Chap45/SortedListPQ.rs:222: info: match (implicit): APAS: Work O(n lg n), Span O(n lg n) | Review: Work O(n lg n), Span O(n lg n): sequential inserts
src/Chap45/SortedListPQ.rs:361: info: match (implicit): APAS: Work O(1), Span O(1). | Review: Work O(1), Span O(1); constant-time empty construction.
src/Chap45/SortedListPQ.rs:380: info: match (implicit): APAS: Work O(1), Span O(1). | Review: Work O(1), Span O(1); constant-time singleton construction.
src/Chap45/SortedListPQ.rs:397: info: match (implicit): APAS: Work O(1), Span O(1). | Review: Work O(1), Span O(1); head of sorted list.
src/Chap45/SortedListPQ.rs:408: info: match (implicit): APAS: Work O(n), Span O(n). | Review: Work O(n), Span O(n); linear scan for position, then rebuild.
src/Chap45/SortedListPQ.rs:626: warning: ACCEPTED DIFFERENCE: Work O(n), Span O(n) — ACCEPTED DIFFERENCE: subseq_copy rebuilds without first element.
src/Chap45/SortedListPQ.rs:689: info: match (implicit): APAS: Work O(m+n), Span O(m+n). | Review: Work O(m+n), Span O(m+n); merge two sorted sequences.
src/Chap45/SortedListPQ.rs:924: warning: ACCEPTED DIFFERENCE: Work O(n^2), Span O(n^2) — ACCEPTED DIFFERENCE: n calls to insert, each O(n).
src/Chap45/UnsortedListPQ.rs:114: warning: ACCEPTED DIFFERENCE: Work O(n), Span O(n) — ACCEPTED DIFFERENCE: persistent array append copies entire array
src/Chap45/UnsortedListPQ.rs:124: info: match (implicit): APAS: Work O(n), Span O(n) | Review: Work O(n), Span O(n)
src/Chap45/UnsortedListPQ.rs:147: info: match (implicit): APAS: Work O(m + n), Span O(m + n) | Review: Work O(m + n), Span O(m + n)
src/Chap45/UnsortedListPQ.rs:158: info: match (implicit): APAS: Work O(n), Span O(n) | Review: Work O(n), Span O(n)
src/Chap45/UnsortedListPQ.rs:245: info: match (implicit): APAS: Work O(1), Span O(1). | Review: Work O(1), Span O(1); constant-time empty construction.
src/Chap45/UnsortedListPQ.rs:266: info: match (implicit): APAS: Work O(1), Span O(1). | Review: Work O(1), Span O(1); constant-time singleton construction.
src/Chap45/UnsortedListPQ.rs:283: info: match (implicit): APAS: Work O(n), Span O(n). | Review: Work O(n), Span O(n); linear scan over unsorted list.
src/Chap45/UnsortedListPQ.rs:341: warning: ACCEPTED DIFFERENCE: Work O(n), Span O(n) — ACCEPTED DIFFERENCE: append copies persistent array.
src/Chap45/UnsortedListPQ.rs:382: info: match (implicit): APAS: Work O(n), Span O(n). | Review: Work O(n), Span O(n); linear scan for min, then rebuild without it.
src/Chap45/UnsortedListPQ.rs:560: info: match (implicit): APAS: Work O(m+n), Span O(m+n). | Review: Work O(m+n), Span O(m+n); concatenates two persistent arrays.
src/Chap45/UnsortedListPQ.rs:599: info: match (implicit): APAS: Work O(n), Span O(n). | Review: Work O(n), Span O(n); clones persistent array.
src/Chap47/ChainedHashTable.rs:164: error: possible mismatch: APAS: Work O(1), Span O(1). | Review: N/A — abstract trait method; cost depends on hash function.
src/Chap47/DoubleHashFlatHashTableStEph.rs:102: error: possible mismatch: APAS: Work O(1), Span O(1). | Review: Work O(sizeof(Key)), Span O(sizeof(Key)) — hashes key with SipHash.
src/Chap47/DoubleHashFlatHashTableStEph.rs:152: info: match (implicit): APAS: Work O(1/(1−α)) expected, Span O(1/(1−α)). | Review: Work O(1/(1−α)) expected
src/Chap47/DoubleHashFlatHashTableStEph.rs:358: info: match (implicit): APAS: Work O(1/(1−α)) expected, Span O(1/(1−α)). | Review: Work O(1/(1−α)) expected
src/Chap47/DoubleHashFlatHashTableStEph.rs:501: info: match (implicit): APAS: Work O(1/(1−α)) expected, Span O(1/(1−α)). | Review: Work O(1/(1−α)) expected
src/Chap47/DoubleHashFlatHashTableStEph.rs:665: info: match (implicit): APAS: Work O(n + m + m'), Span O(n + m + m'). | Review: Work O(n + m + m'), Span O(n + m + m') — collects n pairs, creates m' slots, reinserts.
src/Chap47/DoubleHashFlatHashTableStEph.rs:827: info: match (implicit): APAS: Work O(1), Span O(1). | Review: Work O(1), Span O(1) — two hash values + arithmetic + modulo.
src/Chap47/DoubleHashFlatHashTableStEph.rs:836: info: match (implicit): APAS: Work O(1/(1−α)) expected, Span O(1/(1−α)). | Review: Work O(1/(1−α)) expected
src/Chap47/FlatHashTable.rs:164: error: possible mismatch: APAS: Work O(1), Span O(1). | Review: N/A — abstract trait method; cost depends on probing strategy.
src/Chap47/FlatHashTable.rs:175: error: possible mismatch: APAS: Work O(1/(1−α)) expected, Span O(1/(1−α)). | Review: N/A — abstract trait method; cost depends on probing strategy.
src/Chap47/FlatHashTable.rs:200: info: match (implicit): APAS: Work O(1), Span O(1). | Review: Work O(1), Span O(1) — constant-time enum construction.
src/Chap47/FlatHashTable.rs:207: info: match (implicit): APAS: Work O(1), Span O(1). | Review: Work O(1), Span O(1) — constant-time enum assignment.
src/Chap47/FlatHashTable.rs:216: info: match (implicit): APAS: Work O(1), Span O(1). | Review: Work O(1), Span O(1) — single match + key comparison.
src/Chap47/FlatHashTable.rs:232: info: match (implicit): APAS: Work O(1), Span O(1). | Review: Work O(1), Span O(1) — single match + enum assignment.
src/Chap47/LinkedListChainedHashTableStEph.rs:93: info: match (implicit): APAS: Work O(1), Span O(1). | Review: Work O(1), Span O(1) — empty LinkedListStEphS construction.
src/Chap47/LinkedListChainedHashTableStEph.rs:98: error: possible mismatch: APAS: Work O(1+α) expected, Span O(1+α). | Review: Work O(n), Span O(n) — linear scan for duplicate key, n = chain length.
src/Chap47/LinkedListChainedHashTableStEph.rs:126: error: possible mismatch: APAS: Work O(1+α) expected, Span O(1+α). | Review: Work O(n), Span O(n) — linear scan of chain, n = chain length.
src/Chap47/LinkedListChainedHashTableStEph.rs:142: error: possible mismatch: APAS: Work O(1+α) expected, Span O(1+α). | Review: Work O(n), Span O(n) — linear scan + Vec::remove, n = chain length.
src/Chap47/LinkedListChainedHashTableStEph.rs:188: info: match (implicit): APAS: Work O(n) worst, Span O(n). | Review: Work O(n) worst
src/Chap47/LinkedListChainedHashTableStEph.rs:294: error: possible mismatch: APAS: Work O(1+α) expected, Span O(1+α). | Review: Work O(n), Span O(n) — hash, backward scan bucket for last-wins match.
src/Chap47/LinkedListChainedHashTableStEph.rs:361: info: match (implicit): APAS: Work O(n) worst, Span O(n). | Review: Work O(n) worst
src/Chap47/LinkedListChainedHashTableStEph.rs:497: info: match (implicit): APAS: Work O(n + m + m'), Span O(n + m + m'). | Review: Work O(n + m + m'), Span O(n + m + m') — collects n pairs, creates m' lists, reinserts.
src/Chap47/LinkedListChainedHashTableStEph.rs:677: info: match (implicit): APAS: Work O(1), Span O(1). | Review: Work O(1), Span O(1) — delegates to stored hash function.
src/Chap47/LinProbFlatHashTableStEph.rs:109: info: match (implicit): APAS: Work O(1/(1−α)) expected, Span O(1/(1−α)). | Review: Work O(1/(1−α)) expected
src/Chap47/LinProbFlatHashTableStEph.rs:347: info: match (implicit): APAS: Work O(1/(1−α)) expected, Span O(1/(1−α)). | Review: Work O(1/(1−α)) expected
src/Chap47/LinProbFlatHashTableStEph.rs:470: info: match (implicit): APAS: Work O(1/(1−α)) expected, Span O(1/(1−α)). | Review: Work O(1/(1−α)) expected
src/Chap47/LinProbFlatHashTableStEph.rs:624: info: match (implicit): APAS: Work O(n + m + m'), Span O(n + m + m'). | Review: Work O(n + m + m'), Span O(n + m + m') — collects n pairs from m slots, creates m' new slots, reinserts n pairs.
src/Chap47/LinProbFlatHashTableStEph.rs:790: info: match (implicit): APAS: Work O(1), Span O(1). | Review: Work O(1), Span O(1) — hash + addition + modulo.
src/Chap47/LinProbFlatHashTableStEph.rs:798: info: match (implicit): APAS: Work O(1/(1−α)) expected, Span O(1/(1−α)). | Review: Work O(1/(1−α)) expected
src/Chap47/ParaHashTableStEph.rs:346: error: possible mismatch: APAS: Work O(1), Span O(1) | Review: Work O(1) expected, Span O(1) expected
src/Chap47/ParaHashTableStEph.rs:352: error: possible mismatch: APAS: Work O(1), Span O(1) | Review: Work O(1) expected, Span O(1) expected
src/Chap47/ParaHashTableStEph.rs:356: error: possible mismatch: APAS: Work O(1 + alpha), Span O(1 + alpha) | Review: Work O(1 + α) expected, Span O(1 + α) expected
src/Chap47/ParaHashTableStEph.rs:390: info: match (implicit): APAS: Work O(m), Span O(m) where m is initial size. | Review: Work O(m), Span O(m) — agrees with APAS; iterates m times to create entries.
src/Chap47/ParaHashTableStEph.rs:448: error: possible mismatch: APAS: Work O(1), Span O(1) | Review: Work O(1) expected, Span O(1) expected
src/Chap47/ParaHashTableStEph.rs:469: error: possible mismatch: APAS: Work O(1), Span O(1) | Review: Work O(1) expected, Span O(1) expected
src/Chap47/ParaHashTableStEph.rs:482: error: possible mismatch: APAS: Work O(1 + alpha), Span O(1 + alpha) | Review: Work O(1 + α) expected, Span O(1 + α) expected
src/Chap47/ParaHashTableStEph.rs:507: info: match (implicit): APAS: Work O(1), Span O(1). | Review: Work O(1), Span O(1) — agrees with APAS; field reads only.
src/Chap47/ParaHashTableStEph.rs:524: info: match (implicit): APAS: Work O(n + m + m'), Span O(n + m + m') where n is number of elements, | Review: Work O(n + m + m'), Span O(n + m + m') where n is number of elements,
src/Chap47/QuadProbFlatHashTableStEph.rs:456: error: possible mismatch: APAS: Work O(1/(1-α)) expected, Span O(1/(1-α)). | Review: Work O(1/(1-α)), Span O(1/(1-α)) — triangular probe then set.
src/Chap47/QuadProbFlatHashTableStEph.rs:670: error: possible mismatch: APAS: Work O(1/(1-α)) expected, Span O(1/(1-α)). | Review: Work O(1/(1-α)), Span O(1/(1-α)) — triangular probe sequence.
src/Chap47/QuadProbFlatHashTableStEph.rs:801: error: possible mismatch: APAS: Work O(1/(1-α)) expected, Span O(1/(1-α)). | Review: Work O(1/(1-α)), Span O(1/(1-α)) — triangular probe until found, then tombstone.
src/Chap47/QuadProbFlatHashTableStEph.rs:963: error: possible mismatch: APAS: Work O(n + m + m'), Span O(n + m + m'). | Review: Work O(n + m + m') — collect n pairs, create m' empty slots, reinsert.
src/Chap47/QuadProbFlatHashTableStEph.rs:1123: info: match (implicit): APAS: Work O(1), Span O(1). | Review: Work O(1), Span O(1) — triangular probe position.
src/Chap47/QuadProbFlatHashTableStEph.rs:1132: error: possible mismatch: APAS: Work O(1/(1-α)) expected, Span O(1/(1-α)). | Review: Work O(1/(1-α)), Span O(1/(1-α)) — triangular probe sequence.
src/Chap47/StructChainedHashTable.rs:269: error: possible mismatch: APAS: Work O(1+α) expected, Span O(1+α). | Review: Work O(n), Span O(n) — recursive scan for duplicate key, n = chain length.
src/Chap47/StructChainedHashTable.rs:280: error: possible mismatch: APAS: Work O(1+α) expected, Span O(1+α). | Review: Work O(n), Span O(n) — recursive scan of chain, n = chain length.
src/Chap47/StructChainedHashTable.rs:291: error: possible mismatch: APAS: Work O(1+α) expected, Span O(1+α). | Review: Work O(n), Span O(n) — recursive scan + rebuild, n = chain length.
src/Chap47/StructChainedHashTable.rs:368: info: match (implicit): APAS: Work O(n) worst, Span O(n). | Review: Work O(n) worst, Span O(n) — hash, clone chain, insert into clone, set back.
src/Chap47/StructChainedHashTable.rs:417: info: match (implicit): APAS: Work O(1+α) expected, Span O(1+α). | Review: Work O(1+α) expected, Span O(1+α) — hash, index bucket, scan chain.
src/Chap47/StructChainedHashTable.rs:444: info: match (implicit): APAS: Work O(n) worst, Span O(n). | Review: Work O(n) worst, Span O(n) — hash, clone chain, delete from clone, set back.
src/Chap47/StructChainedHashTable.rs:501: info: match (implicit): APAS: Work O(n + m + m'), Span O(n + m + m'). | Review: Work O(n + m + m'), Span O(n + m + m') — traverses all chains, creates m' lists, reinserts.
src/Chap47/StructChainedHashTable.rs:861: info: match (implicit): APAS: Work O(1), Span O(1). | Review: Work O(1), Span O(1) — delegates to stored hash function.
src/Chap47/VecChainedHashTableStEph.rs:90: info: match (implicit): APAS: Work O(1), Span O(1). | Review: Work O(1), Span O(1) — empty Vec construction.
src/Chap47/VecChainedHashTableStEph.rs:97: error: possible mismatch: APAS: Work O(1+α) expected, Span O(1+α). | Review: Work O(n) worst case
src/Chap47/VecChainedHashTableStEph.rs:125: error: possible mismatch: APAS: Work O(1+α) expected, Span O(1+α). | Review: Work O(n), Span O(n) — linear scan of chain, n = chain length.
src/Chap47/VecChainedHashTableStEph.rs:141: error: possible mismatch: APAS: Work O(1+α) expected, Span O(1+α). | Review: Work O(n), Span O(n) — linear scan + Vec::remove (shifts elements), n = chain length.
src/Chap47/VecChainedHashTableStEph.rs:188: error: possible mismatch: APAS: Work O(1+α) expected, Span O(1+α). | Review: Work O(n) worst
src/Chap47/VecChainedHashTableStEph.rs:292: error: possible mismatch: APAS: Work O(1+α) expected, Span O(1+α). | Review: Work O(n), Span O(n) — hash, backward scan bucket for last-wins match.
src/Chap47/VecChainedHashTableStEph.rs:361: error: possible mismatch: APAS: Work O(1+α) expected, Span O(1+α). | Review: Work O(n) worst
src/Chap47/VecChainedHashTableStEph.rs:506: info: match (implicit): APAS: Work O(n + m + m'), Span O(n + m + m'). | Review: Work O(n + m + m'), Span O(n + m + m') — collects n pairs, creates m' chains, reinserts.
src/Chap47/VecChainedHashTableStEph.rs:685: info: match (implicit): APAS: Work O(1), Span O(1). | Review: Work O(1), Span O(1) — delegates to stored hash function.
src/Chap49/MinEditDistMtEph.rs:124: info: match: APAS: Work O(|S| * |T|), Span O(|S| + |T|) | Review: Work O(|S|·|T|), Span O(|S|+|T|) — parallel recursive memoized with join; matches APAS
src/Chap49/MinEditDistMtEph.rs:212: info: match (implicit): APAS: Work O(|S|×|T|), Span O(|S|+|T|) | Review: Work O(|S|×|T|), Span O(|S|+|T|)
src/Chap49/MinEditDistMtPer.rs:122: info: match: APAS: Work O(|S| * |T|), Span O(|S| + |T|) | Review: Work O(|S|·|T|), Span O(|S|+|T|) — parallel recursive memoized with join; matches APAS
src/Chap49/MinEditDistMtPer.rs:176: info: match (implicit): APAS: Work O(|S|×|T|), Span O(|S|+|T|) | Review: Work O(|S|×|T|), Span O(|S|+|T|)
src/Chap49/MinEditDistStEph.rs:115: warning: ACCEPTED DIFFERENCE: Work O(|S|·|T|), Span O(|S|·|T|) — ACCEPTED DIFFERENCE: sequential DP table fill, APAS Span O(|S|+|T|) assumes parallel
src/Chap49/MinEditDistStEph.rs:172: warning: ACCEPTED DIFFERENCE: Work O(|S|*|T|), Span O(|S|*|T|) — ACCEPTED DIFFERENCE: sequential recursive memoized, Span = Work; APAS Span O(|S|+|T|) assumes parallel diagonal
src/Chap49/MinEditDistStPer.rs:115: warning: ACCEPTED DIFFERENCE: Work O(|S|·|T|), Span O(|S|·|T|) — ACCEPTED DIFFERENCE: sequential DP table fill, APAS Span O(|S|+|T|) assumes parallel
src/Chap49/MinEditDistStPer.rs:143: warning: ACCEPTED DIFFERENCE: Work O(|S|×|T|), Span O(|S|×|T|) — ACCEPTED DIFFERENCE: sequential recursive memoized, Span = Work; APAS Span O(|S|+|T|) assumes parallel diagonal
src/Chap49/SubsetSumMtEph.rs:115: info: match: APAS: Work O(k * |S|), Span O(|S|) | Review: Work O(k·|S|), Span O(|S|) — parallel recursive memoized with join; matches APAS
src/Chap49/SubsetSumMtEph.rs:178: info: match (implicit): APAS: Work O(k×|S|), Span O(|S|) | Review: Work O(k×|S|), Span O(|S|)
src/Chap49/SubsetSumMtPer.rs:113: info: match: APAS: Work O(k * |S|), Span O(|S|) | Review: Work O(k·|S|), Span O(|S|) — parallel recursive memoized with join; matches APAS
src/Chap49/SubsetSumMtPer.rs:159: info: match (implicit): APAS: Work O(k×|S|), Span O(|S|) | Review: Work O(k×|S|), Span O(|S|)
src/Chap49/SubsetSumStEph.rs:103: warning: ACCEPTED DIFFERENCE: Work O(k·|S|), Span O(k·|S|) — ACCEPTED DIFFERENCE: sequential DP table fill, APAS Span O(|S|) assumes parallel
src/Chap49/SubsetSumStEph.rs:140: warning: ACCEPTED DIFFERENCE: Work O(k*|S|), Span O(k*|S|) — ACCEPTED DIFFERENCE: sequential recursive memoized, Span = Work; APAS Span O(|S|) assumes parallel
src/Chap49/SubsetSumStPer.rs:103: warning: ACCEPTED DIFFERENCE: Work O(k·|S|), Span O(k·|S|) — ACCEPTED DIFFERENCE: sequential DP table fill, APAS Span O(|S|) assumes parallel
src/Chap49/SubsetSumStPer.rs:126: warning: ACCEPTED DIFFERENCE: Work O(k×|S|), Span O(k×|S|) — ACCEPTED DIFFERENCE: sequential recursive memoized, Span = Work; APAS Span O(|S|) assumes parallel
src/Chap50/MatrixChainMtEph.rs:689: info: match (implicit): APAS: Work O(n), Span O(n) | Review: Work O(n), Span O(n) — clone Vec under read lock
src/Chap50/MatrixChainMtEph.rs:704: info: match (implicit): APAS: Work O(n), Span O(n) | Review: Work O(n), Span O(n) — clone Vec under read lock
src/Chap50/MatrixChainMtEph.rs:718: info: match (implicit): APAS: Work O(1), Span O(1) | Review: Work O(1), Span O(1) — format two integers
src/Chap50/MatrixChainMtEph.rs:751: info: match (implicit): APAS: Work O(1), Span O(1) | Review: Work O(1), Span O(1) — format two integers under read locks
src/Chap50/MatrixChainMtEph.rs:772: info: match (implicit): APAS: Work O(n), Span O(n) | Review: Work O(n), Span O(n) — clone Vec from Arc<RwLock>
src/Chap50/MatrixChainMtPer.rs:558: info: match (implicit): APAS: Work O(1), Span O(1) | Review: Work O(1), Span O(1) — create cloned iterator adapter over Arc<Vec>
src/Chap50/MatrixChainMtPer.rs:567: info: match (implicit): APAS: Work O(1), Span O(1) | Review: Work O(1), Span O(1) — format two integers
src/Chap50/MatrixChainMtPer.rs:600: info: match (implicit): APAS: Work O(1), Span O(1) | Review: Work O(1), Span O(1) — format two integers
src/Chap50/MatrixChainMtPer.rs:620: info: match (implicit): APAS: Work O(n), Span O(n) | Review: Work O(n), Span O(n) — unwrap or clone Vec from Arc
src/Chap50/MatrixChainStEph.rs:529: info: match (implicit): APAS: Work O(1), Span O(1) | Review: Work O(1), Span O(1) — create cloned iterator adapter
src/Chap50/MatrixChainStEph.rs:539: info: match (implicit): APAS: Work O(1), Span O(1) | Review: Work O(1), Span O(1) — create cloned iterator adapter
src/Chap50/MatrixChainStEph.rs:548: info: match (implicit): APAS: Work O(1), Span O(1) | Review: Work O(1), Span O(1) — format two integers
src/Chap50/MatrixChainStEph.rs:567: info: match (implicit): APAS: Work O(1), Span O(1) | Review: Work O(1), Span O(1) — format two integers
src/Chap50/MatrixChainStEph.rs:584: info: match (implicit): APAS: Work O(1), Span O(1) | Review: Work O(1), Span O(1) — move Vec into iterator
src/Chap50/MatrixChainStPer.rs:468: info: match (implicit): APAS: Work O(1), Span O(1) | Review: Work O(1), Span O(1) — create cloned iterator adapter
src/Chap50/MatrixChainStPer.rs:477: info: match (implicit): APAS: Work O(1), Span O(1) | Review: Work O(1), Span O(1) — format two integers
src/Chap50/MatrixChainStPer.rs:496: info: match (implicit): APAS: Work O(1), Span O(1) | Review: Work O(1), Span O(1) — format two integers
src/Chap50/MatrixChainStPer.rs:513: info: match (implicit): APAS: Work O(1), Span O(1) | Review: Work O(1), Span O(1) — move Vec into iterator
src/Chap50/OptBinSearchTreeMtEph.rs:164: info: match (implicit): APAS: Work O(n^3), Span O(n lg n) | Review: Work O(n^3), Span O(n lg n) — parallel min reduction over split points via join, O(1) prefix sum lookup
src/Chap50/OptBinSearchTreeMtEph.rs:609: info: match (implicit): APAS: Work O(n), Span O(n) | Review: Work O(n), Span O(n) — clone Vec under read lock
src/Chap50/OptBinSearchTreeMtEph.rs:624: info: match (implicit): APAS: Work O(n), Span O(n) | Review: Work O(n), Span O(n) — clone Vec under read lock
src/Chap50/OptBinSearchTreeMtEph.rs:644: info: match (implicit): APAS: Work O(1), Span O(1) | Review: Work O(1), Span O(1) — format key and probability
src/Chap50/OptBinSearchTreeMtEph.rs:677: info: match (implicit): APAS: Work O(1), Span O(1) | Review: Work O(1), Span O(1) — format two integers under read locks
src/Chap50/OptBinSearchTreeMtEph.rs:695: info: match (implicit): APAS: Work O(n), Span O(n) | Review: Work O(n), Span O(n) — clone Vec from Arc<RwLock>
src/Chap50/OptBinSearchTreeMtPer.rs:130: info: match (implicit): APAS: Work O(n^3), Span O(n lg n) | Review: Work O(n^3), Span O(n lg n) — parallel min reduction over split points via join, O(1) prefix sum lookup
src/Chap50/OptBinSearchTreeMtPer.rs:461: info: match (implicit): APAS: Work O(1), Span O(1) | Review: Work O(1), Span O(1) — create cloned iterator adapter over Arc<Vec>
src/Chap50/OptBinSearchTreeMtPer.rs:476: info: match (implicit): APAS: Work O(1), Span O(1) | Review: Work O(1), Span O(1) — format key and probability
src/Chap50/OptBinSearchTreeMtPer.rs:499: info: match (implicit): APAS: Work O(1), Span O(1) | Review: Work O(1), Span O(1) — format two integers
src/Chap50/OptBinSearchTreeMtPer.rs:514: info: match (implicit): APAS: Work O(n), Span O(n) | Review: Work O(n), Span O(n) — unwrap or clone Vec from Arc
src/Chap50/OptBinSearchTreeStEph.rs:264: warning: ACCEPTED DIFFERENCE: Work O(n^3), Span O(n^3) — ACCEPTED DIFFERENCE: sequential DP table fill, APAS Span O(n lg n) assumes parallel
src/Chap50/OptBinSearchTreeStEph.rs:379: info: match (implicit): APAS: Work O(1), Span O(1) | Review: Work O(1), Span O(1) — create cloned iterator adapter
src/Chap50/OptBinSearchTreeStEph.rs:389: info: match (implicit): APAS: Work O(1), Span O(1) | Review: Work O(1), Span O(1) — create cloned iterator adapter
src/Chap50/OptBinSearchTreeStEph.rs:398: info: match (implicit): APAS: Work O(1), Span O(1) | Review: Work O(1), Span O(1) — format key and probability
src/Chap50/OptBinSearchTreeStEph.rs:417: info: match (implicit): APAS: Work O(1), Span O(1) | Review: Work O(1), Span O(1) — format two integers
src/Chap50/OptBinSearchTreeStEph.rs:434: info: match (implicit): APAS: Work O(1), Span O(1) | Review: Work O(1), Span O(1) — move Vec into iterator
src/Chap50/OptBinSearchTreeStPer.rs:224: warning: ACCEPTED DIFFERENCE: Work O(n^3), Span O(n^3) — ACCEPTED DIFFERENCE: sequential DP table fill, APAS Span O(n lg n) assumes parallel
src/Chap50/OptBinSearchTreeStPer.rs:339: info: match (implicit): APAS: Work O(1), Span O(1) | Review: Work O(1), Span O(1) — create cloned iterator adapter
src/Chap50/OptBinSearchTreeStPer.rs:348: info: match (implicit): APAS: Work O(1), Span O(1) | Review: Work O(1), Span O(1) — format key and probability
src/Chap50/OptBinSearchTreeStPer.rs:367: info: match (implicit): APAS: Work O(1), Span O(1) | Review: Work O(1), Span O(1) — format two integers
src/Chap50/OptBinSearchTreeStPer.rs:384: info: match (implicit): APAS: Work O(1), Span O(1) | Review: Work O(1), Span O(1) — move Vec into iterator
src/Chap51/BottomUpDPMtEph.rs:107: info: match (implicit): APAS: Work O(|S|*|T|), Span O(|S|+|T|) (Algorithm 51.1, diagonal parallel) | Review: Work O(|S|*|T|), Span O(|S|*|T|) -- sequential row fill, not parallel.
src/Chap51/BottomUpDPStEph.rs:109: warning: ACCEPTED DIFFERENCE: Work O(|S|·|T|), Span O(|S|·|T|) — ACCEPTED DIFFERENCE: sequential DP table fill, APAS Span O(|S|+|T|) assumes parallel
src/Chap51/BottomUpDPStPer.rs:90: warning: ACCEPTED DIFFERENCE: Work O(|S|·|T|), Span O(|S|·|T|) — ACCEPTED DIFFERENCE: sequential DP table fill, APAS Span O(|S|+|T|) assumes parallel
src/Chap51/TopDownDPMtEph.rs:215: info: match (implicit): APAS: Work O(|S|*|T|), Span O(|S|*|T|) (sequential memo threading) | Review: Work O(|S|*|T|), Span O(|S|*|T|) -- sequential memoized recursion.
src/Chap51/TopDownDPMtEph.rs:231: info: match (implicit): APAS: Work O(|S|*|T|), Span O(|S|+|T|) (parallel subproblem exploration) | Review: Work O(|S|*|T|), Span O(|S|+|T|) -- fork-join on branches.
src/Chap51/TopDownDPMtEph.rs:252: info: match (implicit): APAS: Work O(|S|*|T|), Span O(|S|*|T|) (Algorithm 51.4, sequential) | Review: Work O(|S|*|T|), Span O(|S|*|T|) -- sequential recursion with memo.
src/Chap51/TopDownDPMtEph.rs:334: info: match (implicit): APAS: Work O(|S|*|T|), Span O(|S|+|T|) (parallel subproblem exploration) | Review: Work O(|S|*|T|), Span O(|S|+|T|) -- fork-join on delete/insert.
src/Chap51/TopDownDPStEph.rs:164: info: match (implicit): APAS: Work O(|S|*|T|), Span O(|S|+|T|) (Algorithm 51.4) | Review: Work O(|S|*|T|), Span O(|S|*|T|) -- sequential recursion with memo.
src/Chap51/TopDownDPStEph.rs:180: info: match (implicit): APAS: Work O(|S|*|T|), Span O(|S|+|T|) (medOne from Algorithm 51.4) | Review: Work O(|S|*|T|), Span O(|S|*|T|) -- sequential recursion with memo.
src/Chap52/AdjMatrixGraphMtEph.rs:114: info: match (implicit): APAS: Work O(1), Span O(1) | Review: Work O(1), Span O(1); cached vertex count
src/Chap52/AdjMatrixGraphMtEph.rs:122: info: match (implicit): APAS: Work O(1), Span O(1) | Review: Work O(1), Span O(1); cached edge count
src/Chap52/AdjMatrixGraphMtEph.rs:134: info: match (implicit): APAS: Work O(1), Span O(1) | Review: Work O(1), Span O(1); direct matrix index
src/Chap52/AdjMatrixGraphMtEph.rs:144: info: match (implicit): APAS: Work O(n), Span O(1) | Review: Work O(n), Span O(n) work; sequential row scan
src/Chap52/AdjMatrixGraphMtEph.rs:158: info: match (implicit): APAS: Work O(n), Span O(lg n) | Review: Work O(n), Span O(n) work; sequential count
src/Chap52/AdjMatrixGraphMtEph.rs:171: info: match (implicit): APAS: Work O(1), Span O(1) | Review: Work O(1), Span O(1); in-place matrix update
src/Chap52/AdjMatrixGraphMtEph.rs:190: info: match (implicit): APAS: Work O(n^2), Span O(1) | Review: Work O(n^2), Span O(n^2) work; negate all entries
src/Chap52/AdjMatrixGraphMtPer.rs:120: info: match (implicit): APAS: Work O(1), Span O(1) | Review: Work O(1), Span O(1); cached vertex count
src/Chap52/AdjMatrixGraphMtPer.rs:128: info: match (implicit): APAS: Work O(1), Span O(1) | Review: Work O(1), Span O(1); cached edge count
src/Chap52/AdjMatrixGraphMtPer.rs:140: info: match (implicit): APAS: Work O(1), Span O(1) | Review: Work O(1), Span O(1); direct matrix index
src/Chap52/AdjMatrixGraphMtPer.rs:150: info: match (implicit): APAS: Work O(n), Span O(1) | Review: Work O(n), Span O(n) work; sequential row scan
src/Chap52/AdjMatrixGraphMtPer.rs:167: info: match (implicit): APAS: Work O(n), Span O(lg n) | Review: Work O(n), Span O(n) work; sequential count
src/Chap52/AdjMatrixGraphMtPer.rs:181: warning: ACCEPTED DIFFERENCE: Work O(n^2), Span O(n^2) — ACCEPTED DIFFERENCE: APAS assumes O(1) row-pointer copy in outer seq; Vec-backed persistent deep-copies all n rows
src/Chap52/AdjMatrixGraphMtPer.rs:199: info: match (implicit): APAS: Work O(n^2), Span O(1) | Review: Work O(n^2), Span O(n^2) work; negate all entries
src/Chap52/AdjMatrixGraphStEph.rs:110: info: match (implicit): APAS: Work O(1), Span O(1) | Review: Work O(1), Span O(1); cached vertex count
src/Chap52/AdjMatrixGraphStEph.rs:117: info: match (implicit): APAS: Work O(1), Span O(1) | Review: Work O(1), Span O(1); cached edge count
src/Chap52/AdjMatrixGraphStEph.rs:128: info: match (implicit): APAS: Work O(1), Span O(1) | Review: Work O(1), Span O(1); direct matrix index
src/Chap52/AdjMatrixGraphStEph.rs:135: info: match (implicit): APAS: Work O(n), Span O(1) | Review: Work O(n), Span O(n) work; sequential row scan
src/Chap52/AdjMatrixGraphStEph.rs:148: info: match (implicit): APAS: Work O(n), Span O(lg n) | Review: Work O(n), Span O(n) work; sequential count
src/Chap52/AdjMatrixGraphStEph.rs:158: info: match (implicit): APAS: Work O(1), Span O(1) | Review: Work O(1), Span O(1); in-place matrix update
src/Chap52/AdjMatrixGraphStEph.rs:176: info: match (implicit): APAS: Work O(n^2), Span O(1) | Review: Work O(n^2), Span O(n^2) work; negate all entries
src/Chap52/AdjMatrixGraphStPer.rs:123: info: match (implicit): APAS: Work O(1), Span O(1) | Review: Work O(1), Span O(1); cached vertex count
src/Chap52/AdjMatrixGraphStPer.rs:131: info: match (implicit): APAS: Work O(1), Span O(1) | Review: Work O(1), Span O(1); cached edge count
src/Chap52/AdjMatrixGraphStPer.rs:143: info: match (implicit): APAS: Work O(1), Span O(1) | Review: Work O(1), Span O(1); direct matrix index
src/Chap52/AdjMatrixGraphStPer.rs:151: info: match (implicit): APAS: Work O(n), Span O(1) | Review: Work O(n), Span O(n) work; sequential row scan
src/Chap52/AdjMatrixGraphStPer.rs:165: info: match (implicit): APAS: Work O(n), Span O(lg n) | Review: Work O(n), Span O(n) work; sequential count
src/Chap52/AdjMatrixGraphStPer.rs:177: warning: ACCEPTED DIFFERENCE: Work O(n), Span O(n) — ACCEPTED DIFFERENCE: APAS says O(1); persistent seq requires row copy
src/Chap52/AdjMatrixGraphStPer.rs:195: info: match (implicit): APAS: Work O(n^2), Span O(1) | Review: Work O(n^2), Span O(n^2) work; negate all entries
src/Chap52/AdjSeqGraphMtEph.rs:115: info: match (implicit): APAS: Work O(1), Span O(1) | Review: Work O(1), Span O(1); seq len
src/Chap52/AdjSeqGraphMtEph.rs:123: info: match (implicit): APAS: Work O(1), Span O(1) | Review: Work O(1), Span O(1); cached field
src/Chap52/AdjSeqGraphMtEph.rs:136: info: match (implicit): APAS: Work O(d_g(u)), Span O(lg d_g(u)) | Review: Work O(d_g(u)), Span O(d_g(u)) work; sequential scan
src/Chap52/AdjSeqGraphMtEph.rs:146: info: match (implicit): APAS: Work O(d_g(v)), Span O(1) | Review: Work O(d_g(v)), Span O(d_g(v)) work; clone inner seq
src/Chap52/AdjSeqGraphMtEph.rs:157: info: match (implicit): APAS: Work O(1), Span O(1) | Review: Work O(1), Span O(1); inner seq len
src/Chap52/AdjSeqGraphMtEph.rs:191: error: possible mismatch: APAS: Work O(n), Span O(1) — persistent cost; APAS notes ephemeral improves to O(d_g(u)) or better | Review: Work O(d_g(u)), Span O(d_g(u)) ephemeral improvement; sequential span
src/Chap52/AdjSeqGraphMtPer.rs:116: info: match (implicit): APAS: Work O(1), Span O(1) | Review: Work O(1), Span O(1); seq len
src/Chap52/AdjSeqGraphMtPer.rs:124: info: match (implicit): APAS: Work O(1), Span O(1) | Review: Work O(1), Span O(1) — cached field
src/Chap52/AdjSeqGraphMtPer.rs:136: info: match (implicit): APAS: Work O(d_g(u)), Span O(lg d_g(u)) | Review: Work O(d_g(u)), Span O(d_g(u)) work; sequential scan
src/Chap52/AdjSeqGraphMtPer.rs:146: error: possible mismatch: APAS: Work O(d_g(v)), Span O(1) | Review: Work O(1), Span O(1); returns reference to inner seq
src/Chap52/AdjSeqGraphMtPer.rs:157: info: match (implicit): APAS: Work O(1), Span O(1) | Review: Work O(1), Span O(1); inner seq len
src/Chap52/AdjSeqGraphStEph.rs:84: info: match (implicit): APAS: Work O(n), Span O(n)  | Review: Work O(n), Span O(n)
src/Chap52/AdjSeqGraphStEph.rs:94: info: match (implicit): APAS: Work O(1), Span O(1) | Review: Work O(1), Span O(1)
src/Chap52/AdjSeqGraphStEph.rs:114: info: match (implicit): APAS: Work O(1), Span O(1) | Review: Work O(1), Span O(1); seq len
src/Chap52/AdjSeqGraphStEph.rs:121: info: match (implicit): APAS: Work O(1), Span O(1) | Review: Work O(1), Span O(1); cached field
src/Chap52/AdjSeqGraphStEph.rs:133: info: match (implicit): APAS: Work O(d_g(u)), Span O(lg d_g(u)) | Review: Work O(d_g(u)), Span O(d_g(u)) work; sequential scan
src/Chap52/AdjSeqGraphStEph.rs:142: info: match (implicit): APAS: Work O(d_g(v)), Span O(1) | Review: Work O(d_g(v)), Span O(d_g(v)) work; tabulate copy
src/Chap52/AdjSeqGraphStEph.rs:152: info: match (implicit): APAS: Work O(1), Span O(1) | Review: Work O(1), Span O(1); inner seq len
src/Chap52/AdjSeqGraphStEph.rs:159: info: match (implicit): APAS: Work O(1), Span O(1)  | Review: Work O(1), Span O(1)
src/Chap52/AdjSeqGraphStEph.rs:186: error: possible mismatch: APAS: Work O(n + deg(u)), Span O(n + deg(u)) | Review: Work O(n + deg(u)
src/Chap52/AdjSeqGraphStEph.rs:209: error: possible mismatch: APAS: Work O(n + deg(u)), Span O(n + deg(u)) | Review: Work O(n + deg(u)
src/Chap52/AdjSeqGraphStEph.rs:233: warning: ACCEPTED DIFFERENCE: Work O(n + d_g(u)), Span O(n + d_g(u)) — ACCEPTED DIFFERENCE: APAS says O(n), O(1); impl rebuilds neighbor list sequentially
src/Chap52/AdjSeqGraphStPer.rs:122: info: match (implicit): APAS: Work O(1), Span O(1) | Review: Work O(1), Span O(1); seq len
src/Chap52/AdjSeqGraphStPer.rs:130: info: match (implicit): APAS: Work O(1), Span O(1) | Review: Work O(1), Span O(1) — cached field
src/Chap52/AdjSeqGraphStPer.rs:142: info: match (implicit): APAS: Work O(d_g(u)), Span O(lg d_g(u)) | Review: Work O(d_g(u)), Span O(d_g(u)) work; sequential scan
src/Chap52/AdjSeqGraphStPer.rs:152: error: possible mismatch: APAS: Work O(d_g(v)), Span O(1) | Review: Work O(1), Span O(1); returns reference to inner seq
src/Chap52/AdjSeqGraphStPer.rs:163: info: match (implicit): APAS: Work O(1), Span O(1) | Review: Work O(1), Span O(1); inner seq len
src/Chap52/AdjTableGraphMtPer.rs:104: info: match (implicit): APAS: Work O(1), Span O(1) | Review: Work O(1), Span O(1); table size
src/Chap52/AdjTableGraphMtPer.rs:110: info: match (implicit): APAS: Work O(1), Span O(1) | Review: Work O(1), Span O(1); cached field
src/Chap52/AdjTableGraphMtPer.rs:118: info: match (implicit): APAS: Work O(lg n), Span O(lg n) | Review: Work O(lg n), Span O(lg n); table find + set find
src/Chap52/AdjTableGraphMtPer.rs:125: error: possible mismatch: APAS: Work O(lg n + d_g(v)), Span O(lg n) | Review: Work O(lg n), Span O(lg n); table find returns neighbor set
src/Chap52/AdjTableGraphMtPer.rs:135: info: match (implicit): APAS: Work O(lg n), Span O(lg n) | Review: Work O(lg n), Span O(lg n); table find + set len
src/Chap52/AdjTableGraphStEph.rs:83: info: match (implicit): APAS: Work O(1), Span O(1)  | Review: Work O(1), Span O(1)
src/Chap52/AdjTableGraphStEph.rs:92: info: match (implicit): APAS: Work O(1), Span O(1) | Review: Work O(1), Span O(1)
src/Chap52/AdjTableGraphStEph.rs:108: info: match (implicit): APAS: Work O(1), Span O(1) | Review: Work O(1), Span O(1); table size
src/Chap52/AdjTableGraphStEph.rs:114: warning: ACCEPTED DIFFERENCE: Work O(n+m), Span O(n+m) — ACCEPTED DIFFERENCE: APAS assumes cached; impl sums degrees sequentially
src/Chap52/AdjTableGraphStEph.rs:119: info: match (implicit): APAS: Work O(|V|), Span O(|V|)  | Review: Work O(|V|), Span O(|V|)
src/Chap52/AdjTableGraphStEph.rs:128: info: match (implicit): APAS: Work O(lg n), Span O(lg n) | Review: Work O(lg n), Span O(lg n); table find + set find
src/Chap52/AdjTableGraphStEph.rs:134: error: possible mismatch: APAS: Work O(lg n + d_g(v)), Span O(lg n) | Review: Work O(lg n), Span O(lg n); table find returns neighbor set
src/Chap52/AdjTableGraphStEph.rs:142: info: match (implicit): APAS: Work O(lg n), Span O(lg n) | Review: Work O(lg n), Span O(lg n); table find + set len
src/Chap52/AdjTableGraphStEph.rs:147: info: match (implicit): APAS: Work O(lg n), Span O(lg n)  | Review: Work O(lg n), Span O(lg n)
src/Chap52/AdjTableGraphStEph.rs:154: error: possible mismatch: APAS: Work O((n + m) lg n), Span O((n + m) lg n)  | Review: Work O((n + m)
src/Chap52/AdjTableGraphStEph.rs:161: info: match (implicit): APAS: Work O(lg n + lg m), Span O(lg n + lg m)  | Review: Work O(lg n + lg m), Span O(lg n + lg m)
src/Chap52/AdjTableGraphStEph.rs:174: info: match (implicit): APAS: Work O(lg n + lg m), Span O(lg n + lg m)  | Review: Work O(lg n + lg m), Span O(lg n + lg m)
src/Chap52/AdjTableGraphStPer.rs:145: info: match (implicit): APAS: Work O(1), Span O(1) | Review: Work O(1), Span O(1); table size
src/Chap52/AdjTableGraphStPer.rs:152: warning: ACCEPTED DIFFERENCE: Work O(n+m), Span O(n+m) — ACCEPTED DIFFERENCE: APAS assumes cached; impl sums degrees sequentially
src/Chap52/AdjTableGraphStPer.rs:166: info: match (implicit): APAS: Work O(lg n), Span O(lg n) | Review: Work O(lg n), Span O(lg n); table find + set find
src/Chap52/AdjTableGraphStPer.rs:173: error: possible mismatch: APAS: Work O(lg n + d_g(v)), Span O(lg n) | Review: Work O(lg n), Span O(lg n); table find returns neighbor set
src/Chap52/AdjTableGraphStPer.rs:182: info: match (implicit): APAS: Work O(lg n), Span O(lg n) | Review: Work O(lg n), Span O(lg n); table find + set len
src/Chap52/EdgeSetGraphMtEph.rs:96: info: match (implicit): APAS: Work O(1), Span O(1) | Review: Work O(1), Span O(1) — creates empty sets.
src/Chap52/EdgeSetGraphMtEph.rs:106: info: match (implicit): APAS: Work O(1), Span O(1) | Review: Work O(1), Span O(1) — wraps existing sets.
src/Chap52/EdgeSetGraphMtEph.rs:121: info: match (implicit): APAS: Work O(1), Span O(1) | Review: Work O(1), Span O(1); AVL set len.
src/Chap52/EdgeSetGraphMtEph.rs:126: info: match (implicit): APAS: Work O(1), Span O(1) | Review: Work O(1), Span O(1); AVL set len.
src/Chap52/EdgeSetGraphMtEph.rs:131: info: match (implicit): APAS: Work O(1), Span O(1) | Review: Work O(1), Span O(1) — returns reference.
src/Chap52/EdgeSetGraphMtEph.rs:136: info: match (implicit): APAS: Work O(1), Span O(1) | Review: Work O(1), Span O(1) — returns reference.
src/Chap52/EdgeSetGraphMtEph.rs:141: info: match (implicit): APAS: Work O(lg n), Span O(lg n) | Review: Work O(lg n), Span O(lg n); AVL find.
src/Chap52/EdgeSetGraphMtEph.rs:146: error: possible mismatch: APAS: Work O(m), Span O(m) | Review: Work O(m lg m), Span O(m lg m); sequential iterate+insert (filter closures not Send+Sync).
src/Chap52/EdgeSetGraphMtEph.rs:156: error: possible mismatch: APAS: Work O(m), Span O(m) | Review: Work O(m lg m), Span O(m lg m); delegates to out_neighbors.
src/Chap52/EdgeSetGraphMtEph.rs:163: info: match (implicit): APAS: Work O(lg n), Span O(lg n) | Review: Work O(lg n), Span O(lg n); AVL set insert.
src/Chap52/EdgeSetGraphMtEph.rs:171: info: match (implicit): APAS: Work O(m lg m), Span O(m lg m) | Review: Work O(m lg m), Span O(m lg m); iterate + delete edges touching v.
src/Chap52/EdgeSetGraphMtEph.rs:180: info: match (implicit): APAS: Work O(lg n + lg m), Span O(lg n + lg m) | Review: Work O(lg n + lg m), Span O(lg n + lg m); vertex inserts + edge insert.
src/Chap52/EdgeSetGraphMtEph.rs:189: info: match (implicit): APAS: Work O(lg m), Span O(lg m) | Review: Work O(lg m), Span O(lg m); AVL set delete.
src/Chap52/EdgeSetGraphMtPer.rs:120: info: match (implicit): APAS: Work O(1), Span O(1) | Review: Work O(1), Span O(1); AVL set len
src/Chap52/EdgeSetGraphMtPer.rs:126: info: match (implicit): APAS: Work O(1), Span O(1) | Review: Work O(1), Span O(1); AVL set len
src/Chap52/EdgeSetGraphMtPer.rs:142: info: match (implicit): APAS: Work O(lg n), Span O(lg n) | Review: Work O(lg n), Span O(lg n); AVL find
src/Chap52/EdgeSetGraphMtPer.rs:148: info: match (implicit): APAS: Work O(m), Span O(lg n) | Review: Work O(m), Span O(lg n); parallel filter
src/Chap52/EdgeSetGraphMtPer.rs:160: info: match (implicit): APAS: Work O(m), Span O(lg n) | Review: Work O(m), Span O(lg n); parallel filter then len
src/Chap52/EdgeSetGraphMtPer.rs:267: info: match (implicit): APAS: Work O(m), Span O(lg n)  | Review: Work O(m), Span O(lg n)
src/Chap52/EdgeSetGraphMtPer.rs:340: info: match (implicit): APAS: Work O(m), Span O(lg n)  | Review: Work O(m), Span O(lg n)
src/Chap52/EdgeSetGraphMtPer.rs:364: info: match (implicit): APAS: Work O(|E| log |E|), Span O(log |E| * log |V|) | Review: Work O(|E| log |E|), Span O(log |E| * log |V|)
src/Chap52/EdgeSetGraphStEph.rs:92: info: match (implicit): APAS: Work O(1), Span O(1)  | Review: Work O(1), Span O(1)
src/Chap52/EdgeSetGraphStEph.rs:103: info: match (implicit): APAS: Work O(1), Span O(1) | Review: Work O(1), Span O(1)
src/Chap52/EdgeSetGraphStEph.rs:119: info: match (implicit): APAS: Work O(1), Span O(1) | Review: Work O(1), Span O(1); AVL set len
src/Chap52/EdgeSetGraphStEph.rs:124: info: match (implicit): APAS: Work O(1), Span O(1) | Review: Work O(1), Span O(1); AVL set len
src/Chap52/EdgeSetGraphStEph.rs:129: info: match (implicit): APAS: Work O(1), Span O(1)  | Review: Work O(1), Span O(1)
src/Chap52/EdgeSetGraphStEph.rs:135: info: match (implicit): APAS: Work O(1), Span O(1)  | Review: Work O(1), Span O(1)
src/Chap52/EdgeSetGraphStEph.rs:141: info: match (implicit): APAS: Work O(lg n), Span O(lg n) | Review: Work O(lg n), Span O(lg n); AVL find
src/Chap52/EdgeSetGraphStEph.rs:146: info: match (implicit): APAS: Work O(m), Span O(lg n) | Review: Work O(m), Span O(m) work; sequential filter
src/Chap52/EdgeSetGraphStEph.rs:152: info: match (implicit): APAS: Work O(m), Span O(lg n) | Review: Work O(m), Span O(m) work; sequential filter then len
src/Chap52/EdgeSetGraphStEph.rs:157: info: match (implicit): APAS: Work O(lg n), Span O(lg n)  | Review: Work O(lg n), Span O(lg n)
src/Chap52/EdgeSetGraphStEph.rs:166: info: match (implicit): APAS: Work O(m lg m), Span O(m lg m)  | Review: Work O(m lg m), Span O(m lg m)
src/Chap52/EdgeSetGraphStEph.rs:173: info: match (implicit): APAS: Work O(lg n + lg m), Span O(lg n + lg m)  | Review: Work O(lg n + lg m), Span O(lg n + lg m)
src/Chap52/EdgeSetGraphStEph.rs:183: info: match (implicit): APAS: Work O(lg m), Span O(lg m)  | Review: Work O(lg m), Span O(lg m)
src/Chap52/EdgeSetGraphStEph.rs:357: info: match (implicit): APAS: Work O(m), Span O(lg n)  | Review: Work O(m), Span O(lg n)
src/Chap52/EdgeSetGraphStPer.rs:123: info: match (implicit): APAS: Work O(1), Span O(1) | Review: Work O(1), Span O(1); AVL set len
src/Chap52/EdgeSetGraphStPer.rs:129: info: match (implicit): APAS: Work O(1), Span O(1) | Review: Work O(1), Span O(1); AVL set len
src/Chap52/EdgeSetGraphStPer.rs:145: info: match (implicit): APAS: Work O(lg n), Span O(lg n) | Review: Work O(lg n), Span O(lg n); AVL find
src/Chap52/EdgeSetGraphStPer.rs:151: info: match (implicit): APAS: Work O(m), Span O(lg n) | Review: Work O(m), Span O(m) work; sequential filter
src/Chap52/EdgeSetGraphStPer.rs:158: info: match (implicit): APAS: Work O(m), Span O(lg n) | Review: Work O(m), Span O(m) work; sequential filter then len
src/Chap52/EdgeSetGraphStPer.rs:360: info: match (implicit): APAS: Work O(m), Span O(lg n)  | Review: Work O(m), Span O(lg n)
src/Chap54/BFSMtEph.rs:295: info: match (implicit): APAS: Work O(m lg n), Span O(d lg^2 n) | Review: Work O(m lg n), Span O(d lg^2 n); parallel BFS with set union per round
src/Chap54/BFSMtEph.rs:314: error: possible mismatch: APAS: Work O(n + m), Span O(d lg n) | Review: Work O(n+m), Span O(d lg n); parallel BFS tree with inject per round
src/Chap54/BFSMtPer.rs:296: info: match (implicit): APAS: Work O(m lg n), Span O(d lg^2 n) | Review: Work O(m lg n), Span O(d lg^2 n); parallel BFS with set union per round
src/Chap54/BFSMtPer.rs:315: error: possible mismatch: APAS: Work O(n + m), Span O(d lg n) | Review: Work O(n+m), Span O(d lg n); parallel BFS tree with inject per round
src/Chap54/BFSStEph.rs:225: warning: ACCEPTED DIFFERENCE: Work O(n+m), Span O(n+m) — ACCEPTED DIFFERENCE: impl uses sequential queue-based BFS (Alg 54.3), not parallel set-based (Alg 54.4)
src/Chap54/BFSStEph.rs:243: error: possible mismatch: APAS: Work O(n + m), Span O(d lg n) | Review: Work O(n+m), Span O(n+m) work; sequential BFS tree with array seqs
src/Chap54/BFSStEph.rs:272: info: match (implicit): APAS: Work O(|V| + |E|), Span O(|V| + |E|) | Review: Work O(|V| + |E|), Span O(|V| + |E|)
src/Chap54/BFSStPer.rs:224: warning: ACCEPTED DIFFERENCE: Work O(n+m), Span O(n+m) — ACCEPTED DIFFERENCE: impl uses sequential queue-based BFS (Alg 54.3), not parallel set-based (Alg 54.4)
src/Chap54/BFSStPer.rs:242: error: possible mismatch: APAS: Work O(n + m), Span O(d lg n) | Review: Work O(n+m), Span O(n+m) work; sequential BFS tree with array seqs
src/Chap54/BFSStPer.rs:272: info: match (implicit): APAS: Work O(|V| + |E|), Span O(|V| + |E|) | Review: Work O(|V| + |E|), Span O(|V| + |E|)
src/Chap55/CycleDetectStEph.rs:278: info: match (implicit): APAS: Work O(|V| + |E|), Span O(|V| + |E|)  | Review: Work O(|V| + |E|), Span O(|V| + |E|)
src/Chap55/DFSStEph.rs:208: info: match (implicit): APAS: Work O((m+n) lg n), Span O((m+n) lg n) | Review: Work O((m+n) lg n), Span O((m+n) lg n) tree-based cost
src/Chap55/DFSStEph.rs:210: error: possible mismatch: APAS: Work O(m + n), Span O(m + n) | Review: Work O((m+n) lg n), Span O((m+n) lg n) tree-based; uses AVL set for visited, adj seq for graph
src/Chap55/DFSStPer.rs:211: info: match (implicit): APAS: Work O((m+n) lg n), Span O((m+n) lg n) | Review: Work O((m+n) lg n), Span O((m+n) lg n) tree-based cost
src/Chap55/DFSStPer.rs:213: error: possible mismatch: APAS: Work O(m + n), Span O(m + n) | Review: Work O((m+n) lg n), Span O((m+n) lg n) tree-based; uses AVL set for visited, adj seq for graph
src/Chap55/SCCStEph.rs:69: info: match (implicit): APAS: Work O(|V| + |E|), Span O(|V| + |E|)  | Review: Work O(|V| + |E|), Span O(|V| + |E|)
src/Chap55/TopoSortStEph.rs:329: info: match (implicit): APAS: Work O(|V| + |E|), Span O(|V| + |E|)  | Review: Work O(|V| + |E|), Span O(|V| + |E|)
src/Chap56/PathWeightUtilsStEph.rs:63: error: possible mismatch: APAS: computes path weight (sum of edge weights along a path). | Review: Work O(k), Span O(k) — definition, k = path length
src/Chap56/PathWeightUtilsStEph.rs:69: error: possible mismatch: APAS: computes path weight (sum of edge weights along a path). | Review: Work O(k), Span O(k) — definition, k = path length
src/Chap56/PathWeightUtilsStPer.rs:66: error: possible mismatch: APAS: computes path weight (sum of edge weights along a path). | Review: Work O(k), Span O(k) — definition, k = path length
src/Chap56/PathWeightUtilsStPer.rs:72: error: possible mismatch: APAS: computes path weight (sum of edge weights along a path). | Review: Work O(k), Span O(k) — definition, k = path length
src/Chap57/DijkstraStEphF64.rs:91: info: match (implicit): APAS: Work O(m lg n), Span O(m lg n) | Review: Work O(m lg n), Span O(m lg n); PQ insert/deleteMin O(lg n) per edge
src/Chap57/DijkstraStEphF64.rs:184: info: match (implicit): APAS: Work O(m lg n), Span O(m lg n) | Review: Work O(m lg n), Span O(m lg n); sequential PQ-based Dijkstra
src/Chap57/DijkstraStEphU64.rs:84: info: match (implicit): APAS: Work O(m lg n), Span O(m lg n) | Review: Work O(m lg n), Span O(m lg n); PQ insert/deleteMin O(lg n) per edge
src/Chap57/DijkstraStEphU64.rs:167: info: match (implicit): APAS: Work O(m lg n), Span O(m lg n) | Review: Work O(m lg n), Span O(m lg n); sequential PQ-based Dijkstra
src/Chap58/BellmanFordStEphF64.rs:62: info: match (implicit): APAS: Work O(nm), Span O(n lg n) | Review: Work O(nm), Span O(nm) seq-based; n rounds, O(m) per round with array seqs
src/Chap58/BellmanFordStEphF64.rs:168: info: match (implicit): APAS: Work O(nm), Span O(n lg n) | Review: Work O(nm), Span O(nm) seq-based; n rounds, O(m) per round with array seqs
src/Chap58/BellmanFordStEphI64.rs:59: info: match (implicit): APAS: Work O(nm), Span O(n lg n) | Review: Work O(nm), Span O(nm) seq-based; n rounds, O(m) per round with array seqs
src/Chap58/BellmanFordStEphI64.rs:195: info: match (implicit): APAS: Work O(nm), Span O(n lg n) | Review: Work O(nm), Span O(nm) seq-based; n rounds, O(m) per round with array seqs
src/Chap59/JohnsonMtEphF64.rs:73: info: match (implicit): APAS: Work O(mn lg n), Span O(m lg n) | Review: Work O(mn lg n), Span O(m lg n); parallel: n Dijkstra calls via join
src/Chap59/JohnsonMtEphF64.rs:116: info: match (implicit): APAS: Work O(mn lg n), Span O(m lg n) | Review: Work O(mn lg n), Span O(m lg n); parallel: BF O(nm) then n x Dijkstra in parallel
src/Chap59/JohnsonMtEphF64.rs:373: info: match (implicit): APAS: Work O(m), Span O(m). | Review: Work O(m), Span O(m)
src/Chap59/JohnsonMtEphI64.rs:61: info: match (implicit): APAS: Work O(mn lg n), Span O(m lg n) | Review: Work O(mn lg n), Span O(m lg n); parallel: n Dijkstra calls via join
src/Chap59/JohnsonMtEphI64.rs:107: info: match (implicit): APAS: Work O(mn lg n), Span O(m lg n) | Review: Work O(mn lg n), Span O(m lg n); parallel: BF O(nm) then n x Dijkstra in parallel
src/Chap59/JohnsonMtEphI64.rs:362: info: match (implicit): APAS: Work O(m), Span O(m) | Review: Work O(m), Span O(m)
src/Chap59/JohnsonStEphF64.rs:67: info: match (implicit): APAS: Work O(mn lg n), Span O(m lg n) | Review: Work O(mn lg n), Span O(mn lg n) work; sequential: 1x BF O(nm) + n x Dijkstra O(m lg n)
src/Chap59/JohnsonStEphF64.rs:247: info: match (implicit): APAS: Work O(m), Span O(m). | Review: Work O(m), Span O(m)
src/Chap59/JohnsonStEphF64.rs:362: info: match (implicit): APAS: Work O(mn lg n), Span O(m lg n) | Review: Work O(mn lg n), Span O(mn lg n) work; sequential: 1x BF + n x Dijkstra
src/Chap59/JohnsonStEphI64.rs:64: info: match (implicit): APAS: Work O(mn lg n), Span O(m lg n) | Review: Work O(mn lg n), Span O(mn lg n) work; sequential: 1x BF O(nm) + n x Dijkstra O(m lg n)
src/Chap59/JohnsonStEphI64.rs:250: info: match (implicit): APAS: Work O(m), Span O(m). | Review: Work O(m), Span O(m)
src/Chap59/JohnsonStEphI64.rs:394: info: match (implicit): APAS: Work O(mn lg n), Span O(m lg n) | Review: Work O(mn lg n), Span O(mn lg n) work; sequential: 1x BF + n x Dijkstra
src/Chap61/EdgeContractionMtEph.rs:88: info: match (implicit): APAS: Work O(|V| + |E|), Span O(lg |V|) | Review: Work O(|V| + |E|), Span O(lg |V|)
src/Chap61/EdgeContractionMtEph.rs:238: info: match (implicit): APAS: Work O(|V| + |E|), Span O(lg |V|) | Review: Work O(|V| + |E|), Span O(lg |V|)
src/Chap61/EdgeContractionStEph.rs:70: warning: ACCEPTED DIFFERENCE: Work O(|V| + |E|), Span O(|V| + |E|) — ACCEPTED DIFFERENCE: sequential loops over matching + vertices + edges; APAS Alg 61.6 is full recursive contraction
src/Chap61/EdgeContractionStEph.rs:96: warning: ACCEPTED DIFFERENCE: Work O(|V| + |E|), Span O(|V| + |E|) — ACCEPTED DIFFERENCE: sequential loops over matching + vertices + edges; APAS Alg 61.6 is full recursive contraction
src/Chap61/EdgeContractionStEph.rs:186: info: match (implicit): APAS: Work O(|V| + |E|), Span O(|V| + |E|) | Review: Work O(|V| + |E|), Span O(|V| + |E|)
src/Chap61/VertexMatchingMtEph.rs:76: info: match (implicit): APAS: Work O(|E|), Span O(lg |V|) | Review: Work O(|E|), Span O(lg |V|)
src/Chap61/VertexMatchingMtEph.rs:115: info: match (implicit): APAS: Work O(|E|), Span O(1) — each coin is independent | Review: Work O(|E|), Span O(1)
src/Chap61/VertexMatchingMtEph.rs:149: info: match (implicit): APAS: Work O(|E|), Span O(lg |V|) — each edge checks only incident edges | Review: Work O(|E|), Span O(lg |V|)
src/Chap61/VertexMatchingMtEph.rs:234: info: match (implicit): APAS: Work O(degree(u) + degree(v)), Span O(degree(u) + degree(v)) — checks only incident edges | Review: Work O(degree(u) + degree(v)), Span O(degree(u) + degree(v))
src/Chap61/VertexMatchingStEph.rs:76: info: match (implicit): APAS: Work O(|E|), Span O(|E|) | Review: Work O(|E|), Span O(|E|)
src/Chap62/StarContractionMtEph.rs:258: info: match (implicit): APAS: Work O((n + m) lg n), Span O(lg^2 n) | Review: Work O((n + m) lg n), Span O(lg^2 n); parallel star_partition + quotient build
src/Chap62/StarContractionMtEph.rs:626: info: match (implicit): APAS: Work O((n + m) lg n), Span O(lg^2 n) | Review: Work O((n + m) lg n), Span O(lg^2 n); delegates to star_contract_mt
src/Chap62/StarContractionStEph.rs:75: warning: ACCEPTED DIFFERENCE: Work O((n + m) lg n), Span O((n + m) lg n) — ACCEPTED DIFFERENCE: sequential recursive contraction, span = work
src/Chap62/StarContractionStEph.rs:239: warning: ACCEPTED DIFFERENCE: Work O((n + m) lg n), Span O((n + m) lg n) — ACCEPTED DIFFERENCE: sequential recursive contraction, span = work
src/Chap62/StarContractionStEph.rs:522: info: match (implicit): APAS: Work O((n + m) lg n), Span O((n + m) lg n) | Review: Work O((n + m) lg n), Span O((n + m) lg n); delegates to star_contract
src/Chap62/StarPartitionMtEph.rs:115: error: possible mismatch: APAS: Work O(n + m), Span O(lg n) | Review: Work O((n + m) lg(n + m)), Span O(lg(n + m)) — all 6 loops parallel D&C
src/Chap62/StarPartitionMtEph.rs:1561: error: possible mismatch: APAS: Work O(n + m), Span O(lg n) | Review: Work O((n + m) lg(n + m)), Span O(lg(n + m)) — all 6 loops parallel D&C
src/Chap62/StarPartitionStEph.rs:101: info: match (implicit): APAS: Work O(n + m), Span O(n + m) | Review: Work O(n + m), Span O(n + m)
src/Chap63/ConnectivityMtEph.rs:119: info: match (implicit): APAS: Work O((n+m) lg n), Span O(lg² n) (edge-set, parallel) | Review: Work O((n+m) lg n), Span O(lg^2 n); parallel star contraction
src/Chap63/ConnectivityMtEph.rs:144: info: match (implicit): APAS: Work O((n+m) lg n), Span O(lg² n) (edge-set, parallel) | Review: Work O((n+m) lg n), Span O(lg^2 n); parallel star contraction
src/Chap63/ConnectivityMtEph.rs:210: info: match (implicit): APAS: Work O((n+m) lg n), Span O(lg^2 n) (parallel) | Review: Work O((n+m) lg n), Span O(lg^2 n); parallel star contraction
src/Chap63/ConnectivityMtEph.rs:232: info: match (implicit): APAS: Work O((n+m) lg n), Span O(lg^2 n) (parallel) | Review: Work O((n+m) lg n), Span O(lg^2 n); parallel star contraction
src/Chap63/ConnectivityStEph.rs:108: info: match (implicit): APAS: Work O((n+m) lg n), Span O((n+m) lg n) (edge-set representation) | Review: Work O((n+m) lg n), Span O((n+m) lg n); delegates to star contraction
src/Chap63/ConnectivityStEph.rs:133: info: match (implicit): APAS: Work O((n+m) lg n), Span O((n+m) lg n) (edge-set representation) | Review: Work O((n+m) lg n), Span O((n+m) lg n); delegates to star contraction
src/Chap63/ConnectivityStEph.rs:208: info: match (implicit): APAS: Work O((n+m) lg n), Span O((n+m) lg n) | Review: Work O((n+m) lg n), Span O((n+m) lg n); delegates to star_contract
src/Chap63/ConnectivityStEph.rs:232: info: match (implicit): APAS: Work O((n+m) lg n), Span O((n+m) lg n) | Review: Work O((n+m) lg n), Span O((n+m) lg n); delegates to star_contract
src/Chap64/SpanTreeMtEph.rs:95: error: possible mismatch: APAS: Work O((n+m) lg n), Span O(lg² n) | Review: Work O((n+m)
src/Chap64/SpanTreeStEph.rs:92: error: possible mismatch: APAS: Work O((n+m) lg n), Span O((n+m) lg n) | Review: Work O((n+m)
src/Chap64/TSPApproxStEph.rs:139: info: match (implicit): APAS: Work O(n), Span O(n) | Review: Work O(n), Span O(n)
src/Chap64/TSPApproxStEph.rs:264: info: match (implicit): APAS: Work O(n), Span O(n) | Review: Work O(n), Span O(n)
src/Chap64/TSPApproxStEph.rs:314: info: match (implicit): APAS: Work O(n), Span O(n) | Review: Work O(n), Span O(n)
src/Chap64/TSPApproxStEph.rs:398: info: match (implicit): APAS: Work O(n+m), Span O(n+m) | Review: Work O(n+m), Span O(n+m)
src/Chap65/KruskalStEph.rs:298: info: match: APAS: Work O(m lg n), Span O(m lg n) | Review: Work O(m lg n), Span O(m lg n) — matches APAS
src/Chap65/KruskalStEph.rs:420: info: match: APAS: : (no cost stated) — utility function | Review: matches APAS
src/Chap65/KruskalStEph.rs:454: info: match: APAS: : (no cost stated) — validation utility | Review: matches APAS
src/Chap65/PrimStEph.rs:272: info: match (implicit): APAS: Work O(m lg n), Span O(m lg n) | Review: Work O(m lg n), Span O(m lg n)
src/Chap66/BoruvkaMtEph.rs:112: info: match (implicit): APAS: Work O(m lg n), Span O(lg^2 n) | Review: Work O(m lg n), Span O(lg^2 n): O(lg n) rounds via bridge star partition, each round O(lg m) span via ParaPair! helpers
src/Chap66/BoruvkaMtEph.rs:131: info: match (implicit): APAS: Work O(m lg n), Span O(lg^2 n) | Review: Work O(m lg n), Span O(lg^2 n): O(lg n) rounds via bridge star partition, each round O(lg m) span via ParaPair! helpers
src/Chap66/BoruvkaMtEph.rs:484: info: match (implicit): APAS: Work O(m), Span O(log m) | Review: Work O(m), Span O(log m)
src/Chap66/BoruvkaMtEph.rs:592: info: match (implicit): APAS: Work O(n), Span O(log n) | Review: Work O(n), Span O(log n)
src/Chap66/BoruvkaMtEph.rs:740: info: match (implicit): APAS: Work O(m lg n), Span O(lg^2 n) | Review: Work O(m lg n), Span O(lg^2 n): O(lg n) rounds via bridge star partition, each round O(lg m) span via ParaPair! helpers
src/Chap66/BoruvkaMtEph.rs:939: info: match (implicit): APAS: Work O(m lg n), Span O(lg^2 n) | Review: Work O(m lg n), Span O(lg^2 n): O(lg n) rounds via bridge star partition, each round O(lg m) span via ParaPair! helpers
src/Chap66/BoruvkaStEph.rs:156: warning: ACCEPTED DIFFERENCE: Work O(m lg n), Span O(m lg n) — ACCEPTED DIFFERENCE: sequential, span = work
src/Chap66/BoruvkaStEph.rs:177: info: match (implicit): APAS: Work O(m lg n), Span O(lg^3 n) | Review: Work O(m lg n), Span O(lg^3 n)
src/Chap66/BoruvkaStEph.rs:180: warning: ACCEPTED DIFFERENCE: Work O(m lg n), Span O(m lg n) — ACCEPTED DIFFERENCE: sequential, span = work
src/Chap66/BoruvkaStEph.rs:220: warning: ACCEPTED DIFFERENCE: Work O(m) — ACCEPTED DIFFERENCE: St sequential, APAS parallel
src/Chap66/BoruvkaStEph.rs:282: warning: ACCEPTED DIFFERENCE: Work O(n) — ACCEPTED DIFFERENCE: St sequential, APAS parallel
src/Chap66/BoruvkaStEph.rs:355: warning: ACCEPTED DIFFERENCE: Work O(m log n) — ACCEPTED DIFFERENCE: St sequential, APAS parallel
src/Chap66/BoruvkaStEph.rs:452: warning: ACCEPTED DIFFERENCE: Work O(m log n) — ACCEPTED DIFFERENCE: St sequential, APAS parallel

Summary: 1215 info (match), 286 warning (accepted), 237 error (mismatch/missing)
