src/Chap02/FibonacciHFScheduler.rs:94: info: match (implicit): APAS: Work O(φⁿ), Span O(φⁿ) | Review: Work O(φⁿ), Span O(φⁿ); sequential, work = span
src/Chap02/FibonacciHFScheduler.rs:110: info: match (implicit): APAS: Work O(φⁿ), Span O(n) — both branches recurse in parallel | Review: Work O(φⁿ), Span O(n); recursive fib_par through join()
src/Chap03/InsertionSortStEph.rs:58: info: match (implicit): APAS: Work O(n²), Span O(n²) — sequential insertion sort | Review: Work O(n²), Span O(n²); iterative in-place variant, same cost as prose
src/Chap05/MappingStEph.rs:185: error: possible mismatch: APAS: definitional predicate, no cost specified. | Review: Work O(|v|^2), Span O(|v|^2). For each element calls is_functional_vec_at which is O(|v|).
src/Chap05/MappingStEph.rs:191: error: possible mismatch: APAS: definitional predicate, no cost specified. | Review: Work O(|v|), Span O(|v|). Scans vec for duplicate domain key at p.
src/Chap05/MappingStEph.rs:197: error: possible mismatch: APAS: definitional predicate, no cost specified. | Review: Work O(|s|), Span O(|s|). Iterates set, checks domain key at p.
src/Chap05/MappingStEph.rs:203: error: possible mismatch: APAS: definitional predicate, no cost specified. | Review: Work O(|s|²), Span O(|s|²). Iterates set and for each pair calls is_functional_SetStEph_at which is O(|s|).
src/Chap05/MappingStEph.rs:209: error: possible mismatch: APAS: definitional predicate, no cost specified. | Review: Work O(|r|²), Span O(|r|²). Delegates to is_functional_SetStEph which is O(|s|²).
src/Chap05/MappingStEph.rs:215: info: match (implicit): APAS: Work O(1), Span O(1) | Review: Work O(1), Span O(1)
src/Chap05/MappingStEph.rs:224: warning: ACCEPTED DIFFERENCE: Work O(|v|), Span O(|v|) — ACCEPTED DIFFERENCE: St sequential, APAS parallel
src/Chap05/MappingStEph.rs:233: warning: ACCEPTED DIFFERENCE: Work O(|r|), Span O(|r|) — ACCEPTED DIFFERENCE: St sequential, APAS parallel
src/Chap05/MappingStEph.rs:241: info: match (implicit): APAS: Work O(1), Span O(1) | Review: Work O(1), Span O(1)
src/Chap05/MappingStEph.rs:248: warning: ACCEPTED DIFFERENCE: Work O(|m|), Span O(|m|) — ACCEPTED DIFFERENCE: St sequential, APAS parallel
src/Chap05/MappingStEph.rs:254: info: match (implicit): APAS: Work O(|m|), Span O(1) | Review: Work O(|m|), Span O(|m|) — agrees on work. Iterates pairs, inserts each value.
src/Chap05/MappingStEph.rs:262: info: match (implicit): APAS: Work O(1), Span O(1) | Review: Work O(1), Span O(1) — agrees. Hash set contains() on the pair.
src/Chap05/MappingStEph.rs:272: info: match (implicit): APAS: Work O(1), Span O(1) | Review: Work O(1), Span O(1) — agrees. Creates iterator handle.
src/Chap05/RelationStEph.rs:99: info: match (implicit): APAS: Work O(1), Span O(1) | Review: Work O(1), Span O(1)
src/Chap05/RelationStEph.rs:106: warning: ACCEPTED DIFFERENCE: Work O(|pairs|), Span O(|pairs|) — ACCEPTED DIFFERENCE: St sequential, APAS parallel
src/Chap05/RelationStEph.rs:112: warning: ACCEPTED DIFFERENCE: Work O(|pairs|), Span O(|pairs|) — ACCEPTED DIFFERENCE: St sequential, APAS parallel
src/Chap05/RelationStEph.rs:117: info: match (implicit): APAS: Work O(1), Span O(1) | Review: Work O(1), Span O(1)
src/Chap05/RelationStEph.rs:125: warning: ACCEPTED DIFFERENCE: Work O(|R|), Span O(|R|) — ACCEPTED DIFFERENCE: St sequential, APAS parallel
src/Chap05/RelationStEph.rs:132: warning: ACCEPTED DIFFERENCE: Work O(|R|), Span O(|R|) — ACCEPTED DIFFERENCE: St sequential, APAS parallel
src/Chap05/RelationStEph.rs:137: info: match (implicit): APAS: Work O(1), Span O(1) | Review: Work O(1), Span O(1) — agrees. Hash set contains() on the pair.
src/Chap05/RelationStEph.rs:143: info: match (implicit): APAS: Work O(1), Span O(1) | Review: Work O(1), Span O(1) — agrees. Delegates to set mem.
src/Chap05/RelationStEph.rs:149: info: match (implicit): APAS: Work O(1), Span O(1) | Review: Work O(1), Span O(1) — agrees. Creates iterator handle.
src/Chap05/SetMtEph.rs:232: info: match (implicit): APAS: Work O(|v|), Span O(1) | Review: Work O(|v|), Span O(|v|) — sequential loop, not parallel. Span == Work.
src/Chap05/SetMtEph.rs:238: info: match (implicit): APAS: Work O(1), Span O(1) | Review: Work O(1), Span O(1) — agrees. Creates iterator handle.
src/Chap05/SetMtEph.rs:257: info: match (implicit): APAS: Work O(1), Span O(1) | Review: Work O(1), Span O(1) — agrees. Allocates empty hash set.
src/Chap05/SetMtEph.rs:263: info: match (implicit): APAS: Work O(1), Span O(1) | Review: Work O(1), Span O(1) — agrees. One allocation + one insert.
src/Chap05/SetMtEph.rs:269: info: match (implicit): APAS: Work O(1), Span O(1) | Review: Work O(1), Span O(1) — agrees. Hash set len().
src/Chap05/SetMtEph.rs:275: info: match (implicit): APAS: Work O(1), Span O(1) | Review: Work O(1), Span O(1) — agrees. Hash set contains().
src/Chap05/SetMtEph.rs:281: info: match (implicit): APAS: Work O(1), Span O(1) | Review: Work O(1), Span O(1) — agrees. Hash set insert(), amortized.
src/Chap05/SetMtEph.rs:290: info: match (implicit): APAS: Work O(|a| + |b|), Span O(1) | Review: Work O(|a| + |b|), Span O(|a| + |b|) — sequential loop, not parallel. Span == Work.
src/Chap05/SetMtEph.rs:299: info: match (implicit): APAS: Work O(|a| + |b|), Span O(1) | Review: Work O(|a| + |b|), Span O(|a| + |b|) — sequential loop, not parallel. Span == Work.
src/Chap05/SetMtEph.rs:311: error: possible mismatch: APAS: Work O(|a| + |b|), Span O(1) | Review: Work O(|a|), Span O(|a|) — iterates self only, O(1) hash lookup in s2 each. No parallelism.
src/Chap05/SetMtEph.rs:329: info: match (implicit): APAS: Work O(|a| × |b|), Span O(|b|) | Review: Work O(|a| × |b|), Span O(|a| × |b|) — spawns |a| parallel elt_cross_set tasks (each O(|b|)), but join phase is sequential disjoint_union over |a| results of size |b|. Sequential join dominates span.
src/Chap05/SetMtEph.rs:363: info: match (implicit): APAS: Work O(|a| × |parts|), Span O(1) | Review: Work O(|a| × |parts|), Span O(|a| × |parts|) — sequential loop, not parallel. Span == Work.
src/Chap05/SetMtEph.rs:382: info: match (implicit): APAS: Work O(|self|), Span O(1) | Review: Work O(|self|), Span O(|self|) — sequential loop, not parallel. Span == Work.
src/Chap05/SetMtEph.rs:399: info: match (implicit): APAS: Work O(1), Span O(1) | Review: Work O(1), Span O(1) — agrees. Creates iterator, takes first.
src/Chap05/SetStEph.rs:221: warning: ACCEPTED DIFFERENCE: Work O(|v|), Span O(|v|) — ACCEPTED DIFFERENCE: St sequential, APAS parallel. Iterates vec, O(1) hash insert each.
src/Chap05/SetStEph.rs:226: info: match (implicit): APAS: Work O(1), Span O(1) | Review: Work O(1), Span O(1) — agrees. Creates iterator handle.
src/Chap05/SetStEph.rs:245: info: match (implicit): APAS: Work O(1), Span O(1) | Review: Work O(1), Span O(1) — agrees. Allocates empty hash set.
src/Chap05/SetStEph.rs:251: info: match (implicit): APAS: Work O(1), Span O(1) | Review: Work O(1), Span O(1) — agrees. One allocation + one insert.
src/Chap05/SetStEph.rs:257: info: match (implicit): APAS: Work O(1), Span O(1) | Review: Work O(1), Span O(1) — agrees. Hash set len().
src/Chap05/SetStEph.rs:263: info: match (implicit): APAS: Work O(1), Span O(1) | Review: Work O(1), Span O(1) — agrees. Hash set contains().
src/Chap05/SetStEph.rs:269: info: match (implicit): APAS: Work O(1), Span O(1) | Review: Work O(1), Span O(1) — agrees. Hash set insert(), amortized.
src/Chap05/SetStEph.rs:279: warning: ACCEPTED DIFFERENCE: Work O(|a| + |b|), Span O(|a| + |b|) — ACCEPTED DIFFERENCE: St sequential, APAS parallel. Clone one, iterate other, insert all.
src/Chap05/SetStEph.rs:288: warning: ACCEPTED DIFFERENCE: Work O(|a| + |b|), Span O(|a| + |b|) — ACCEPTED DIFFERENCE: St sequential, APAS parallel. Same as union, disjointness is a precondition only.
src/Chap05/SetStEph.rs:300: warning: ACCEPTED DIFFERENCE: Work O(|a|), Span O(|a|) — ACCEPTED DIFFERENCE: St sequential + only iterates self (not both). APAS parallel.
src/Chap05/SetStEph.rs:318: warning: ACCEPTED DIFFERENCE: Work O(|a| × |b|), Span O(|a| × |b|) — ACCEPTED DIFFERENCE: St sequential, APAS parallel
src/Chap05/SetStEph.rs:351: warning: ACCEPTED DIFFERENCE: Work O(|a| × |parts|), Span O(|a| × |parts|) — ACCEPTED DIFFERENCE: St sequential, APAS parallel. Outer loop over |a|, inner partition_on_elt scans |parts| with O(1) hash lookups.
src/Chap05/SetStEph.rs:369: info: match (implicit): APAS: Work O(|self|), Span O(1) | Review: Work O(|self|), Span O(|self|) — agrees on work. Iterates set, O(1) insert each.
src/Chap05/SetStEph.rs:387: info: match (implicit): APAS: Work O(1), Span O(1) | Review: Work O(1), Span O(1) — agrees. Creates iterator, takes first.
src/Chap06/DirGraphMtEph.rs:117: info: match (implicit): APAS: Work O(1), Span O(1) | Review: Work O(1), Span O(1)
src/Chap06/DirGraphMtEph.rs:127: info: match (implicit): APAS: Work O(|V| + |A|), Span O(1) | Review: Work O(|V| + |A|), Span O(1)
src/Chap06/DirGraphMtEph.rs:140: info: match (implicit): APAS: Work O(1), Span O(1) | Review: Work O(1), Span O(1)
src/Chap06/DirGraphMtEph.rs:145: info: match (implicit): APAS: Work O(1), Span O(1) | Review: Work O(1), Span O(1)
src/Chap06/DirGraphMtEph.rs:150: info: match (implicit): APAS: Work O(1), Span O(1) | Review: Work O(1), Span O(1)
src/Chap06/DirGraphMtEph.rs:156: info: match (implicit): APAS: Work O(1), Span O(1) | Review: Work O(1), Span O(1)
src/Chap06/DirGraphMtEph.rs:162: info: match (implicit): APAS: Work O(1), Span O(1) | Review: Work O(1), Span O(1)
src/Chap06/DirGraphMtEph.rs:172: info: match (implicit): APAS: Work O(1), Span O(1) | Review: Work O(1), Span O(1)
src/Chap06/DirGraphMtEph.rs:192: info: match (implicit): APAS: Work O(|A|), Span O(log |A|) — parallel | Review: Work O(|A|), Span O(log |A|) — ParaPair! split arcs
src/Chap06/DirGraphMtEph.rs:204: info: match (implicit): APAS: Work O(|A|), Span O(log |A|) — parallel | Review: Work O(|A|), Span O(log |A|) — calls n_plus
src/Chap06/DirGraphMtEph.rs:227: info: match (implicit): APAS: Work O(|A|), Span O(log |A|) — parallel | Review: Work O(|A|), Span O(log |A|) — ParaPair! split arcs
src/Chap06/DirGraphMtEph.rs:239: info: match (implicit): APAS: Work O(|A|), Span O(log |A|) — parallel | Review: Work O(|A|), Span O(log |A|) — calls n_minus
src/Chap06/DirGraphMtEph.rs:254: info: match (implicit): APAS: Work O(|A|), Span O(log |A|) — parallel | Review: Work O(|A|), Span O(log |A|) — n_plus + n_minus
src/Chap06/DirGraphMtEph.rs:272: info: match (implicit): APAS: Work O(|A|), Span O(log |A|) — parallel | Review: Work O(|A|), Span O(log |A|) — calls ng
src/Chap06/DirGraphMtEph.rs:293: info: match (implicit): APAS: Work O(|u_set| × |A|), Span O(log |u_set| + log |A|) — parallel | Review: Work O(|u_set| × |A|), Span O(log |u_set| + log |A|) — ParaPair! split vertices
src/Chap06/DirGraphMtEph.rs:317: info: match (implicit): APAS: Work O(|u_set| × |A|), Span O(log |u_set| + log |A|) — parallel | Review: Work O(|u_set| × |A|), Span O(log |u_set| + log |A|) — ParaPair! split vertices
src/Chap06/DirGraphMtEph.rs:341: info: match (implicit): APAS: Work O(|u_set| × |A|), Span O(log |u_set| + log |A|) — parallel | Review: Work O(|u_set| × |A|), Span O(log |u_set| + log |A|) — ParaPair! split vertices
src/Chap06/DirGraphStEph.rs:121: info: match (implicit): APAS: Work O(1), Span O(1) | Review: Work O(1), Span O(1)
src/Chap06/DirGraphStEph.rs:131: info: match (implicit): APAS: Work O(|V| + |A|), Span O(1) | Review: Work O(|V| + |A|), Span O(|V| + |A|) — sequential
src/Chap06/DirGraphStEph.rs:144: info: match (implicit): APAS: Work O(1), Span O(1) | Review: Work O(1), Span O(1)
src/Chap06/DirGraphStEph.rs:149: info: match (implicit): APAS: Work O(1), Span O(1) | Review: Work O(1), Span O(1)
src/Chap06/DirGraphStEph.rs:154: info: match (implicit): APAS: Work O(1), Span O(1) | Review: Work O(1), Span O(1)
src/Chap06/DirGraphStEph.rs:160: info: match (implicit): APAS: Work O(1), Span O(1) | Review: Work O(1), Span O(1)
src/Chap06/DirGraphStEph.rs:166: info: match (implicit): APAS: Work O(1), Span O(1) | Review: Work O(1), Span O(1)
src/Chap06/DirGraphStEph.rs:172: info: match (implicit): APAS: Work O(|A|), Span O(1) | Review: Work O(|A|), Span O(|A|) — sequential filter
src/Chap06/DirGraphStEph.rs:178: info: match (implicit): APAS: Work O(|vertices| × |A|), Span O(1) | Review: Work O(|vertices| × |A|), Span O(|vertices| × |A|) — nested iteration
src/Chap06/DirGraphStEph.rs:184: info: match (implicit): APAS: Work O(|A|), Span O(1) | Review: Work O(|A|), Span O(|A|) — sequential filter
src/Chap06/DirGraphStEph.rs:190: info: match (implicit): APAS: Work O(|A|), Span O(1) | Review: Work O(|A|), Span O(|A|) — sequential filter
src/Chap06/DirGraphStEph.rs:196: info: match (implicit): APAS: Work O(|vertices| × |A|), Span O(1) | Review: Work O(|vertices| × |A|), Span O(|vertices| × |A|) — nested iteration
src/Chap06/DirGraphStEph.rs:202: info: match (implicit): APAS: Work O(|vertices| × |A|), Span O(1) | Review: Work O(|vertices| × |A|), Span O(|vertices| × |A|) — nested iteration
src/Chap06/DirGraphStEph.rs:208: info: match (implicit): APAS: Work O(1), Span O(1) | Review: Work O(1), Span O(1)
src/Chap06/DirGraphStEph.rs:214: info: match (implicit): APAS: Work O(|A|), Span O(1) | Review: Work O(|A|), Span O(|A|) — sequential filter
src/Chap06/DirGraphStEph.rs:220: info: match (implicit): APAS: Work O(|A|), Span O(1) | Review: Work O(|A|), Span O(|A|) — sequential filter
src/Chap06/DirGraphStEph.rs:226: info: match (implicit): APAS: Work O(|A|), Span O(1) | Review: Work O(|A|), Span O(|A|) — sequential filter
src/Chap06/LabDirGraphMtEph.rs:120: info: match (implicit): APAS: Work O(1), Span O(1) | Review: Work O(1), Span O(1)
src/Chap06/LabDirGraphMtEph.rs:130: info: match (implicit): APAS: Work O(|V| + |A|), Span O(1) | Review: Work O(|V| + |A|), Span O(1)
src/Chap06/LabDirGraphMtEph.rs:143: info: match (implicit): APAS: Work O(1), Span O(1) | Review: Work O(1), Span O(1)
src/Chap06/LabDirGraphMtEph.rs:148: info: match (implicit): APAS: Work O(1), Span O(1) | Review: Work O(1), Span O(1)
src/Chap06/LabDirGraphMtEph.rs:153: info: match (implicit): APAS: Work O(|A|), Span O(1) | Review: Work O(|A|), Span O(|A|) — sequential map
src/Chap06/LabDirGraphMtEph.rs:159: info: match (implicit): APAS: Work O(1), Span O(1) | Review: Work O(1), Span O(1)
src/Chap06/LabDirGraphMtEph.rs:165: info: match (implicit): APAS: Work O(1), Span O(1) | Review: Work O(1), Span O(1)
src/Chap06/LabDirGraphMtEph.rs:174: info: match (implicit): APAS: Work O(|A|), Span O(1) | Review: Work O(|A|), Span O(|A|) — sequential search
src/Chap06/LabDirGraphMtEph.rs:182: info: match (implicit): APAS: Work O(|A|), Span O(1) | Review: Work O(|A|), Span O(|A|) — sequential search
src/Chap06/LabDirGraphMtEph.rs:217: info: match (implicit): APAS: Work O(|A|), Span O(log |A|) — parallel | Review: Work O(|A|), Span O(log |A|) — ParaPair! split arcs
src/Chap06/LabDirGraphMtEph.rs:230: info: match (implicit): APAS: Work O(|A|), Span O(log |A|) — parallel | Review: Work O(|A|), Span O(log |A|) — ParaPair! split arcs
src/Chap06/LabDirGraphStEph.rs:103: info: match (implicit): APAS: Work O(1), Span O(1) | Review: Work O(1), Span O(1)
src/Chap06/LabDirGraphStEph.rs:114: warning: ACCEPTED DIFFERENCE: Work O(|V| + |A|), Span O(|V| + |A|) — ACCEPTED DIFFERENCE: St sequential, APAS Span O(1)
src/Chap06/LabDirGraphStEph.rs:126: info: match (implicit): APAS: Work O(1), Span O(1) | Review: Work O(1), Span O(1)
src/Chap06/LabDirGraphStEph.rs:131: info: match (implicit): APAS: Work O(1), Span O(1) | Review: Work O(1), Span O(1)
src/Chap06/LabDirGraphStEph.rs:137: warning: ACCEPTED DIFFERENCE: Work O(|A|), Span O(|A|) — ACCEPTED DIFFERENCE: St sequential, APAS Span O(1)
src/Chap06/LabDirGraphStEph.rs:142: info: match (implicit): APAS: Work O(1), Span O(1) | Review: Work O(1), Span O(1)
src/Chap06/LabDirGraphStEph.rs:148: info: match (implicit): APAS: Work O(1), Span O(1) | Review: Work O(1), Span O(1)
src/Chap06/LabDirGraphStEph.rs:157: warning: ACCEPTED DIFFERENCE: Work O(|A|), Span O(|A|) — ACCEPTED DIFFERENCE: St sequential, APAS Span O(1)
src/Chap06/LabDirGraphStEph.rs:165: warning: ACCEPTED DIFFERENCE: Work O(|A|), Span O(|A|) — ACCEPTED DIFFERENCE: St sequential, APAS Span O(1)
src/Chap06/LabDirGraphStEph.rs:172: warning: ACCEPTED DIFFERENCE: Work O(|A|), Span O(|A|) — ACCEPTED DIFFERENCE: St sequential, APAS Span O(1)
src/Chap06/LabDirGraphStEph.rs:179: warning: ACCEPTED DIFFERENCE: Work O(|A|), Span O(|A|) — ACCEPTED DIFFERENCE: St sequential, APAS Span O(1)
src/Chap06/LabUnDirGraphMtEph.rs:131: info: match (implicit): APAS: Work O(1), Span O(1) | Review: Work O(1), Span O(1)
src/Chap06/LabUnDirGraphMtEph.rs:141: info: match (implicit): APAS: Work O(|V| + |E|), Span O(1) | Review: Work O(|V| + |E|), Span O(1)
src/Chap06/LabUnDirGraphMtEph.rs:154: info: match (implicit): APAS: Work O(1), Span O(1) | Review: Work O(1), Span O(1)
src/Chap06/LabUnDirGraphMtEph.rs:159: info: match (implicit): APAS: Work O(1), Span O(1) | Review: Work O(1), Span O(1)
src/Chap06/LabUnDirGraphMtEph.rs:164: info: match (implicit): APAS: Work O(|E|), Span O(1) | Review: Work O(|E|), Span O(|E|) — sequential map
src/Chap06/LabUnDirGraphMtEph.rs:171: info: match (implicit): APAS: Work O(1), Span O(1) | Review: Work O(1), Span O(1)
src/Chap06/LabUnDirGraphMtEph.rs:177: info: match (implicit): APAS: Work O(1), Span O(1) | Review: Work O(1), Span O(1)
src/Chap06/LabUnDirGraphMtEph.rs:187: info: match (implicit): APAS: Work O(|E|), Span O(1) | Review: Work O(|E|), Span O(|E|) — sequential search
src/Chap06/LabUnDirGraphMtEph.rs:197: info: match (implicit): APAS: Work O(|E|), Span O(1) | Review: Work O(|E|), Span O(|E|) — sequential search
src/Chap06/LabUnDirGraphMtEph.rs:215: info: match (implicit): APAS: Work O(|E|), Span O(log |E|) — parallel | Review: Work O(|E|), Span O(log |E|) — ParaPair! split edges
src/Chap06/LabUnDirGraphStEph.rs:100: info: match (implicit): APAS: Work O(1), Span O(1) | Review: Work O(1), Span O(1)
src/Chap06/LabUnDirGraphStEph.rs:110: info: match (implicit): APAS: Work O(|V| + |E|), Span O(1) | Review: Work O(|V| + |E|), Span O(|V| + |E|) — sequential
src/Chap06/LabUnDirGraphStEph.rs:123: info: match (implicit): APAS: Work O(1), Span O(1) | Review: Work O(1), Span O(1)
src/Chap06/LabUnDirGraphStEph.rs:128: info: match (implicit): APAS: Work O(1), Span O(1) | Review: Work O(1), Span O(1)
src/Chap06/LabUnDirGraphStEph.rs:133: info: match (implicit): APAS: Work O(|E|), Span O(1) | Review: Work O(|E|), Span O(|E|) — sequential map
src/Chap06/LabUnDirGraphStEph.rs:140: info: match (implicit): APAS: Work O(1), Span O(1) | Review: Work O(1), Span O(1)
src/Chap06/LabUnDirGraphStEph.rs:146: info: match (implicit): APAS: Work O(1), Span O(1) | Review: Work O(1), Span O(1)
src/Chap06/LabUnDirGraphStEph.rs:155: info: match (implicit): APAS: Work O(|E|), Span O(1) | Review: Work O(|E|), Span O(|E|) — sequential search
src/Chap06/LabUnDirGraphStEph.rs:165: info: match (implicit): APAS: Work O(|E|), Span O(1) | Review: Work O(|E|), Span O(|E|) — sequential search
src/Chap06/LabUnDirGraphStEph.rs:172: info: match (implicit): APAS: Work O(|E|), Span O(1) | Review: Work O(|E|), Span O(|E|) — sequential filter
src/Chap06/UnDirGraphMtEph.rs:135: info: match (implicit): APAS: Work O(1), Span O(1) | Review: Work O(1), Span O(1)
src/Chap06/UnDirGraphMtEph.rs:145: info: match (implicit): APAS: Work O(|V| + |E|), Span O(1) | Review: Work O(|V| + |E|), Span O(1)
src/Chap06/UnDirGraphMtEph.rs:158: info: match (implicit): APAS: Work O(1), Span O(1) | Review: Work O(1), Span O(1)
src/Chap06/UnDirGraphMtEph.rs:163: info: match (implicit): APAS: Work O(1), Span O(1) | Review: Work O(1), Span O(1)
src/Chap06/UnDirGraphMtEph.rs:168: info: match (implicit): APAS: Work O(1), Span O(1) | Review: Work O(1), Span O(1)
src/Chap06/UnDirGraphMtEph.rs:174: info: match (implicit): APAS: Work O(1), Span O(1) | Review: Work O(1), Span O(1)
src/Chap06/UnDirGraphMtEph.rs:180: info: match (implicit): APAS: Work O(1), Span O(1) | Review: Work O(1), Span O(1)
src/Chap06/UnDirGraphMtEph.rs:196: info: match (implicit): APAS: Work O(|E|), Span O(log |E|) — parallel | Review: Work O(|E|), Span O(log |E|) — ParaPair! split edges
src/Chap06/UnDirGraphMtEph.rs:214: info: match (implicit): APAS: Work O(|u_set| × |E|), Span O(log |u_set| + log |E|) — parallel | Review: Work O(|u_set| × |E|), Span O(log |u_set| + log |E|) — ParaPair! split vertices
src/Chap06/UnDirGraphMtEph.rs:226: info: match (implicit): APAS: Work O(1), Span O(1) | Review: Work O(1), Span O(1)
src/Chap06/UnDirGraphMtEph.rs:232: info: match (implicit): APAS: Work O(|E|), Span O(log |E|) — parallel | Review: Work O(|E|), Span O(log |E|) — calls ng
src/Chap06/UnDirGraphStEph.rs:107: info: match (implicit): APAS: Work O(1), Span O(1) | Review: Work O(1), Span O(1)
src/Chap06/UnDirGraphStEph.rs:117: info: match (implicit): APAS: Work O(|V| + |E|), Span O(1) | Review: Work O(|V| + |E|), Span O(|V| + |E|) -- sequential
src/Chap06/UnDirGraphStEph.rs:129: info: match (implicit): APAS: Work O(1), Span O(1) | Review: Work O(1), Span O(1)
src/Chap06/UnDirGraphStEph.rs:134: info: match (implicit): APAS: Work O(1), Span O(1) | Review: Work O(1), Span O(1)
src/Chap06/UnDirGraphStEph.rs:139: info: match (implicit): APAS: Work O(1), Span O(1) | Review: Work O(1), Span O(1)
src/Chap06/UnDirGraphStEph.rs:145: info: match (implicit): APAS: Work O(1), Span O(1) | Review: Work O(1), Span O(1)
src/Chap06/UnDirGraphStEph.rs:151: info: match (implicit): APAS: Work O(1), Span O(1) | Review: Work O(1), Span O(1)
src/Chap06/UnDirGraphStEph.rs:161: info: match (implicit): APAS: Work O(|E|), Span O(1) | Review: Work O(|E|), Span O(|E|) -- sequential filter
src/Chap06/UnDirGraphStEph.rs:172: info: match (implicit): APAS: Work O(|u_set| x |E|), Span O(1) | Review: Work O(|u_set| x |E|), Span O(|u_set| x |E|) -- nested iteration
src/Chap06/UnDirGraphStEph.rs:183: info: match (implicit): APAS: Work O(1), Span O(1) | Review: Work O(1), Span O(1)
src/Chap06/UnDirGraphStEph.rs:189: info: match (implicit): APAS: Work O(|E|), Span O(1) | Review: Work O(|E|), Span O(|E|) -- sequential filter
src/Chap06/WeightedDirGraphStEphF64.rs:68: info: match (implicit): APAS: Work O(|V| + |E|), Span O(1) | Review: Work O(|V| + |E|), Span O(|V| + |E|) -- sequential
src/Chap06/WeightedDirGraphStEphF64.rs:78: info: match (implicit): APAS: Work O(1), Span O(1) | Review: Work O(1), Span O(1)
src/Chap06/WeightedDirGraphStEphF64.rs:86: info: match (implicit): APAS: Work O(|A|), Span O(1) | Review: Work O(|A|), Span O(|A|) -- sequential search
src/Chap06/WeightedDirGraphStEphF64.rs:94: info: match (implicit): APAS: Work O(|A|), Span O(1) | Review: Work O(|A|), Span O(|A|) -- sequential iteration
src/Chap06/WeightedDirGraphStEphF64.rs:101: info: match (implicit): APAS: Work O(|A|), Span O(1) | Review: Work O(|A|), Span O(|A|) -- sequential filter
src/Chap06/WeightedDirGraphStEphF64.rs:109: info: match (implicit): APAS: Work O(|A|), Span O(1) | Review: Work O(|A|), Span O(|A|) -- sequential filter
src/Chap06/WeightedDirGraphStEphF64.rs:123: info: match (implicit): APAS: Work O(|V| + |E|), Span O(1) | Review: Work O(|V| + |E|), Span O(|V| + |E|) — sequential
src/Chap06/WeightedDirGraphStEphF64.rs:174: info: match (implicit): APAS: Work O(1), Span O(1) | Review: Work O(1), Span O(1)
src/Chap06/WeightedDirGraphStEphF64.rs:180: info: match (implicit): APAS: Work O(|A|), Span O(1) | Review: Work O(|A|), Span O(|A|) — sequential
src/Chap06/WeightedDirGraphStEphF64.rs:189: info: match (implicit): APAS: Work O(|A|), Span O(1) | Review: Work O(|A|), Span O(|A|) — sequential
src/Chap06/WeightedDirGraphStEphF64.rs:232: info: match (implicit): APAS: Work O(|A|), Span O(1) | Review: Work O(|A|), Span O(|A|) — sequential
src/Chap06/WeightedDirGraphStEphF64.rs:296: info: match (implicit): APAS: Work O(|A|), Span O(1) | Review: Work O(|A|), Span O(|A|) — sequential
src/Chap06/WeightedDirGraphStEphI128.rs:71: info: match (implicit): APAS: Work O(|V| + |E|), Span O(1) | Review: Work O(|V| + |E|), Span O(|V| + |E|) -- sequential
src/Chap06/WeightedDirGraphStEphI128.rs:81: info: match (implicit): APAS: Work O(1), Span O(1) | Review: Work O(1), Span O(1)
src/Chap06/WeightedDirGraphStEphI128.rs:89: info: match (implicit): APAS: Work O(|A|), Span O(1) | Review: Work O(|A|), Span O(|A|) -- sequential search
src/Chap06/WeightedDirGraphStEphI128.rs:97: info: match (implicit): APAS: Work O(|A|), Span O(1) | Review: Work O(|A|), Span O(|A|) -- sequential iteration
src/Chap06/WeightedDirGraphStEphI128.rs:104: info: match (implicit): APAS: Work O(|A|), Span O(1) | Review: Work O(|A|), Span O(|A|) -- sequential filter
src/Chap06/WeightedDirGraphStEphI128.rs:112: info: match (implicit): APAS: Work O(|A|), Span O(1) | Review: Work O(|A|), Span O(|A|) -- sequential filter
src/Chap06/WeightedDirGraphStEphI128.rs:120: info: match (implicit): APAS: Work O(|A|), Span O(1) | Review: Work O(|A|), Span O(|A|) -- sequential fold
src/Chap06/WeightedDirGraphStEphI128.rs:126: info: match (implicit): APAS: Work O(|A|), Span O(1) | Review: Work O(|A|), Span O(|A|) -- sequential filter
src/Chap06/WeightedDirGraphStEphI128.rs:134: info: match (implicit): APAS: Work O(|A|), Span O(1) | Review: Work O(|A|), Span O(|A|) -- sequential filter
src/Chap06/WeightedDirGraphStEphI128.rs:148: info: match (implicit): APAS: Work O(|V| + |E|), Span O(1) | Review: Work O(|V| + |E|), Span O(|V| + |E|) — sequential
src/Chap06/WeightedDirGraphStEphI128.rs:199: info: match (implicit): APAS: Work O(1), Span O(1) | Review: Work O(1), Span O(1)
src/Chap06/WeightedDirGraphStEphI128.rs:205: info: match (implicit): APAS: Work O(|A|), Span O(1) | Review: Work O(|A|), Span O(|A|) — sequential
src/Chap06/WeightedDirGraphStEphI128.rs:214: info: match (implicit): APAS: Work O(|A|), Span O(1) | Review: Work O(|A|), Span O(|A|) — sequential
src/Chap06/WeightedDirGraphStEphI128.rs:257: info: match (implicit): APAS: Work O(|A|), Span O(1) | Review: Work O(|A|), Span O(|A|) — sequential
src/Chap06/WeightedDirGraphStEphI128.rs:321: info: match (implicit): APAS: Work O(|A|), Span O(1) | Review: Work O(|A|), Span O(|A|) — sequential
src/Chap06/WeightedDirGraphStEphI128.rs:385: info: match (implicit): APAS: Work O(|A|), Span O(1) | Review: Work O(|A|), Span O(|A|) — sequential
src/Chap06/WeightedDirGraphStEphI16.rs:71: info: match (implicit): APAS: Work O(|V| + |E|), Span O(1) | Review: Work O(|V| + |E|), Span O(|V| + |E|) -- sequential
src/Chap06/WeightedDirGraphStEphI16.rs:81: info: match (implicit): APAS: Work O(1), Span O(1) | Review: Work O(1), Span O(1)
src/Chap06/WeightedDirGraphStEphI16.rs:89: info: match (implicit): APAS: Work O(|A|), Span O(1) | Review: Work O(|A|), Span O(|A|) -- sequential search
src/Chap06/WeightedDirGraphStEphI16.rs:97: info: match (implicit): APAS: Work O(|A|), Span O(1) | Review: Work O(|A|), Span O(|A|) -- sequential iteration
src/Chap06/WeightedDirGraphStEphI16.rs:104: info: match (implicit): APAS: Work O(|A|), Span O(1) | Review: Work O(|A|), Span O(|A|) -- sequential filter
src/Chap06/WeightedDirGraphStEphI16.rs:112: info: match (implicit): APAS: Work O(|A|), Span O(1) | Review: Work O(|A|), Span O(|A|) -- sequential filter
src/Chap06/WeightedDirGraphStEphI16.rs:120: info: match (implicit): APAS: Work O(|A|), Span O(1) | Review: Work O(|A|), Span O(|A|) -- sequential fold
src/Chap06/WeightedDirGraphStEphI16.rs:126: info: match (implicit): APAS: Work O(|A|), Span O(1) | Review: Work O(|A|), Span O(|A|) -- sequential filter
src/Chap06/WeightedDirGraphStEphI16.rs:134: info: match (implicit): APAS: Work O(|A|), Span O(1) | Review: Work O(|A|), Span O(|A|) -- sequential filter
src/Chap06/WeightedDirGraphStEphI16.rs:148: info: match (implicit): APAS: Work O(|V| + |E|), Span O(1) | Review: Work O(|V| + |E|), Span O(|V| + |E|) — sequential
src/Chap06/WeightedDirGraphStEphI16.rs:192: info: match (implicit): APAS: Work O(1), Span O(1) | Review: Work O(1), Span O(1)
src/Chap06/WeightedDirGraphStEphI16.rs:198: info: match (implicit): APAS: Work O(|A|), Span O(1) | Review: Work O(|A|), Span O(|A|) — sequential
src/Chap06/WeightedDirGraphStEphI16.rs:207: info: match (implicit): APAS: Work O(|A|), Span O(1) | Review: Work O(|A|), Span O(|A|) — sequential
src/Chap06/WeightedDirGraphStEphI16.rs:250: info: match (implicit): APAS: Work O(|A|), Span O(1) | Review: Work O(|A|), Span O(|A|) — sequential
src/Chap06/WeightedDirGraphStEphI16.rs:314: info: match (implicit): APAS: Work O(|A|), Span O(1) | Review: Work O(|A|), Span O(|A|) — sequential
src/Chap06/WeightedDirGraphStEphI16.rs:378: info: match (implicit): APAS: Work O(|A|), Span O(1) | Review: Work O(|A|), Span O(|A|) — sequential
src/Chap06/WeightedDirGraphStEphI32.rs:71: info: match (implicit): APAS: Work O(|V| + |E|), Span O(1) | Review: Work O(|V| + |E|), Span O(|V| + |E|) -- sequential
src/Chap06/WeightedDirGraphStEphI32.rs:81: info: match (implicit): APAS: Work O(1), Span O(1) | Review: Work O(1), Span O(1)
src/Chap06/WeightedDirGraphStEphI32.rs:89: info: match (implicit): APAS: Work O(|A|), Span O(1) | Review: Work O(|A|), Span O(|A|) -- sequential search
src/Chap06/WeightedDirGraphStEphI32.rs:97: info: match (implicit): APAS: Work O(|A|), Span O(1) | Review: Work O(|A|), Span O(|A|) -- sequential iteration
src/Chap06/WeightedDirGraphStEphI32.rs:104: info: match (implicit): APAS: Work O(|A|), Span O(1) | Review: Work O(|A|), Span O(|A|) -- sequential filter
src/Chap06/WeightedDirGraphStEphI32.rs:112: info: match (implicit): APAS: Work O(|A|), Span O(1) | Review: Work O(|A|), Span O(|A|) -- sequential filter
src/Chap06/WeightedDirGraphStEphI32.rs:120: info: match (implicit): APAS: Work O(|A|), Span O(1) | Review: Work O(|A|), Span O(|A|) -- sequential fold
src/Chap06/WeightedDirGraphStEphI32.rs:126: info: match (implicit): APAS: Work O(|A|), Span O(1) | Review: Work O(|A|), Span O(|A|) -- sequential filter
src/Chap06/WeightedDirGraphStEphI32.rs:134: info: match (implicit): APAS: Work O(|A|), Span O(1) | Review: Work O(|A|), Span O(|A|) -- sequential filter
src/Chap06/WeightedDirGraphStEphI32.rs:148: info: match (implicit): APAS: Work O(|V| + |E|), Span O(1) | Review: Work O(|V| + |E|), Span O(|V| + |E|) — sequential
src/Chap06/WeightedDirGraphStEphI32.rs:192: info: match (implicit): APAS: Work O(1), Span O(1) | Review: Work O(1), Span O(1)
src/Chap06/WeightedDirGraphStEphI32.rs:198: info: match (implicit): APAS: Work O(|A|), Span O(1) | Review: Work O(|A|), Span O(|A|) — sequential
src/Chap06/WeightedDirGraphStEphI32.rs:207: info: match (implicit): APAS: Work O(|A|), Span O(1) | Review: Work O(|A|), Span O(|A|) — sequential
src/Chap06/WeightedDirGraphStEphI32.rs:250: info: match (implicit): APAS: Work O(|A|), Span O(1) | Review: Work O(|A|), Span O(|A|) — sequential
src/Chap06/WeightedDirGraphStEphI32.rs:314: info: match (implicit): APAS: Work O(|A|), Span O(1) | Review: Work O(|A|), Span O(|A|) — sequential
src/Chap06/WeightedDirGraphStEphI32.rs:378: info: match (implicit): APAS: Work O(|A|), Span O(1) | Review: Work O(|A|), Span O(|A|) — sequential
src/Chap06/WeightedDirGraphStEphI64.rs:71: info: match (implicit): APAS: Work O(|V| + |E|), Span O(1) | Review: Work O(|V| + |E|), Span O(|V| + |E|) -- sequential
src/Chap06/WeightedDirGraphStEphI64.rs:81: info: match (implicit): APAS: Work O(1), Span O(1) | Review: Work O(1), Span O(1)
src/Chap06/WeightedDirGraphStEphI64.rs:89: info: match (implicit): APAS: Work O(|A|), Span O(1) | Review: Work O(|A|), Span O(|A|) -- sequential search
src/Chap06/WeightedDirGraphStEphI64.rs:97: info: match (implicit): APAS: Work O(|A|), Span O(1) | Review: Work O(|A|), Span O(|A|) -- sequential iteration
src/Chap06/WeightedDirGraphStEphI64.rs:104: info: match (implicit): APAS: Work O(|A|), Span O(1) | Review: Work O(|A|), Span O(|A|) -- sequential filter
src/Chap06/WeightedDirGraphStEphI64.rs:112: info: match (implicit): APAS: Work O(|A|), Span O(1) | Review: Work O(|A|), Span O(|A|) -- sequential filter
src/Chap06/WeightedDirGraphStEphI64.rs:120: info: match (implicit): APAS: Work O(|A|), Span O(1) | Review: Work O(|A|), Span O(|A|) -- sequential fold
src/Chap06/WeightedDirGraphStEphI64.rs:126: info: match (implicit): APAS: Work O(|A|), Span O(1) | Review: Work O(|A|), Span O(|A|) -- sequential filter
src/Chap06/WeightedDirGraphStEphI64.rs:134: info: match (implicit): APAS: Work O(|A|), Span O(1) | Review: Work O(|A|), Span O(|A|) -- sequential filter
src/Chap06/WeightedDirGraphStEphI64.rs:148: info: match (implicit): APAS: Work O(|V| + |E|), Span O(1) | Review: Work O(|V| + |E|), Span O(|V| + |E|) — sequential
src/Chap06/WeightedDirGraphStEphI64.rs:192: info: match (implicit): APAS: Work O(1), Span O(1) | Review: Work O(1), Span O(1)
src/Chap06/WeightedDirGraphStEphI64.rs:198: info: match (implicit): APAS: Work O(|A|), Span O(1) | Review: Work O(|A|), Span O(|A|) — sequential
src/Chap06/WeightedDirGraphStEphI64.rs:207: info: match (implicit): APAS: Work O(|A|), Span O(1) | Review: Work O(|A|), Span O(|A|) — sequential
src/Chap06/WeightedDirGraphStEphI64.rs:250: info: match (implicit): APAS: Work O(|A|), Span O(1) | Review: Work O(|A|), Span O(|A|) — sequential
src/Chap06/WeightedDirGraphStEphI64.rs:314: info: match (implicit): APAS: Work O(|A|), Span O(1) | Review: Work O(|A|), Span O(|A|) — sequential
src/Chap06/WeightedDirGraphStEphI64.rs:378: info: match (implicit): APAS: Work O(|A|), Span O(1) | Review: Work O(|A|), Span O(|A|) — sequential
src/Chap06/WeightedDirGraphStEphI8.rs:71: info: match (implicit): APAS: Work O(|V| + |E|), Span O(1) | Review: Work O(|V| + |E|), Span O(|V| + |E|) -- sequential
src/Chap06/WeightedDirGraphStEphI8.rs:81: info: match (implicit): APAS: Work O(1), Span O(1) | Review: Work O(1), Span O(1)
src/Chap06/WeightedDirGraphStEphI8.rs:89: info: match (implicit): APAS: Work O(|A|), Span O(1) | Review: Work O(|A|), Span O(|A|) -- sequential search
src/Chap06/WeightedDirGraphStEphI8.rs:97: info: match (implicit): APAS: Work O(|A|), Span O(1) | Review: Work O(|A|), Span O(|A|) -- sequential iteration
src/Chap06/WeightedDirGraphStEphI8.rs:104: info: match (implicit): APAS: Work O(|A|), Span O(1) | Review: Work O(|A|), Span O(|A|) -- sequential filter
src/Chap06/WeightedDirGraphStEphI8.rs:112: info: match (implicit): APAS: Work O(|A|), Span O(1) | Review: Work O(|A|), Span O(|A|) -- sequential filter
src/Chap06/WeightedDirGraphStEphI8.rs:120: info: match (implicit): APAS: Work O(|A|), Span O(1) | Review: Work O(|A|), Span O(|A|) -- sequential fold
src/Chap06/WeightedDirGraphStEphI8.rs:126: info: match (implicit): APAS: Work O(|A|), Span O(1) | Review: Work O(|A|), Span O(|A|) -- sequential filter
src/Chap06/WeightedDirGraphStEphI8.rs:134: info: match (implicit): APAS: Work O(|A|), Span O(1) | Review: Work O(|A|), Span O(|A|) -- sequential filter
src/Chap06/WeightedDirGraphStEphI8.rs:148: info: match (implicit): APAS: Work O(|V| + |E|), Span O(1) | Review: Work O(|V| + |E|), Span O(|V| + |E|) — sequential
src/Chap06/WeightedDirGraphStEphI8.rs:192: info: match (implicit): APAS: Work O(1), Span O(1) | Review: Work O(1), Span O(1)
src/Chap06/WeightedDirGraphStEphI8.rs:198: info: match (implicit): APAS: Work O(|A|), Span O(1) | Review: Work O(|A|), Span O(|A|) — sequential
src/Chap06/WeightedDirGraphStEphI8.rs:207: info: match (implicit): APAS: Work O(|A|), Span O(1) | Review: Work O(|A|), Span O(|A|) — sequential
src/Chap06/WeightedDirGraphStEphI8.rs:250: info: match (implicit): APAS: Work O(|A|), Span O(1) | Review: Work O(|A|), Span O(|A|) — sequential
src/Chap06/WeightedDirGraphStEphI8.rs:314: info: match (implicit): APAS: Work O(|A|), Span O(1) | Review: Work O(|A|), Span O(|A|) — sequential
src/Chap06/WeightedDirGraphStEphI8.rs:378: info: match (implicit): APAS: Work O(|A|), Span O(1) | Review: Work O(|A|), Span O(|A|) — sequential
src/Chap06/WeightedDirGraphStEphIsize.rs:71: info: match (implicit): APAS: Work O(|V| + |E|), Span O(1) | Review: Work O(|V| + |E|), Span O(|V| + |E|) -- sequential
src/Chap06/WeightedDirGraphStEphIsize.rs:81: info: match (implicit): APAS: Work O(1), Span O(1) | Review: Work O(1), Span O(1)
src/Chap06/WeightedDirGraphStEphIsize.rs:89: info: match (implicit): APAS: Work O(|A|), Span O(1) | Review: Work O(|A|), Span O(|A|) -- sequential search
src/Chap06/WeightedDirGraphStEphIsize.rs:97: info: match (implicit): APAS: Work O(|A|), Span O(1) | Review: Work O(|A|), Span O(|A|) -- sequential iteration
src/Chap06/WeightedDirGraphStEphIsize.rs:104: info: match (implicit): APAS: Work O(|A|), Span O(1) | Review: Work O(|A|), Span O(|A|) -- sequential filter
src/Chap06/WeightedDirGraphStEphIsize.rs:112: info: match (implicit): APAS: Work O(|A|), Span O(1) | Review: Work O(|A|), Span O(|A|) -- sequential filter
src/Chap06/WeightedDirGraphStEphIsize.rs:120: info: match (implicit): APAS: Work O(|A|), Span O(1) | Review: Work O(|A|), Span O(|A|) -- sequential fold
src/Chap06/WeightedDirGraphStEphIsize.rs:126: info: match (implicit): APAS: Work O(|A|), Span O(1) | Review: Work O(|A|), Span O(|A|) -- sequential filter
src/Chap06/WeightedDirGraphStEphIsize.rs:134: info: match (implicit): APAS: Work O(|A|), Span O(1) | Review: Work O(|A|), Span O(|A|) -- sequential filter
src/Chap06/WeightedDirGraphStEphIsize.rs:148: info: match (implicit): APAS: Work O(|V| + |E|), Span O(1) | Review: Work O(|V| + |E|), Span O(|V| + |E|) — sequential
src/Chap06/WeightedDirGraphStEphIsize.rs:192: info: match (implicit): APAS: Work O(1), Span O(1) | Review: Work O(1), Span O(1)
src/Chap06/WeightedDirGraphStEphIsize.rs:198: info: match (implicit): APAS: Work O(|A|), Span O(1) | Review: Work O(|A|), Span O(|A|) — sequential
src/Chap06/WeightedDirGraphStEphIsize.rs:207: info: match (implicit): APAS: Work O(|A|), Span O(1) | Review: Work O(|A|), Span O(|A|) — sequential
src/Chap06/WeightedDirGraphStEphIsize.rs:250: info: match (implicit): APAS: Work O(|A|), Span O(1) | Review: Work O(|A|), Span O(|A|) — sequential
src/Chap06/WeightedDirGraphStEphIsize.rs:314: info: match (implicit): APAS: Work O(|A|), Span O(1) | Review: Work O(|A|), Span O(|A|) — sequential
src/Chap06/WeightedDirGraphStEphIsize.rs:378: info: match (implicit): APAS: Work O(|A|), Span O(1) | Review: Work O(|A|), Span O(|A|) — sequential
src/Chap06/WeightedDirGraphStEphU128.rs:71: info: match (implicit): APAS: Work O(|V| + |E|), Span O(1) | Review: Work O(|V| + |E|), Span O(|V| + |E|) -- sequential
src/Chap06/WeightedDirGraphStEphU128.rs:81: info: match (implicit): APAS: Work O(1), Span O(1) | Review: Work O(1), Span O(1)
src/Chap06/WeightedDirGraphStEphU128.rs:89: info: match (implicit): APAS: Work O(|A|), Span O(1) | Review: Work O(|A|), Span O(|A|) -- sequential search
src/Chap06/WeightedDirGraphStEphU128.rs:97: info: match (implicit): APAS: Work O(|A|), Span O(1) | Review: Work O(|A|), Span O(|A|) -- sequential iteration
src/Chap06/WeightedDirGraphStEphU128.rs:104: info: match (implicit): APAS: Work O(|A|), Span O(1) | Review: Work O(|A|), Span O(|A|) -- sequential filter
src/Chap06/WeightedDirGraphStEphU128.rs:112: info: match (implicit): APAS: Work O(|A|), Span O(1) | Review: Work O(|A|), Span O(|A|) -- sequential filter
src/Chap06/WeightedDirGraphStEphU128.rs:120: info: match (implicit): APAS: Work O(|A|), Span O(1) | Review: Work O(|A|), Span O(|A|) -- sequential fold
src/Chap06/WeightedDirGraphStEphU128.rs:126: info: match (implicit): APAS: Work O(|A|), Span O(1) | Review: Work O(|A|), Span O(|A|) -- sequential filter
src/Chap06/WeightedDirGraphStEphU128.rs:134: info: match (implicit): APAS: Work O(|A|), Span O(1) | Review: Work O(|A|), Span O(|A|) -- sequential filter
src/Chap06/WeightedDirGraphStEphU128.rs:148: info: match (implicit): APAS: Work O(|V| + |E|), Span O(1) | Review: Work O(|V| + |E|), Span O(|V| + |E|) — sequential
src/Chap06/WeightedDirGraphStEphU128.rs:192: info: match (implicit): APAS: Work O(1), Span O(1) | Review: Work O(1), Span O(1)
src/Chap06/WeightedDirGraphStEphU128.rs:198: info: match (implicit): APAS: Work O(|A|), Span O(1) | Review: Work O(|A|), Span O(|A|) — sequential
src/Chap06/WeightedDirGraphStEphU128.rs:207: info: match (implicit): APAS: Work O(|A|), Span O(1) | Review: Work O(|A|), Span O(|A|) — sequential
src/Chap06/WeightedDirGraphStEphU128.rs:250: info: match (implicit): APAS: Work O(|A|), Span O(1) | Review: Work O(|A|), Span O(|A|) — sequential
src/Chap06/WeightedDirGraphStEphU128.rs:314: info: match (implicit): APAS: Work O(|A|), Span O(1) | Review: Work O(|A|), Span O(|A|) — sequential
src/Chap06/WeightedDirGraphStEphU128.rs:378: info: match (implicit): APAS: Work O(|A|), Span O(1) | Review: Work O(|A|), Span O(|A|) — sequential
src/Chap06/WeightedDirGraphStEphU16.rs:71: info: match (implicit): APAS: Work O(|V| + |E|), Span O(1) | Review: Work O(|V| + |E|), Span O(|V| + |E|) -- sequential
src/Chap06/WeightedDirGraphStEphU16.rs:81: info: match (implicit): APAS: Work O(1), Span O(1) | Review: Work O(1), Span O(1)
src/Chap06/WeightedDirGraphStEphU16.rs:89: info: match (implicit): APAS: Work O(|A|), Span O(1) | Review: Work O(|A|), Span O(|A|) -- sequential search
src/Chap06/WeightedDirGraphStEphU16.rs:97: info: match (implicit): APAS: Work O(|A|), Span O(1) | Review: Work O(|A|), Span O(|A|) -- sequential iteration
src/Chap06/WeightedDirGraphStEphU16.rs:104: info: match (implicit): APAS: Work O(|A|), Span O(1) | Review: Work O(|A|), Span O(|A|) -- sequential filter
src/Chap06/WeightedDirGraphStEphU16.rs:112: info: match (implicit): APAS: Work O(|A|), Span O(1) | Review: Work O(|A|), Span O(|A|) -- sequential filter
src/Chap06/WeightedDirGraphStEphU16.rs:120: info: match (implicit): APAS: Work O(|A|), Span O(1) | Review: Work O(|A|), Span O(|A|) -- sequential fold
src/Chap06/WeightedDirGraphStEphU16.rs:126: info: match (implicit): APAS: Work O(|A|), Span O(1) | Review: Work O(|A|), Span O(|A|) -- sequential filter
src/Chap06/WeightedDirGraphStEphU16.rs:134: info: match (implicit): APAS: Work O(|A|), Span O(1) | Review: Work O(|A|), Span O(|A|) -- sequential filter
src/Chap06/WeightedDirGraphStEphU16.rs:148: info: match (implicit): APAS: Work O(|V| + |E|), Span O(1) | Review: Work O(|V| + |E|), Span O(|V| + |E|) — sequential
src/Chap06/WeightedDirGraphStEphU16.rs:192: info: match (implicit): APAS: Work O(1), Span O(1) | Review: Work O(1), Span O(1)
src/Chap06/WeightedDirGraphStEphU16.rs:198: info: match (implicit): APAS: Work O(|A|), Span O(1) | Review: Work O(|A|), Span O(|A|) — sequential
src/Chap06/WeightedDirGraphStEphU16.rs:207: info: match (implicit): APAS: Work O(|A|), Span O(1) | Review: Work O(|A|), Span O(|A|) — sequential
src/Chap06/WeightedDirGraphStEphU16.rs:250: info: match (implicit): APAS: Work O(|A|), Span O(1) | Review: Work O(|A|), Span O(|A|) — sequential
src/Chap06/WeightedDirGraphStEphU16.rs:314: info: match (implicit): APAS: Work O(|A|), Span O(1) | Review: Work O(|A|), Span O(|A|) — sequential
src/Chap06/WeightedDirGraphStEphU16.rs:378: info: match (implicit): APAS: Work O(|A|), Span O(1) | Review: Work O(|A|), Span O(|A|) — sequential
src/Chap06/WeightedDirGraphStEphU32.rs:71: info: match (implicit): APAS: Work O(|V| + |E|), Span O(1) | Review: Work O(|V| + |E|), Span O(|V| + |E|) -- sequential
src/Chap06/WeightedDirGraphStEphU32.rs:81: info: match (implicit): APAS: Work O(1), Span O(1) | Review: Work O(1), Span O(1)
src/Chap06/WeightedDirGraphStEphU32.rs:89: info: match (implicit): APAS: Work O(|A|), Span O(1) | Review: Work O(|A|), Span O(|A|) -- sequential search
src/Chap06/WeightedDirGraphStEphU32.rs:97: info: match (implicit): APAS: Work O(|A|), Span O(1) | Review: Work O(|A|), Span O(|A|) -- sequential iteration
src/Chap06/WeightedDirGraphStEphU32.rs:104: info: match (implicit): APAS: Work O(|A|), Span O(1) | Review: Work O(|A|), Span O(|A|) -- sequential filter
src/Chap06/WeightedDirGraphStEphU32.rs:112: info: match (implicit): APAS: Work O(|A|), Span O(1) | Review: Work O(|A|), Span O(|A|) -- sequential filter
src/Chap06/WeightedDirGraphStEphU32.rs:120: info: match (implicit): APAS: Work O(|A|), Span O(1) | Review: Work O(|A|), Span O(|A|) -- sequential fold
src/Chap06/WeightedDirGraphStEphU32.rs:126: info: match (implicit): APAS: Work O(|A|), Span O(1) | Review: Work O(|A|), Span O(|A|) -- sequential filter
src/Chap06/WeightedDirGraphStEphU32.rs:134: info: match (implicit): APAS: Work O(|A|), Span O(1) | Review: Work O(|A|), Span O(|A|) -- sequential filter
src/Chap06/WeightedDirGraphStEphU32.rs:148: info: match (implicit): APAS: Work O(|V| + |E|), Span O(1) | Review: Work O(|V| + |E|), Span O(|V| + |E|) — sequential
src/Chap06/WeightedDirGraphStEphU32.rs:192: info: match (implicit): APAS: Work O(1), Span O(1) | Review: Work O(1), Span O(1)
src/Chap06/WeightedDirGraphStEphU32.rs:198: info: match (implicit): APAS: Work O(|A|), Span O(1) | Review: Work O(|A|), Span O(|A|) — sequential
src/Chap06/WeightedDirGraphStEphU32.rs:207: info: match (implicit): APAS: Work O(|A|), Span O(1) | Review: Work O(|A|), Span O(|A|) — sequential
src/Chap06/WeightedDirGraphStEphU32.rs:250: info: match (implicit): APAS: Work O(|A|), Span O(1) | Review: Work O(|A|), Span O(|A|) — sequential
src/Chap06/WeightedDirGraphStEphU32.rs:314: info: match (implicit): APAS: Work O(|A|), Span O(1) | Review: Work O(|A|), Span O(|A|) — sequential
src/Chap06/WeightedDirGraphStEphU32.rs:378: info: match (implicit): APAS: Work O(|A|), Span O(1) | Review: Work O(|A|), Span O(|A|) — sequential
src/Chap06/WeightedDirGraphStEphU64.rs:71: info: match (implicit): APAS: Work O(|V| + |E|), Span O(1) | Review: Work O(|V| + |E|), Span O(|V| + |E|) -- sequential
src/Chap06/WeightedDirGraphStEphU64.rs:81: info: match (implicit): APAS: Work O(1), Span O(1) | Review: Work O(1), Span O(1)
src/Chap06/WeightedDirGraphStEphU64.rs:89: info: match (implicit): APAS: Work O(|A|), Span O(1) | Review: Work O(|A|), Span O(|A|) -- sequential search
src/Chap06/WeightedDirGraphStEphU64.rs:97: info: match (implicit): APAS: Work O(|A|), Span O(1) | Review: Work O(|A|), Span O(|A|) -- sequential iteration
src/Chap06/WeightedDirGraphStEphU64.rs:104: info: match (implicit): APAS: Work O(|A|), Span O(1) | Review: Work O(|A|), Span O(|A|) -- sequential filter
src/Chap06/WeightedDirGraphStEphU64.rs:112: info: match (implicit): APAS: Work O(|A|), Span O(1) | Review: Work O(|A|), Span O(|A|) -- sequential filter
src/Chap06/WeightedDirGraphStEphU64.rs:120: info: match (implicit): APAS: Work O(|A|), Span O(1) | Review: Work O(|A|), Span O(|A|) -- sequential fold
src/Chap06/WeightedDirGraphStEphU64.rs:126: info: match (implicit): APAS: Work O(|A|), Span O(1) | Review: Work O(|A|), Span O(|A|) -- sequential filter
src/Chap06/WeightedDirGraphStEphU64.rs:134: info: match (implicit): APAS: Work O(|A|), Span O(1) | Review: Work O(|A|), Span O(|A|) -- sequential filter
src/Chap06/WeightedDirGraphStEphU64.rs:148: info: match (implicit): APAS: Work O(|V| + |E|), Span O(1) | Review: Work O(|V| + |E|), Span O(|V| + |E|) — sequential
src/Chap06/WeightedDirGraphStEphU64.rs:192: info: match (implicit): APAS: Work O(1), Span O(1) | Review: Work O(1), Span O(1)
src/Chap06/WeightedDirGraphStEphU64.rs:198: info: match (implicit): APAS: Work O(|A|), Span O(1) | Review: Work O(|A|), Span O(|A|) — sequential
src/Chap06/WeightedDirGraphStEphU64.rs:207: info: match (implicit): APAS: Work O(|A|), Span O(1) | Review: Work O(|A|), Span O(|A|) — sequential
src/Chap06/WeightedDirGraphStEphU64.rs:250: info: match (implicit): APAS: Work O(|A|), Span O(1) | Review: Work O(|A|), Span O(|A|) — sequential
src/Chap06/WeightedDirGraphStEphU64.rs:314: info: match (implicit): APAS: Work O(|A|), Span O(1) | Review: Work O(|A|), Span O(|A|) — sequential
src/Chap06/WeightedDirGraphStEphU64.rs:378: info: match (implicit): APAS: Work O(|A|), Span O(1) | Review: Work O(|A|), Span O(|A|) — sequential
src/Chap06/WeightedDirGraphStEphU8.rs:71: info: match (implicit): APAS: Work O(|V| + |E|), Span O(1) | Review: Work O(|V| + |E|), Span O(|V| + |E|) -- sequential
src/Chap06/WeightedDirGraphStEphU8.rs:81: info: match (implicit): APAS: Work O(1), Span O(1) | Review: Work O(1), Span O(1)
src/Chap06/WeightedDirGraphStEphU8.rs:89: info: match (implicit): APAS: Work O(|A|), Span O(1) | Review: Work O(|A|), Span O(|A|) -- sequential search
src/Chap06/WeightedDirGraphStEphU8.rs:97: info: match (implicit): APAS: Work O(|A|), Span O(1) | Review: Work O(|A|), Span O(|A|) -- sequential iteration
src/Chap06/WeightedDirGraphStEphU8.rs:104: info: match (implicit): APAS: Work O(|A|), Span O(1) | Review: Work O(|A|), Span O(|A|) -- sequential filter
src/Chap06/WeightedDirGraphStEphU8.rs:112: info: match (implicit): APAS: Work O(|A|), Span O(1) | Review: Work O(|A|), Span O(|A|) -- sequential filter
src/Chap06/WeightedDirGraphStEphU8.rs:120: info: match (implicit): APAS: Work O(|A|), Span O(1) | Review: Work O(|A|), Span O(|A|) -- sequential fold
src/Chap06/WeightedDirGraphStEphU8.rs:126: info: match (implicit): APAS: Work O(|A|), Span O(1) | Review: Work O(|A|), Span O(|A|) -- sequential filter
src/Chap06/WeightedDirGraphStEphU8.rs:134: info: match (implicit): APAS: Work O(|A|), Span O(1) | Review: Work O(|A|), Span O(|A|) -- sequential filter
src/Chap06/WeightedDirGraphStEphU8.rs:148: info: match (implicit): APAS: Work O(|V| + |E|), Span O(1) | Review: Work O(|V| + |E|), Span O(|V| + |E|) — sequential
src/Chap06/WeightedDirGraphStEphU8.rs:192: info: match (implicit): APAS: Work O(1), Span O(1) | Review: Work O(1), Span O(1)
src/Chap06/WeightedDirGraphStEphU8.rs:198: info: match (implicit): APAS: Work O(|A|), Span O(1) | Review: Work O(|A|), Span O(|A|) — sequential
src/Chap06/WeightedDirGraphStEphU8.rs:207: info: match (implicit): APAS: Work O(|A|), Span O(1) | Review: Work O(|A|), Span O(|A|) — sequential
src/Chap06/WeightedDirGraphStEphU8.rs:250: info: match (implicit): APAS: Work O(|A|), Span O(1) | Review: Work O(|A|), Span O(|A|) — sequential
src/Chap06/WeightedDirGraphStEphU8.rs:314: info: match (implicit): APAS: Work O(|A|), Span O(1) | Review: Work O(|A|), Span O(|A|) — sequential
src/Chap06/WeightedDirGraphStEphU8.rs:378: info: match (implicit): APAS: Work O(|A|), Span O(1) | Review: Work O(|A|), Span O(|A|) — sequential
src/Chap06/WeightedDirGraphStEphUsize.rs:71: info: match (implicit): APAS: Work O(|V| + |E|), Span O(1) | Review: Work O(|V| + |E|), Span O(|V| + |E|) -- sequential
src/Chap06/WeightedDirGraphStEphUsize.rs:81: info: match (implicit): APAS: Work O(1), Span O(1) | Review: Work O(1), Span O(1)
src/Chap06/WeightedDirGraphStEphUsize.rs:89: info: match (implicit): APAS: Work O(|A|), Span O(1) | Review: Work O(|A|), Span O(|A|) -- sequential search
src/Chap06/WeightedDirGraphStEphUsize.rs:97: info: match (implicit): APAS: Work O(|A|), Span O(1) | Review: Work O(|A|), Span O(|A|) -- sequential iteration
src/Chap06/WeightedDirGraphStEphUsize.rs:104: info: match (implicit): APAS: Work O(|A|), Span O(1) | Review: Work O(|A|), Span O(|A|) -- sequential filter
src/Chap06/WeightedDirGraphStEphUsize.rs:112: info: match (implicit): APAS: Work O(|A|), Span O(1) | Review: Work O(|A|), Span O(|A|) -- sequential filter
src/Chap06/WeightedDirGraphStEphUsize.rs:120: info: match (implicit): APAS: Work O(|A|), Span O(1) | Review: Work O(|A|), Span O(|A|) -- sequential fold
src/Chap06/WeightedDirGraphStEphUsize.rs:126: info: match (implicit): APAS: Work O(|A|), Span O(1) | Review: Work O(|A|), Span O(|A|) -- sequential filter
src/Chap06/WeightedDirGraphStEphUsize.rs:134: info: match (implicit): APAS: Work O(|A|), Span O(1) | Review: Work O(|A|), Span O(|A|) -- sequential filter
src/Chap06/WeightedDirGraphStEphUsize.rs:148: info: match (implicit): APAS: Work O(|V| + |E|), Span O(1) | Review: Work O(|V| + |E|), Span O(|V| + |E|) — sequential
src/Chap06/WeightedDirGraphStEphUsize.rs:192: info: match (implicit): APAS: Work O(1), Span O(1) | Review: Work O(1), Span O(1)
src/Chap06/WeightedDirGraphStEphUsize.rs:198: info: match (implicit): APAS: Work O(|A|), Span O(1) | Review: Work O(|A|), Span O(|A|) — sequential
src/Chap06/WeightedDirGraphStEphUsize.rs:207: info: match (implicit): APAS: Work O(|A|), Span O(1) | Review: Work O(|A|), Span O(|A|) — sequential
src/Chap06/WeightedDirGraphStEphUsize.rs:250: info: match (implicit): APAS: Work O(|A|), Span O(1) | Review: Work O(|A|), Span O(|A|) — sequential
src/Chap06/WeightedDirGraphStEphUsize.rs:314: info: match (implicit): APAS: Work O(|A|), Span O(1) | Review: Work O(|A|), Span O(|A|) — sequential
src/Chap06/WeightedDirGraphStEphUsize.rs:378: info: match (implicit): APAS: Work O(|A|), Span O(1) | Review: Work O(|A|), Span O(|A|) — sequential
src/Chap11/FibonacciMtEph2Threads.rs:111: warning: ACCEPTED DIFFERENCE: Work O(n), Span O(n) — ACCEPTED DIFFERENCE: iterative implementation, not Ex 11.10 recursive parallel; O(n) is strictly better than O(φⁿ)
src/Chap11/FibonacciMtEphRecomputes.rs:102: info: match (implicit): APAS: Work O(φⁿ), Span O(n) — full recursive parallelism | Review: Work O(φⁿ), Span O(n); TSM at every recursive level
src/Chap11/FibonacciMtPerAllThreads.rs:36: info: match (implicit): APAS: Work O(φⁿ), Span O(n) — full recursive parallelism | Review: Work O(φⁿ), Span O(n); ParaPair! at every level
src/Chap11/FibonacciMtPerTSM.rs:96: info: match (implicit): APAS: Work O(φⁿ), Span O(n) — full recursive parallelism | Review: Work O(φⁿ), Span O(n); TSM + vstd::thread at every level
src/Chap11/FibonacciStEph.rs:97: info: match (implicit): APAS: Work O(n), Span O(n) — sequential, no parallelism | Review: Work O(n), Span O(n); iterative loop, O(1) space
src/Chap11/FibonacciStEph.rs:137: info: match (implicit): APAS: Work O(φⁿ), Span O(φⁿ) — sequential, span == work | Review: Work O(φⁿ), Span O(φⁿ); exponential, demonstration only
src/Chap18/ArraySeqMtEph.rs:1496: info: match (implicit): APAS: Work O(1), Span O(1) | Review: Work O(1), Span O(1)
src/Chap18/ArraySeqMtEph.rs:1503: info: match (implicit): APAS: Work O(1), Span O(1) | Review: Work O(1), Span O(1)
src/Chap18/ArraySeqMtEph.rs:1524: warning: ACCEPTED DIFFERENCE: Work O(j), Span O(j) — ACCEPTED DIFFERENCE: Vec-backed; sequential clone loop, not O(1) slice
src/Chap18/ArraySeqMtEph.rs:1549: info: match (implicit): APAS: Work O(1), Span O(1) | Review: Work O(1), Span O(1)
src/Chap18/ArraySeqMtEph.rs:1555: info: match (implicit): APAS: Work O(1), Span O(1) | Review: Work O(1), Span O(1)
src/Chap18/ArraySeqMtEph.rs:1565: warning: ACCEPTED DIFFERENCE: Work O(|a| + |b|), Span O(|a| + |b|) — ACCEPTED DIFFERENCE: Vec-backed; span O(|a|+|b|) not O(1), sequential loops
src/Chap18/ArraySeqMtEph.rs:1579: warning: ACCEPTED DIFFERENCE: Work O(n), Span O(lg n) — ACCEPTED DIFFERENCE: Vec-backed; parallel D&C with multiset distribution lemma
src/Chap18/ArraySeqMtEph.rs:1602: warning: ACCEPTED DIFFERENCE: Work O(n), Span O(n) — ACCEPTED DIFFERENCE: Vec-backed; span O(n) not O(1), sequential clone loop
src/Chap18/ArraySeqMtEph.rs:1618: warning: ACCEPTED DIFFERENCE: Work O(n + m), Span O(n + m) — ACCEPTED DIFFERENCE: Vec-backed; span O(n+m) not O(lg degree), sequential loops
src/Chap18/ArraySeqMtEph.rs:1634: warning: ACCEPTED DIFFERENCE: Work O(n + m), Span O(n + m) — ACCEPTED DIFFERENCE: Vec-backed; delegates to inject, span O(n+m) not O(1)
src/Chap18/ArraySeqMtEph.rs:1647: info: match (implicit): APAS: Work O(1), Span O(1) | Review: Work O(1), Span O(1)
src/Chap18/ArraySeqMtEph.rs:1653: info: match (implicit): APAS: Work O(1), Span O(1) | Review: Work O(1), Span O(1)
src/Chap18/ArraySeqMtEph.rs:1659: error: possible mismatch: APAS: Work O(1 + Sigma W(f)), Span O(1 + Sigma S(f)) | Review: Work O(n), Span O(n) (iterate is sequential)
src/Chap18/ArraySeqMtEph.rs:1669: error: possible mismatch: APAS: Work O(1 + Sigma W(f)), Span O(lg |a| * max S(f)) | Review: Work O(n), Span O(lg n) (parallel divide-and-conquer via join)
src/Chap18/ArraySeqMtEph.rs:1684: warning: ACCEPTED DIFFERENCE: Work O(n), Span O(n) — ACCEPTED DIFFERENCE: Vec-backed; span O(n) not O(lg n), sequential loop
src/Chap18/ArraySeqMtEph.rs:1701: warning: ACCEPTED DIFFERENCE: Work O(n), Span O(lg n + max S(f)) — ACCEPTED DIFFERENCE: Vec-backed; parallel D&C via join; O(lg n) from Vec copy overhead
src/Chap18/ArraySeqMtEph.rs:1714: warning: ACCEPTED DIFFERENCE: Work O(n), Span O(n) — ACCEPTED DIFFERENCE: Vec-backed; span O(n) not O(1), sequential loop
src/Chap18/ArraySeqMtEph.rs:1727: warning: ACCEPTED DIFFERENCE: Work O(Σ|a_i|), Span O(Σ|a_i|) — ACCEPTED DIFFERENCE: Vec-backed; span O(Σ|a_i|) not O(lg|a|), sequential nested loops
src/Chap18/ArraySeqMtEphSlice.rs:273: info: match (implicit): APAS: Work O(1), Span O(1) | Review: Work O(1), Span O(1)
src/Chap18/ArraySeqMtEphSlice.rs:308: info: match (implicit): APAS: Work O(1), Span O(1) | Review: Work O(1), Span O(1)
src/Chap18/ArraySeqMtEphSlice.rs:315: info: match (implicit): APAS: Work O(1), Span O(1) | Review: Work O(1), Span O(1)
src/Chap18/ArraySeqMtEphSlice.rs:397: info: match (implicit): APAS: Work O(n * W(f)), Span O(lg n + S(f)) | Review: Work O(n * W(f)), Span O(lg n * S(f)) — D&C + join, O(n) rejoin.
src/Chap18/ArraySeqMtEphSlice.rs:410: error: possible mismatch: APAS: Work O(|a|), Span O(lg |a|) | Review: Work O(n lg n), Span O(n) — D&C + join, O(1) split, sequential prefix adjustment O(n) at each level.
src/Chap18/ArraySeqMtEphSlice.rs:1417: warning: ACCEPTED DIFFERENCE: Work O(sum |a[i]|), Span O(lg^2 |a| + max |a[i]|) — ACCEPTED DIFFERENCE: Vec concat at each D&C level; O(1) rejoin needs PCell pre-allocated output
src/Chap18/ArraySeqMtPer.rs:119: info: match (implicit): APAS: Work O(1), Span O(1) | Review: Work O(1), Span O(1)
src/Chap18/ArraySeqMtPer.rs:126: info: match (implicit): APAS: Work O(1), Span O(1) | Review: Work O(1), Span O(1)
src/Chap18/ArraySeqMtPer.rs:147: warning: ACCEPTED DIFFERENCE: Work O(j), Span O(j) — ACCEPTED DIFFERENCE: Vec-backed; Vec-backed, sequential clone loop; O(1) requires tree representation
src/Chap18/ArraySeqMtPer.rs:172: info: match (implicit): APAS: Work O(1), Span O(1) | Review: Work O(1), Span O(1)
src/Chap18/ArraySeqMtPer.rs:178: info: match (implicit): APAS: Work O(1), Span O(1) | Review: Work O(1), Span O(1)
src/Chap18/ArraySeqMtPer.rs:188: warning: ACCEPTED DIFFERENCE: Work O(|a| + |b|), Span O(|a| + |b|) — ACCEPTED DIFFERENCE: Vec-backed; Vec-backed, sequential clone loops; O(1) requires tree representation
src/Chap18/ArraySeqMtPer.rs:202: warning: ACCEPTED DIFFERENCE: Work O(n), Span O(lg n) — ACCEPTED DIFFERENCE: Vec-backed; parallel D&C with multiset distribution lemma
src/Chap18/ArraySeqMtPer.rs:225: warning: ACCEPTED DIFFERENCE: Work O(n), Span O(n) — ACCEPTED DIFFERENCE: Vec-backed; Vec-backed, sequential clone loop; O(1) requires tree representation
src/Chap18/ArraySeqMtPer.rs:241: warning: ACCEPTED DIFFERENCE: Work O(n + m), Span O(n + m) — ACCEPTED DIFFERENCE: Vec-backed; sequential apply; parallel inject requires sort-by-position
src/Chap18/ArraySeqMtPer.rs:255: info: match (implicit): APAS: Work O(1), Span O(1) | Review: Work O(1), Span O(1)
src/Chap18/ArraySeqMtPer.rs:261: info: match (implicit): APAS: Work O(1), Span O(1) | Review: Work O(1), Span O(1)
src/Chap18/ArraySeqMtPer.rs:267: error: possible mismatch: APAS: Work O(1 + Sigma W(f)), Span O(1 + Sigma S(f)) | Review: Work O(n), Span O(n) (iterate is sequential)
src/Chap18/ArraySeqMtPer.rs:278: warning: ACCEPTED DIFFERENCE: Work O(n), Span O(n) — ACCEPTED DIFFERENCE: Vec-backed; sequential fold; parallel reduce_inner available via bare impl
src/Chap18/ArraySeqMtPer.rs:291: warning: ACCEPTED DIFFERENCE: Work O(n), Span O(n) — ACCEPTED DIFFERENCE: Vec-backed; sequential loop; parallel scan requires upsweep/downsweep
src/Chap18/ArraySeqMtPer.rs:308: warning: ACCEPTED DIFFERENCE: Work O(n), Span O(n) — ACCEPTED DIFFERENCE: Vec-backed; sequential loop; parallel map_inner available via bare impl
src/Chap18/ArraySeqMtPer.rs:318: warning: ACCEPTED DIFFERENCE: Work O(n), Span O(n) — ACCEPTED DIFFERENCE: Vec-backed; sequential loop; parallel tabulate_inner available via bare impl
src/Chap18/ArraySeqMtPer.rs:329: warning: ACCEPTED DIFFERENCE: Work O(Σ|a_i|), Span O(Σ|a_i|) — ACCEPTED DIFFERENCE: Vec-backed; sequential nested loops; D&C flatten requires outer array cloning proof
src/Chap18/ArraySeq.rs:337: info: match (implicit): APAS: Work O(1), Span O(1) | Review: Work O(1), Span O(1)
src/Chap18/ArraySeq.rs:344: info: match (implicit): APAS: Work O(1), Span O(1) | Review: Work O(1), Span O(1)
src/Chap18/ArraySeq.rs:351: info: match (implicit): APAS: Work O(1), Span O(1) | Review: Work O(1), Span O(1)
src/Chap18/ArraySeq.rs:357: info: match (implicit): APAS: Work O(1), Span O(1) | Review: Work O(1), Span O(1)
src/Chap18/ArraySeq.rs:366: warning: ACCEPTED DIFFERENCE: Work O(j), Span O(j) — ACCEPTED DIFFERENCE: sequential clone loop, not O(1) slice
src/Chap18/ArraySeq.rs:379: warning: ACCEPTED DIFFERENCE: Work O(|a| + |b|), Span O(|a| + |b|) — ACCEPTED DIFFERENCE: span O(|a|+|b|) not O(1), sequential loops
src/Chap18/ArraySeq.rs:392: warning: ACCEPTED DIFFERENCE: Work O(n), Span O(n) — ACCEPTED DIFFERENCE: span O(n) not O(lg n), sequential loop
src/Chap18/ArraySeq.rs:415: warning: ACCEPTED DIFFERENCE: Work O(n), Span O(n) — ACCEPTED DIFFERENCE: span O(n) not O(1), sequential clone loop
src/Chap18/ArraySeq.rs:427: info: match (implicit): APAS: Work O(1), Span O(1) | Review: Work O(1), Span O(1)
src/Chap18/ArraySeq.rs:433: info: match (implicit): APAS: Work O(1), Span O(1) | Review: Work O(1), Span O(1)
src/Chap18/ArraySeq.rs:440: error: possible mismatch: APAS: Work O(1 + Sigma W(f)), Span O(1 + Sigma S(f)) | Review: Work O(n), Span O(n) (iterate is sequential)
src/Chap18/ArraySeq.rs:452: warning: ACCEPTED DIFFERENCE: Work O(n), Span O(n) — ACCEPTED DIFFERENCE: span O(n) not O(lg n), sequential fold
src/Chap18/ArraySeq.rs:466: warning: ACCEPTED DIFFERENCE: Work O(n), Span O(n) — ACCEPTED DIFFERENCE: span O(n) not O(lg n), sequential loop
src/Chap18/ArraySeq.rs:487: warning: ACCEPTED DIFFERENCE: Work O(n + m), Span O(n + m) — ACCEPTED DIFFERENCE: span O(n+m) not O(lg degree), sequential loops
src/Chap18/ArraySeq.rs:576: warning: ACCEPTED DIFFERENCE: Work O(n²), Span O(n²) — ACCEPTED DIFFERENCE: linear find_key per pair gives O(n²), sequential
src/Chap18/ArraySeq.rs:1297: warning: ACCEPTED DIFFERENCE: Work O(n), Span O(n) — ACCEPTED DIFFERENCE: span O(n) not O(1), sequential loop
src/Chap18/ArraySeq.rs:1328: warning: ACCEPTED DIFFERENCE: Work O(n), Span O(n) — ACCEPTED DIFFERENCE: span O(n) not O(1), sequential loop
src/Chap18/ArraySeq.rs:1362: warning: ACCEPTED DIFFERENCE: Work O(Σ|a_i|), Span O(Σ|a_i|) — ACCEPTED DIFFERENCE: span O(Σ|a_i|) not O(lg|a|), sequential nested loops
src/Chap18/ArraySeqStEph.rs:122: info: match (implicit): APAS: Work O(1), Span O(1) | Review: Work O(1), Span O(1)
src/Chap18/ArraySeqStEph.rs:129: info: match (implicit): APAS: Work O(1), Span O(1) | Review: Work O(1), Span O(1)
src/Chap18/ArraySeqStEph.rs:150: warning: ACCEPTED DIFFERENCE: Work O(j), Span O(j) — ACCEPTED DIFFERENCE: sequential clone loop, not O(1) slice
src/Chap18/ArraySeqStEph.rs:175: info: match (implicit): APAS: Work O(1), Span O(1) | Review: Work O(1), Span O(1)
src/Chap18/ArraySeqStEph.rs:181: info: match (implicit): APAS: Work O(1), Span O(1) | Review: Work O(1), Span O(1)
src/Chap18/ArraySeqStEph.rs:191: warning: ACCEPTED DIFFERENCE: Work O(|a| + |b|), Span O(|a| + |b|) — ACCEPTED DIFFERENCE: span O(|a|+|b|) not O(1), sequential loops
src/Chap18/ArraySeqStEph.rs:205: warning: ACCEPTED DIFFERENCE: Work O(n), Span O(n) — ACCEPTED DIFFERENCE: span O(n) not O(lg n), sequential loop
src/Chap18/ArraySeqStEph.rs:228: warning: ACCEPTED DIFFERENCE: Work O(n), Span O(n) — ACCEPTED DIFFERENCE: clones full array, not O(1)
src/Chap18/ArraySeqStEph.rs:244: warning: ACCEPTED DIFFERENCE: Work O(n + m), Span O(n + m) — ACCEPTED DIFFERENCE: span O(n+m) not O(lg degree), sequential loops
src/Chap18/ArraySeqStEph.rs:258: info: match (implicit): APAS: Work O(1), Span O(1) | Review: Work O(1), Span O(1)
src/Chap18/ArraySeqStEph.rs:264: info: match (implicit): APAS: Work O(1), Span O(1) | Review: Work O(1), Span O(1)
src/Chap18/ArraySeqStEph.rs:270: error: possible mismatch: APAS: Work O(1 + Sigma W(f)), Span O(1 + Sigma S(f)) | Review: Work O(n), Span O(n) (iterate is sequential)
src/Chap18/ArraySeqStEph.rs:281: warning: ACCEPTED DIFFERENCE: Work O(n), Span O(n) — ACCEPTED DIFFERENCE: span O(n) not O(lg n), sequential fold
src/Chap18/ArraySeqStEph.rs:294: warning: ACCEPTED DIFFERENCE: Work O(n), Span O(n) — ACCEPTED DIFFERENCE: span O(n) not O(lg n), sequential loop
src/Chap18/ArraySeqStEph.rs:311: warning: ACCEPTED DIFFERENCE: Work O(n), Span O(n) — ACCEPTED DIFFERENCE: span O(n) not O(1), sequential loop
src/Chap18/ArraySeqStEph.rs:321: warning: ACCEPTED DIFFERENCE: Work O(n), Span O(n) — ACCEPTED DIFFERENCE: span O(n) not O(1), sequential loop
src/Chap18/ArraySeqStEph.rs:332: warning: ACCEPTED DIFFERENCE: Work O(Σ|a_i|), Span O(Σ|a_i|) — ACCEPTED DIFFERENCE: span O(Σ|a_i|) not O(lg|a|), sequential nested loops
src/Chap18/ArraySeqStPer.rs:113: info: match (implicit): APAS: Work O(1), Span O(1) | Review: Work O(1), Span O(1)
src/Chap18/ArraySeqStPer.rs:120: info: match (implicit): APAS: Work O(1), Span O(1) | Review: Work O(1), Span O(1)
src/Chap18/ArraySeqStPer.rs:141: warning: ACCEPTED DIFFERENCE: Work O(j), Span O(j) — ACCEPTED DIFFERENCE: sequential clone loop, not O(1) slice
src/Chap18/ArraySeqStPer.rs:166: info: match (implicit): APAS: Work O(1), Span O(1) | Review: Work O(1), Span O(1)
src/Chap18/ArraySeqStPer.rs:172: info: match (implicit): APAS: Work O(1), Span O(1) | Review: Work O(1), Span O(1)
src/Chap18/ArraySeqStPer.rs:182: warning: ACCEPTED DIFFERENCE: Work O(|a| + |b|), Span O(|a| + |b|) — ACCEPTED DIFFERENCE: span O(|a|+|b|) not O(1), sequential loops
src/Chap18/ArraySeqStPer.rs:196: warning: ACCEPTED DIFFERENCE: Work O(n), Span O(n) — ACCEPTED DIFFERENCE: span O(n) not O(lg n), sequential loop
src/Chap18/ArraySeqStPer.rs:219: warning: ACCEPTED DIFFERENCE: Work O(n), Span O(n) — ACCEPTED DIFFERENCE: clones full array, not O(1)
src/Chap18/ArraySeqStPer.rs:235: warning: ACCEPTED DIFFERENCE: Work O(n + m), Span O(n + m) — ACCEPTED DIFFERENCE: span O(n+m) not O(lg degree), sequential loops
src/Chap18/ArraySeqStPer.rs:249: info: match (implicit): APAS: Work O(1), Span O(1) | Review: Work O(1), Span O(1)
src/Chap18/ArraySeqStPer.rs:255: info: match (implicit): APAS: Work O(1), Span O(1) | Review: Work O(1), Span O(1)
src/Chap18/ArraySeqStPer.rs:261: error: possible mismatch: APAS: Work O(1 + Sigma W(f)), Span O(1 + Sigma S(f)) | Review: Work O(n), Span O(n) (iterate is sequential)
src/Chap18/ArraySeqStPer.rs:272: warning: ACCEPTED DIFFERENCE: Work O(n), Span O(n) — ACCEPTED DIFFERENCE: span O(n) not O(lg n), sequential fold
src/Chap18/ArraySeqStPer.rs:285: warning: ACCEPTED DIFFERENCE: Work O(n), Span O(n) — ACCEPTED DIFFERENCE: span O(n) not O(lg n), sequential loop
src/Chap18/ArraySeqStPer.rs:302: warning: ACCEPTED DIFFERENCE: Work O(n), Span O(n) — ACCEPTED DIFFERENCE: span O(n) not O(1), sequential loop
src/Chap18/ArraySeqStPer.rs:312: warning: ACCEPTED DIFFERENCE: Work O(n), Span O(n) — ACCEPTED DIFFERENCE: span O(n) not O(1), sequential loop
src/Chap18/ArraySeqStPer.rs:323: warning: ACCEPTED DIFFERENCE: Work O(Σ|a_i|), Span O(Σ|a_i|) — ACCEPTED DIFFERENCE: span O(Σ|a_i|) not O(lg|a|), sequential nested loops
src/Chap18/LinkedListStEph.rs:124: warning: ACCEPTED DIFFERENCE: Work O(1), Span O(1) — ACCEPTED DIFFERENCE: Vec-backed, O(1) random access not O(i) traversal
src/Chap18/LinkedListStEph.rs:130: warning: ACCEPTED DIFFERENCE: Work O(j), Span O(j) — ACCEPTED DIFFERENCE: Vec-backed, O(j) clone loop not O(start+j) traversal
src/Chap18/LinkedListStEph.rs:164: error: possible mismatch: APAS: Work O(Sigma W(f)), Span O(Sigma S(f)) | Review: Work O(n), Span O(n) (both sequential)
src/Chap18/LinkedListStEph.rs:174: error: possible mismatch: APAS: Work O(Sigma W(f)), Span O(Sigma S(f)) | Review: Work O(n), Span O(n) (both sequential)
src/Chap18/LinkedListStEph.rs:184: warning: ACCEPTED DIFFERENCE: Work O(|a| + |b|), Span O(|a| + |b|) — ACCEPTED DIFFERENCE: Vec-backed, copies both sequences not just a
src/Chap18/LinkedListStEph.rs:198: error: possible mismatch: APAS: Work O(Sigma W(f)), Span O(Sigma S(f)) | Review: Work O(n), Span O(n) (both sequential)
src/Chap18/LinkedListStEph.rs:226: warning: ACCEPTED DIFFERENCE: Work O(n), Span O(n) — ACCEPTED DIFFERENCE: clones full array, not O(1)
src/Chap18/LinkedListStEph.rs:254: error: possible mismatch: APAS: Work O(Sigma W(f)), Span O(Sigma S(f)) | Review: Work O(n), Span O(n) (both sequential)
src/Chap18/LinkedListStEph.rs:266: error: possible mismatch: APAS: Work O(|a|), Span O(|a|) | Review: Work O(n), Span O(n)
src/Chap18/LinkedListStPer.rs:116: warning: ACCEPTED DIFFERENCE: Work O(1), Span O(1) — ACCEPTED DIFFERENCE: Vec-backed, O(1) random access not O(i) traversal
src/Chap18/LinkedListStPer.rs:122: warning: ACCEPTED DIFFERENCE: Work O(j), Span O(j) — ACCEPTED DIFFERENCE: Vec-backed, O(j) clone loop not O(start+j) traversal
src/Chap18/LinkedListStPer.rs:156: error: possible mismatch: APAS: Work O(Sigma W(f)), Span O(Sigma S(f)) | Review: Work O(n), Span O(n) (both sequential)
src/Chap18/LinkedListStPer.rs:166: error: possible mismatch: APAS: Work O(Sigma W(f)), Span O(Sigma S(f)) | Review: Work O(n), Span O(n) (both sequential)
src/Chap18/LinkedListStPer.rs:176: warning: ACCEPTED DIFFERENCE: Work O(|a| + |b|), Span O(|a| + |b|) — ACCEPTED DIFFERENCE: Vec-backed, copies both sequences not just a
src/Chap18/LinkedListStPer.rs:190: error: possible mismatch: APAS: Work O(Sigma W(f)), Span O(Sigma S(f)) | Review: Work O(n), Span O(n) (both sequential)
src/Chap18/LinkedListStPer.rs:218: warning: ACCEPTED DIFFERENCE: Work O(n), Span O(n) — ACCEPTED DIFFERENCE: clones full array, not O(1)
src/Chap18/LinkedListStPer.rs:246: error: possible mismatch: APAS: Work O(Sigma W(f)), Span O(Sigma S(f)) | Review: Work O(n), Span O(n) (both sequential)
src/Chap18/LinkedListStPer.rs:258: error: possible mismatch: APAS: Work O(|a|), Span O(|a|) | Review: Work O(n), Span O(n)
src/Chap19/ArraySeqMtEph.rs:165: info: match (implicit): APAS: Work O(1), Span O(1) | Review: Work O(1), Span O(1)
src/Chap19/ArraySeqMtEph.rs:172: info: match (implicit): APAS: Work O(1), Span O(1) | Review: Work O(1), Span O(1)
src/Chap19/ArraySeqMtEph.rs:193: warning: ACCEPTED DIFFERENCE: Work O(length), Span O(length) — ACCEPTED DIFFERENCE: Vec-backed; Vec-backed, copies elements sequentially
src/Chap19/ArraySeqMtEph.rs:214: info: match (implicit): APAS: Work O(1), Span O(1) | Review: Work O(1), Span O(1)
src/Chap19/ArraySeqMtEph.rs:220: info: match (implicit): APAS: Work O(1), Span O(1) | Review: Work O(1), Span O(1)
src/Chap19/ArraySeqMtEph.rs:232: warning: ACCEPTED DIFFERENCE: Work O(|a| + |b|), Span O(|a| + |b|) — ACCEPTED DIFFERENCE: Vec-backed; sequential tabulate, span = work
src/Chap19/ArraySeqMtEph.rs:245: error: possible mismatch: APAS: Work O(1 + Sigma W(f(x))), Span O(lg |a| + max S(f(x))) | Review: Work O(n), Span O(n) — D&C via filter_dc + join, but append is sequential
src/Chap19/ArraySeqMtEph.rs:265: warning: ACCEPTED DIFFERENCE: Work O(|a|), Span O(|a|) — ACCEPTED DIFFERENCE: Vec-backed; clone entire Vec + set, sequential
src/Chap19/ArraySeqMtEph.rs:281: warning: ACCEPTED DIFFERENCE: Work O(|a| + |b|), Span O(|a| + |b|) — ACCEPTED DIFFERENCE: Vec-backed; sequential clone + loop
src/Chap19/ArraySeqMtEph.rs:297: warning: ACCEPTED DIFFERENCE: Work O(|a| + |b|), Span O(|a| + |b|) — ACCEPTED DIFFERENCE: Vec-backed; delegates to inject, sequential clone + loop
src/Chap19/ArraySeqMtEph.rs:310: info: match (implicit): APAS: Work O(1), Span O(1) | Review: Work O(1), Span O(1)
src/Chap19/ArraySeqMtEph.rs:316: info: match (implicit): APAS: Work O(1), Span O(1) | Review: Work O(1), Span O(1)
src/Chap19/ArraySeqMtEph.rs:322: error: possible mismatch: APAS: iterate (iterative) | Review: Work O(|a|), Span O(|a|).
src/Chap19/ArraySeqMtEph.rs:332: error: possible mismatch: APAS: Work O(1 + Sigma W(f)), Span O(1 + Sigma S(f)) | Review: Work O(Sigma W(f)), Span O(Sigma S(f)) (inherently sequential)
src/Chap19/ArraySeqMtEph.rs:344: error: possible mismatch: APAS: reduce (iterative) | Review: Work O(|a|), Span O(|a|).
src/Chap19/ArraySeqMtEph.rs:356: error: possible mismatch: APAS: Work O(1 + Sigma W(f)), Span O(lg |a| * max S(f)) | Review: Work O(Sigma W(f)), Span O(lg |a| * max S(f)): D&C fork-join via reduce_par
src/Chap19/ArraySeqMtEph.rs:370: warning: ACCEPTED DIFFERENCE: Work O(|a|), Span O(|a|) — ACCEPTED DIFFERENCE: Vec-backed; sequential loop, span = work
src/Chap19/ArraySeqMtEph.rs:384: error: possible mismatch: APAS: Work O(1 + Sigma W(f(x))), Span O(1 + max S(f(x))) | Review: Work O(Sigma W(f(x))), Span O(n + max S(f(x))) — D&C via map_dc + join, concat_seqs is sequential O(n)
src/Chap19/ArraySeqMtEph.rs:397: warning: ACCEPTED DIFFERENCE: Work O(Sigma W(f(i))), Span O(Sigma S(f(i))) — ACCEPTED DIFFERENCE: Vec-backed; sequential loop, span = work
src/Chap19/ArraySeqMtEph.rs:409: warning: ACCEPTED DIFFERENCE: Work O(|a| + sum |a[i]|), Span O(|a| + sum |a[i]|) — ACCEPTED DIFFERENCE: Vec-backed; nested sequential loops, span = work
src/Chap19/ArraySeqMtEph.rs:418: error: possible mismatch: APAS: deflate (part of filter) | Review: Work O(1), Span O(1).
src/Chap19/ArraySeqMtEph.rs:1039: error: possible mismatch: APAS: parallel variant — map | Review: Work O(|a|), Span O(|a|) — D&C + join, but append is sequential O(n).
src/Chap19/ArraySeqMtEph.rs:1272: error: possible mismatch: APAS: parallel variant — filter | Review: Work O(|a|), Span O(|a|) — D&C + join, but append is sequential O(n).
src/Chap19/ArraySeqMtEph.rs:1356: error: possible mismatch: APAS: parallel variant — reduce | Review: Work O(|a|), Span O(lg |a|).
src/Chap19/ArraySeqMtEphSlice.rs:272: info: match (implicit): APAS: Work O(1), Span O(1) | Review: Work O(1), Span O(1)
src/Chap19/ArraySeqMtEphSlice.rs:320: info: match (implicit): APAS: Work O(1), Span O(1) | Review: Work O(1), Span O(1)
src/Chap19/ArraySeqMtEphSlice.rs:327: info: match (implicit): APAS: Work O(1), Span O(1) | Review: Work O(1), Span O(1)
src/Chap19/ArraySeqMtEphSlice.rs:359: info: match (implicit): APAS: Work O(1), Span O(1) | Review: Work O(1), Span O(1)
src/Chap19/ArraySeqMtEphSlice.rs:365: info: match (implicit): APAS: Work O(1), Span O(1) | Review: Work O(1), Span O(1)
src/Chap19/ArraySeqMtEphSlice.rs:497: info: match (implicit): APAS: Work O(n * W(f)), Span O(lg n + S(f)) | Review: Work O(n * W(f)), Span O(lg n * S(f)) — D&C + join, O(n) rejoin.
src/Chap19/ArraySeqMtEphSlice.rs:510: error: possible mismatch: APAS: Work O(|a|), Span O(lg |a|) | Review: Work O(n lg n), Span O(n) — D&C + join, O(1) split, sequential prefix adjustment O(n) at each level.
src/Chap19/ArraySeqMtEphSlice.rs:1448: warning: ACCEPTED DIFFERENCE: Work O(sum |a[i]|), Span O(lg^2 |a| + max |a[i]|) — ACCEPTED DIFFERENCE: Vec concat at each D&C level; O(1) rejoin needs PCell pre-allocated output
src/Chap19/ArraySeqStEph.rs:162: info: match (implicit): APAS: Work O(1), Span O(1) | Review: Work O(1), Span O(1)
src/Chap19/ArraySeqStEph.rs:169: info: match (implicit): APAS: Work O(1), Span O(1) | Review: Work O(1), Span O(1)
src/Chap19/ArraySeqStEph.rs:190: warning: ACCEPTED DIFFERENCE: Work O(length), Span O(length) — ACCEPTED DIFFERENCE: Vec-backed, copies elements sequentially
src/Chap19/ArraySeqStEph.rs:211: info: match (implicit): APAS: Work O(1), Span O(1) | Review: Work O(1), Span O(1)
src/Chap19/ArraySeqStEph.rs:217: info: match (implicit): APAS: Work O(1), Span O(1) | Review: Work O(1), Span O(1)
src/Chap19/ArraySeqStEph.rs:229: warning: ACCEPTED DIFFERENCE: Work O(|a| + |b|), Span O(|a| + |b|) — ACCEPTED DIFFERENCE: sequential tabulate, span = work
src/Chap19/ArraySeqStEph.rs:243: warning: ACCEPTED DIFFERENCE: Work O(|a| * (1 + W(f))), Span O(|a| * (1 + S(f))) — ACCEPTED DIFFERENCE: sequential map+flatten, span = work
src/Chap19/ArraySeqStEph.rs:262: warning: ACCEPTED DIFFERENCE: Work O(|a|), Span O(|a|) — ACCEPTED DIFFERENCE: clone entire Vec + set, sequential
src/Chap19/ArraySeqStEph.rs:278: warning: ACCEPTED DIFFERENCE: Work O(|a| + |b|), Span O(|a| + |b|) — ACCEPTED DIFFERENCE: sequential clone + loop
src/Chap19/ArraySeqStEph.rs:292: info: match (implicit): APAS: Work O(1), Span O(1) | Review: Work O(1), Span O(1)
src/Chap19/ArraySeqStEph.rs:298: info: match (implicit): APAS: Work O(1), Span O(1) | Review: Work O(1), Span O(1)
src/Chap19/ArraySeqStEph.rs:304: error: possible mismatch: APAS: iterate (iterative form) | Review: Work O(|a|), Span O(|a|)
src/Chap19/ArraySeqStEph.rs:315: warning: ACCEPTED DIFFERENCE: Work O(Sigma W(f)) — ACCEPTED DIFFERENCE: St sequential, APAS parallel
src/Chap19/ArraySeqStEph.rs:326: error: possible mismatch: APAS: reduce (iterative form) | Review: Work O(|a|), Span O(|a|)
src/Chap19/ArraySeqStEph.rs:339: warning: ACCEPTED DIFFERENCE: Work O(Sigma W(f)), Span O(Sigma S(f)) — ACCEPTED DIFFERENCE: delegates to reduce_iter (sequential), span = work
src/Chap19/ArraySeqStEph.rs:352: warning: ACCEPTED DIFFERENCE: Work O(|a|), Span O(|a|) — ACCEPTED DIFFERENCE: sequential loop, span = work
src/Chap19/ArraySeqStEph.rs:367: warning: ACCEPTED DIFFERENCE: Work O(Sigma W(f(x))), Span O(Sigma S(f(x))) — ACCEPTED DIFFERENCE: sequential tabulate, span = work
src/Chap19/ArraySeqStEph.rs:377: warning: ACCEPTED DIFFERENCE: Work O(Sigma W(f(i))), Span O(Sigma S(f(i))) — ACCEPTED DIFFERENCE: sequential loop, span = work
src/Chap19/ArraySeqStEph.rs:389: warning: ACCEPTED DIFFERENCE: Work O(|a| + sum |a[i]|), Span O(|a| + sum |a[i]|) — ACCEPTED DIFFERENCE: nested sequential loops, span = work
src/Chap19/ArraySeqStEph.rs:398: error: possible mismatch: APAS: deflate (part of filter) | Review: Work O(1), Span O(1)
src/Chap19/ArraySeqStPer.rs:150: info: match (implicit): APAS: Work O(1), Span O(1) | Review: Work O(1), Span O(1)
src/Chap19/ArraySeqStPer.rs:157: info: match (implicit): APAS: Work O(1), Span O(1) | Review: Work O(1), Span O(1)
src/Chap19/ArraySeqStPer.rs:178: warning: ACCEPTED DIFFERENCE: Work O(length), Span O(length) — ACCEPTED DIFFERENCE: Vec-backed, copies elements sequentially
src/Chap19/ArraySeqStPer.rs:199: info: match (implicit): APAS: Work O(1), Span O(1) | Review: Work O(1), Span O(1)
src/Chap19/ArraySeqStPer.rs:205: info: match (implicit): APAS: Work O(1), Span O(1) | Review: Work O(1), Span O(1)
src/Chap19/ArraySeqStPer.rs:217: warning: ACCEPTED DIFFERENCE: Work O(|a| + |b|), Span O(|a| + |b|) — ACCEPTED DIFFERENCE: sequential tabulate, span = work
src/Chap19/ArraySeqStPer.rs:231: warning: ACCEPTED DIFFERENCE: Work O(|a| * (1 + W(f))), Span O(|a| * (1 + S(f))) — ACCEPTED DIFFERENCE: sequential map+flatten, span = work
src/Chap19/ArraySeqStPer.rs:250: warning: ACCEPTED DIFFERENCE: Work O(|a|), Span O(|a|) — ACCEPTED DIFFERENCE: clone entire Vec + set, sequential
src/Chap19/ArraySeqStPer.rs:266: warning: ACCEPTED DIFFERENCE: Work O(|a| + |b|), Span O(|a| + |b|) — ACCEPTED DIFFERENCE: sequential clone + loop
src/Chap19/ArraySeqStPer.rs:280: info: match (implicit): APAS: Work O(1), Span O(1) | Review: Work O(1), Span O(1)
src/Chap19/ArraySeqStPer.rs:286: info: match (implicit): APAS: Work O(1), Span O(1) | Review: Work O(1), Span O(1)
src/Chap19/ArraySeqStPer.rs:292: error: possible mismatch: APAS: iterate (iterative form) | Review: Work O(|a|), Span O(|a|)
src/Chap19/ArraySeqStPer.rs:303: warning: ACCEPTED DIFFERENCE: Work O(Sigma W(f)) — ACCEPTED DIFFERENCE: St sequential, APAS parallel
src/Chap19/ArraySeqStPer.rs:314: error: possible mismatch: APAS: reduce (iterative form) | Review: Work O(|a|), Span O(|a|)
src/Chap19/ArraySeqStPer.rs:327: warning: ACCEPTED DIFFERENCE: Work O(Sigma W(f)), Span O(Sigma S(f)) — ACCEPTED DIFFERENCE: delegates to reduce_iter (sequential), span = work
src/Chap19/ArraySeqStPer.rs:340: warning: ACCEPTED DIFFERENCE: Work O(|a|), Span O(|a|) — ACCEPTED DIFFERENCE: sequential loop, span = work
src/Chap19/ArraySeqStPer.rs:355: warning: ACCEPTED DIFFERENCE: Work O(Sigma W(f(x))), Span O(Sigma S(f(x))) — ACCEPTED DIFFERENCE: sequential tabulate, span = work
src/Chap19/ArraySeqStPer.rs:365: warning: ACCEPTED DIFFERENCE: Work O(Sigma W(f(i))), Span O(Sigma S(f(i))) — ACCEPTED DIFFERENCE: sequential loop, span = work
src/Chap19/ArraySeqStPer.rs:377: warning: ACCEPTED DIFFERENCE: Work O(|a| + sum |a[i]|), Span O(|a| + sum |a[i]|) — ACCEPTED DIFFERENCE: nested sequential loops, span = work
src/Chap19/ArraySeqStPer.rs:386: error: possible mismatch: APAS: deflate (part of filter) | Review: Work O(1), Span O(1)
src/Chap21/Algorithm21_1.rs:96: info: match (implicit): APAS: Work O(m), Span O(lg k) where m = total elements, k = number of inner sequences. | Review: Work O(m), Span O(m) — sequential two-pass implementation.
src/Chap21/Algorithm21_1.rs:160: info: match (implicit): APAS: Work O(n²), Span O(lg n) | Review: Work O(n²), Span O(n²) — sequential StPer tabulate + flatten.
src/Chap21/Algorithm21_2.rs:51: info: match (implicit): APAS: Work O(n³), Span O(lg n) | Review: Work O(n³), Span O(n³) — sequential StPer nested tabulate + flatten.
src/Chap21/Algorithm21_5.rs:53: warning: ACCEPTED DIFFERENCE: Work O(n^(3/2)), Span O(n^(3/2)) — ACCEPTED DIFFERENCE: sequential tabulate+filter via ArraySeqStPer, span = work
src/Chap21/Algorithm21_6.rs:76: warning: ACCEPTED DIFFERENCE: Work O(n lg n), Span O(n lg n) — ACCEPTED DIFFERENCE: sequential tabulate+flatten+loop via ArraySeqStPer, span = work
src/Chap21/Exercise21_5.rs:80: error: possible mismatch: APAS: Work O(n²), Span O(lg n) | Review: Work O(n³), Span O(n³) — sequential StPer; subseq_copy is O(k) not O(1).
src/Chap21/Exercise21_7.rs:59: info: match (implicit): APAS: Work O(1), Span O(1) | Review: Work O(1), Span O(1)
src/Chap21/Exercise21_7.rs:67: info: match (implicit): APAS: Work O(1), Span O(1) | Review: Work O(1), Span O(1)
src/Chap21/Exercise21_7.rs:83: info: match (implicit): APAS: Work O(|a|·|b|), Span O(lg |a|) | Review: Work O(|a|·|b|), Span O(|a|·|b|) — sequential StPer filter + tabulate + flatten.
src/Chap21/Exercise21_8.rs:166: info: match (implicit): APAS: Work O(1), Span O(1) | Review: Work O(1), Span O(1)
src/Chap21/Exercise21_8.rs:178: info: match (implicit): APAS: Work O(√n), Span O(lg n) | Review: Work O(√n), Span O(√n) — sequential StEph tabulate + filter.
src/Chap23/BalBinTreeStEph.rs:85: info: match (implicit): APAS: Work O(1), Span O(1). | Review: Work O(1), Span O(1)
src/Chap23/BalBinTreeStEph.rs:95: info: match (implicit): APAS: Work O(1), Span O(1). | Review: Work O(1), Span O(1)
src/Chap23/BalBinTreeStEph.rs:106: info: match (implicit): APAS: Work O(1), Span O(1). | Review: Work O(1), Span O(1)
src/Chap23/BalBinTreeStEph.rs:112: info: match (implicit): APAS: Work O(n), Span O(n). | Review: Work O(n), Span O(n) — sequential recursive traversal, no stored size.
src/Chap23/BalBinTreeStEph.rs:119: info: match (implicit): APAS: Work O(n), Span O(n). | Review: Work O(n), Span O(n) — sequential recursive traversal.
src/Chap23/BalBinTreeStEph.rs:127: info: match (implicit): APAS: Work O(n), Span O(n). | Review: Work O(n), Span O(n) — sequential recursive traversal with Vec building.
src/Chap23/BalBinTreeStEph.rs:137: info: match (implicit): APAS: Work O(n), Span O(n). | Review: Work O(n), Span O(n) — sequential recursive traversal with Vec building.
src/Chap23/BalBinTreeStEph.rs:147: info: match (implicit): APAS: Work O(n), Span O(n). | Review: Work O(n), Span O(n) — sequential recursive traversal with Vec building.
src/Chap23/BalBinTreeStEph.rs:343: info: match (implicit): APAS: Work O(n), Span O(n) — dominated by in_order traversal. | Review: Work O(n), Span O(n) — calls in_order() then wraps in iterator.
src/Chap23/BalBinTreeStEph.rs:357: info: match (implicit): APAS: Work O(n), Span O(n) — dominated by pre_order traversal. | Review: Work O(n), Span O(n) — calls pre_order() then wraps in iterator.
src/Chap23/BalBinTreeStEph.rs:371: info: match (implicit): APAS: Work O(n), Span O(n) — dominated by post_order traversal. | Review: Work O(n), Span O(n) — calls post_order() then wraps in iterator.
src/Chap23/PrimTreeSeqStPer.rs:653: info: match (implicit): APAS: Work O(1), Span O(1). | Review: Work O(1), Span O(1)
src/Chap23/PrimTreeSeqStPer.rs:660: info: match (implicit): APAS: Work O(1), Span O(1). | Review: Work O(1), Span O(1)
src/Chap23/PrimTreeSeqStPer.rs:677: info: match (implicit): APAS: Work O(1), Span O(1) | Review: Work O(1), Span O(1)
src/Chap23/PrimTreeSeqStPer.rs:686: warning: ACCEPTED DIFFERENCE: Work O(1), Span O(1) — ACCEPTED DIFFERENCE from CS 20.6 O(lg n) but matches CS 22.2 O(1); Vec-backed, direct array index
src/Chap23/PrimTreeSeqStPer.rs:694: warning: ACCEPTED DIFFERENCE: Work O(|a|), Span O(|a|) — ACCEPTED DIFFERENCE: Vec-backed, copies elements into left/right halves
src/Chap23/PrimTreeSeqStPer.rs:717: warning: ACCEPTED DIFFERENCE: Work O(|L| + |R|), Span O(|L| + |R|) for Two; O(1) for Zero/One — ACCEPTED DIFFERENCE: Vec append vs APAS O(1 + |r(L) - r(R)|)
src/Chap23/PrimTreeSeqStPer.rs:727: warning: ACCEPTED DIFFERENCE: Work O(|a| + |b|), Span O(|a| + |b|) — ACCEPTED DIFFERENCE: Vec-backed, copies both arrays sequentially
src/Chap23/PrimTreeSeqStPer.rs:743: warning: ACCEPTED DIFFERENCE: Work O(length), Span O(length) — ACCEPTED DIFFERENCE: Vec-backed, copies elements sequentially
src/Chap23/PrimTreeSeqStPer.rs:759: warning: ACCEPTED DIFFERENCE: Work O(|a|), Span O(|a|) — ACCEPTED DIFFERENCE: Vec-backed, copies entire array with replacement
src/Chap23/PrimTreeSeqStPer.rs:773: info: match (implicit): APAS: Work O(n), Span O(log n) — parallel tree-based. | Review: Work O(n), Span O(n) — sequential loop.
src/Chap23/PrimTreeSeqStPer.rs:783: info: match (implicit): APAS: Work O(n), Span O(log n) — parallel tree-based. | Review: Work O(n), Span O(n) — sequential loop.
src/Chap23/PrimTreeSeqStPer.rs:795: info: match (implicit): APAS: Work O(n), Span O(log² n) — parallel tree-based with rebalancing. | Review: Work O(n), Span O(n) — sequential loop.
src/Chap23/PrimTreeSeqStPer.rs:812: error: possible mismatch: APAS: Tree-based Work O(log² n), Span O(log² n). | Review: Work O(|a| − n), Span O(|a| − n) — delegates to subseq.
src/Chap23/PrimTreeSeqStPer.rs:827: error: possible mismatch: APAS: flatten = reduce append empty. Tree-based cost depends on reduce+append. | Review: Work O(Σ|a_i|), Span O(Σ|a_i|) — nested sequential loops.
src/Chap26/DivConReduceMtPer.rs:155: info: match (implicit): APAS: Work O(n), Span O(lg n) — D&C reduce with constant-time op. | Review: Work O(n), Span O(lg n) — delegates to ArraySeqMtPerS::reduce (parallel). Agrees with APAS.
src/Chap26/DivConReduceMtPer.rs:171: info: match (implicit): APAS: Work O(n), Span O(lg n) — D&C reduce with constant-time op. | Review: Work O(n), Span O(lg n) — delegates to ArraySeqMtPerS::reduce (parallel). Agrees with APAS.
src/Chap26/DivConReduceMtPer.rs:183: info: match (implicit): APAS: Work O(n), Span O(lg n) — D&C reduce with constant-time op. | Review: Work O(n), Span O(lg n) — delegates to ArraySeqMtPerS::reduce (parallel). Agrees with APAS.
src/Chap26/DivConReduceMtPer.rs:195: info: match (implicit): APAS: Work O(n), Span O(lg n) — D&C reduce with constant-time op. | Review: Work O(n), Span O(lg n) — delegates to ArraySeqMtPerS::reduce (parallel). Agrees with APAS.
src/Chap26/DivConReduceMtPer.rs:207: info: match (implicit): APAS: Work O(n), Span O(lg n) — D&C reduce with constant-time op. | Review: Work O(n), Span O(lg n) — delegates to ArraySeqMtPerS::reduce (parallel). Agrees with APAS.
src/Chap26/DivConReduceStPer.rs:70: warning: ACCEPTED DIFFERENCE: Work O(n), Span O(n) — ACCEPTED DIFFERENCE: sequential while loop, not D&C
src/Chap26/DivConReduceStPer.rs:86: warning: ACCEPTED DIFFERENCE: Work O(n), Span O(n) — ACCEPTED DIFFERENCE: delegates to sequential reduce
src/Chap26/DivConReduceStPer.rs:98: warning: ACCEPTED DIFFERENCE: Work O(n), Span O(n) — ACCEPTED DIFFERENCE: delegates to sequential reduce
src/Chap26/DivConReduceStPer.rs:110: warning: ACCEPTED DIFFERENCE: Work O(n), Span O(n) — ACCEPTED DIFFERENCE: delegates to sequential reduce
src/Chap26/DivConReduceStPer.rs:122: warning: ACCEPTED DIFFERENCE: Work O(n), Span O(n) — ACCEPTED DIFFERENCE: delegates to sequential reduce
src/Chap26/ETSPMtEph.rs:386: error: possible mismatch: APAS: Work O(n^2), Span O(lg^2 n) — parallel recur + parallel minVal. | Review: Work O(n²), Span O(n²) — O(n²) swap search dominates; could be reduced
src/Chap26/ETSPMtEph.rs:405: error: possible mismatch: APAS: Work O(n^2), Span O(lg^2 n) — parallel recur + parallel minVal. | Review: Work O(n²), Span O(n²) — O(n²) swap search dominates span.
src/Chap26/ETSPMtEph.rs:581: info: match (implicit): APAS: Work O(n), Span O(n) — linear partition (simplified from sort-based split). | Review: Work O(n), Span O(n) — sequential copy into halves.
src/Chap26/ETSPMtEph.rs:642: error: possible mismatch: APAS: Work O(n^2), Span O(lg n) — parallel minVal over all edge pairs. | Review: Work O(1), Span O(1) — stub returning (0,0); real search in find_best_swap_impl.
src/Chap26/ETSPStEph.rs:287: warning: ACCEPTED DIFFERENCE: Work O(n^2), Span O(n^2) — ACCEPTED DIFFERENCE: sequential recursion, no parallel split
src/Chap26/ETSPStEph.rs:301: error: possible mismatch: APAS: Work O(n^2), Span O(lg^2 n) — D&C eTSP heuristic. | Review: Work O(n²), Span O(n²) — sequential implementation, Span = Work.
src/Chap26/ETSPStEph.rs:496: info: match (implicit): APAS: Work O(n), Span O(n) — linear partition (simplified from sort-based split). | Review: Work O(n), Span O(n) — sequential copy into halves.
src/Chap26/ETSPStEph.rs:561: error: possible mismatch: APAS: Work O(n^2), Span O(lg n) — parallel minVal over all edge pairs. | Review: Work O(1), Span O(1) — stub returning (0,0); real search in find_best_swap_impl.
src/Chap26/MergeSortMtPer.rs:183: info: match (implicit): APAS: Work O(n), Span O(lg n) — parallel merge assumed for merge sort span analysis. | Review: Work O(n), Span O(n) — parallel D&C merge via join(); Vec concat at each level is O(n), dominating span. O(lg² n) requires O(1) concat (balanced tree).
src/Chap26/MergeSortMtPer.rs:197: info: match (implicit): APAS: Work O(n lg n), Span O(lg^2 n) — with O(lg n)-span merge. | Review: Work O(n lg n), Span O(n) — parallel recursion via join(), O(n) merge: S(n) = S(n/2) + O(n) = O(n).
src/Chap26/MergeSortMtPer.rs:211: info: match (implicit): APAS: Work O(lg n), Span O(lg n) — binary search for merge. | Review: Work O(lg n), Span O(lg n) — agrees with APAS.
src/Chap26/MergeSortMtPer.rs:276: info: match (implicit): APAS: Work O(n), Span O(lg n) — parallel merge via binary search and recursive halving. | Review: Work O(n), Span O(n) — Vec concat at each level is O(n), dominating span.
src/Chap26/MergeSortStPer.rs:107: info: match (implicit): APAS: Work O(n), Span O(lg n) — parallel merge assumed for merge sort analysis. | Review: Work O(n), Span O(n) — sequential two-pointer merge, Span = Work.
src/Chap26/MergeSortStPer.rs:122: warning: ACCEPTED DIFFERENCE: Work O(n lg n), Span O(n lg n) — ACCEPTED DIFFERENCE: sequential recursion and sequential merge
src/Chap26/ScanDCMtPer.rs:101: info: match (implicit): APAS: Work O(n lg n), Span O(lg n) — parallel recursive calls. | Review: Work O(n lg n), Span O(n) — parallel recursion via join(), sequential O(n) combine: S(n) = S(n/2) + O(n) = O(n).
src/Chap26/ScanDCMtPer.rs:117: info: match (implicit): APAS: Work O(n lg n), Span O(lg n) — parallel recursive calls + O(n)/O(1) combine. | Review: Work O(n lg n), Span O(n) — parallel recursion via join(), sequential O(n) combine: S(n) = S(n/2) + O(n) = O(n).
src/Chap26/ScanDCStPer.rs:94: warning: ACCEPTED DIFFERENCE: Work O(n lg n), Span O(n lg n) — ACCEPTED DIFFERENCE: sequential recursion, no parallel split
src/Chap26/ScanDCStPer.rs:110: info: match (implicit): APAS: Work O(n lg n), Span O(lg n) — same as scan_dc. | Review: Work O(n lg n), Span O(n lg n) — delegates to sequential scan_dc.
src/Chap27/ReduceContractMtEph.rs:56: info: match (implicit): APAS: Work O(n), Span O(lg n) | Review: Work O(n), Span O(n) — contraction via one-level join, each half sequential.
src/Chap27/ReduceContractStEph.rs:51: warning: ACCEPTED DIFFERENCE: Work O(n), Span O(n) — ACCEPTED DIFFERENCE: sequential contraction, no parallel tabulate
src/Chap27/ScanContractMtEph.rs:56: info: match (implicit): APAS: Work O(n), Span O(lg n) | Review: Work O(n), Span O(n) — contraction parallel via one-level join; expansion sequential.
src/Chap27/ScanContractMtEph.rs:77: info: match (implicit): APAS: Work O(n), Span O(1) — parallel tabulate (expansion step). | Review: Work O(n), Span O(n) — sequential loop, no parallelism.
src/Chap27/ScanContractStEph.rs:67: warning: ACCEPTED DIFFERENCE: Work O(n), Span O(n) — ACCEPTED DIFFERENCE: sequential contraction/expansion loops
src/Chap27/ScanContractStEph.rs:86: info: match (implicit): APAS: Work O(n), Span O(1) — parallel tabulate (expansion step). | Review: Work O(n), Span O(n) — sequential loop, no parallelism.
src/Chap28/MaxContigSubSumBruteStEph.rs:59: warning: ACCEPTED DIFFERENCE: Work O(n^3), Span O(n^3) — ACCEPTED DIFFERENCE: triple-nested sequential loops
src/Chap28/MaxContigSubSumBruteStEph.rs:74: info: match (implicit): APAS: Work O(1), Span O(1) | Review: Work O(1), Span O(1)
src/Chap28/MaxContigSubSumDivConMtEph.rs:53: info: match (implicit): APAS: Work O(n lg n), Span O(lg^2 n) | Review: Work O(n lg n), Span O(lg^2 n)
src/Chap28/MaxContigSubSumDivConMtEph.rs:69: info: match (implicit): APAS: Work O(1), Span O(1) | Review: Work O(1), Span O(1)
src/Chap28/MaxContigSubSumDivConMtEph.rs:84: info: match (implicit): APAS: Work O(n), Span O(lg n) | Review: Work O(n), Span O(n) — sequential loop
src/Chap28/MaxContigSubSumDivConMtEph.rs:142: info: match (implicit): APAS: Work O(n), Span O(lg n) | Review: Work O(n), Span O(n) — sequential loop
src/Chap28/MaxContigSubSumDivConOptMtEph.rs:59: info: match (implicit): APAS: Work O(n), Span O(lg n) | Review: Work O(n), Span O(lg n)
src/Chap28/MaxContigSubSumDivConOptMtEph.rs:75: info: match (implicit): APAS: Work O(1), Span O(1) | Review: Work O(1), Span O(1)
src/Chap28/MaxContigSubSumDivConOptMtEph.rs:90: error: possible mismatch: APAS: Work O(n), Span O(lg n) | Review: Work O(n log n), Span O(n) — subseq_copy O(n) per level; sequential
src/Chap28/MaxContigSubSumDivConOptStEph.rs:274: warning: ACCEPTED DIFFERENCE: Work O(n), Span O(n) — ACCEPTED DIFFERENCE: sequential recursion; combine is O(1) so work matches, but span = work
src/Chap28/MaxContigSubSumDivConOptStEph.rs:289: info: match (implicit): APAS: Work O(1), Span O(1) | Review: Work O(1), Span O(1)
src/Chap28/MaxContigSubSumDivConOptStEph.rs:305: warning: ACCEPTED DIFFERENCE: Work O(n log n), Span O(n log n) — ACCEPTED DIFFERENCE: St sequential, APAS parallel. subseq_copy O(n) per level
src/Chap28/MaxContigSubSumDivConStEph.rs:162: warning: ACCEPTED DIFFERENCE: Work O(n lg n), Span O(n lg n) — ACCEPTED DIFFERENCE: sequential recursion, no parallel split
src/Chap28/MaxContigSubSumDivConStEph.rs:177: info: match (implicit): APAS: Work O(1), Span O(1) | Review: Work O(1), Span O(1)
src/Chap28/MaxContigSubSumDivConStEph.rs:194: info: match (implicit): APAS: Work O(n), Span O(lg n) | Review: Work O(n), Span O(n) — sequential loop
src/Chap28/MaxContigSubSumDivConStEph.rs:275: info: match (implicit): APAS: Work O(n), Span O(lg n) | Review: Work O(n), Span O(n) — sequential loop
src/Chap28/MaxContigSubSumIterStEph.rs:139: info: match (implicit): APAS: Work O(n), Span O(n) | Review: Work O(n), Span O(n)
src/Chap28/MaxContigSubSumIterStEph.rs:153: info: match (implicit): APAS: Work O(1), Span O(1) | Review: Work O(1), Span O(1)
src/Chap28/MaxContigSubSumOptMtEph.rs:37: info: match (implicit): APAS: Work O(n), Span O(lg n) | Review: Work O(n), Span O(lg n)
src/Chap28/MaxContigSubSumOptStEph.rs:103: info: match (implicit): APAS: Work O(n), Span O(lg n) | Review: Work O(n), Span O(n) — sequential
src/Chap28/MaxContigSubSumReducedMcsseStEph.rs:57: error: possible mismatch: APAS: Work O(n^2), Span O(lg n) | Review: Work O(n²), Span O(n²) — sequential
src/Chap28/MaxContigSubSumReducedMcsseStEph.rs:73: info: match (implicit): APAS: Work O(1), Span O(1) | Review: Work O(1), Span O(1)
src/Chap28/MaxContigSubSumReducedStEph.rs:55: warning: ACCEPTED DIFFERENCE: Work O(n), Span O(n) — ACCEPTED DIFFERENCE: sequential single-pass loop, no parallel scan
src/Chap28/MaxContigSubSumReducedStEph.rs:70: info: match (implicit): APAS: Work O(1), Span O(1) | Review: Work O(1), Span O(1)
src/Chap35/OrderStatSelectMtEph.rs:156: error: possible mismatch: APAS: Work O(n), Span O(lg^2 n) | Review: Work O(n) expected, Span O(lg^2 n) expected — parallel D&C partition O(lg n) per round + parallel recursion
src/Chap35/OrderStatSelectMtEph.rs:216: info: match (implicit): APAS: Work O(n), Span O(lg n) — uses parallel filter. | Review: Work O(n), Span O(lg n) — parallel D&C partition via join, base case O(1), O(lg n) levels
src/Chap35/OrderStatSelectMtEph.rs:372: info: match (implicit): APAS: Work O(n), Span O(lg n) — uses parallel filter. | Review: Work O(n), Span O(lg n) — parallel D&C partition via join
src/Chap35/OrderStatSelectMtEph.rs:490: info: match (implicit): APAS: Work O(n) expected, Span O(lg^2 n) w.h.p. | Review: Work O(n) expected, Span O(lg^2 n) expected — D&C partition is O(lg n) span
src/Chap35/OrderStatSelectMtPer.rs:156: error: possible mismatch: APAS: Work O(n), Span O(lg^2 n) | Review: Work O(n) expected, Span O(lg^2 n) expected — parallel D&C partition O(lg n) per round + parallel recursion
src/Chap35/OrderStatSelectMtPer.rs:216: info: match (implicit): APAS: Work O(n), Span O(lg n) — uses parallel filter. | Review: Work O(n), Span O(lg n) — parallel D&C partition via join, base case O(1), O(lg n) levels
src/Chap35/OrderStatSelectMtPer.rs:372: info: match (implicit): APAS: Work O(n), Span O(lg n) — uses parallel filter. | Review: Work O(n), Span O(lg n) — parallel D&C partition via join
src/Chap35/OrderStatSelectMtPer.rs:488: info: match (implicit): APAS: Work O(n) expected, Span O(lg^2 n) w.h.p. | Review: Work O(n) expected, Span O(lg^2 n) expected — D&C partition is O(lg n) span
src/Chap35/OrderStatSelectStEph.rs:106: warning: ACCEPTED DIFFERENCE: Work O(n) expected, Span O(n) expected — ACCEPTED DIFFERENCE: sequential partition loop, span = work
src/Chap35/OrderStatSelectStEph.rs:133: warning: ACCEPTED DIFFERENCE: Work O(n) expected, Span O(n) expected — ACCEPTED DIFFERENCE: St sequential, APAS Span O(lg^2 n)
src/Chap35/OrderStatSelectStPer.rs:106: warning: ACCEPTED DIFFERENCE: Work O(n) expected, Span O(n) expected — ACCEPTED DIFFERENCE: sequential partition loop, span = work
src/Chap35/OrderStatSelectStPer.rs:133: warning: ACCEPTED DIFFERENCE: Work O(n) expected, Span O(n) expected — ACCEPTED DIFFERENCE: St sequential, APAS Span O(lg^2 n)
src/Chap36/QuickSortMtEph.rs:189: warning: ACCEPTED DIFFERENCE: Work O(n^2) worst, Span O(n^2) worst — ACCEPTED DIFFERENCE: Vec-backed; see QuickSortMtEphSlice for parallel partition
src/Chap36/QuickSortMtEph.rs:199: warning: ACCEPTED DIFFERENCE: Work O(n lg n), Span O(n) — ACCEPTED DIFFERENCE: Vec-backed; see QuickSortMtEphSlice for parallel partition
src/Chap36/QuickSortMtEph.rs:209: warning: ACCEPTED DIFFERENCE: Work O(n lg n) expected, Span O(n) expected — ACCEPTED DIFFERENCE: Vec-backed; see QuickSortMtEphSlice for parallel partition
src/Chap36/QuickSortMtEphSlice.rs:215: error: possible mismatch: APAS: Work O(n^2), Span O(n lg n) | Review: Work O(n^2) worst, Span O(n lg n) worst — parallel D&C partition via join + parallel recursion via ParaPair
src/Chap36/QuickSortMtEphSlice.rs:229: info: match (implicit): APAS: Work O(n lg n), Span O(lg^2 n) | Review: Work O(n lg n), Span O(lg^2 n) — parallel D&C partition O(lg n) per level + parallel recursion via ParaPair
src/Chap36/QuickSortMtEphSlice.rs:243: error: possible mismatch: APAS: Work O(n lg n), Span O(lg^2 n) | Review: Work O(n lg n) expected, Span O(lg^2 n) expected — parallel D&C partition O(lg n) per level + parallel recursion via ParaPair
src/Chap36/QuickSortStEph.rs:193: warning: ACCEPTED DIFFERENCE: Work O(n^2) worst, Span O(n^2) worst — ACCEPTED DIFFERENCE: sequential recursion + sequential partition
src/Chap36/QuickSortStEph.rs:203: warning: ACCEPTED DIFFERENCE: Work O(n lg n), Span O(n lg n) — ACCEPTED DIFFERENCE: sequential recursion, span = work
src/Chap36/QuickSortStEph.rs:213: warning: ACCEPTED DIFFERENCE: Work O(n lg n) expected, Span O(n lg n) expected — ACCEPTED DIFFERENCE: sequential recursion, span = work
src/Chap37/AVLTreeSeqMtPer.rs:323: info: match (implicit): APAS: Work O(lg n), Span O(lg n) — balanced tree descent via subtree sizes | Review: Work O(lg n), Span O(lg n); rank-based tree descent
src/Chap37/AVLTreeSeq.rs:367: warning: ACCEPTED DIFFERENCE: Work O(lg n), Span O(lg n) — ACCEPTED DIFFERENCE: tree traversal to indexed node, not O(1) array access
src/Chap37/AVLTreeSeq.rs:408: warning: ACCEPTED DIFFERENCE: Work O(lg n), Span O(lg n) — ACCEPTED DIFFERENCE: tree traversal + path reconstruction, not O(1) array update
src/Chap37/AVLTreeSeqStEph.rs:853: warning: ACCEPTED DIFFERENCE: Work O(lg n), Span O(lg n) — ACCEPTED DIFFERENCE: tree traversal to indexed node
src/Chap37/AVLTreeSeqStEph.rs:893: warning: ACCEPTED DIFFERENCE: Work O(lg n), Span O(lg n) — ACCEPTED DIFFERENCE: tree traversal + path reconstruction
src/Chap37/AVLTreeSeqStPer.rs:358: warning: ACCEPTED DIFFERENCE: Work O(lg n), Span O(lg n) — ACCEPTED DIFFERENCE: tree traversal to indexed node
src/Chap37/BSTAVLMtEph.rs:777: info: match (implicit): APAS: Work O(h(T)), Span O(h(T)) | Review: Work O(h(T)), Span O(h(T))
src/Chap37/BSTAVLStEph.rs:130: info: match (implicit): APAS: Work O(h(T)), Span O(h(T)) | Review: Work O(h(T)), Span O(h(T))
src/Chap37/BSTAVLStEph.rs:149: error: APAS annotation with no code review: Work O(1), Span O(1)
src/Chap37/BSTAVLStEph.rs:183: error: APAS annotation with no code review: Work O(1), Span O(1)
src/Chap37/BSTAVLStEph.rs:217: error: APAS annotation with no code review: Work O(1), Span O(1)
src/Chap37/BSTAVLStEph.rs:241: error: APAS annotation with no code review: Work O(lg n), Span O(lg n)
src/Chap37/BSTAVLStEph.rs:254: error: APAS annotation with no code review: Work O(lg n), Span O(lg n)
src/Chap37/BSTAVLStEph.rs:259: error: APAS annotation with no code review: Work O(lg n), Span O(lg n)
src/Chap37/BSTAVLStEph.rs:525: info: match (implicit): APAS: Work O(1), Span O(1) | Review: Work O(1), Span O(1) — constant-number of rotations.
src/Chap37/BSTAVLStEph.rs:904: info: match (implicit): APAS: Work O(1), Span O(1) | Review: Work O(1), Span O(1) — agrees with APAS.
src/Chap37/BSTAVLStEph.rs:925: info: match (implicit): APAS: Work O(lg n), Span O(lg n) | Review: Work O(lg n), Span O(lg n) — agrees with APAS; AVL guarantees h = O(lg n).
src/Chap37/BSTAVLStEph.rs:931: info: match (implicit): APAS: Work O(lg n), Span O(lg n) | Review: Work O(lg n), Span O(lg n) — agrees with APAS; AVL guarantees h = O(lg n).
src/Chap37/BSTAVLStEph.rs:937: info: match (implicit): APAS: Work O(lg n), Span O(lg n) | Review: Work O(lg n), Span O(lg n) — agrees with APAS; AVL guarantees h = O(lg n).
src/Chap37/BSTBBAlphaMtEph.rs:1009: error: possible mismatch: APAS: Work O(h(T)), Span O(h(T)) | Review: Work O(lg n), Span O(lg n) — one root-to-leaf path, O(1) per level.
src/Chap37/BSTBBAlphaMtEph.rs:1042: error: possible mismatch: APAS: Work O(h(T)), Span O(h(T)) | Review: Work O(lg n), Span O(lg n) — one root-to-leaf path, O(1) per level.
src/Chap37/BSTBBAlphaMtEph.rs:1286: error: possible mismatch: APAS: Work O(h(T)), Span O(h(T)) | Review: Work O(lg n), Span O(lg n) — one root-to-leaf path, O(1) per level.
src/Chap37/BSTBBAlphaMtEph.rs:1371: error: possible mismatch: APAS: Work O(h(T)), Span O(h(T)) | Review: Work O(lg n), Span O(lg n) — one root-to-leaf path, O(1) per level.
src/Chap37/BSTBBAlphaMtEph.rs:1672: error: possible mismatch: APAS: Work O(h(T)), Span O(h(T)) | Review: Work O(lg n), Span O(lg n) — O(1) size check, then one root-to-leaf path.
src/Chap37/BSTBBAlphaMtEph.rs:1684: error: possible mismatch: APAS: Work O(h(T)), Span O(h(T)) | Review: Work O(lg n), Span O(lg n) — one root-to-leaf path, O(1) per level.
src/Chap37/BSTBBAlphaMtEph.rs:1719: error: possible mismatch: APAS: Work O(h(T)), Span O(h(T)) | Review: Work O(lg n), Span O(lg n) — one root-to-leaf path.
src/Chap37/BSTBBAlphaMtEph.rs:1807: error: possible mismatch: APAS: Work O(h(T)), Span O(h(T)) | Review: Work O(lg n), Span O(lg n) — O(1) size check, then one root-to-leaf path.
src/Chap37/BSTBBAlphaMtEph.rs:1837: error: possible mismatch: APAS: Work O(h(T)), Span O(h(T)) | Review: Work O(lg n), Span O(lg n) — one root-to-leaf path, O(1) per level.
src/Chap37/BSTBBAlphaMtEph.rs:1912: error: possible mismatch: APAS: Work O(h(T)), Span O(h(T)) | Review: Work O(lg n), Span O(lg n) — one root-to-leaf path.
src/Chap37/BSTBBAlphaStEph.rs:1002: error: possible mismatch: APAS: Work O(h(T)), Span O(h(T)) | Review: Work O(lg n), Span O(lg n) — one root-to-leaf path, O(1) per level.
src/Chap37/BSTBBAlphaStEph.rs:1035: error: possible mismatch: APAS: Work O(h(T)), Span O(h(T)) | Review: Work O(lg n), Span O(lg n) — one root-to-leaf path, O(1) per level.
src/Chap37/BSTBBAlphaStEph.rs:1279: error: possible mismatch: APAS: Work O(h(T)), Span O(h(T)) | Review: Work O(lg n), Span O(lg n) — one root-to-leaf path, O(1) per level.
src/Chap37/BSTBBAlphaStEph.rs:1364: error: possible mismatch: APAS: Work O(h(T)), Span O(h(T)) | Review: Work O(lg n), Span O(lg n) — one root-to-leaf path, O(1) per level.
src/Chap37/BSTBBAlphaStEph.rs:1675: error: possible mismatch: APAS: Work O(h(T)), Span O(h(T)) | Review: Work O(lg n), Span O(lg n) — one root-to-leaf path, O(1) per level.
src/Chap37/BSTBBAlphaStEph.rs:1694: error: possible mismatch: APAS: Work O(h(T)), Span O(h(T)) | Review: Work O(lg n), Span O(lg n) — one root-to-leaf path.
src/Chap37/BSTBBAlphaStEph.rs:1703: error: possible mismatch: APAS: Work O(h(T)), Span O(h(T)) | Review: Work O(lg n), Span O(lg n) — one root-to-leaf path, O(1) per level.
src/Chap37/BSTBBAlphaStEph.rs:1758: info: match (implicit): APAS: Work O(1), Span O(1) | Review: Work O(1), Span O(1) — agrees with APAS.
src/Chap37/BSTBBAlphaStEph.rs:1786: error: possible mismatch: APAS: Work O(h(T)), Span O(h(T)) | Review: Work O(lg n), Span O(lg n) — one root-to-leaf path, O(1) per level.
src/Chap37/BSTBBAlphaStEph.rs:1804: error: possible mismatch: APAS: Work O(h(T)), Span O(h(T)) | Review: Work O(lg n), Span O(lg n) — one root-to-leaf path.
src/Chap37/BSTBBAlphaStEph.rs:1811: error: possible mismatch: APAS: Work O(h(T)), Span O(h(T)) | Review: Work O(lg n), Span O(lg n) — one root-to-leaf path.
src/Chap37/BSTBBAlphaStEph.rs:1818: error: possible mismatch: APAS: Work O(h(T)), Span O(h(T)) | Review: Work O(lg n), Span O(lg n) — one root-to-leaf path, O(1) per level.
src/Chap37/BSTPlainMtEph.rs:542: info: match (implicit): APAS: Work O(h(T)), Span O(h(T)) | Review: Work O(h(T)), Span O(h(T))
src/Chap37/BSTPlainStEph.rs:71: info: match (implicit): APAS: Work O(h(T)), Span O(h(T)) | Review: Work O(h(T)), Span O(h(T)) — agrees with APAS.
src/Chap37/BSTPlainStEph.rs:81: info: match (implicit): APAS: Work O(h(T)), Span O(h(T)) | Review: Work O(h(T)), Span O(h(T)) — agrees with APAS.
src/Chap37/BSTPlainStEph.rs:87: info: match (implicit): APAS: Work O(h(T)), Span O(h(T)) | Review: Work O(h(T)), Span O(h(T)) — agrees with APAS.
src/Chap37/BSTPlainStEph.rs:126: info: match (implicit): APAS: Work O(h(T)), Span O(h(T)) | Review: Work O(h(T)), Span O(h(T)) — agrees with APAS.
src/Chap37/BSTPlainStEph.rs:181: info: match (implicit): APAS: Work O(h(T)), Span O(h(T)) | Review: Work O(h(T)), Span O(h(T))
src/Chap37/BSTPlainStEph.rs:636: info: match (implicit): APAS: Work O(1), Span O(1) | Review: Work O(1), Span O(1) — agrees with APAS.
src/Chap37/BSTPlainStEph.rs:657: info: match (implicit): APAS: Work O(h(T)), Span O(h(T)) | Review: Work O(h(T)), Span O(h(T)) — agrees with APAS.
src/Chap37/BSTPlainStEph.rs:663: info: match (implicit): APAS: Work O(h(T)), Span O(h(T)) | Review: Work O(h(T)), Span O(h(T)) — agrees with APAS.
src/Chap37/BSTPlainStEph.rs:669: info: match (implicit): APAS: Work O(h(T)), Span O(h(T)) | Review: Work O(h(T)), Span O(h(T)) — agrees with APAS.
src/Chap37/BSTPlainStEph.rs:675: info: match (implicit): APAS: Work O(h(T)), Span O(h(T)) | Review: Work O(h(T)), Span O(h(T)) — agrees with APAS.
src/Chap37/BSTRBMtEph.rs:2246: error: possible mismatch: APAS: Work O(h(T)), Span O(h(T)) | Review: Work O(lg n), Span O(lg n) — one root-to-leaf path, O(1) per level.
src/Chap37/BSTRBMtEph.rs:2284: error: possible mismatch: APAS: Work O(h(T)), Span O(h(T)) | Review: Work O(lg n), Span O(lg n) — one root-to-leaf path, O(1) per level.
src/Chap37/BSTRBMtEph.rs:2412: info: match (implicit): APAS: Work O(1), Span O(1) | Review: Work O(1), Span O(1)
src/Chap37/BSTRBMtEph.rs:2906: error: possible mismatch: APAS: Work O(h(T)), Span O(h(T)) | Review: Work O(lg n), Span O(lg n) — one root-to-leaf path, O(1) per level.
src/Chap37/BSTRBMtEph.rs:3140: error: possible mismatch: APAS: Work O(h(T)), Span O(h(T)) | Review: Work O(lg n), Span O(lg n) — one root-to-leaf path, O(1) per level.
src/Chap37/BSTRBMtEph.rs:3846: error: possible mismatch: APAS: Work O(h(T)), Span O(h(T)) | Review: Work O(lg n), Span O(lg n) — a search, then one root-to-leaf path, O(1) per level.
src/Chap37/BSTRBMtEph.rs:3881: error: possible mismatch: APAS: Work O(h(T)), Span O(h(T)) | Review: Work O(lg n), Span O(lg n) — one root-to-leaf path; height <= 2 lg(n + 1).
src/Chap37/BSTRBMtEph.rs:4015: error: possible mismatch: APAS: Work O(h(T)), Span O(h(T)) | Review: Work O(lg n), Span O(lg n) — O(1) size check from the cache, then one root-to-leaf insert.
src/Chap37/BSTRBMtEph.rs:4094: error: possible mismatch: APAS: Work O(h(T)), Span O(h(T)) | Review: Work O(lg n), Span O(lg n) — a search, then one root-to-leaf path, O(1) per level.
src/Chap37/BSTRBStEph.rs:1922: error: possible mismatch: APAS: Work O(h(T)), Span O(h(T)) | Review: Work O(lg n), Span O(lg n) — one root-to-leaf path, O(1) per level.
src/Chap37/BSTRBStEph.rs:1960: error: possible mismatch: APAS: Work O(h(T)), Span O(h(T)) | Review: Work O(lg n), Span O(lg n) — one root-to-leaf path, O(1) per level.
src/Chap37/BSTRBStEph.rs:2040: info: match (implicit): APAS: Work O(1), Span O(1) | Review: Work O(1), Span O(1)
src/Chap37/BSTRBStEph.rs:2528: error: possible mismatch: APAS: Work O(h(T)), Span O(h(T)) | Review: Work O(lg n), Span O(lg n) — one root-to-leaf path, O(1) per level.
src/Chap37/BSTRBStEph.rs:2762: error: possible mismatch: APAS: Work O(h(T)), Span O(h(T)) | Review: Work O(lg n), Span O(lg n) — one root-to-leaf path, O(1) per level.
src/Chap37/BSTRBStEph.rs:3032: error: possible mismatch: APAS: Work O(h(T)), Span O(h(T)) | Review: Work O(lg n), Span O(lg n) — one root-to-leaf path, O(1) per level.
src/Chap37/BSTRBStEph.rs:3045: error: possible mismatch: APAS: Work O(h(T)), Span O(h(T)) | Review: Work O(lg n), Span O(lg n) — a search, then one root-to-leaf path, O(1) per level.
src/Chap37/BSTRBStEph.rs:3061: error: possible mismatch: APAS: Work O(h(T)), Span O(h(T)) | Review: Work O(lg n), Span O(lg n) — one root-to-leaf path; height <= 2 lg(n + 1).
src/Chap37/BSTRBStEph.rs:3115: info: match (implicit): APAS: Work O(1), Span O(1) | Review: Work O(1), Span O(1) — agrees with APAS.
src/Chap37/BSTRBStEph.rs:3149: error: possible mismatch: APAS: Work O(h(T)), Span O(h(T)) | Review: Work O(lg n), Span O(lg n) — one root-to-leaf path, O(1) per level.
src/Chap37/BSTRBStEph.rs:3183: error: possible mismatch: APAS: Work O(h(T)), Span O(h(T)) | Review: Work O(lg n), Span O(lg n) — a search, then one root-to-leaf path, O(1) per level.
src/Chap37/BSTRBStEph.rs:3248: error: possible mismatch: APAS: Work O(h(T)), Span O(h(T)) | Review: Work O(lg n), Span O(lg n) — one root-to-leaf path.
src/Chap37/BSTRBStEph.rs:3255: error: possible mismatch: APAS: Work O(h(T)), Span O(h(T)) | Review: Work O(lg n), Span O(lg n) — one root-to-leaf path.
src/Chap37/BSTSetAVLMtEph.rs:75: info: match (implicit): APAS: Work O(h(T)), Span O(h(T)) | Review: Work O(h(T)), Span O(h(T))
src/Chap37/BSTSetBBAlphaMtEph.rs:75: info: match (implicit): APAS: Work O(h(T)), Span O(h(T)) | Review: Work O(h(T)), Span O(h(T))
src/Chap37/BSTSetPlainMtEph.rs:75: info: match (implicit): APAS: Work O(h(T)), Span O(h(T)) | Review: Work O(h(T)), Span O(h(T))
src/Chap37/BSTSetRBMtEph.rs:74: info: match (implicit): APAS: Work O(h(T)), Span O(h(T)) | Review: Work O(h(T)), Span O(h(T))
src/Chap37/BSTSetRBMtEph.rs:247: error: possible mismatch: APAS: Work O(h(T)), Span O(h(T)) | Review: Work O(lg n), Span O(lg n) — the red-black tree's delete: a search, then one root-to-leaf path.
src/Chap37/BSTSetSplayMtEph.rs:75: info: match (implicit): APAS: Work O(h(T)), Span O(h(T)) | Review: Work O(h(T)), Span O(h(T))
src/Chap37/BSTSplayMtEph.rs:264: info: match (implicit): APAS: Work O(1), Span O(1) | Review: Work O(1), Span O(1)
src/Chap37/BSTSplayMtEph.rs:420: info: match (implicit): APAS: Work O(1), Span O(1) | Review: Work O(1), Span O(1)
src/Chap37/BSTSplayMtEph.rs:1825: info: match (implicit): APAS: Work O(h(T)), Span O(h(T)) | Review: Work O(h(T)), Span O(h(T))
src/Chap37/BSTSplayStEph.rs:85: info: match (implicit): APAS: Work O(1), Span O(1) | Review: Work O(1), Span O(1)
src/Chap37/BSTSplayStEph.rs:100: info: match (implicit): APAS: Work O(lg n) amortized, Span O(lg n) amortized | Review: Work O(lg n) amortized, Span O(lg n) amortized — agrees with APAS.
src/Chap37/BSTSplayStEph.rs:1036: info: match (implicit): APAS: Work O(1), Span O(1) | Review: Work O(1), Span O(1)
src/Chap37/BSTSplayStEph.rs:1147: info: match (implicit): APAS: Work O(h(T)), Span O(h(T)) | Review: Work O(h(T)), Span O(h(T))
src/Chap37/BSTSplayStEph.rs:1224: info: match (implicit): APAS: Work O(h(T)), Span O(h(T)) | Review: Work O(h(T)), Span O(h(T)) — standard BST insert path.
src/Chap37/BSTSplayStEph.rs:1332: info: match (implicit): APAS: Work O(lg n) amortized, Span O(lg n) amortized | Review: Work O(lg n) amortized, Span O(lg n) amortized — bst_insert + splay.
src/Chap37/BSTSplayStEph.rs:1348: info: match (implicit): APAS: Work O(h(T)), Span O(h(T)) | Review: Work O(h(T)), Span O(h(T)) — standard BST search.
src/Chap37/BSTSplayStEph.rs:1491: info: match (implicit): APAS: Work O(n), Span O(n) | Review: Work O(n), Span O(n) — visits every node.
src/Chap37/BSTSplayStEph.rs:1504: info: match (implicit): APAS: Work O(n), Span O(n) | Review: Work O(n), Span O(n) — visits every node.
src/Chap37/BSTSplayStEph.rs:1528: error: possible mismatch: APAS: // Veracity: UNNEEDED proof block         /// - Alg Analysis: APAS (Ch37 CS 38.11): Work O(1), Span O(1) | Review: Work O(1), Span O(1) — agrees with APAS.
src/Chap37/BSTSplayStEph.rs:1533: info: match (implicit): APAS: Work O(1), Span O(1) | Review: Work O(1), Span O(1) — cached size field.
src/Chap37/BSTSplayStEph.rs:1545: error: possible mismatch: APAS: // Veracity: UNNEEDED proof block         /// - Alg Analysis: APAS (Ch37 CS 38.11): Work O(lg n) amortized, Span O(lg n) amortized | Review: Work O(lg n) amortized, Span O(lg n) amortized — agrees with APAS.
src/Chap37/BSTSplayStEph.rs:1550: info: match (implicit): APAS: Work O(h(T)), Span O(h(T)) | Review: Work O(h(T)), Span O(h(T)) — agrees with APAS.
src/Chap37/BSTSplayStEph.rs:1554: info: match (implicit): APAS: Work O(h(T)), Span O(h(T)) | Review: Work O(h(T)), Span O(h(T)) — delegates to find.
src/Chap37/BSTSplayStEph.rs:1591: info: match (implicit): APAS: Work O(n), Span O(n) | Review: Work O(n), Span O(n) — in-order traversal.
src/Chap37/BSTSplayStEph.rs:1599: info: match (implicit): APAS: Work O(n), Span O(n) | Review: Work O(n), Span O(n) — pre-order traversal.
src/Chap38/BSTParaMtEph.rs:199: info: match (implicit): APAS: Work O(1), Span O(1) | Review: Work O(1), Span O(1) — agrees with APAS.
src/Chap38/BSTParaMtEph.rs:203: info: match (implicit): APAS: Work O(1), Span O(1) | Review: Work O(1), Span O(1)
src/Chap38/BSTParaMtEph.rs:209: info: match (implicit): APAS: Work O(1), Span O(1) | Review: Work O(1), Span O(1) — agrees with APAS.
src/Chap38/BSTParaMtEph.rs:225: warning: ACCEPTED DIFFERENCE: Work O(1), Span O(1) — ACCEPTED DIFFERENCE: parametric design; concrete BST provides rebalancing
src/Chap38/BSTParaMtEph.rs:239: info: match (implicit): APAS: Work O(1), Span O(1) | Review: Work O(1), Span O(1) — agrees with APAS.
src/Chap38/BSTParaMtEph.rs:243: info: match (implicit): APAS: Work O(1), Span O(1) | Review: Work O(1), Span O(1) — agrees with APAS.
src/Chap38/BSTParaMtEph.rs:247: info: match (implicit): APAS: Work O(lg |t|), Span O(lg |t|) | Review: Work O(lg |t|), Span O(lg |t|)
src/Chap38/BSTParaMtEph.rs:258: info: match (implicit): APAS: Work O(lg |t|), Span O(lg |t|) | Review: Work O(lg |t|), Span O(lg |t|)
src/Chap38/BSTParaMtEph.rs:268: info: match (implicit): APAS: Work O(lg |t|), Span O(lg |t|) | Review: Work O(lg |t|), Span O(lg |t|)
src/Chap38/BSTParaMtEph.rs:273: info: match (implicit): APAS: Work O(lg |t|), Span O(lg |t|) | Review: Work O(lg |t|), Span O(lg |t|)
src/Chap38/BSTParaMtEph.rs:285: info: match (implicit): APAS: Work O(lg(|t1|+|t2|)), Span O(lg(|t1|+|t2|)) | Review: Work O(lg(|t1|+|t2|)), Span O(lg(|t1|+|t2|)); delegates to join_pair_inner
src/Chap38/BSTParaMtEph.rs:297: info: match (implicit): APAS: Work O(lg(|t1|+|t2|)), Span O(lg(|t1|+|t2|)) | Review: Work O(lg(|t1|+|t2|)), Span O(lg(|t1|+|t2|)) — sequential join by exposing right subtree
src/Chap38/BSTParaMtEph.rs:308: info: match (implicit): APAS: Work O(m * lg(n/m)), Span O(lg n) | Review: Work O(m * lg(n/m)), Span O(lg^2 n); parallel recursion via ParaPair!
src/Chap38/BSTParaMtEph.rs:316: info: match (implicit): APAS: Work O(m * lg(n/m)), Span O(lg n) | Review: Work O(m * lg(n/m)), Span O(lg^2 n); parallel recursion via ParaPair!
src/Chap38/BSTParaMtEph.rs:321: info: match (implicit): APAS: Work O(m * lg(n/m)), Span O(lg n) | Review: Work O(m * lg(n/m)), Span O(lg^2 n); parallel recursion via ParaPair!
src/Chap38/BSTParaMtEph.rs:327: warning: ACCEPTED DIFFERENCE: Work O(Σ W(f(x))), Span O(n + max S(f(x))) — ACCEPTED DIFFERENCE: Verus limitation; spec_fn not Send, blocks parallel filter
src/Chap38/BSTParaMtEph.rs:345: info: match (implicit): APAS: Work O(Σ W(f(x))), Span O(lg |t| + max S(f(x))) | Review: Work O(Σ W(f(x))), Span O(lg |t| + max S(f(x))); parallel recursion via ParaPair!
src/Chap38/BSTParaMtEph.rs:351: info: match (implicit): APAS: Work O(lg |t|), Span O(lg |t|) | Review: Work O(lg |t|), Span O(lg |t|) — agrees with APAS.
src/Chap38/BSTParaMtEph.rs:363: warning: ACCEPTED DIFFERENCE: Work O(1), Span O(1) — ACCEPTED DIFFERENCE: parametric design; delegates to join_mid which is O(1)
src/Chap38/BSTParaMtEph.rs:382: info: match (implicit): APAS: Work O(|t|), Span O(|t|) | Review: Work O(|t|), Span O(|t|) — agrees with APAS; sequential DFS traversal.
src/Chap38/BSTParaStEph.rs:294: info: match (implicit): APAS: Work O(1), Span O(1) | Review: Work O(1), Span O(1) — agrees with APAS.
src/Chap38/BSTParaStEph.rs:298: info: match (implicit): APAS: Work O(1), Span O(1) | Review: Work O(1), Span O(1)
src/Chap38/BSTParaStEph.rs:304: info: match (implicit): APAS: Work O(1), Span O(1) | Review: Work O(1), Span O(1) — agrees with APAS.
src/Chap38/BSTParaStEph.rs:320: warning: ACCEPTED DIFFERENCE: Work O(1), Span O(1) — ACCEPTED DIFFERENCE: parametric impl wraps node without rebalancing
src/Chap38/BSTParaStEph.rs:335: warning: ACCEPTED DIFFERENCE: Work O(1), Span O(1) — ACCEPTED DIFFERENCE: delegates to join_mid which is O(1) in parametric impl
src/Chap38/BSTParaStEph.rs:345: info: match (implicit): APAS: Work O(1), Span O(1) | Review: Work O(1), Span O(1) — agrees with APAS.
src/Chap38/BSTParaStEph.rs:349: info: match (implicit): APAS: Work O(1), Span O(1) | Review: Work O(1), Span O(1) — agrees with APAS.
src/Chap38/BSTParaStEph.rs:353: info: match (implicit): APAS: Work O(lg |t|), Span O(lg |t|) | Review: Work O(lg |t|), Span O(lg |t|)
src/Chap38/BSTParaStEph.rs:364: info: match (implicit): APAS: Work O(lg |t|), Span O(lg |t|) | Review: Work O(lg |t|), Span O(lg |t|)
src/Chap38/BSTParaStEph.rs:375: info: match (implicit): APAS: Work O(lg |t|), Span O(lg |t|) | Review: Work O(lg |t|), Span O(lg |t|)
src/Chap38/BSTParaStEph.rs:382: info: match (implicit): APAS: Work O(lg |t|), Span O(lg |t|) | Review: Work O(lg |t|), Span O(lg |t|)
src/Chap38/BSTParaStEph.rs:396: info: match (implicit): APAS: Work O(lg |t|), Span O(lg |t|) | Review: Work O(lg |t|), Span O(lg |t|) — agrees with APAS.
src/Chap38/BSTParaStEph.rs:407: info: match (implicit): APAS: Work O(lg |t|), Span O(lg |t|) | Review: Work O(lg |t|), Span O(lg |t|) — agrees with APAS.
src/Chap38/BSTParaStEph.rs:418: info: match (implicit): APAS: Work O(lg(|t1|+|t2|)), Span O(lg(|t1|+|t2|)) | Review: Work O(lg(|t1|+|t2|)), Span O(lg(|t1|+|t2|))
src/Chap38/BSTParaStEph.rs:429: warning: ACCEPTED DIFFERENCE: Work O(m * lg(n/m)), Span O(m * lg(n/m)) — ACCEPTED DIFFERENCE: sequential recursion, no parallel split
src/Chap38/BSTParaStEph.rs:437: warning: ACCEPTED DIFFERENCE: Work O(m * lg(n/m)), Span O(m * lg(n/m)) — ACCEPTED DIFFERENCE: sequential recursion, no parallel split
src/Chap38/BSTParaStEph.rs:444: warning: ACCEPTED DIFFERENCE: Work O(m * lg(n/m)), Span O(m * lg(n/m)) — ACCEPTED DIFFERENCE: sequential recursion, no parallel split
src/Chap38/BSTParaStEph.rs:451: warning: ACCEPTED DIFFERENCE: Work O(Σ W(f(x))), Span O(n + max S(f(x))) — ACCEPTED DIFFERENCE: sequential tree traversal
src/Chap38/BSTParaStEph.rs:470: warning: ACCEPTED DIFFERENCE: Work O(Σ W(f(x))), Span O(n + max S(f(x))) — ACCEPTED DIFFERENCE: sequential tree traversal
src/Chap38/BSTParaStEph.rs:485: info: match (implicit): APAS: Work O(|t|), Span O(|t|) | Review: Work O(|t|), Span O(|t|) — agrees with APAS.
src/Chap39/BSTParaTreapMtEph.rs:217: info: match (implicit): APAS: Work O(1), Span O(1) | Review: Work O(1), Span O(1)
src/Chap39/BSTParaTreapMtEph.rs:279: info: match (implicit): APAS: Work O(lg(|t1|+|t2|)), Span O(lg(|t1|+|t2|)) | Review: Work O(lg(|t1|+|t2|)), Span O(lg(|t1|+|t2|))
src/Chap39/BSTParaTreapMtEph.rs:570: info: match (implicit): APAS: Work O(lg(|t1|+|t2|)), Span O(lg(|t1|+|t2|)) | Review: Work O(lg(|t1|+|t2|)), Span O(lg(|t1|+|t2|))
src/Chap39/BSTParaTreapMtEph.rs:1260: info: match (implicit): APAS: Work O(1), Span O(1) | Review: Work O(1), Span O(1)
src/Chap39/BSTParaTreapMtEph.rs:1264: info: match (implicit): APAS: Work O(1), Span O(1) | Review: Work O(1), Span O(1)
src/Chap39/BSTParaTreapMtEph.rs:1279: info: match (implicit): APAS: Work O(lg(|t1|+|t2|)), Span O(lg(|t1|+|t2|)) | Review: Work O(lg(|t1|+|t2|)), Span O(lg(|t1|+|t2|))
src/Chap39/BSTParaTreapMtEph.rs:1296: info: match (implicit): APAS: Work O(1), Span O(1) | Review: Work O(1), Span O(1)
src/Chap39/BSTParaTreapMtEph.rs:1300: info: match (implicit): APAS: Work O(1), Span O(1) | Review: Work O(1), Span O(1)
src/Chap39/BSTParaTreapMtEph.rs:1304: info: match (implicit): APAS: Work O(lg |t|), Span O(lg |t|) | Review: Work O(lg |t|), Span O(lg |t|)
src/Chap39/BSTParaTreapMtEph.rs:1311: info: match (implicit): APAS: Work O(lg |t|), Span O(lg |t|) | Review: Work O(lg |t|), Span O(lg |t|)
src/Chap39/BSTParaTreapMtEph.rs:1319: info: match (implicit): APAS: Work O(lg |t|), Span O(lg |t|) | Review: Work O(lg |t|), Span O(lg |t|)
src/Chap39/BSTParaTreapMtEph.rs:1326: info: match (implicit): APAS: Work O(lg |t|), Span O(lg |t|) | Review: Work O(lg |t|), Span O(lg |t|)
src/Chap39/BSTParaTreapMtEph.rs:1337: info: match (implicit): APAS: Work O(lg(|t1|+|t2|)), Span O(lg(|t1|+|t2|)) | Review: Work O(lg(|t1|+|t2|)), Span O(lg(|t1|+|t2|))
src/Chap39/BSTParaTreapMtEph.rs:1348: info: match (implicit): APAS: Work O(m · lg(n/m)), Span O(lg n) | Review: Work O(m · lg(n/m)), Span O(lg n)
src/Chap39/BSTParaTreapMtEph.rs:1356: info: match (implicit): APAS: Work O(m · lg(n/m)), Span O(lg n) | Review: Work O(m · lg(n/m)), Span O(lg n)
src/Chap39/BSTParaTreapMtEph.rs:1364: info: match (implicit): APAS: Work O(m · lg(n/m)), Span O(lg n) | Review: Work O(m · lg(n/m)), Span O(lg n)
src/Chap39/BSTParaTreapMtEph.rs:1372: info: match (implicit): APAS: Work O(|t|), Span O(lg |t|) | Review: Work O(|t|), Span O(lg |t|)
src/Chap39/BSTParaTreapMtEph.rs:1392: info: match (implicit): APAS: Work O(|t|), Span O(lg |t|) | Review: Work O(|t|), Span O(lg |t|)
src/Chap39/BSTParaTreapMtEph.rs:1403: info: match (implicit): APAS: Work O(|t|), Span O(|t|) | Review: Work O(|t|), Span O(|t|)
src/Chap39/BSTSetTreapMtEph.rs:73: info: match (implicit): APAS: Work O(1), Span O(1) | Review: Work O(1), Span O(1)
src/Chap39/BSTSetTreapMtEph.rs:77: info: match (implicit): APAS: Work O(lg n), Span O(lg n) | Review: Work O(lg n), Span O(lg n)
src/Chap39/BSTSetTreapMtEph.rs:82: info: match (implicit): APAS: Work O(1), Span O(1) | Review: Work O(1), Span O(1)
src/Chap39/BSTSetTreapMtEph.rs:86: info: match (implicit): APAS: Work O(1), Span O(1) | Review: Work O(1), Span O(1)
src/Chap39/BSTSetTreapMtEph.rs:90: info: match (implicit): APAS: Work O(lg n), Span O(lg n) | Review: Work O(lg n), Span O(lg n)
src/Chap39/BSTSetTreapMtEph.rs:97: info: match (implicit): APAS: Work O(lg n), Span O(lg n) | Review: Work O(lg n), Span O(lg n)
src/Chap39/BSTSetTreapMtEph.rs:102: info: match (implicit): APAS: Work O(lg n), Span O(lg n) | Review: Work O(lg n), Span O(lg n)
src/Chap39/BSTSetTreapMtEph.rs:109: info: match (implicit): APAS: Work O(lg n), Span O(lg n) | Review: Work O(lg n), Span O(lg n)
src/Chap39/BSTSetTreapMtEph.rs:116: info: match (implicit): APAS: Work O(lg n), Span O(lg n) | Review: Work O(lg n), Span O(lg n)
src/Chap39/BSTSetTreapMtEph.rs:124: info: match (implicit): APAS: Work O(lg n), Span O(lg n) | Review: Work O(lg n), Span O(lg n)
src/Chap39/BSTSetTreapMtEph.rs:132: info: match (implicit): APAS: Work O(m · lg(n/m)), Span O(lg n) | Review: Work O(m · lg(n/m)), Span O(lg n)
src/Chap39/BSTSetTreapMtEph.rs:140: info: match (implicit): APAS: Work O(m · lg(n/m)), Span O(lg n) | Review: Work O(m · lg(n/m)), Span O(lg n)
src/Chap39/BSTSetTreapMtEph.rs:148: info: match (implicit): APAS: Work O(m · lg(n/m)), Span O(lg n) | Review: Work O(m · lg(n/m)), Span O(lg n)
src/Chap39/BSTSetTreapMtEph.rs:156: info: match (implicit): APAS: Work O(lg |t|), Span O(lg |t|) | Review: Work O(lg |t|), Span O(lg |t|)
src/Chap39/BSTSetTreapMtEph.rs:170: info: match (implicit): APAS: Work O(lg(|t1|+|t2|)), Span O(lg(|t1|+|t2|)) | Review: Work O(lg(|t1|+|t2|)), Span O(lg(|t1|+|t2|))
src/Chap39/BSTSetTreapMtEph.rs:181: info: match (implicit): APAS: Work O(lg(|t1|+|t2|)), Span O(lg(|t1|+|t2|)) | Review: Work O(lg(|t1|+|t2|)), Span O(lg(|t1|+|t2|))
src/Chap39/BSTSetTreapMtEph.rs:194: info: match (implicit): APAS: Work O(n), Span O(lg n) | Review: Work O(n), Span O(lg n)
src/Chap39/BSTSetTreapMtEph.rs:214: info: match (implicit): APAS: Work O(n), Span O(lg n) | Review: Work O(n), Span O(lg n)
src/Chap39/BSTSetTreapMtEph.rs:224: info: match (implicit): APAS: Work O(n), Span O(n) | Review: Work O(n), Span O(n)
src/Chap39/BSTSetTreapMtEph.rs:229: info: match (implicit): APAS: Work O(1), Span O(1) | Review: Work O(1), Span O(1)
src/Chap39/BSTTreapMtEph.rs:88: info: match (implicit): APAS: Work O(1), Span O(1) | Review: Work O(1), Span O(1)
src/Chap39/BSTTreapMtEph.rs:117: info: match (implicit): APAS: Work O(1), Span O(1) | Review: Work O(1), Span O(1)
src/Chap39/BSTTreapMtEph.rs:286: error: possible mismatch: APAS: Work O(lg n) expected, Span O(lg n) expected | Review: Work O(log n) expected, O(n) worst case; Span O(log n) expected
src/Chap39/BSTTreapMtEph.rs:372: error: possible mismatch: APAS: Work O(lg n) expected, Span O(lg n) expected | Review: Work O(log n) expected, O(n) worst case; Span O(log n) expected
src/Chap39/BSTTreapMtEph.rs:527: error: possible mismatch: APAS: Work O(lg n) expected, Span O(lg n) expected | Review: Work O(log n) expected, O(n) worst case; Span O(log n) expected
src/Chap39/BSTTreapMtEph.rs:591: error: possible mismatch: APAS: Work O(lg n) expected, Span O(lg n) expected | Review: Work O(log n) expected, O(n) worst case; Span O(log n) expected
src/Chap39/BSTTreapMtEph.rs:626: error: possible mismatch: APAS: Work O(lg n) expected, Span O(lg n) expected | Review: Work O(log n) expected, O(n) worst case; Span O(log n) expected
src/Chap39/BSTTreapMtEph.rs:687: info: match (implicit): APAS: Work O(n), Span O(n) | Review: Work O(n), Span O(n)
src/Chap39/BSTTreapMtEph.rs:701: info: match (implicit): APAS: Work O(n), Span O(n) | Review: Work O(n), Span O(n)
src/Chap39/BSTTreapMtEph.rs:880: info: match (implicit): APAS: Work O(1), Span O(1) | Review: Work O(1), Span O(1)
src/Chap39/BSTTreapMtEph.rs:970: info: match (implicit): APAS: Work O(1), Span O(1) | Review: Work O(1), Span O(1)
src/Chap39/BSTTreapMtEph.rs:979: info: match (implicit): APAS: Work O(1), Span O(1) | Review: Work O(1), Span O(1)
src/Chap39/BSTTreapMtEph.rs:985: info: match (implicit): APAS: Work O(lg n) expected, Span O(lg n) expected | Review: Work O(lg n) expected, Span O(lg n) expected
src/Chap39/BSTTreapMtEph.rs:995: info: match (implicit): APAS: Work O(lg n) expected, Span O(lg n) expected | Review: Work O(lg n) expected, Span O(lg n) expected
src/Chap39/BSTTreapMtEph.rs:1007: info: match (implicit): APAS: Work O(lg n) expected, Span O(lg n) expected | Review: Work O(lg n) expected, Span O(lg n) expected
src/Chap39/BSTTreapMtEph.rs:1019: info: match (implicit): APAS: Work O(n), Span O(n) | Review: Work O(n), Span O(n)
src/Chap39/BSTTreapMtEph.rs:1027: info: match (implicit): APAS: Work O(1), Span O(1) | Review: Work O(1), Span O(1)
src/Chap39/BSTTreapMtEph.rs:1031: info: match (implicit): APAS: Work O(lg n) expected, Span O(lg n) expected | Review: Work O(lg n) expected, Span O(lg n) expected
src/Chap39/BSTTreapMtEph.rs:1043: info: match (implicit): APAS: Work O(lg n) expected, Span O(lg n) expected | Review: Work O(lg n) expected, Span O(lg n) expected
src/Chap39/BSTTreapMtEph.rs:1054: info: match (implicit): APAS: Work O(lg n) expected, Span O(lg n) expected | Review: Work O(lg n) expected, Span O(lg n) expected
src/Chap39/BSTTreapMtEph.rs:1063: info: match (implicit): APAS: Work O(lg n) expected, Span O(lg n) expected | Review: Work O(lg n) expected, Span O(lg n) expected
src/Chap39/BSTTreapMtEph.rs:1070: info: match (implicit): APAS: Work O(1), Span O(1) | Review: Work O(1), Span O(1)
src/Chap39/BSTTreapMtEph.rs:1074: info: match (implicit): APAS: Work O(1), Span O(1) | Review: Work O(1), Span O(1)
src/Chap39/BSTTreapMtEph.rs:1078: info: match (implicit): APAS: Work O(n), Span O(n) | Review: Work O(n), Span O(n)
src/Chap39/BSTTreapMtEph.rs:1082: info: match (implicit): APAS: Work O(lg n) expected, Span O(lg n) expected | Review: Work O(lg n) expected, Span O(lg n) expected
src/Chap39/BSTTreapMtEph.rs:1086: info: match (implicit): APAS: Work O(lg n) expected, Span O(lg n) expected | Review: Work O(lg n) expected, Span O(lg n) expected
src/Chap39/BSTTreapMtEph.rs:1090: info: match (implicit): APAS: Work O(n), Span O(n) | Review: Work O(n), Span O(n)
src/Chap39/BSTTreapMtEph.rs:1094: info: match (implicit): APAS: Work O(n), Span O(n) | Review: Work O(n), Span O(n)
src/Chap39/BSTTreapStEph.rs:214: info: match (implicit): APAS: Work O(1), Span O(1) | Review: Work O(1), Span O(1)
src/Chap39/BSTTreapStEph.rs:223: info: match (implicit): APAS: Work O(1), Span O(1) | Review: Work O(1), Span O(1)
src/Chap39/BSTTreapStEph.rs:227: info: match (implicit): APAS: Work O(1), Span O(1) | Review: Work O(1), Span O(1)
src/Chap39/BSTTreapStEph.rs:231: info: match (implicit): APAS: Work O(n), Span O(n) | Review: Work O(n), Span O(n)
src/Chap39/BSTTreapStEph.rs:238: error: possible mismatch: APAS: Work O(lg n) expected, Span O(lg n) expected | Review: Work O(log n) expected, O(n) worst case
src/Chap39/BSTTreapStEph.rs:252: error: possible mismatch: APAS: Work O(lg n) expected, Span O(lg n) expected | Review: Work O(log n) expected, O(n) worst case
src/Chap39/BSTTreapStEph.rs:263: error: possible mismatch: APAS: Work O(lg n) expected, Span O(lg n) expected | Review: Work O(log n) expected, O(n) worst case
src/Chap39/BSTTreapStEph.rs:273: error: possible mismatch: APAS: Work O(lg n) expected, Span O(lg n) expected | Review: Work O(log n) expected, O(n) worst case
src/Chap39/BSTTreapStEph.rs:281: error: possible mismatch: APAS: Work O(lg n) expected, Span O(lg n) expected | Review: Work O(log n) expected, O(n) worst case
src/Chap39/BSTTreapStEph.rs:289: error: possible mismatch: APAS: Work O(lg n) expected, Span O(lg n) expected | Review: Work O(log n) expected, O(n) worst case
src/Chap39/BSTTreapStEph.rs:297: info: match (implicit): APAS: Work O(n), Span O(n) | Review: Work O(n), Span O(n)
src/Chap39/BSTTreapStEph.rs:301: info: match (implicit): APAS: Work O(n), Span O(n) | Review: Work O(n), Span O(n)
src/Chap39/BSTTreapStEph.rs:306: info: match (implicit): APAS: Work O(1), Span O(1) | Review: Work O(1), Span O(1)
src/Chap39/BSTTreapStEph.rs:313: info: match (implicit): APAS: Work O(1), Span O(1) | Review: Work O(1), Span O(1)
src/Chap39/BSTTreapStEph.rs:318: info: match (implicit): APAS: Work O(1), Span O(1) | Review: Work O(1), Span O(1)
src/Chap39/BSTTreapStEph.rs:431: info: match (implicit): APAS: Work O(1), Span O(1) | Review: Work O(1), Span O(1)
src/Chap39/BSTTreapStEph.rs:436: info: match (implicit): APAS: Work O(1), Span O(1) | Review: Work O(1), Span O(1)
src/Chap39/BSTTreapStEph.rs:444: info: match (implicit): APAS: Work O(1), Span O(1) | Review: Work O(1), Span O(1)
src/Chap39/BSTTreapStEph.rs:466: info: match (implicit): APAS: Work O(lg(|t1|+|t2|)), Span O(lg(|t1|+|t2|)) | Review: Work O(lg(|t1|+|t2|)), Span O(lg(|t1|+|t2|))
src/Chap39/BSTTreapStEph.rs:487: info: match (implicit): APAS: Work O(1), Span O(1) | Review: Work O(1), Span O(1)
src/Chap39/BSTTreapStEph.rs:493: info: match (implicit): APAS: Work O(1), Span O(1) | Review: Work O(1), Span O(1)
src/Chap39/BSTTreapStEph.rs:499: info: match (implicit): APAS: Work O(lg |t|), Span O(lg |t|) | Review: Work O(lg |t|), Span O(lg |t|)
src/Chap39/BSTTreapStEph.rs:510: info: match (implicit): APAS: Work O(lg |t|), Span O(lg |t|) | Review: Work O(lg |t|), Span O(lg |t|)
src/Chap39/BSTTreapStEph.rs:522: info: match (implicit): APAS: Work O(lg |t|), Span O(lg |t|) | Review: Work O(lg |t|), Span O(lg |t|)
src/Chap39/BSTTreapStEph.rs:533: info: match (implicit): APAS: Work O(lg |t|), Span O(lg |t|) | Review: Work O(lg |t|), Span O(lg |t|)
src/Chap39/BSTTreapStEph.rs:550: info: match (implicit): APAS: Work O(lg(|t_1| + |t_2|)), Span O(lg(|t_1| + |t_2|)) | Review: Work O(lg(|t_1| + |t_2|)), Span O(lg(|t_1| + |t_2|))
src/Chap39/BSTTreapStEph.rs:567: warning: ACCEPTED DIFFERENCE: Work O(m · lg(n/m)) — ACCEPTED DIFFERENCE: St sequential, APAS parallel
src/Chap39/BSTTreapStEph.rs:580: warning: ACCEPTED DIFFERENCE: Work O(m · lg(n/m)) — ACCEPTED DIFFERENCE: St sequential, APAS parallel
src/Chap39/BSTTreapStEph.rs:593: warning: ACCEPTED DIFFERENCE: Work O(m · lg(n/m)) — ACCEPTED DIFFERENCE: St sequential, APAS parallel
src/Chap39/BSTTreapStEph.rs:606: warning: ACCEPTED DIFFERENCE: Work O(|t|) — ACCEPTED DIFFERENCE: St sequential, APAS parallel
src/Chap39/BSTTreapStEph.rs:629: warning: ACCEPTED DIFFERENCE: Work O(|t|) — ACCEPTED DIFFERENCE: St sequential, APAS parallel
src/Chap39/BSTTreapStEph.rs:639: info: match (implicit): APAS: Work O(|t|), Span O(|t|) | Review: Work O(|t|), Span O(|t|)
src/Chap39/BSTTreapStEph.rs:854: info: match (implicit): APAS: Work O(1), Span O(1) | Review: Work O(1), Span O(1)
src/Chap39/BSTTreapStEph.rs:871: info: match (implicit): APAS: Work O(1), Span O(1) | Review: Work O(1), Span O(1)
src/Chap39/BSTTreapStEph.rs:880: info: match (implicit): APAS: Work O(1), Span O(1) | Review: Work O(1), Span O(1)
src/Chap39/BSTTreapStEph.rs:2050: info: match (implicit): APAS: Work O(lg(|t1|+|t2|)), Span O(lg(|t1|+|t2|)) | Review: Work O(lg(|t1|+|t2|)), Span O(lg(|t1|+|t2|))
src/Chap39/BSTTreapStEph.rs:2294: info: match (implicit): APAS: Work O(lg(|t1|+|t2|)), Span O(lg(|t1|+|t2|)) | Review: Work O(lg(|t1|+|t2|)), Span O(lg(|t1|+|t2|))
src/Chap40/BSTKeyValueStEph.rs:183: info: match (implicit): APAS: Work O(1), Span O(1) | Review: Work O(1), Span O(1)
src/Chap40/BSTKeyValueStEph.rs:190: info: match (implicit): APAS: Work O(1), Span O(1) | Review: Work O(1), Span O(1)
src/Chap40/BSTKeyValueStEph.rs:194: info: match (implicit): APAS: Work O(1), Span O(1) | Review: Work O(1), Span O(1)
src/Chap40/BSTKeyValueStEph.rs:198: info: match (implicit): APAS: Work O(n), Span O(n) | Review: Work O(n), Span O(n)
src/Chap40/BSTKeyValueStEph.rs:203: info: match (implicit): APAS: Work O(log n) expected, O(n) worst | Review: Work O(log n) expected, O(n) worst
src/Chap40/BSTKeyValueStEph.rs:215: info: match (implicit): APAS: Work O(n), Span O(n) | Review: Work O(n), Span O(n); filter + rebuild
src/Chap40/BSTKeyValueStEph.rs:223: info: match (implicit): APAS: Work O(log n) expected, O(n) worst | Review: Work O(log n) expected, O(n) worst
src/Chap40/BSTKeyValueStEph.rs:230: info: match (implicit): APAS: Work O(log n) expected, O(n) worst | Review: Work O(log n) expected, O(n) worst
src/Chap40/BSTKeyValueStEph.rs:235: info: match (implicit): APAS: Work O(log n) expected, O(n) worst | Review: Work O(log n) expected, O(n) worst
src/Chap40/BSTKeyValueStEph.rs:242: info: match (implicit): APAS: Work O(n), Span O(n) | Review: Work O(n), Span O(n)
src/Chap40/BSTKeyValueStEph.rs:247: info: match (implicit): APAS: Work O(n), Span O(n) | Review: Work O(n), Span O(n)
src/Chap40/BSTKeyValueStEph.rs:252: info: match (implicit): APAS: Work O(log n) expected, Span O(log n) expected | Review: Work O(log n) expected, Span O(log n) expected
src/Chap40/BSTKeyValueStEph.rs:264: info: match (implicit): APAS: Work O(log n) expected, Span O(log n) expected | Review: Work O(log n) expected, Span O(log n) expected
src/Chap40/BSTReducedStEph.rs:237: info: match (implicit): APAS: Work O(1), Span O(1) | Review: Work O(1), Span O(1)
src/Chap40/BSTReducedStEph.rs:244: info: match (implicit): APAS: Work O(1), Span O(1) | Review: Work O(1), Span O(1)
src/Chap40/BSTReducedStEph.rs:248: info: match (implicit): APAS: Work O(1), Span O(1) | Review: Work O(1), Span O(1)
src/Chap40/BSTReducedStEph.rs:252: info: match (implicit): APAS: Work O(n), Span O(n) | Review: Work O(n), Span O(n)
src/Chap40/BSTReducedStEph.rs:257: info: match (implicit): APAS: Work O(log n) expected, O(n) worst | Review: Work O(log n) expected, O(n) worst
src/Chap40/BSTReducedStEph.rs:270: info: match (implicit): APAS: Work O(log n) expected, Span O(log n) expected | Review: Work O(log n) expected, Span O(log n) expected; rotation-based
src/Chap40/BSTReducedStEph.rs:281: info: match (implicit): APAS: Work O(log n) expected, O(n) worst | Review: Work O(log n) expected, O(n) worst
src/Chap40/BSTReducedStEph.rs:291: info: match (implicit): APAS: Work O(log n) expected, O(n) worst | Review: Work O(log n) expected, O(n) worst
src/Chap40/BSTReducedStEph.rs:299: info: match (implicit): APAS: Work O(log n) expected, O(n) worst | Review: Work O(log n) expected, O(n) worst
src/Chap40/BSTReducedStEph.rs:309: info: match (implicit): APAS: Work O(n), Span O(n) | Review: Work O(n), Span O(n)
src/Chap40/BSTReducedStEph.rs:314: info: match (implicit): APAS: Work O(n), Span O(n) | Review: Work O(n), Span O(n)
src/Chap40/BSTReducedStEph.rs:319: info: match (implicit): APAS: Work O(log n) expected, Span O(log n) expected | Review: Work O(log n) expected, Span O(log n) expected
src/Chap40/BSTReducedStEph.rs:326: info: match (implicit): APAS: Work O(log n) expected, Span O(log n) expected | Review: Work O(log n) expected, Span O(log n) expected
src/Chap40/BSTReducedStEph.rs:333: info: match (implicit): APAS: Work O(1), Span O(1) — reads augmented field at root | Review: Work O(1), Span O(1)
src/Chap40/BSTReducedStEph.rs:338: info: match (implicit): APAS: Work O(log n), Span O(log n) — range query on augmented BST | Review: Work O(log n), Span O(log n)
src/Chap40/BSTReducedStEph.rs:349: info: match (implicit): APAS: Work O(1), Span O(1) — reads augmented reduced value | Review: Work O(1), Span O(1)
src/Chap40/BSTReducedStEph.rs:353: info: match (implicit): APAS: Work O(1), Span O(1) — recomputes size and reduced value from children | Review: Work O(1), Span O(1)
src/Chap40/BSTReducedStEph.rs:368: info: match (implicit): APAS: Work O(1), Span O(1) — corresponds to APAS makeNode with reduced values | Review: Work O(1), Span O(1)
src/Chap40/BSTReducedStEph.rs:381: info: match (implicit): APAS: Work O(1), Span O(1) | Review: Work O(1), Span O(1)
src/Chap40/BSTReducedStEph.rs:400: info: match (implicit): APAS: Work O(1), Span O(1) | Review: Work O(1), Span O(1)
src/Chap40/BSTReducedStEph.rs:419: info: match (implicit): APAS: Work O(log n) expected, Span O(log n) expected | Review: Work O(log n) expected, Span O(log n) expected
src/Chap40/BSTReducedStEph.rs:513: info: match (implicit): APAS: Work O(log n), Span O(log n) — range query on augmented BST | Review: Work O(log n), Span O(log n)
src/Chap40/BSTSizeStEph.rs:171: info: match (implicit): APAS: Work O(1), Span O(1) | Review: Work O(1), Span O(1)
src/Chap40/BSTSizeStEph.rs:178: info: match (implicit): APAS: Work O(1), Span O(1) — reads augmented size field | Review: Work O(1), Span O(1)
src/Chap40/BSTSizeStEph.rs:182: info: match (implicit): APAS: Work O(1), Span O(1) | Review: Work O(1), Span O(1)
src/Chap40/BSTSizeStEph.rs:186: info: match (implicit): APAS: Work O(n), Span O(n) | Review: Work O(n), Span O(n)
src/Chap40/BSTSizeStEph.rs:194: info: match (implicit): APAS: Work O(log n) expected, Span O(log n) expected | Review: Work O(log n) expected, Span O(log n) expected
src/Chap40/BSTSizeStEph.rs:207: info: match (implicit): APAS: Work O(n), Span O(n) | Review: Work O(n), Span O(n)
src/Chap40/BSTSizeStEph.rs:218: info: match (implicit): APAS: Work O(log n) expected, Span O(log n) expected | Review: Work O(log n) expected, Span O(log n) expected
src/Chap40/BSTSizeStEph.rs:228: info: match (implicit): APAS: Work O(log n) expected, Span O(log n) expected | Review: Work O(log n) expected, Span O(log n) expected
src/Chap40/BSTSizeStEph.rs:236: info: match (implicit): APAS: Work O(log n) expected, Span O(log n) expected | Review: Work O(log n) expected, Span O(log n) expected
src/Chap40/BSTSizeStEph.rs:243: info: match (implicit): APAS: Work O(log n) expected, Span O(log n) expected | Review: Work O(log n) expected, Span O(log n) expected
src/Chap40/BSTSizeStEph.rs:250: info: match (implicit): APAS: Work O(n), Span O(n) | Review: Work O(n), Span O(n)
src/Chap40/BSTSizeStEph.rs:255: info: match (implicit): APAS: Work O(lg n), Span O(lg n) | Review: Work O(lg n), Span O(lg n)
src/Chap40/BSTSizeStEph.rs:263: info: match (implicit): APAS: Work O(lg n), Span O(lg n) | Review: Work O(lg n), Span O(lg n)
src/Chap40/BSTSizeStEph.rs:267: info: match (implicit): APAS: Work O(log n), Span O(log n) | Review: Work O(log n), Span O(log n)
src/Chap41/ArraySetEnumMtEph.rs:193: info: match (implicit): APAS: Work O(u/w), Span O(u/w) -- allocates u/64 words. | Review: Work O(u/w), Span O(u/w) -- allocates u/64 words.
src/Chap41/ArraySetEnumMtEph.rs:203: warning: ACCEPTED DIFFERENCE: Work O(u), Span O(u) — ACCEPTED DIFFERENCE: PRAM gap; sequential bit scan; APAS CS 41.3 Span O(1) assumes PRAM, not fork-join
src/Chap41/ArraySetEnumMtEph.rs:210: warning: ACCEPTED DIFFERENCE: Work O(u), Span O(u) — ACCEPTED DIFFERENCE: PRAM gap; sequential scan, APAS assumes parallel
src/Chap41/ArraySetEnumMtEph.rs:217: info: match (implicit): APAS: Work O(u/w), Span O(u/w) -- same as new. | Review: Work O(u/w), Span O(u/w) -- same as new.
src/Chap41/ArraySetEnumMtEph.rs:227: warning: ACCEPTED DIFFERENCE: Work O(u), Span O(u) — ACCEPTED DIFFERENCE: PRAM gap; matches APAS Work, Span sequential (PRAM assumes O(1) parallel)
src/Chap41/ArraySetEnumMtEph.rs:237: warning: ACCEPTED DIFFERENCE: Work O(u + n), Span O(u + n) — ACCEPTED DIFFERENCE: PRAM gap; sequential init + insert loop
src/Chap41/ArraySetEnumMtEph.rs:245: warning: ACCEPTED DIFFERENCE: Work O(u + Σ W(f(x))), Span O(u + Σ W(f(x))) — ACCEPTED DIFFERENCE: PRAM gap; sequential loop; APAS CS 41.3 Span O(1) assumes PRAM, not fork-join
src/Chap41/ArraySetEnumMtEph.rs:257: warning: ACCEPTED DIFFERENCE: Work O(u), Span O(u) — ACCEPTED DIFFERENCE: PRAM gap; sequential word-AND, APAS assumes parallel
src/Chap41/ArraySetEnumMtEph.rs:270: warning: ACCEPTED DIFFERENCE: Work O(u), Span O(u) — ACCEPTED DIFFERENCE: PRAM gap; sequential word-AND-NOT, APAS assumes parallel
src/Chap41/ArraySetEnumMtEph.rs:283: warning: ACCEPTED DIFFERENCE: Work O(u), Span O(u) — ACCEPTED DIFFERENCE: PRAM gap; sequential word-OR, APAS assumes parallel
src/Chap41/ArraySetEnumMtEph.rs:295: error: possible mismatch: APAS: Work O(lg |a|), Span O(lg |a|) | Review: Work O(1), Span O(1) CS 41.3
src/Chap41/ArraySetEnumMtEph.rs:303: warning: ACCEPTED DIFFERENCE: Work O(1), Span O(1) — ACCEPTED DIFFERENCE: PRAM gap; ephemeral bit clear, APAS O(u) assumes copy
src/Chap41/ArraySetEnumMtEph.rs:313: warning: ACCEPTED DIFFERENCE: Work O(1), Span O(1) — ACCEPTED DIFFERENCE: PRAM gap; ephemeral bit set, APAS O(u) assumes copy
src/Chap41/ArraySetStEph.rs:228: warning: ACCEPTED DIFFERENCE: Work O(1), Span O(1) — ACCEPTED DIFFERENCE: stored count, not array scan
src/Chap41/ArraySetStEph.rs:235: warning: ACCEPTED DIFFERENCE: Work O(n), Span O(n) — ACCEPTED DIFFERENCE: sequential clone of element array
src/Chap41/ArraySetStEph.rs:248: warning: ACCEPTED DIFFERENCE: Work O(1), Span O(1) — ACCEPTED DIFFERENCE: single-element array, not boolean array
src/Chap41/ArraySetStEph.rs:254: warning: ACCEPTED DIFFERENCE: Work O(n²), Span O(n²) — ACCEPTED DIFFERENCE: sequential insert loop, each O(n)
src/Chap41/ArraySetStEph.rs:262: warning: ACCEPTED DIFFERENCE: Work O(n + Σ W(f(x))), Span O(n + Σ W(f(x))) — ACCEPTED DIFFERENCE: sequential filter
src/Chap41/ArraySetStEph.rs:283: warning: ACCEPTED DIFFERENCE: Work O(n·m), Span O(n·m) — ACCEPTED DIFFERENCE: nested linear scans
src/Chap41/ArraySetStEph.rs:294: warning: ACCEPTED DIFFERENCE: Work O(n·m), Span O(n·m) — ACCEPTED DIFFERENCE: nested linear scans
src/Chap41/ArraySetStEph.rs:305: warning: ACCEPTED DIFFERENCE: Work O(n·m), Span O(n·m) — ACCEPTED DIFFERENCE: nested linear scans
src/Chap41/ArraySetStEph.rs:316: warning: ACCEPTED DIFFERENCE: Work O(n), Span O(n) — ACCEPTED DIFFERENCE: linear scan, not indexed
src/Chap41/ArraySetStEph.rs:322: warning: ACCEPTED DIFFERENCE: Work O(n), Span O(n) — ACCEPTED DIFFERENCE: copy with filter
src/Chap41/ArraySetStEph.rs:332: warning: ACCEPTED DIFFERENCE: Work O(n), Span O(n) — ACCEPTED DIFFERENCE: find + copy
src/Chap41/AVLTreeSetMtEph.rs:91: info: match (implicit): APAS: Work O(1), Span O(1) | Review: Work O(1), Span O(1) CS 41.4
src/Chap41/AVLTreeSetMtEph.rs:99: warning: ACCEPTED DIFFERENCE: Work O(n), Span O(n) — ACCEPTED DIFFERENCE: APAS O(lg n) span requires tree-based sequence concat (join); AVLTreeSeqStEphS lacks concat, so O(n) materialization into Vec is unavoidable
src/Chap41/AVLTreeSetMtEph.rs:117: info: match (implicit): APAS: Work O(1), Span O(1) | Review: Work O(1), Span O(1) CS 41.4
src/Chap41/AVLTreeSetMtEph.rs:125: info: match (implicit): APAS: Work O(n lg n), Span O(lg^2 n) | Review: Work O(n lg n), Span O(lg^2 n) — parallel D&C: split Vec, recurse via join(), union results
src/Chap41/AVLTreeSetMtEph.rs:138: warning: ACCEPTED DIFFERENCE: Work O(Σ W(f(x))), Span O(n + max S(f(x))) — ACCEPTED DIFFERENCE: Verus limitation; spec_fn not Send, blocks parallel filter
src/Chap41/AVLTreeSetMtEph.rs:160: error: possible mismatch: APAS: Work O(m * lg(1+n/m)), Span O(lg n) | Review: Work O(m·lg(1+n/m)), Span O(lg² n); parallel D&C via BSTParaMtEph
src/Chap41/AVLTreeSetMtEph.rs:173: error: possible mismatch: APAS: Work O(m * lg(1+n/m)), Span O(lg n) | Review: Work O(m·lg(1+n/m)), Span O(lg² n); parallel D&C via BSTParaMtEph
src/Chap41/AVLTreeSetMtEph.rs:186: error: possible mismatch: APAS: Work O(m * lg(1+n/m)), Span O(lg n) | Review: Work O(m·lg(1+n/m)), Span O(lg² n); parallel D&C via BSTParaMtEph
src/Chap41/AVLTreeSetMtEph.rs:200: error: possible mismatch: APAS: Work O(lg |a|), Span O(lg |a|) | Review: Work O(lg n), Span O(lg n) CS 41.4
src/Chap41/AVLTreeSetMtEph.rs:210: error: possible mismatch: APAS: Work O(lg |a|), Span O(lg |a|) | Review: Work O(lg n), Span O(lg n) CS 41.4
src/Chap41/AVLTreeSetMtEph.rs:223: error: possible mismatch: APAS: Work O(lg |a|), Span O(lg |a|) | Review: Work O(lg n), Span O(lg n) CS 41.4
src/Chap41/AVLTreeSetMtPer.rs:94: info: match (implicit): APAS: Work O(1), Span O(1) | Review: Work O(1), Span O(1) CS 41.4
src/Chap41/AVLTreeSetMtPer.rs:102: warning: ACCEPTED DIFFERENCE: Work O(n), Span O(n) — ACCEPTED DIFFERENCE: APAS O(lg n) span requires tree-based sequence concat (join); AVLTreeSeqMtPerS lacks concat, so O(n) materialization into Vec is unavoidable
src/Chap41/AVLTreeSetMtPer.rs:118: info: match (implicit): APAS: Work O(1), Span O(1) | Review: Work O(1), Span O(1) CS 41.4
src/Chap41/AVLTreeSetMtPer.rs:125: info: match (implicit): APAS: Work O(n lg n), Span O(lg^2 n) | Review: Work O(n lg n), Span O(lg^2 n) — parallel D&C: split Vec, recurse via join(), union results
src/Chap41/AVLTreeSetMtPer.rs:137: warning: ACCEPTED DIFFERENCE: Work O(Σ W(f(x))), Span O(n + max S(f(x))) — ACCEPTED DIFFERENCE: Verus limitation; spec_fn not Send, blocks parallel filter
src/Chap41/AVLTreeSetMtPer.rs:159: error: possible mismatch: APAS: Work O(m * lg(1+n/m)), Span O(lg n) | Review: Work O(m·lg(1+n/m)), Span O(lg² n); parallel D&C via BSTParaMtEph
src/Chap41/AVLTreeSetMtPer.rs:170: error: possible mismatch: APAS: Work O(m * lg(1+n/m)), Span O(lg n) | Review: Work O(m·lg(1+n/m)), Span O(lg² n); parallel D&C via BSTParaMtEph
src/Chap41/AVLTreeSetMtPer.rs:181: error: possible mismatch: APAS: Work O(m * lg(1+n/m)), Span O(lg n) | Review: Work O(m·lg(1+n/m)), Span O(lg² n); parallel D&C via BSTParaMtEph
src/Chap41/AVLTreeSetMtPer.rs:193: error: possible mismatch: APAS: Work O(lg |a|), Span O(lg |a|) | Review: Work O(lg n), Span O(lg n) CS 41.4
src/Chap41/AVLTreeSetMtPer.rs:203: error: possible mismatch: APAS: Work O(lg |a|), Span O(lg |a|) | Review: Work O(lg n), Span O(lg n) CS 41.4
src/Chap41/AVLTreeSetMtPer.rs:213: error: possible mismatch: APAS: Work O(lg |a|), Span O(lg |a|) | Review: Work O(lg n), Span O(lg n) CS 41.4
src/Chap41/AVLTreeSetStEph.rs:195: info: match (implicit): APAS: Work O(1), Span O(1) | Review: Work O(1), Span O(1) CS 41.4
src/Chap41/AVLTreeSetStEph.rs:203: warning: ACCEPTED DIFFERENCE: Work O(n), Span O(n) — ACCEPTED DIFFERENCE: sequential in-order traversal
src/Chap41/AVLTreeSetStEph.rs:219: info: match (implicit): APAS: Work O(1), Span O(1) | Review: Work O(1), Span O(1) CS 41.4
src/Chap41/AVLTreeSetStEph.rs:229: warning: ACCEPTED DIFFERENCE: Work O(n lg n), Span O(n lg n) — ACCEPTED DIFFERENCE: sequential loop of inserts
src/Chap41/AVLTreeSetStEph.rs:240: warning: ACCEPTED DIFFERENCE: Work O(n + Σ W(f(x))), Span O(n + Σ W(f(x))) — ACCEPTED DIFFERENCE: sequential filter
src/Chap41/AVLTreeSetStEph.rs:262: warning: ACCEPTED DIFFERENCE: Work O(m·lg(1+n/m)), Span O(m·lg(1+n/m)) — ACCEPTED DIFFERENCE: sequential split-join
src/Chap41/AVLTreeSetStEph.rs:274: warning: ACCEPTED DIFFERENCE: Work O(m·lg(1+n/m)), Span O(m·lg(1+n/m)) — ACCEPTED DIFFERENCE: sequential split-join
src/Chap41/AVLTreeSetStEph.rs:286: warning: ACCEPTED DIFFERENCE: Work O(m·lg(1+n/m)), Span O(m·lg(1+n/m)) — ACCEPTED DIFFERENCE: sequential split-join
src/Chap41/AVLTreeSetStEph.rs:298: error: possible mismatch: APAS: Work O(lg |a|), Span O(lg |a|) | Review: Work O(lg n), Span O(lg n) CS 41.4
src/Chap41/AVLTreeSetStEph.rs:307: error: possible mismatch: APAS: Work O(lg |a|), Span O(lg |a|) | Review: Work O(lg n), Span O(lg n) CS 41.4
src/Chap41/AVLTreeSetStEph.rs:318: error: possible mismatch: APAS: Work O(lg |a|), Span O(lg |a|) | Review: Work O(lg n), Span O(lg n) CS 41.4
src/Chap41/AVLTreeSetStPer.rs:187: info: match (implicit): APAS: Work O(1), Span O(1) | Review: Work O(1), Span O(1) CS 41.4
src/Chap41/AVLTreeSetStPer.rs:195: warning: ACCEPTED DIFFERENCE: Work O(n), Span O(n) — ACCEPTED DIFFERENCE: sequential in-order traversal
src/Chap41/AVLTreeSetStPer.rs:211: info: match (implicit): APAS: Work O(1), Span O(1) | Review: Work O(1), Span O(1) CS 41.4
src/Chap41/AVLTreeSetStPer.rs:221: warning: ACCEPTED DIFFERENCE: Work O(n lg n), Span O(n lg n) — ACCEPTED DIFFERENCE: sequential loop of inserts
src/Chap41/AVLTreeSetStPer.rs:232: warning: ACCEPTED DIFFERENCE: Work O(n + Σ W(f(x))), Span O(n + Σ W(f(x))) — ACCEPTED DIFFERENCE: sequential filter
src/Chap41/AVLTreeSetStPer.rs:254: warning: ACCEPTED DIFFERENCE: Work O(m·lg(1+n/m)), Span O(m·lg(1+n/m)) — ACCEPTED DIFFERENCE: sequential split-join
src/Chap41/AVLTreeSetStPer.rs:266: warning: ACCEPTED DIFFERENCE: Work O(m·lg(1+n/m)), Span O(m·lg(1+n/m)) — ACCEPTED DIFFERENCE: sequential split-join
src/Chap41/AVLTreeSetStPer.rs:278: warning: ACCEPTED DIFFERENCE: Work O(m·lg(1+n/m)), Span O(m·lg(1+n/m)) — ACCEPTED DIFFERENCE: sequential split-join
src/Chap41/AVLTreeSetStPer.rs:290: error: possible mismatch: APAS: Work O(lg |a|), Span O(lg |a|) | Review: Work O(lg n), Span O(lg n) CS 41.4
src/Chap41/AVLTreeSetStPer.rs:299: error: possible mismatch: APAS: Work O(lg |a|), Span O(lg |a|) | Review: Work O(lg n), Span O(lg n) CS 41.4
src/Chap41/AVLTreeSetStPer.rs:310: error: possible mismatch: APAS: Work O(lg |a|), Span O(lg |a|) | Review: Work O(lg n), Span O(lg n) CS 41.4
src/Chap42/TableMtEph.rs:100: info: match (implicit): APAS: Work O(1), Span O(1) | Review: Work O(1), Span O(1)
src/Chap42/TableMtEph.rs:106: info: match (implicit): APAS: Work O(1), Span O(1) -- agrees with APAS. | Review: Work O(1), Span O(1) -- agrees with APAS.
src/Chap42/TableMtEph.rs:110: info: match (implicit): APAS: Work O(1), Span O(1) | Review: Work O(1), Span O(1)
src/Chap42/TableMtEph.rs:116: warning: ACCEPTED DIFFERENCE: Work O(n), Span O(n) — ACCEPTED DIFFERENCE: array-backed unordered table; sequential key extraction
src/Chap42/TableMtEph.rs:120: error: possible mismatch: APAS: Work O(|s| * W(f)), Span O(lg |s| + S(f)) | Review: Work O(|s|·W(f)), Span O(lg |s| + S(f)) — parallel D&C tabulate via join
src/Chap42/TableMtEph.rs:134: error: possible mismatch: APAS: Work O(Σ W(f(.))), Span O(lg |a| + max S(f(.))) | Review: Work O(n·W(f)), Span O(lg n + max W(f)) — parallel D&C map via join
src/Chap42/TableMtEph.rs:150: warning: ACCEPTED DIFFERENCE: Work O(n + Σ W(f(k,v))), Span O(n + Σ W(f(k,v))) — ACCEPTED DIFFERENCE: array-backed unordered table; sequential loop; D&C no-dup proof pending
src/Chap42/TableMtEph.rs:168: warning: ACCEPTED DIFFERENCE: Work O(n·m), Span O(n·m) — ACCEPTED DIFFERENCE: array-backed unordered table; nested linear scans on array
src/Chap42/TableMtEph.rs:185: warning: ACCEPTED DIFFERENCE: Work O(n·m), Span O(n·m) — ACCEPTED DIFFERENCE: array-backed unordered table; nested linear scans on array
src/Chap42/TableMtEph.rs:206: warning: ACCEPTED DIFFERENCE: Work O(n·m), Span O(n·m) — ACCEPTED DIFFERENCE: array-backed unordered table; nested linear scans on array
src/Chap42/TableMtEph.rs:215: error: possible mismatch: APAS: Work O(lg |a|), Span O(lg |a|) | Review: Work O(n), Span O(n) — linear scan on flat array
src/Chap42/TableMtEph.rs:225: warning: ACCEPTED DIFFERENCE: Work O(n), Span O(n) — ACCEPTED DIFFERENCE: array-backed unordered table; linear scan + copy
src/Chap42/TableMtEph.rs:230: warning: ACCEPTED DIFFERENCE: Work O(n), Span O(n) — ACCEPTED DIFFERENCE: array-backed unordered table; linear scan + copy
src/Chap42/TableMtEph.rs:247: warning: ACCEPTED DIFFERENCE: Work O(n·m), Span O(n·m) — ACCEPTED DIFFERENCE: array-backed unordered table; nested linear scans on array
src/Chap42/TableMtEph.rs:256: warning: ACCEPTED DIFFERENCE: Work O(n·m), Span O(n·m) — ACCEPTED DIFFERENCE: array-backed unordered table; nested linear scans on array
src/Chap42/TableStEph.rs:96: info: match (implicit): APAS: Work O(1), Span O(1) | Review: Work O(1), Span O(1)
src/Chap42/TableStEph.rs:102: info: match (implicit): APAS: Work O(1), Span O(1) -- agrees with APAS. | Review: Work O(1), Span O(1) -- agrees with APAS.
src/Chap42/TableStEph.rs:106: info: match (implicit): APAS: Work O(1), Span O(1) | Review: Work O(1), Span O(1)
src/Chap42/TableStEph.rs:112: warning: ACCEPTED DIFFERENCE: Work O(n), Span O(n) — ACCEPTED DIFFERENCE: sequential key extraction
src/Chap42/TableStEph.rs:117: warning: ACCEPTED DIFFERENCE: Work O(|s|·W(f)), Span O(|s|·W(f)) — ACCEPTED DIFFERENCE: sequential loop
src/Chap42/TableStEph.rs:128: warning: ACCEPTED DIFFERENCE: Work O(n·W(f)), Span O(n·W(f)) — ACCEPTED DIFFERENCE: sequential loop
src/Chap42/TableStEph.rs:143: warning: ACCEPTED DIFFERENCE: Work O(n + Σ W(f(k,v))), Span O(n + Σ W(f(k,v))) — ACCEPTED DIFFERENCE: sequential loop
src/Chap42/TableStEph.rs:162: warning: ACCEPTED DIFFERENCE: Work O(n·m), Span O(n·m) — ACCEPTED DIFFERENCE: nested linear scans on array
src/Chap42/TableStEph.rs:179: warning: ACCEPTED DIFFERENCE: Work O(n·m), Span O(n·m) — ACCEPTED DIFFERENCE: nested linear scans on array
src/Chap42/TableStEph.rs:200: warning: ACCEPTED DIFFERENCE: Work O(n·m), Span O(n·m) — ACCEPTED DIFFERENCE: nested linear scans on array
src/Chap42/TableStEph.rs:211: warning: ACCEPTED DIFFERENCE: Work O(n), Span O(n) — ACCEPTED DIFFERENCE: linear scan on unsorted array
src/Chap42/TableStEph.rs:232: warning: ACCEPTED DIFFERENCE: Work O(n), Span O(n) — ACCEPTED DIFFERENCE: linear scan + copy
src/Chap42/TableStEph.rs:241: warning: ACCEPTED DIFFERENCE: Work O(n), Span O(n) — ACCEPTED DIFFERENCE: linear scan + copy
src/Chap42/TableStEph.rs:309: warning: ACCEPTED DIFFERENCE: Work O(n·m), Span O(n·m) — ACCEPTED DIFFERENCE: nested linear scans on array
src/Chap42/TableStEph.rs:319: warning: ACCEPTED DIFFERENCE: Work O(n·m), Span O(n·m) — ACCEPTED DIFFERENCE: nested linear scans on array
src/Chap42/TableStPer.rs:171: info: match (implicit): APAS: Work O(1), Span O(1) | Review: Work O(1), Span O(1)
src/Chap42/TableStPer.rs:178: info: match (implicit): APAS: Work O(1), Span O(1) -- agrees with APAS. | Review: Work O(1), Span O(1) -- agrees with APAS.
src/Chap42/TableStPer.rs:183: info: match (implicit): APAS: Work O(1), Span O(1) | Review: Work O(1), Span O(1)
src/Chap42/TableStPer.rs:190: warning: ACCEPTED DIFFERENCE: Work O(n), Span O(n) — ACCEPTED DIFFERENCE: sequential key extraction
src/Chap42/TableStPer.rs:196: warning: ACCEPTED DIFFERENCE: Work O(|s|·W(f)), Span O(|s|·W(f)) — ACCEPTED DIFFERENCE: sequential loop
src/Chap42/TableStPer.rs:208: warning: ACCEPTED DIFFERENCE: Work O(n·W(f)), Span O(n·W(f)) — ACCEPTED DIFFERENCE: sequential loop
src/Chap42/TableStPer.rs:224: warning: ACCEPTED DIFFERENCE: Work O(n + Σ W(f(k,v))), Span O(n + Σ W(f(k,v))) — ACCEPTED DIFFERENCE: sequential loop
src/Chap42/TableStPer.rs:244: warning: ACCEPTED DIFFERENCE: Work O(n·m), Span O(n·m) — ACCEPTED DIFFERENCE: nested linear scans on array
src/Chap42/TableStPer.rs:262: warning: ACCEPTED DIFFERENCE: Work O(n·m), Span O(n·m) — ACCEPTED DIFFERENCE: nested linear scans on array
src/Chap42/TableStPer.rs:284: warning: ACCEPTED DIFFERENCE: Work O(n·m), Span O(n·m) — ACCEPTED DIFFERENCE: nested linear scans on array
src/Chap42/TableStPer.rs:293: warning: ACCEPTED DIFFERENCE: Work O(n), Span O(n) — ACCEPTED DIFFERENCE: linear scan on unsorted array
src/Chap42/TableStPer.rs:316: warning: ACCEPTED DIFFERENCE: Work O(n), Span O(n) — ACCEPTED DIFFERENCE: linear scan + copy
src/Chap42/TableStPer.rs:326: warning: ACCEPTED DIFFERENCE: Work O(n), Span O(n) — ACCEPTED DIFFERENCE: linear scan + copy
src/Chap42/TableStPer.rs:394: warning: ACCEPTED DIFFERENCE: Work O(n·m), Span O(n·m) — ACCEPTED DIFFERENCE: nested linear scans on array
src/Chap42/TableStPer.rs:403: warning: ACCEPTED DIFFERENCE: Work O(n·m), Span O(n·m) — ACCEPTED DIFFERENCE: nested linear scans on array
src/Chap42/TableStPer.rs:411: error: possible mismatch: APAS: Work O(|a|), Span O(lg |a|) -- from Algorithm 42.3 | Review: Work O(n), Span O(n) -- returns backing entries directly.
src/Chap43/AugOrderedTableMtEph.rs:110: info: match (implicit): APAS: Work O(1), Span O(1) | Review: Work O(1), Span O(1)
src/Chap43/AugOrderedTableMtEph.rs:116: info: match (implicit): APAS: Work O(1), Span O(1) | Review: Work O(1), Span O(1)
src/Chap43/AugOrderedTableMtEph.rs:130: info: match (implicit): APAS: Work O(1), Span O(1) | Review: Work O(1), Span O(1)
src/Chap43/AugOrderedTableMtEph.rs:145: info: match (implicit): APAS: Work O(log n), Span O(log n) | Review: Work O(log n), Span O(log n)
src/Chap43/AugOrderedTableMtEph.rs:155: info: match (implicit): APAS: Work O(log n), Span O(log n) | Review: Work O(log n), Span O(log n)
src/Chap43/AugOrderedTableMtEph.rs:165: info: match (implicit): APAS: Work O(1), Span O(1) | Review: Work O(1), Span O(1)
src/Chap43/AugOrderedTableMtEph.rs:171: info: match (implicit): APAS: Work O(log n), Span O(log n) | Review: Work O(log n), Span O(log n)
src/Chap43/AugOrderedTableMtEph.rs:180: info: match (implicit): APAS: Work O(log n), Span O(log n) | Review: Work O(log n), Span O(log n)
src/Chap43/AugOrderedTableMtEph.rs:188: info: match (implicit): APAS: Work O(n), Span O(n) | Review: Work O(n), Span O(n)
src/Chap43/AugOrderedTableMtEph.rs:193: info: match (implicit): APAS: Work O(n log n), Span O(n) | Review: Work O(n log n), Span O(n)
src/Chap43/AugOrderedTableMtEph.rs:215: info: match (implicit): APAS: Work O(n), Span O(log n) | Review: Work O(n), Span O(log n)
src/Chap43/AugOrderedTableMtEph.rs:223: info: match (implicit): APAS: Work O(n), Span O(log n) | Review: Work O(n), Span O(log n)
src/Chap43/AugOrderedTableMtEph.rs:231: error: possible mismatch: APAS: Work O(m log(n/m + 1)), Span O(log n log m) | Review: Work O(m log(n/m + 1)
src/Chap43/AugOrderedTableMtEph.rs:241: error: possible mismatch: APAS: Work O(m log(n/m + 1)), Span O(log n log m) | Review: Work O(m log(n/m + 1)
src/Chap43/AugOrderedTableMtEph.rs:251: error: possible mismatch: APAS: Work O(m log(n/m + 1)), Span O(log n log m) | Review: Work O(m log(n/m + 1)
src/Chap43/AugOrderedTableMtEph.rs:256: error: possible mismatch: APAS: Work O(m log(n/m + 1)), Span O(log n log m) | Review: Work O(m log(n/m + 1)
src/Chap43/AugOrderedTableMtEph.rs:261: error: possible mismatch: APAS: Work O(m log(n/m + 1)), Span O(log n log m) | Review: Work O(m log(n/m + 1)
src/Chap43/AugOrderedTableMtEph.rs:266: info: match (implicit): APAS: Work O(n), Span O(log n) | Review: Work O(n), Span O(log n)
src/Chap43/AugOrderedTableMtEph.rs:271: info: match (implicit): APAS: Work O(n), Span O(log n) | Review: Work O(n), Span O(log n)
src/Chap43/AugOrderedTableMtEph.rs:277: info: match (implicit): APAS: Work O(log n), Span O(log n) | Review: Work O(log n), Span O(log n)
src/Chap43/AugOrderedTableMtEph.rs:287: info: match (implicit): APAS: Work O(log n), Span O(log n) | Review: Work O(log n), Span O(log n)
src/Chap43/AugOrderedTableMtEph.rs:297: info: match (implicit): APAS: Work O(log n), Span O(log n) | Review: Work O(log n), Span O(log n)
src/Chap43/AugOrderedTableMtEph.rs:307: info: match (implicit): APAS: Work O(log n), Span O(log n) | Review: Work O(log n), Span O(log n)
src/Chap43/AugOrderedTableMtEph.rs:317: info: match (implicit): APAS: Work O(log n), Span O(log n) | Review: Work O(log n), Span O(log n)
src/Chap43/AugOrderedTableMtEph.rs:323: error: possible mismatch: APAS: Work O(m log(n/m + 1)), Span O(log n log m) | Review: Work O(m log(n/m + 1)
src/Chap43/AugOrderedTableMtEph.rs:328: info: match (implicit): APAS: Work O(log n), Span O(log n) | Review: Work O(log n), Span O(log n)
src/Chap43/AugOrderedTableMtEph.rs:337: info: match (implicit): APAS: Work O(log n), Span O(log n) | Review: Work O(log n), Span O(log n)
src/Chap43/AugOrderedTableMtEph.rs:346: info: match (implicit): APAS: Work O(log n), Span O(log n) | Review: Work O(log n), Span O(log n)
src/Chap43/AugOrderedTableMtEph.rs:356: info: match (implicit): APAS: Work O(log n), Span O(log n) | Review: Work O(log n), Span O(log n)
src/Chap43/AugOrderedTableMtEph.rs:362: info: match (implicit): APAS: Work O(1), Span O(1) | Review: Work O(1), Span O(1)
src/Chap43/AugOrderedTableMtEph.rs:365: info: match (implicit): APAS: Work O(log n), Span O(log n) -- split + cached reduction | Review: Work O(log n), Span O(log n)
src/Chap43/AugOrderedTableMtEph.rs:370: info: match (implicit): APAS: Work O(log n), Span O(log n) -- split + cached reduction | Review: Work O(log n), Span O(log n)
src/Chap43/AugOrderedTableStEph.rs:108: info: match (implicit): APAS: Work O(1), Span O(1) | Review: Work O(1), Span O(1)
src/Chap43/AugOrderedTableStEph.rs:114: info: match (implicit): APAS: Work O(1), Span O(1) | Review: Work O(1), Span O(1)
src/Chap43/AugOrderedTableStEph.rs:128: info: match (implicit): APAS: Work O(1), Span O(1) | Review: Work O(1), Span O(1)
src/Chap43/AugOrderedTableStEph.rs:142: info: match (implicit): APAS: Work O(log n), Span O(log n) | Review: Work O(log n), Span O(log n)
src/Chap43/AugOrderedTableStEph.rs:152: info: match (implicit): APAS: Work O(log n), Span O(log n) | Review: Work O(log n), Span O(log n)
src/Chap43/AugOrderedTableStEph.rs:162: info: match (implicit): APAS: Work O(1), Span O(1) | Review: Work O(1), Span O(1)
src/Chap43/AugOrderedTableStEph.rs:168: info: match (implicit): APAS: Work O(log n), Span O(log n) | Review: Work O(log n), Span O(log n)
src/Chap43/AugOrderedTableStEph.rs:184: info: match (implicit): APAS: Work O(log n), Span O(log n) | Review: Work O(log n), Span O(log n)
src/Chap43/AugOrderedTableStEph.rs:192: info: match (implicit): APAS: Work O(n), Span O(n) | Review: Work O(n), Span O(n)
src/Chap43/AugOrderedTableStEph.rs:198: info: match (implicit): APAS: Work O(n log n), Span O(n log n) | Review: Work O(n log n), Span O(n log n)
src/Chap43/AugOrderedTableStEph.rs:222: info: match (implicit): APAS: Work O(n), Span O(n) | Review: Work O(n), Span O(n)
src/Chap43/AugOrderedTableStEph.rs:228: info: match (implicit): APAS: Work O(n), Span O(n) | Review: Work O(n), Span O(n)
src/Chap43/AugOrderedTableStEph.rs:241: info: match (implicit): APAS: Work O(n), Span O(n) | Review: Work O(n), Span O(n)
src/Chap43/AugOrderedTableStEph.rs:246: error: possible mismatch: APAS: Work O(m log(n/m + 1)), Span O(log n log m) | Review: Work O(m log(n/m + 1)
src/Chap43/AugOrderedTableStEph.rs:263: error: possible mismatch: APAS: Work O(m log(n/m + 1)), Span O(log n log m) | Review: Work O(m log(n/m + 1)
src/Chap43/AugOrderedTableStEph.rs:285: error: possible mismatch: APAS: Work O(m log(n/m + 1)), Span O(log n log m) | Review: Work O(m log(n/m + 1)
src/Chap43/AugOrderedTableStEph.rs:293: error: possible mismatch: APAS: Work O(m log(n/m + 1)), Span O(log n log m) | Review: Work O(m log(n/m + 1)
src/Chap43/AugOrderedTableStEph.rs:301: error: possible mismatch: APAS: Work O(m log(n/m + 1)), Span O(log n log m) | Review: Work O(m log(n/m + 1)
src/Chap43/AugOrderedTableStEph.rs:309: info: match (implicit): APAS: Work O(n log n), Span O(n log n) | Review: Work O(n log n), Span O(n log n)
src/Chap43/AugOrderedTableStEph.rs:315: info: match (implicit): APAS: Work O(log n), Span O(log n) | Review: Work O(log n), Span O(log n)
src/Chap43/AugOrderedTableStEph.rs:325: info: match (implicit): APAS: Work O(log n), Span O(log n) | Review: Work O(log n), Span O(log n)
src/Chap43/AugOrderedTableStEph.rs:335: info: match (implicit): APAS: Work O(log n), Span O(log n) | Review: Work O(log n), Span O(log n)
src/Chap43/AugOrderedTableStEph.rs:345: info: match (implicit): APAS: Work O(log n), Span O(log n) | Review: Work O(log n), Span O(log n)
src/Chap43/AugOrderedTableStEph.rs:355: info: match (implicit): APAS: Work O(log n), Span O(log n) | Review: Work O(log n), Span O(log n)
src/Chap43/AugOrderedTableStEph.rs:364: error: possible mismatch: APAS: Work O(m log(n/m + 1)), Span O(log n log m) | Review: Work O(m log(n/m + 1)
src/Chap43/AugOrderedTableStEph.rs:376: info: match (implicit): APAS: Work O(log n + m), Span O(log n) | Review: Work O(log n + m), Span O(log n)
src/Chap43/AugOrderedTableStEph.rs:383: info: match (implicit): APAS: Work O(log n), Span O(log n) | Review: Work O(log n), Span O(log n)
src/Chap43/AugOrderedTableStEph.rs:392: info: match (implicit): APAS: Work O(log n), Span O(log n) | Review: Work O(log n), Span O(log n)
src/Chap43/AugOrderedTableStEph.rs:402: info: match (implicit): APAS: Work O(log n), Span O(log n) | Review: Work O(log n), Span O(log n)
src/Chap43/AugOrderedTableStEph.rs:411: info: match (implicit): APAS: Work O(1), Span O(1) | Review: Work O(1), Span O(1)
src/Chap43/AugOrderedTableStEph.rs:415: info: match (implicit): APAS: Work O(log n), Span O(log n) | Review: Work O(log n), Span O(log n)
src/Chap43/AugOrderedTableStPer.rs:109: info: match (implicit): APAS: Work O(1), Span O(1) | Review: Work O(1), Span O(1)
src/Chap43/AugOrderedTableStPer.rs:115: info: match (implicit): APAS: Work O(1), Span O(1) | Review: Work O(1), Span O(1)
src/Chap43/AugOrderedTableStPer.rs:129: info: match (implicit): APAS: Work O(1), Span O(1) | Review: Work O(1), Span O(1)
src/Chap43/AugOrderedTableStPer.rs:144: info: match (implicit): APAS: Work O(log n), Span O(log n) | Review: Work O(log n), Span O(log n)
src/Chap43/AugOrderedTableStPer.rs:154: info: match (implicit): APAS: Work O(log n), Span O(log n) | Review: Work O(log n), Span O(log n)
src/Chap43/AugOrderedTableStPer.rs:165: info: match (implicit): APAS: Work O(log n), Span O(log n) | Review: Work O(log n), Span O(log n)
src/Chap43/AugOrderedTableStPer.rs:175: info: match (implicit): APAS: Work O(n), Span O(n) | Review: Work O(n), Span O(n)
src/Chap43/AugOrderedTableStPer.rs:181: info: match (implicit): APAS: Work O(n log n), Span O(n) | Review: Work O(n log n), Span O(n)
src/Chap43/AugOrderedTableStPer.rs:205: info: match (implicit): APAS: Work O(n), Span O(log n) | Review: Work O(n), Span O(log n)
src/Chap43/AugOrderedTableStPer.rs:221: info: match (implicit): APAS: Work O(n), Span O(log n) | Review: Work O(n), Span O(log n)
src/Chap43/AugOrderedTableStPer.rs:236: error: possible mismatch: APAS: Work O(m log(n/m + 1)), Span O(log n log m) | Review: Work O(m log(n/m + 1)
src/Chap43/AugOrderedTableStPer.rs:254: error: possible mismatch: APAS: Work O(m log(n/m + 1)), Span O(log n log m) | Review: Work O(m log(n/m + 1)
src/Chap43/AugOrderedTableStPer.rs:276: error: possible mismatch: APAS: Work O(m log(n/m + 1)), Span O(log n log m) | Review: Work O(m log(n/m + 1)
src/Chap43/AugOrderedTableStPer.rs:288: error: possible mismatch: APAS: Work O(m log(n/m + 1)), Span O(log n log m) | Review: Work O(m log(n/m + 1)
src/Chap43/AugOrderedTableStPer.rs:299: error: possible mismatch: APAS: Work O(m log(n/m + 1)), Span O(log n log m) | Review: Work O(m log(n/m + 1)
src/Chap43/AugOrderedTableStPer.rs:310: info: match (implicit): APAS: Work O(n), Span O(log n) | Review: Work O(n), Span O(log n)
src/Chap43/AugOrderedTableStPer.rs:316: info: match (implicit): APAS: Work O(log n), Span O(log n) | Review: Work O(log n), Span O(log n)
src/Chap43/AugOrderedTableStPer.rs:326: info: match (implicit): APAS: Work O(log n), Span O(log n) | Review: Work O(log n), Span O(log n)
src/Chap43/AugOrderedTableStPer.rs:336: info: match (implicit): APAS: Work O(log n), Span O(log n) | Review: Work O(log n), Span O(log n)
src/Chap43/AugOrderedTableStPer.rs:346: info: match (implicit): APAS: Work O(log n), Span O(log n) | Review: Work O(log n), Span O(log n)
src/Chap43/AugOrderedTableStPer.rs:356: info: match (implicit): APAS: Work O(log n), Span O(log n) | Review: Work O(log n), Span O(log n)
src/Chap43/AugOrderedTableStPer.rs:375: error: possible mismatch: APAS: Work O(m log(n/m + 1)), Span O(log n log m) | Review: Work O(m log(n/m + 1)
src/Chap43/AugOrderedTableStPer.rs:388: info: match (implicit): APAS: Work O(log n), Span O(log n) | Review: Work O(log n), Span O(log n)
src/Chap43/AugOrderedTableStPer.rs:398: info: match (implicit): APAS: Work O(log n), Span O(log n) | Review: Work O(log n), Span O(log n)
src/Chap43/AugOrderedTableStPer.rs:409: info: match (implicit): APAS: Work O(log n), Span O(log n) | Review: Work O(log n), Span O(log n)
src/Chap43/AugOrderedTableStPer.rs:421: info: match (implicit): APAS: Work O(log n), Span O(log n) | Review: Work O(log n), Span O(log n)
src/Chap43/AugOrderedTableStPer.rs:435: info: match (implicit): APAS: Work O(1), Span O(1) | Review: Work O(1), Span O(1)
src/Chap43/AugOrderedTableStPer.rs:439: info: match (implicit): APAS: Work O(log n), Span O(log n) -- split + cached reduction | Review: Work O(log n), Span O(log n)
src/Chap43/OrderedSetMtEph.rs:114: info: match (implicit): APAS: Work O(1), Span O(1) | Review: Work O(1), Span O(1)
src/Chap43/OrderedSetMtEph.rs:120: info: match (implicit): APAS: Work O(1), Span O(1) | Review: Work O(1), Span O(1)
src/Chap43/OrderedSetMtEph.rs:128: info: match (implicit): APAS: Work O(1), Span O(1) | Review: Work O(1), Span O(1)
src/Chap43/OrderedSetMtEph.rs:136: info: match (implicit): APAS: Work O(log n), Span O(log n) | Review: Work O(log n), Span O(log n)
src/Chap43/OrderedSetMtEph.rs:142: info: match (implicit): APAS: Work O(log n), Span O(log n) | Review: Work O(log n), Span O(log n)
src/Chap43/OrderedSetMtEph.rs:148: info: match (implicit): APAS: Work O(log n), Span O(log n) | Review: Work O(log n), Span O(log n)
src/Chap43/OrderedSetMtEph.rs:153: info: match (implicit): APAS: Work O(n), Span O(n) | Review: Work O(n), Span O(n)
src/Chap43/OrderedSetMtEph.rs:166: error: possible mismatch: APAS: Work O(m log(n/m + 1)), Span O(log n log m) | Review: Work O(m log(n/m + 1)
src/Chap43/OrderedSetMtEph.rs:172: error: possible mismatch: APAS: Work O(m log(n/m + 1)), Span O(log n log m) | Review: Work O(m log(n/m + 1)
src/Chap43/OrderedSetMtEph.rs:181: error: possible mismatch: APAS: Work O(m log(n/m + 1)), Span O(log n log m) | Review: Work O(m log(n/m + 1)
src/Chap43/OrderedSetMtEph.rs:187: info: match (implicit): APAS: Work O(n), Span O(n) | Review: Work O(n), Span O(n)
src/Chap43/OrderedSetMtEph.rs:195: info: match (implicit): APAS: Work O(n log n), Span O(n log n) | Review: Work O(n log n), Span O(n log n)
src/Chap43/OrderedSetMtEph.rs:205: info: match (implicit): APAS: Work O(lg n), Span O(lg n) | Review: Work O(lg n), Span O(lg n)
src/Chap43/OrderedSetMtEph.rs:214: info: match (implicit): APAS: Work O(lg n), Span O(lg n) | Review: Work O(lg n), Span O(lg n)
src/Chap43/OrderedSetMtEph.rs:223: info: match (implicit): APAS: Work O(lg n), Span O(lg n) | Review: Work O(lg n), Span O(lg n)
src/Chap43/OrderedSetMtEph.rs:233: info: match (implicit): APAS: Work O(lg n), Span O(lg n) | Review: Work O(lg n), Span O(lg n)
src/Chap43/OrderedSetMtEph.rs:243: info: match (implicit): APAS: Work O(lg n), Span O(lg n) | Review: Work O(lg n), Span O(lg n)
src/Chap43/OrderedSetMtEph.rs:250: info: match (implicit): APAS: Work O(lg n), Span O(lg n) | Review: Work O(lg n), Span O(lg n)
src/Chap43/OrderedSetMtEph.rs:257: info: match (implicit): APAS: Work O(lg n), Span O(lg n) | Review: Work O(lg n), Span O(lg n)
src/Chap43/OrderedSetMtEph.rs:264: info: match (implicit): APAS: Work O(lg n), Span O(lg n) | Review: Work O(lg n), Span O(lg n)
src/Chap43/OrderedSetMtEph.rs:270: info: match (implicit): APAS: Work O(lg n), Span O(lg n) | Review: Work O(lg n), Span O(lg n)
src/Chap43/OrderedSetMtEph.rs:277: info: match (implicit): APAS: Work O(lg n), Span O(lg n) | Review: Work O(lg n), Span O(lg n)
src/Chap43/OrderedSetStEph.rs:128: info: match (implicit): APAS: Work O(1), Span O(1) | Review: Work O(1), Span O(1)
src/Chap43/OrderedSetStEph.rs:133: info: match (implicit): APAS: Work O(1), Span O(1) | Review: Work O(1), Span O(1)
src/Chap43/OrderedSetStEph.rs:142: info: match (implicit): APAS: Work O(1), Span O(1) | Review: Work O(1), Span O(1)
src/Chap43/OrderedSetStEph.rs:151: info: match (implicit): APAS: Work O(log n), Span O(log n) | Review: Work O(log n), Span O(log n)
src/Chap43/OrderedSetStEph.rs:156: info: match (implicit): APAS: Work O(log n), Span O(log n) | Review: Work O(log n), Span O(log n)
src/Chap43/OrderedSetStEph.rs:165: info: match (implicit): APAS: Work O(log n), Span O(log n) | Review: Work O(log n), Span O(log n)
src/Chap43/OrderedSetStEph.rs:172: info: match (implicit): APAS: Work O(n), Span O(n) | Review: Work O(n), Span O(n)
src/Chap43/OrderedSetStEph.rs:191: error: possible mismatch: APAS: Work O(m log(n/m + 1)), Span O(m log(n/m + 1)) | Review: Work O(m log(n/m + 1)
src/Chap43/OrderedSetStEph.rs:198: error: possible mismatch: APAS: Work O(m log(n/m + 1)), Span O(m log(n/m + 1)) | Review: Work O(m log(n/m + 1)
src/Chap43/OrderedSetStEph.rs:208: error: possible mismatch: APAS: Work O(m log(n/m + 1)), Span O(m log(n/m + 1)) | Review: Work O(m log(n/m + 1)
src/Chap43/OrderedSetStEph.rs:215: info: match (implicit): APAS: Work O(n), Span O(n) | Review: Work O(n), Span O(n)
src/Chap43/OrderedSetStEph.rs:223: info: match (implicit): APAS: Work O(n log n), Span O(n log n) | Review: Work O(n log n), Span O(n log n)
src/Chap43/OrderedSetStEph.rs:235: info: match (implicit): APAS: Work O(lg n), Span O(lg n) | Review: Work O(lg n), Span O(lg n)
src/Chap43/OrderedSetStEph.rs:244: info: match (implicit): APAS: Work O(lg n), Span O(lg n) | Review: Work O(lg n), Span O(lg n)
src/Chap43/OrderedSetStEph.rs:253: info: match (implicit): APAS: Work O(lg n), Span O(lg n) | Review: Work O(lg n), Span O(lg n)
src/Chap43/OrderedSetStEph.rs:263: info: match (implicit): APAS: Work O(lg n), Span O(lg n) | Review: Work O(lg n), Span O(lg n)
src/Chap43/OrderedSetStEph.rs:273: info: match (implicit): APAS: Work O(lg n), Span O(lg n) | Review: Work O(lg n), Span O(lg n)
src/Chap43/OrderedSetStEph.rs:288: info: match (implicit): APAS: Work O(lg n), Span O(lg n) | Review: Work O(lg n), Span O(lg n)
src/Chap43/OrderedSetStEph.rs:296: info: match (implicit): APAS: Work O(lg n), Span O(lg n) | Review: Work O(lg n), Span O(lg n)
src/Chap43/OrderedSetStEph.rs:304: info: match (implicit): APAS: Work O(lg n), Span O(lg n) | Review: Work O(lg n), Span O(lg n)
src/Chap43/OrderedSetStEph.rs:310: info: match (implicit): APAS: Work O(lg n), Span O(lg n) | Review: Work O(lg n), Span O(lg n)
src/Chap43/OrderedSetStEph.rs:317: info: match (implicit): APAS: Work O(lg n), Span O(lg n) | Review: Work O(lg n), Span O(lg n)
src/Chap43/OrderedSetStPer.rs:130: info: match (implicit): APAS: Work O(1), Span O(1) | Review: Work O(1), Span O(1)
src/Chap43/OrderedSetStPer.rs:135: info: match (implicit): APAS: Work O(1), Span O(1) | Review: Work O(1), Span O(1)
src/Chap43/OrderedSetStPer.rs:142: info: match (implicit): APAS: Work O(1), Span O(1) | Review: Work O(1), Span O(1)
src/Chap43/OrderedSetStPer.rs:149: info: match (implicit): APAS: Work O(log n), Span O(log n) | Review: Work O(log n), Span O(log n)
src/Chap43/OrderedSetStPer.rs:154: info: match (implicit): APAS: Work O(log n), Span O(log n) | Review: Work O(log n), Span O(log n)
src/Chap43/OrderedSetStPer.rs:161: info: match (implicit): APAS: Work O(log n), Span O(log n) | Review: Work O(log n), Span O(log n)
src/Chap43/OrderedSetStPer.rs:166: info: match (implicit): APAS: Work O(n), Span O(n) | Review: Work O(n), Span O(n)
src/Chap43/OrderedSetStPer.rs:179: error: possible mismatch: APAS: Work O(m log(n/m + 1)), Span O(m log(n/m + 1)) | Review: Work O(m log(n/m + 1)
src/Chap43/OrderedSetStPer.rs:184: error: possible mismatch: APAS: Work O(m log(n/m + 1)), Span O(m log(n/m + 1)) | Review: Work O(m log(n/m + 1)
src/Chap43/OrderedSetStPer.rs:192: error: possible mismatch: APAS: Work O(m log(n/m + 1)), Span O(m log(n/m + 1)) | Review: Work O(m log(n/m + 1)
src/Chap43/OrderedSetStPer.rs:197: info: match (implicit): APAS: Work O(n), Span O(n) | Review: Work O(n), Span O(n)
src/Chap43/OrderedSetStPer.rs:205: info: match (implicit): APAS: Work O(n log n), Span O(n log n) | Review: Work O(n log n), Span O(n log n)
src/Chap43/OrderedSetStPer.rs:216: info: match (implicit): APAS: Work O(lg n), Span O(lg n) | Review: Work O(lg n), Span O(lg n)
src/Chap43/OrderedSetStPer.rs:225: info: match (implicit): APAS: Work O(lg n), Span O(lg n) | Review: Work O(lg n), Span O(lg n)
src/Chap43/OrderedSetStPer.rs:234: info: match (implicit): APAS: Work O(lg n), Span O(lg n) | Review: Work O(lg n), Span O(lg n)
src/Chap43/OrderedSetStPer.rs:244: info: match (implicit): APAS: Work O(lg n), Span O(lg n) | Review: Work O(lg n), Span O(lg n)
src/Chap43/OrderedSetStPer.rs:254: info: match (implicit): APAS: Work O(lg n), Span O(lg n) | Review: Work O(lg n), Span O(lg n)
src/Chap43/OrderedSetStPer.rs:269: info: match (implicit): APAS: Work O(lg n), Span O(lg n) | Review: Work O(lg n), Span O(lg n)
src/Chap43/OrderedSetStPer.rs:277: info: match (implicit): APAS: Work O(lg n), Span O(lg n) | Review: Work O(lg n), Span O(lg n)
src/Chap43/OrderedSetStPer.rs:285: info: match (implicit): APAS: Work O(lg n), Span O(lg n) | Review: Work O(lg n), Span O(lg n)
src/Chap43/OrderedSetStPer.rs:291: info: match (implicit): APAS: Work O(lg n), Span O(lg n) | Review: Work O(lg n), Span O(lg n)
src/Chap43/OrderedSetStPer.rs:298: info: match (implicit): APAS: Work O(lg n), Span O(lg n) | Review: Work O(lg n), Span O(lg n)
src/Chap43/OrderedTableMtEph.rs:121: info: match (implicit): APAS: Work O(1), Span O(1) | Review: Work O(1), Span O(1)
src/Chap43/OrderedTableMtEph.rs:128: info: match (implicit): APAS: Work O(1), Span O(1) | Review: Work O(1), Span O(1)
src/Chap43/OrderedTableMtEph.rs:140: info: match (implicit): APAS: Work O(1), Span O(1) | Review: Work O(1), Span O(1)
src/Chap43/OrderedTableMtEph.rs:152: info: match (implicit): APAS: Work O(log n), Span O(log n) | Review: Work O(log n), Span O(log n)
src/Chap43/OrderedTableMtEph.rs:163: info: match (implicit): APAS: Work O(log n), Span O(log n) | Review: Work O(log n), Span O(log n)
src/Chap43/OrderedTableMtEph.rs:174: info: match (implicit): APAS: Work O(1), Span O(1) | Review: Work O(1), Span O(1)
src/Chap43/OrderedTableMtEph.rs:181: info: match (implicit): APAS: Work O(log n), Span O(log n) | Review: Work O(log n), Span O(log n)
src/Chap43/OrderedTableMtEph.rs:191: info: match (implicit): APAS: Work O(log n), Span O(log n) | Review: Work O(log n), Span O(log n)
src/Chap43/OrderedTableMtEph.rs:200: info: match (implicit): APAS: Work O(n), Span O(n) | Review: Work O(n), Span O(n)
src/Chap43/OrderedTableMtEph.rs:206: info: match (implicit): APAS: Work O(n log n), Span O(n log n) | Review: Work O(n log n), Span O(n log n)
src/Chap43/OrderedTableMtEph.rs:223: info: match (implicit): APAS: Work O(n), Span O(n) | Review: Work O(n), Span O(n)
src/Chap43/OrderedTableMtEph.rs:229: info: match (implicit): APAS: Work O(n), Span O(n) | Review: Work O(n), Span O(n)
src/Chap43/OrderedTableMtEph.rs:242: error: possible mismatch: APAS: Work O(m log(n/m + 1)), Span O(log n log m) | Review: Work O(m log(n/m + 1)
src/Chap43/OrderedTableMtEph.rs:248: error: possible mismatch: APAS: Work O(m log(n/m + 1)), Span O(log n log m) | Review: Work O(m log(n/m + 1)
src/Chap43/OrderedTableMtEph.rs:254: error: possible mismatch: APAS: Work O(m log(n/m + 1)), Span O(log n log m) | Review: Work O(m log(n/m + 1)
src/Chap43/OrderedTableMtEph.rs:260: error: possible mismatch: APAS: Work O(m log(n/m + 1)), Span O(log n log m) | Review: Work O(m log(n/m + 1)
src/Chap43/OrderedTableMtEph.rs:266: error: possible mismatch: APAS: Work O(m log(n/m + 1)), Span O(log n log m) | Review: Work O(m log(n/m + 1)
src/Chap43/OrderedTableMtEph.rs:272: info: match (implicit): APAS: Work O(n), Span O(n) | Review: Work O(n), Span O(n)
src/Chap43/OrderedTableMtEph.rs:278: info: match (implicit): APAS: Work O(n log n), Span O(n log n) | Review: Work O(n log n), Span O(n log n)
src/Chap43/OrderedTableMtEph.rs:284: info: match (implicit): APAS: Work O(log n), Span O(log n) | Review: Work O(log n), Span O(log n)
src/Chap43/OrderedTableMtEph.rs:295: info: match (implicit): APAS: Work O(log n), Span O(log n) | Review: Work O(log n), Span O(log n)
src/Chap43/OrderedTableMtEph.rs:306: info: match (implicit): APAS: Work O(log n), Span O(log n) | Review: Work O(log n), Span O(log n)
src/Chap43/OrderedTableMtEph.rs:317: info: match (implicit): APAS: Work O(log n), Span O(log n) | Review: Work O(log n), Span O(log n)
src/Chap43/OrderedTableMtEph.rs:328: info: match (implicit): APAS: Work O(log n), Span O(log n) | Review: Work O(log n), Span O(log n)
src/Chap43/OrderedTableMtEph.rs:335: error: possible mismatch: APAS: Work O(m log(n/m + 1)), Span O(log n log m) | Review: Work O(m log(n/m + 1)
src/Chap43/OrderedTableMtEph.rs:341: info: match (implicit): APAS: Work O(log n + m), Span O(log n) | Review: Work O(log n + m), Span O(log n)
src/Chap43/OrderedTableMtEph.rs:351: info: match (implicit): APAS: Work O(log n), Span O(log n) | Review: Work O(log n), Span O(log n)
src/Chap43/OrderedTableMtEph.rs:361: info: match (implicit): APAS: Work O(log n), Span O(log n) | Review: Work O(log n), Span O(log n)
src/Chap43/OrderedTableMtEph.rs:372: info: match (implicit): APAS: Work O(log n), Span O(log n) | Review: Work O(log n), Span O(log n)
src/Chap43/OrderedTableMtPer.rs:114: info: match (implicit): APAS: Work O(1), Span O(1) | Review: Work O(1), Span O(1)
src/Chap43/OrderedTableMtPer.rs:121: info: match (implicit): APAS: Work O(1), Span O(1) | Review: Work O(1), Span O(1)
src/Chap43/OrderedTableMtPer.rs:133: info: match (implicit): APAS: Work O(1), Span O(1) | Review: Work O(1), Span O(1)
src/Chap43/OrderedTableMtPer.rs:146: info: match (implicit): APAS: Work O(log n), Span O(log n) | Review: Work O(log n), Span O(log n)
src/Chap43/OrderedTableMtPer.rs:156: info: match (implicit): APAS: Work O(log n), Span O(log n) | Review: Work O(log n), Span O(log n)
src/Chap43/OrderedTableMtPer.rs:175: info: match (implicit): APAS: Work O(log n), Span O(log n) | Review: Work O(log n), Span O(log n)
src/Chap43/OrderedTableMtPer.rs:191: info: match (implicit): APAS: Work O(n), Span O(n) | Review: Work O(n), Span O(n)
src/Chap43/OrderedTableMtPer.rs:197: info: match (implicit): APAS: Work O(n), Span O(n) | Review: Work O(n), Span O(n)
src/Chap43/OrderedTableMtPer.rs:211: info: match (implicit): APAS: Work O(n), Span O(n) | Review: Work O(n), Span O(n)
src/Chap43/OrderedTableMtPer.rs:217: info: match (implicit): APAS: Work O(log n), Span O(log n) | Review: Work O(log n), Span O(log n)
src/Chap43/OrderedTableMtPer.rs:228: info: match (implicit): APAS: Work O(log n), Span O(log n) | Review: Work O(log n), Span O(log n)
src/Chap43/OrderedTableMtPer.rs:239: info: match (implicit): APAS: Work O(log n), Span O(log n) | Review: Work O(log n), Span O(log n)
src/Chap43/OrderedTableMtPer.rs:250: info: match (implicit): APAS: Work O(log n), Span O(log n) | Review: Work O(log n), Span O(log n)
src/Chap43/OrderedTableMtPer.rs:261: info: match (implicit): APAS: Work O(log n), Span O(log n) | Review: Work O(log n), Span O(log n)
src/Chap43/OrderedTableMtPer.rs:268: error: possible mismatch: APAS: Work O(m log(n/m + 1)), Span O(log n log m) | Review: Work O(m log(n/m + 1)
src/Chap43/OrderedTableMtPer.rs:279: info: match (implicit): APAS: Work O(log n + m), Span O(log n) | Review: Work O(log n + m), Span O(log n)
src/Chap43/OrderedTableMtPer.rs:285: info: match (implicit): APAS: Work O(log n), Span O(log n) | Review: Work O(log n), Span O(log n)
src/Chap43/OrderedTableMtPer.rs:295: info: match (implicit): APAS: Work O(log n), Span O(log n) | Review: Work O(log n), Span O(log n)
src/Chap43/OrderedTableMtPer.rs:306: info: match (implicit): APAS: Work O(log n), Span O(log n) | Review: Work O(log n), Span O(log n)
src/Chap43/OrderedTableStEph.rs:91: info: match (implicit): APAS: Work O(1), Span O(1) | Review: Work O(1), Span O(1)
src/Chap43/OrderedTableStEph.rs:97: info: match (implicit): APAS: Work O(1), Span O(1) | Review: Work O(1), Span O(1)
src/Chap43/OrderedTableStEph.rs:112: info: match (implicit): APAS: Work O(1), Span O(1) | Review: Work O(1), Span O(1)
src/Chap43/OrderedTableStEph.rs:124: info: match (implicit): APAS: Work O(log n), Span O(log n) | Review: Work O(log n), Span O(log n)
src/Chap43/OrderedTableStEph.rs:134: info: match (implicit): APAS: Work O(log n), Span O(log n) | Review: Work O(log n), Span O(log n)
src/Chap43/OrderedTableStEph.rs:144: info: match (implicit): APAS: Work O(1), Span O(1) | Review: Work O(1), Span O(1)
src/Chap43/OrderedTableStEph.rs:150: info: match (implicit): APAS: Work O(log n), Span O(log n) | Review: Work O(log n), Span O(log n)
src/Chap43/OrderedTableStEph.rs:167: info: match (implicit): APAS: Work O(log n), Span O(log n) | Review: Work O(log n), Span O(log n)
src/Chap43/OrderedTableStEph.rs:176: info: match (implicit): APAS: Work O(n), Span O(n) | Review: Work O(n), Span O(n)
src/Chap43/OrderedTableStEph.rs:182: info: match (implicit): APAS: Work O(n log n), Span O(n) | Review: Work O(n log n), Span O(n)
src/Chap43/OrderedTableStEph.rs:205: info: match (implicit): APAS: Work O(n), Span O(n) | Review: Work O(n), Span O(n)
src/Chap43/OrderedTableStEph.rs:214: info: match (implicit): APAS: Work O(n), Span O(n) | Review: Work O(n), Span O(n)
src/Chap43/OrderedTableStEph.rs:233: info: match (implicit): APAS: Work O(n), Span O(n) | Review: Work O(n), Span O(n)
src/Chap43/OrderedTableStEph.rs:238: error: possible mismatch: APAS: Work O(m log(n/m + 1)), Span O(log n log m) | Review: Work O(m log(n/m + 1)
src/Chap43/OrderedTableStEph.rs:256: error: possible mismatch: APAS: Work O(m log(n/m + 1)), Span O(log n log m) | Review: Work O(m log(n/m + 1)
src/Chap43/OrderedTableStEph.rs:279: error: possible mismatch: APAS: Work O(m log(n/m + 1)), Span O(log n log m) | Review: Work O(m log(n/m + 1)
src/Chap43/OrderedTableStEph.rs:288: error: possible mismatch: APAS: Work O(m log(n/m + 1)), Span O(log n log m) | Review: Work O(m log(n/m + 1)
src/Chap43/OrderedTableStEph.rs:297: error: possible mismatch: APAS: Work O(m log(n/m + 1)), Span O(log n log m) | Review: Work O(m log(n/m + 1)
src/Chap43/OrderedTableStEph.rs:306: info: match (implicit): APAS: Work O(n log n), Span O(n log n) | Review: Work O(n log n), Span O(n log n)
src/Chap43/OrderedTableStEph.rs:312: info: match (implicit): APAS: Work O(log n), Span O(log n) | Review: Work O(log n), Span O(log n)
src/Chap43/OrderedTableStEph.rs:322: info: match (implicit): APAS: Work O(log n), Span O(log n) | Review: Work O(log n), Span O(log n)
src/Chap43/OrderedTableStEph.rs:331: info: match (implicit): APAS: Work O(log n), Span O(log n) | Review: Work O(log n), Span O(log n)
src/Chap43/OrderedTableStEph.rs:340: info: match (implicit): APAS: Work O(log n), Span O(log n) | Review: Work O(log n), Span O(log n)
src/Chap43/OrderedTableStEph.rs:349: info: match (implicit): APAS: Work O(log n), Span O(log n) | Review: Work O(log n), Span O(log n)
src/Chap43/OrderedTableStEph.rs:368: error: possible mismatch: APAS: Work O(m log(n/m + 1)), Span O(log n log m) | Review: Work O(m log(n/m + 1)
src/Chap43/OrderedTableStEph.rs:381: error: possible mismatch: APAS: Work O(log n + m) where m = output size, Span O(log n) | Review: Work O(log n + m)
src/Chap43/OrderedTableStEph.rs:391: info: match (implicit): APAS: Work O(log n), Span O(log n) | Review: Work O(log n), Span O(log n)
src/Chap43/OrderedTableStEph.rs:402: info: match (implicit): APAS: Work O(log n), Span O(log n) | Review: Work O(log n), Span O(log n)
src/Chap43/OrderedTableStEph.rs:414: info: match (implicit): APAS: Work O(log n), Span O(log n) | Review: Work O(log n), Span O(log n)
src/Chap43/OrderedTableStPer.rs:94: info: match (implicit): APAS: Work O(1), Span O(1) | Review: Work O(1), Span O(1)
src/Chap43/OrderedTableStPer.rs:99: info: match (implicit): APAS: Work O(1), Span O(1) | Review: Work O(1), Span O(1)
src/Chap43/OrderedTableStPer.rs:109: info: match (implicit): APAS: Work O(1), Span O(1) | Review: Work O(1), Span O(1)
src/Chap43/OrderedTableStPer.rs:120: info: match (implicit): APAS: Work O(log n), Span O(log n) | Review: Work O(log n), Span O(log n)
src/Chap43/OrderedTableStPer.rs:129: info: match (implicit): APAS: Work O(log n), Span O(log n) | Review: Work O(log n), Span O(log n)
src/Chap43/OrderedTableStPer.rs:153: info: match (implicit): APAS: Work O(log n), Span O(log n) | Review: Work O(log n), Span O(log n)
src/Chap43/OrderedTableStPer.rs:172: info: match (implicit): APAS: Work O(n), Span O(n) | Review: Work O(n), Span O(n)
src/Chap43/OrderedTableStPer.rs:177: info: match (implicit): APAS: Work O(n log n), Span O(n log n) | Review: Work O(n log n), Span O(n log n)
src/Chap43/OrderedTableStPer.rs:197: info: match (implicit): APAS: Work O(n), Span O(n) | Review: Work O(n), Span O(n)
src/Chap43/OrderedTableStPer.rs:209: info: match (implicit): APAS: Work O(n), Span O(n) | Review: Work O(n), Span O(n)
src/Chap43/OrderedTableStPer.rs:222: error: possible mismatch: APAS: Work O(m log(n/m + 1)), Span O(log n log m) | Review: Work O(m log(n/m + 1)
src/Chap43/OrderedTableStPer.rs:238: error: possible mismatch: APAS: Work O(m log(n/m + 1)), Span O(log n log m) | Review: Work O(m log(n/m + 1)
src/Chap43/OrderedTableStPer.rs:259: error: possible mismatch: APAS: Work O(m log(n/m + 1)), Span O(log n log m) | Review: Work O(m log(n/m + 1)
src/Chap43/OrderedTableStPer.rs:267: error: possible mismatch: APAS: Work O(m log(n/m + 1)), Span O(log n log m) | Review: Work O(m log(n/m + 1)
src/Chap43/OrderedTableStPer.rs:275: error: possible mismatch: APAS: Work O(m log(n/m + 1)), Span O(log n log m) | Review: Work O(m log(n/m + 1)
src/Chap43/OrderedTableStPer.rs:283: info: match (implicit): APAS: Work O(n log n), Span O(n log n) | Review: Work O(n log n), Span O(n log n)
src/Chap43/OrderedTableStPer.rs:288: info: match (implicit): APAS: Work O(log n), Span O(log n) | Review: Work O(log n), Span O(log n)
src/Chap43/OrderedTableStPer.rs:297: info: match (implicit): APAS: Work O(log n), Span O(log n) | Review: Work O(log n), Span O(log n)
src/Chap43/OrderedTableStPer.rs:306: info: match (implicit): APAS: Work O(log n), Span O(log n) | Review: Work O(log n), Span O(log n)
src/Chap43/OrderedTableStPer.rs:315: info: match (implicit): APAS: Work O(log n), Span O(log n) | Review: Work O(log n), Span O(log n)
src/Chap43/OrderedTableStPer.rs:324: info: match (implicit): APAS: Work O(log n), Span O(log n) | Review: Work O(log n), Span O(log n)
src/Chap43/OrderedTableStPer.rs:342: error: possible mismatch: APAS: Work O(m log(n/m + 1)), Span O(log n log m) | Review: Work O(m log(n/m + 1)
src/Chap43/OrderedTableStPer.rs:355: warning: ACCEPTED DIFFERENCE: Work O(log n + m) — ACCEPTED DIFFERENCE: St sequential, APAS parallel
src/Chap43/OrderedTableStPer.rs:363: info: match (implicit): APAS: Work O(log n), Span O(log n) | Review: Work O(log n), Span O(log n)
src/Chap43/OrderedTableStPer.rs:373: info: match (implicit): APAS: Work O(log n), Span O(log n) | Review: Work O(log n), Span O(log n)
src/Chap43/OrderedTableStPer.rs:384: info: match (implicit): APAS: Work O(log n), Span O(log n) | Review: Work O(log n), Span O(log n)
src/Chap44/DocumentIndex.rs:93: warning: ACCEPTED DIFFERENCE: Work O(n lg n), Span O(n lg n) — ACCEPTED DIFFERENCE: sequential loops, APAS Span O(lg^2 n)
src/Chap44/DocumentIndex.rs:103: info: match (implicit): APAS: Work O(lg n), Span O(lg n) | Review: Work O(lg n), Span O(lg n)
src/Chap44/DocumentIndex.rs:116: warning: ACCEPTED DIFFERENCE: Work O(m·lg(1+n/m)), Span O(m·lg(1+n/m)) — ACCEPTED DIFFERENCE: sequential split-join
src/Chap44/DocumentIndex.rs:129: warning: ACCEPTED DIFFERENCE: Work O(m·lg(1+n/m)), Span O(m·lg(1+n/m)) — ACCEPTED DIFFERENCE: sequential split-join
src/Chap44/DocumentIndex.rs:143: warning: ACCEPTED DIFFERENCE: Work O(m·lg(1+n/m)), Span O(m·lg(1+n/m)) — ACCEPTED DIFFERENCE: sequential split-join
src/Chap44/DocumentIndex.rs:155: info: match (implicit): APAS: Work O(1), Span O(1) | Review: Work O(1), Span O(1) — agrees with APAS
src/Chap44/DocumentIndex.rs:479: info: match (implicit): APAS: Work O(lg n), Span O(lg n) | Review: Work O(lg n), Span O(lg n)
src/Chap45/BalancedTreePQ.rs:99: info: match (implicit): APAS: Work O(lg n), Span O(lg n) | Review: Work O(lg n), Span O(lg n)
src/Chap45/BalancedTreePQ.rs:110: info: match (implicit): APAS: Work O(lg n), Span O(lg n) | Review: Work O(lg n), Span O(lg n)
src/Chap45/BalancedTreePQ.rs:121: info: match (implicit): APAS: Work O(m·lg(1+n/m)), Span O(m·lg(1+n/m)) | Review: Work O(m·lg(1+n/m)), Span O(m·lg(1+n/m)): tree union
src/Chap45/BalancedTreePQ.rs:130: info: match (implicit): APAS: Work O(n lg n), Span O(n lg n) | Review: Work O(n lg n), Span O(n lg n): sequential inserts
src/Chap45/BalancedTreePQ.rs:267: info: match (implicit): APAS: Work O(1), Span O(1). | Review: Work O(1), Span O(1); constant-time empty construction.
src/Chap45/BalancedTreePQ.rs:275: info: match (implicit): APAS: Work O(1), Span O(1). | Review: Work O(1), Span O(1); constant-time singleton construction.
src/Chap45/BalancedTreePQ.rs:284: warning: ACCEPTED DIFFERENCE: Work O(1), Span O(1) — ACCEPTED DIFFERENCE: indexed access to first element of sorted seq.
src/Chap45/BalancedTreePQ.rs:294: warning: ACCEPTED DIFFERENCE: Work O(n), Span O(n) — ACCEPTED DIFFERENCE: values_in_order + Vec::insert at sorted position.
src/Chap45/BalancedTreePQ.rs:360: warning: ACCEPTED DIFFERENCE: Work O(n), Span O(n) — ACCEPTED DIFFERENCE: clone elements 1..n, rebuild via from_vec.
src/Chap45/BalancedTreePQ.rs:381: warning: ACCEPTED DIFFERENCE: Work O(m+n), Span O(m+n) — ACCEPTED DIFFERENCE: merge two sorted sequences, rebuild via from_vec.
src/Chap45/BalancedTreePQ.rs:446: warning: ACCEPTED DIFFERENCE: Work O(n^2), Span O(n^2) — ACCEPTED DIFFERENCE: n calls to insert, each O(n).
src/Chap45/BalancedTreePQ.rs:495: warning: ACCEPTED DIFFERENCE: Work O(n), Span O(n) — ACCEPTED DIFFERENCE: clone elements 0..n-1, rebuild via from_vec.
src/Chap45/BinaryHeapPQ.rs:256: info: match (implicit): APAS: Work O(lg n), Span O(lg n) | Review: Work O(lg n), Span O(lg n): sift up
src/Chap45/BinaryHeapPQ.rs:268: info: match (implicit): APAS: Work O(lg n), Span O(lg n) | Review: Work O(lg n), Span O(lg n): sift down
src/Chap45/BinaryHeapPQ.rs:289: info: match (implicit): APAS: Work O(m + n), Span O(m + n) | Review: Work O(m + n), Span O(m + n): rebuild heap from combined arrays
src/Chap45/BinaryHeapPQ.rs:300: info: match (implicit): APAS: Work O(n), Span O(n) | Review: Work O(n), Span O(n) Work: bottom-up heapify
src/Chap45/BinaryHeapPQ.rs:1180: info: match (implicit): APAS: Work O(1), Span O(1). | Review: Work O(1), Span O(1); constant-time empty construction.
src/Chap45/BinaryHeapPQ.rs:1193: info: match (implicit): APAS: Work O(1), Span O(1). | Review: Work O(1), Span O(1); constant-time singleton construction.
src/Chap45/BinaryHeapPQ.rs:1209: info: match (implicit): APAS: Work O(1), Span O(1). | Review: Work O(1), Span O(1); root of heap is minimum.
src/Chap45/BinaryHeapPQ.rs:1237: warning: ACCEPTED DIFFERENCE: Work O(n), Span O(n) — ACCEPTED DIFFERENCE: append copies persistent array O(n), then bubble_up O(log n).
src/Chap45/BinaryHeapPQ.rs:1311: warning: ACCEPTED DIFFERENCE: Work O(n), Span O(n) — ACCEPTED DIFFERENCE: rebuild array O(n), then bubble_down O(log n).
src/Chap45/BinaryHeapPQ.rs:1517: info: match (implicit): APAS: Work O(m+n), Span O(m+n). | Review: Work O(m+n), Span O(m+n); append O(m+n), then heapify O(m+n).
src/Chap45/BinaryHeapPQ.rs:1551: info: match (implicit): APAS: Work O(n), Span O(n). | Review: Work O(n), Span O(n); heapify via bottom-up bubble_down.
src/Chap45/BinaryHeapPQ.rs:1560: info: match (implicit): APAS: Work O(1), Span O(1). | Review: Work O(1), Span O(1); field access.
src/Chap45/BinaryHeapPQ.rs:1566: info: match (implicit): APAS: Work O(1), Span O(1). | Review: Work O(1), Span O(1); field access and comparison.
src/Chap45/BinaryHeapPQ.rs:1572: info: match (implicit): APAS: Work O(n), Span O(n). | Review: Work O(n), Span O(n); clones persistent array.
src/Chap45/BinaryHeapPQ.rs:1579: warning: ACCEPTED DIFFERENCE: Work O(m+n), Span O(m+n) — ACCEPTED DIFFERENCE: from_seq O(m), then meld O(m+n).
src/Chap45/BinaryHeapPQ.rs:1586: warning: ACCEPTED DIFFERENCE: Work O(n^2), Span O(n^2) — ACCEPTED DIFFERENCE: n iterations of delete_min each O(n).
src/Chap45/BinaryHeapPQ.rs:1694: info: match (implicit): APAS: Work O(n), Span O(n). | Review: Work O(n), Span O(n); linear scan checking parent-child ordering.
src/Chap45/BinaryHeapPQ.rs:1700: info: match (implicit): APAS: Work O(log n), Span O(log n). | Review: Work O(log n), Span O(log n); computes floor(log2(n)) + 1.
src/Chap45/BinaryHeapPQ.rs:1718: info: match (implicit): APAS: Work O(2^level), Span O(2^level). | Review: Work O(2^level), Span O(2^level); copies elements in [2^level - 1, 2^(level+1) - 1).
src/Chap45/BinaryHeapPQ.rs:1761: info: match (implicit): APAS: Work O(n), Span O(n). | Review: Work O(n), Span O(n); from_vec then heapify.
src/Chap45/BinaryHeapPQ.rs:1769: error: possible mismatch: APAS: // Veracity: UNNEEDED proof block             /// - Alg Analysis: APAS (Ch45 ref): Work O(n), Span O(n). | Review: // Veracity: UNNEEDED proof block             /// - Alg Analysis: Code review (Claude Opus 4.6): Work O(n), Span O(n); linear copy to Vec.
src/Chap45/BinaryHeapPQ.rs:1791: warning: ACCEPTED DIFFERENCE: Work O(n^2), Span O(n^2) — ACCEPTED DIFFERENCE: extract_all_sorted O(n^2), then linear copy.
src/Chap45/HeapsortExample.rs:195: info: match (implicit): APAS: Work O(n²), Span O(n²) — n × O(n) deleteMin dominates. | Review: Work O(n²), Span O(n²) — agrees with APAS.
src/Chap45/HeapsortExample.rs:213: info: match (implicit): APAS: Work O(n²), Span O(n²) — n × O(n) insert dominates. | Review: Work O(n²), Span O(n²) — agrees with APAS.
src/Chap45/HeapsortExample.rs:231: error: possible mismatch: APAS: Work O(n log n), Span O(n log n) | Review: Work O(n²), Span O(n²) — insert is O(n) due to Vec conversion, not O(log n).
src/Chap45/HeapsortExample.rs:249: error: possible mismatch: APAS: Work O(n log n), Span O(n log n) | Review: Work O(n² log n), Span O(n² log n) — each insert/delete is O(n log n) due to array swaps.
src/Chap45/HeapsortExample.rs:267: error: possible mismatch: APAS: Work O(n log n), Span O(n log n) | Review: Work O(n²), Span O(n²) — each insert/delete clones tree O(n).
src/Chap45/LeftistHeapPQ.rs:621: info: match (implicit): APAS: Work O(lg n), Span O(lg n) | Review: Work O(lg n), Span O(lg n): meld with singleton
src/Chap45/LeftistHeapPQ.rs:631: info: match (implicit): APAS: Work O(lg n), Span O(lg n) | Review: Work O(lg n), Span O(lg n): meld children
src/Chap45/LeftistHeapPQ.rs:647: info: match (implicit): APAS: Work O(lg m + lg n), Span O(lg m + lg n) | Review: Work O(lg m + lg n), Span O(lg m + lg n)
src/Chap45/LeftistHeapPQ.rs:659: warning: ACCEPTED DIFFERENCE: Work O(n), Span O(n) — ACCEPTED DIFFERENCE: sequential reduce, APAS Span O(lg^2 n) assumes parallel
src/Chap45/LeftistHeapPQ.rs:783: info: match (implicit): APAS: Work O(1), Span O(1). | Review: Work O(1), Span O(1); constant-time Leaf construction.
src/Chap45/LeftistHeapPQ.rs:790: info: match (implicit): APAS: Work O(1), Span O(1). | Review: Work O(1), Span O(1); constant-time Node construction.
src/Chap45/LeftistHeapPQ.rs:816: info: match (implicit): APAS: Work O(1), Span O(1). | Review: Work O(1), Span O(1); root access by heap property.
src/Chap45/LeftistHeapPQ.rs:849: info: match (implicit): APAS: Work O(log n), Span O(log n). | Review: Work O(log n), Span O(log n); singleton then meld along right spines.
src/Chap45/LeftistHeapPQ.rs:866: info: match (implicit): APAS: Work O(log n), Span O(log n). | Review: Work O(log n), Span O(log n); remove root, meld children.
src/Chap45/LeftistHeapPQ.rs:929: info: match (implicit): APAS: Work O(log m + log n), Span O(log m + log n). | Review: Work O(log m + log n), Span O(log m + log n); recursive meld along right spines.
src/Chap45/LeftistHeapPQ.rs:940: warning: ACCEPTED DIFFERENCE: Work O(n log n), Span O(n log n) — ACCEPTED DIFFERENCE: sequential insert, not reduce-based.
src/Chap45/SortedListPQ.rs:176: info: match (implicit): APAS: Work O(n), Span O(n) | Review: Work O(n), Span O(n): scan for sorted position + copy
src/Chap45/SortedListPQ.rs:189: warning: ACCEPTED DIFFERENCE: Work O(n), Span O(n) — ACCEPTED DIFFERENCE: persistent array drops first element by copying
src/Chap45/SortedListPQ.rs:203: info: match (implicit): APAS: Work O(m + n), Span O(m + n) | Review: Work O(m + n), Span O(m + n): sorted merge
src/Chap45/SortedListPQ.rs:216: info: match (implicit): APAS: Work O(n lg n), Span O(n lg n) | Review: Work O(n lg n), Span O(n lg n): sequential inserts
src/Chap45/SortedListPQ.rs:343: info: match (implicit): APAS: Work O(1), Span O(1). | Review: Work O(1), Span O(1); constant-time empty construction.
src/Chap45/SortedListPQ.rs:361: info: match (implicit): APAS: Work O(1), Span O(1). | Review: Work O(1), Span O(1); constant-time singleton construction.
src/Chap45/SortedListPQ.rs:377: info: match (implicit): APAS: Work O(1), Span O(1). | Review: Work O(1), Span O(1); head of sorted list.
src/Chap45/SortedListPQ.rs:387: info: match (implicit): APAS: Work O(n), Span O(n). | Review: Work O(n), Span O(n); linear scan for position, then rebuild.
src/Chap45/SortedListPQ.rs:604: warning: ACCEPTED DIFFERENCE: Work O(n), Span O(n) — ACCEPTED DIFFERENCE: subseq_copy rebuilds without first element.
src/Chap45/SortedListPQ.rs:666: info: match (implicit): APAS: Work O(m+n), Span O(m+n). | Review: Work O(m+n), Span O(m+n); merge two sorted sequences.
src/Chap45/SortedListPQ.rs:900: warning: ACCEPTED DIFFERENCE: Work O(n^2), Span O(n^2) — ACCEPTED DIFFERENCE: n calls to insert, each O(n).
src/Chap45/UnsortedListPQ.rs:111: warning: ACCEPTED DIFFERENCE: Work O(n), Span O(n) — ACCEPTED DIFFERENCE: persistent array append copies entire array
src/Chap45/UnsortedListPQ.rs:120: info: match (implicit): APAS: Work O(n), Span O(n) | Review: Work O(n), Span O(n)
src/Chap45/UnsortedListPQ.rs:142: info: match (implicit): APAS: Work O(m + n), Span O(m + n) | Review: Work O(m + n), Span O(m + n)
src/Chap45/UnsortedListPQ.rs:152: info: match (implicit): APAS: Work O(n), Span O(n) | Review: Work O(n), Span O(n)
src/Chap45/UnsortedListPQ.rs:230: info: match (implicit): APAS: Work O(1), Span O(1). | Review: Work O(1), Span O(1); constant-time empty construction.
src/Chap45/UnsortedListPQ.rs:250: info: match (implicit): APAS: Work O(1), Span O(1). | Review: Work O(1), Span O(1); constant-time singleton construction.
src/Chap45/UnsortedListPQ.rs:266: info: match (implicit): APAS: Work O(n), Span O(n). | Review: Work O(n), Span O(n); linear scan over unsorted list.
src/Chap45/UnsortedListPQ.rs:323: warning: ACCEPTED DIFFERENCE: Work O(n), Span O(n) — ACCEPTED DIFFERENCE: append copies persistent array.
src/Chap45/UnsortedListPQ.rs:363: info: match (implicit): APAS: Work O(n), Span O(n). | Review: Work O(n), Span O(n); linear scan for min, then rebuild without it.
src/Chap45/UnsortedListPQ.rs:540: info: match (implicit): APAS: Work O(m+n), Span O(m+n). | Review: Work O(m+n), Span O(m+n); concatenates two persistent arrays.
src/Chap45/UnsortedListPQ.rs:578: info: match (implicit): APAS: Work O(n), Span O(n). | Review: Work O(n), Span O(n); clones persistent array.
src/Chap47/ChainedHashTable.rs:164: error: possible mismatch: APAS: Work O(1), Span O(1). | Review: N/A — abstract trait method; cost depends on hash function.
src/Chap47/DoubleHashFlatHashTableStEph.rs:102: error: possible mismatch: APAS: Work O(1), Span O(1). | Review: Work O(sizeof(Key)), Span O(sizeof(Key)) — hashes key with SipHash.
src/Chap47/DoubleHashFlatHashTableStEph.rs:151: info: match (implicit): APAS: Work O(1/(1−α)) expected, Span O(1/(1−α)). | Review: Work O(1/(1−α)) expected
src/Chap47/DoubleHashFlatHashTableStEph.rs:356: info: match (implicit): APAS: Work O(1/(1−α)) expected, Span O(1/(1−α)). | Review: Work O(1/(1−α)) expected
src/Chap47/DoubleHashFlatHashTableStEph.rs:498: info: match (implicit): APAS: Work O(1/(1−α)) expected, Span O(1/(1−α)). | Review: Work O(1/(1−α)) expected
src/Chap47/DoubleHashFlatHashTableStEph.rs:661: info: match (implicit): APAS: Work O(n + m + m'), Span O(n + m + m'). | Review: Work O(n + m + m'), Span O(n + m + m') — collects n pairs, creates m' slots, reinserts.
src/Chap47/DoubleHashFlatHashTableStEph.rs:822: info: match (implicit): APAS: Work O(1), Span O(1). | Review: Work O(1), Span O(1) — two hash values + arithmetic + modulo.
src/Chap47/DoubleHashFlatHashTableStEph.rs:830: info: match (implicit): APAS: Work O(1/(1−α)) expected, Span O(1/(1−α)). | Review: Work O(1/(1−α)) expected
src/Chap47/FlatHashTable.rs:164: error: possible mismatch: APAS: Work O(1), Span O(1). | Review: N/A — abstract trait method; cost depends on probing strategy.
src/Chap47/FlatHashTable.rs:174: error: possible mismatch: APAS: Work O(1/(1−α)) expected, Span O(1/(1−α)). | Review: N/A — abstract trait method; cost depends on probing strategy.
src/Chap47/FlatHashTable.rs:198: info: match (implicit): APAS: Work O(1), Span O(1). | Review: Work O(1), Span O(1) — constant-time enum construction.
src/Chap47/FlatHashTable.rs:204: info: match (implicit): APAS: Work O(1), Span O(1). | Review: Work O(1), Span O(1) — constant-time enum assignment.
src/Chap47/FlatHashTable.rs:212: info: match (implicit): APAS: Work O(1), Span O(1). | Review: Work O(1), Span O(1) — single match + key comparison.
src/Chap47/FlatHashTable.rs:227: info: match (implicit): APAS: Work O(1), Span O(1). | Review: Work O(1), Span O(1) — single match + enum assignment.
src/Chap47/LinkedListChainedHashTableStEph.rs:92: info: match (implicit): APAS: Work O(1), Span O(1). | Review: Work O(1), Span O(1) — empty LinkedListStEphS construction.
src/Chap47/LinkedListChainedHashTableStEph.rs:96: error: possible mismatch: APAS: Work O(1+α) expected, Span O(1+α). | Review: Work O(n), Span O(n) — linear scan for duplicate key, n = chain length.
src/Chap47/LinkedListChainedHashTableStEph.rs:123: error: possible mismatch: APAS: Work O(1+α) expected, Span O(1+α). | Review: Work O(n), Span O(n) — linear scan of chain, n = chain length.
src/Chap47/LinkedListChainedHashTableStEph.rs:138: error: possible mismatch: APAS: Work O(1+α) expected, Span O(1+α). | Review: Work O(n), Span O(n) — linear scan + Vec::remove, n = chain length.
src/Chap47/LinkedListChainedHashTableStEph.rs:182: info: match (implicit): APAS: Work O(n) worst, Span O(n). | Review: Work O(n) worst
src/Chap47/LinkedListChainedHashTableStEph.rs:287: error: possible mismatch: APAS: Work O(1+α) expected, Span O(1+α). | Review: Work O(n), Span O(n) — hash, backward scan bucket for last-wins match.
src/Chap47/LinkedListChainedHashTableStEph.rs:353: info: match (implicit): APAS: Work O(n) worst, Span O(n). | Review: Work O(n) worst
src/Chap47/LinkedListChainedHashTableStEph.rs:488: info: match (implicit): APAS: Work O(n + m + m'), Span O(n + m + m'). | Review: Work O(n + m + m'), Span O(n + m + m') — collects n pairs, creates m' lists, reinserts.
src/Chap47/LinkedListChainedHashTableStEph.rs:667: info: match (implicit): APAS: Work O(1), Span O(1). | Review: Work O(1), Span O(1) — delegates to stored hash function.
src/Chap47/LinProbFlatHashTableStEph.rs:109: info: match (implicit): APAS: Work O(1/(1−α)) expected, Span O(1/(1−α)). | Review: Work O(1/(1−α)) expected
src/Chap47/LinProbFlatHashTableStEph.rs:346: info: match (implicit): APAS: Work O(1/(1−α)) expected, Span O(1/(1−α)). | Review: Work O(1/(1−α)) expected
src/Chap47/LinProbFlatHashTableStEph.rs:468: info: match (implicit): APAS: Work O(1/(1−α)) expected, Span O(1/(1−α)). | Review: Work O(1/(1−α)) expected
src/Chap47/LinProbFlatHashTableStEph.rs:621: info: match (implicit): APAS: Work O(n + m + m'), Span O(n + m + m'). | Review: Work O(n + m + m'), Span O(n + m + m') — collects n pairs from m slots, creates m' new slots, reinserts n pairs.
src/Chap47/LinProbFlatHashTableStEph.rs:786: info: match (implicit): APAS: Work O(1), Span O(1). | Review: Work O(1), Span O(1) — hash + addition + modulo.
src/Chap47/LinProbFlatHashTableStEph.rs:793: info: match (implicit): APAS: Work O(1/(1−α)) expected, Span O(1/(1−α)). | Review: Work O(1/(1−α)) expected
src/Chap47/ParaHashTableStEph.rs:345: error: possible mismatch: APAS: Work O(1), Span O(1) | Review: Work O(1) expected, Span O(1) expected
src/Chap47/ParaHashTableStEph.rs:350: error: possible mismatch: APAS: Work O(1), Span O(1) | Review: Work O(1) expected, Span O(1) expected
src/Chap47/ParaHashTableStEph.rs:353: error: possible mismatch: APAS: Work O(1 + alpha), Span O(1 + alpha) | Review: Work O(1 + α) expected, Span O(1 + α) expected
src/Chap47/ParaHashTableStEph.rs:385: info: match (implicit): APAS: Work O(m), Span O(m) where m is initial size. | Review: Work O(m), Span O(m) — agrees with APAS; iterates m times to create entries.
src/Chap47/ParaHashTableStEph.rs:442: error: possible mismatch: APAS: Work O(1), Span O(1) | Review: Work O(1) expected, Span O(1) expected
src/Chap47/ParaHashTableStEph.rs:462: error: possible mismatch: APAS: Work O(1), Span O(1) | Review: Work O(1) expected, Span O(1) expected
src/Chap47/ParaHashTableStEph.rs:474: error: possible mismatch: APAS: Work O(1 + alpha), Span O(1 + alpha) | Review: Work O(1 + α) expected, Span O(1 + α) expected
src/Chap47/ParaHashTableStEph.rs:497: info: match (implicit): APAS: Work O(1), Span O(1). | Review: Work O(1), Span O(1) — agrees with APAS; field reads only.
src/Chap47/ParaHashTableStEph.rs:513: info: match (implicit): APAS: Work O(n + m + m'), Span O(n + m + m') where n is number of elements, | Review: Work O(n + m + m'), Span O(n + m + m') where n is number of elements,
src/Chap47/QuadProbFlatHashTableStEph.rs:456: error: possible mismatch: APAS: Work O(1/(1-α)) expected, Span O(1/(1-α)). | Review: Work O(1/(1-α)), Span O(1/(1-α)) — triangular probe then set.
src/Chap47/QuadProbFlatHashTableStEph.rs:669: error: possible mismatch: APAS: Work O(1/(1-α)) expected, Span O(1/(1-α)). | Review: Work O(1/(1-α)), Span O(1/(1-α)) — triangular probe sequence.
src/Chap47/QuadProbFlatHashTableStEph.rs:799: error: possible mismatch: APAS: Work O(1/(1-α)) expected, Span O(1/(1-α)). | Review: Work O(1/(1-α)), Span O(1/(1-α)) — triangular probe until found, then tombstone.
src/Chap47/QuadProbFlatHashTableStEph.rs:960: error: possible mismatch: APAS: Work O(n + m + m'), Span O(n + m + m'). | Review: Work O(n + m + m') — collect n pairs, create m' empty slots, reinsert.
src/Chap47/QuadProbFlatHashTableStEph.rs:1119: info: match (implicit): APAS: Work O(1), Span O(1). | Review: Work O(1), Span O(1) — triangular probe position.
src/Chap47/QuadProbFlatHashTableStEph.rs:1127: error: possible mismatch: APAS: Work O(1/(1-α)) expected, Span O(1/(1-α)). | Review: Work O(1/(1-α)), Span O(1/(1-α)) — triangular probe sequence.
src/Chap47/StructChainedHashTable.rs:265: error: possible mismatch: APAS: Work O(1+α) expected, Span O(1+α). | Review: Work O(n), Span O(n) — recursive scan for duplicate key, n = chain length.
src/Chap47/StructChainedHashTable.rs:275: error: possible mismatch: APAS: Work O(1+α) expected, Span O(1+α). | Review: Work O(n), Span O(n) — recursive scan of chain, n = chain length.
src/Chap47/StructChainedHashTable.rs:285: error: possible mismatch: APAS: Work O(1+α) expected, Span O(1+α). | Review: Work O(n), Span O(n) — recursive scan + rebuild, n = chain length.
src/Chap47/StructChainedHashTable.rs:360: info: match (implicit): APAS: Work O(n) worst, Span O(n). | Review: Work O(n) worst, Span O(n) — hash, clone chain, insert into clone, set back.
src/Chap47/StructChainedHashTable.rs:408: info: match (implicit): APAS: Work O(1+α) expected, Span O(1+α). | Review: Work O(1+α) expected, Span O(1+α) — hash, index bucket, scan chain.
src/Chap47/StructChainedHashTable.rs:434: info: match (implicit): APAS: Work O(n) worst, Span O(n). | Review: Work O(n) worst, Span O(n) — hash, clone chain, delete from clone, set back.
src/Chap47/StructChainedHashTable.rs:490: info: match (implicit): APAS: Work O(n + m + m'), Span O(n + m + m'). | Review: Work O(n + m + m'), Span O(n + m + m') — traverses all chains, creates m' lists, reinserts.
src/Chap47/StructChainedHashTable.rs:849: info: match (implicit): APAS: Work O(1), Span O(1). | Review: Work O(1), Span O(1) — delegates to stored hash function.
src/Chap47/VecChainedHashTableStEph.rs:89: info: match (implicit): APAS: Work O(1), Span O(1). | Review: Work O(1), Span O(1) — empty Vec construction.
src/Chap47/VecChainedHashTableStEph.rs:95: error: possible mismatch: APAS: Work O(1+α) expected, Span O(1+α). | Review: Work O(n) worst case
src/Chap47/VecChainedHashTableStEph.rs:122: error: possible mismatch: APAS: Work O(1+α) expected, Span O(1+α). | Review: Work O(n), Span O(n) — linear scan of chain, n = chain length.
src/Chap47/VecChainedHashTableStEph.rs:137: error: possible mismatch: APAS: Work O(1+α) expected, Span O(1+α). | Review: Work O(n), Span O(n) — linear scan + Vec::remove (shifts elements), n = chain length.
src/Chap47/VecChainedHashTableStEph.rs:182: error: possible mismatch: APAS: Work O(1+α) expected, Span O(1+α). | Review: Work O(n) worst
src/Chap47/VecChainedHashTableStEph.rs:285: error: possible mismatch: APAS: Work O(1+α) expected, Span O(1+α). | Review: Work O(n), Span O(n) — hash, backward scan bucket for last-wins match.
src/Chap47/VecChainedHashTableStEph.rs:353: error: possible mismatch: APAS: Work O(1+α) expected, Span O(1+α). | Review: Work O(n) worst
src/Chap47/VecChainedHashTableStEph.rs:497: info: match (implicit): APAS: Work O(n + m + m'), Span O(n + m + m'). | Review: Work O(n + m + m'), Span O(n + m + m') — collects n pairs, creates m' chains, reinserts.
src/Chap47/VecChainedHashTableStEph.rs:675: info: match (implicit): APAS: Work O(1), Span O(1). | Review: Work O(1), Span O(1) — delegates to stored hash function.
src/Chap49/MinEditDistMtEph.rs:122: info: match: APAS: Work O(|S| * |T|), Span O(|S| + |T|) | Review: Work O(|S|·|T|), Span O(|S|+|T|) — parallel recursive memoized with join; matches APAS
src/Chap49/MinEditDistMtEph.rs:201: info: match (implicit): APAS: Work O(|S|×|T|), Span O(|S|+|T|) | Review: Work O(|S|×|T|), Span O(|S|+|T|)
src/Chap49/MinEditDistMtPer.rs:120: info: match: APAS: Work O(|S| * |T|), Span O(|S| + |T|) | Review: Work O(|S|·|T|), Span O(|S|+|T|) — parallel recursive memoized with join; matches APAS
src/Chap49/MinEditDistMtPer.rs:168: info: match (implicit): APAS: Work O(|S|×|T|), Span O(|S|+|T|) | Review: Work O(|S|×|T|), Span O(|S|+|T|)
src/Chap49/MinEditDistStEph.rs:113: warning: ACCEPTED DIFFERENCE: Work O(|S|·|T|), Span O(|S|·|T|) — ACCEPTED DIFFERENCE: sequential DP table fill, APAS Span O(|S|+|T|) assumes parallel
src/Chap49/MinEditDistStEph.rs:163: warning: ACCEPTED DIFFERENCE: Work O(|S|*|T|), Span O(|S|*|T|) — ACCEPTED DIFFERENCE: sequential recursive memoized, Span = Work; APAS Span O(|S|+|T|) assumes parallel diagonal
src/Chap49/MinEditDistStPer.rs:113: warning: ACCEPTED DIFFERENCE: Work O(|S|·|T|), Span O(|S|·|T|) — ACCEPTED DIFFERENCE: sequential DP table fill, APAS Span O(|S|+|T|) assumes parallel
src/Chap49/MinEditDistStPer.rs:137: warning: ACCEPTED DIFFERENCE: Work O(|S|×|T|), Span O(|S|×|T|) — ACCEPTED DIFFERENCE: sequential recursive memoized, Span = Work; APAS Span O(|S|+|T|) assumes parallel diagonal
src/Chap49/SubsetSumMtEph.rs:113: info: match: APAS: Work O(k * |S|), Span O(|S|) | Review: Work O(k·|S|), Span O(|S|) — parallel recursive memoized with join; matches APAS
src/Chap49/SubsetSumMtEph.rs:169: info: match (implicit): APAS: Work O(k×|S|), Span O(|S|) | Review: Work O(k×|S|), Span O(|S|)
src/Chap49/SubsetSumMtPer.rs:111: info: match: APAS: Work O(k * |S|), Span O(|S|) | Review: Work O(k·|S|), Span O(|S|) — parallel recursive memoized with join; matches APAS
src/Chap49/SubsetSumMtPer.rs:152: info: match (implicit): APAS: Work O(k×|S|), Span O(|S|) | Review: Work O(k×|S|), Span O(|S|)
src/Chap49/SubsetSumStEph.rs:101: warning: ACCEPTED DIFFERENCE: Work O(k·|S|), Span O(k·|S|) — ACCEPTED DIFFERENCE: sequential DP table fill, APAS Span O(|S|) assumes parallel
src/Chap49/SubsetSumStEph.rs:133: warning: ACCEPTED DIFFERENCE: Work O(k*|S|), Span O(k*|S|) — ACCEPTED DIFFERENCE: sequential recursive memoized, Span = Work; APAS Span O(|S|) assumes parallel
src/Chap49/SubsetSumStPer.rs:101: warning: ACCEPTED DIFFERENCE: Work O(k·|S|), Span O(k·|S|) — ACCEPTED DIFFERENCE: sequential DP table fill, APAS Span O(|S|) assumes parallel
src/Chap49/SubsetSumStPer.rs:121: warning: ACCEPTED DIFFERENCE: Work O(k×|S|), Span O(k×|S|) — ACCEPTED DIFFERENCE: sequential recursive memoized, Span = Work; APAS Span O(|S|) assumes parallel
src/Chap50/MatrixChainMtEph.rs:663: info: match (implicit): APAS: Work O(n), Span O(n) | Review: Work O(n), Span O(n) — clone Vec under read lock
src/Chap50/MatrixChainMtEph.rs:677: info: match (implicit): APAS: Work O(n), Span O(n) | Review: Work O(n), Span O(n) — clone Vec under read lock
src/Chap50/MatrixChainMtEph.rs:690: info: match (implicit): APAS: Work O(1), Span O(1) | Review: Work O(1), Span O(1) — format two integers
src/Chap50/MatrixChainMtEph.rs:722: info: match (implicit): APAS: Work O(1), Span O(1) | Review: Work O(1), Span O(1) — format two integers under read locks
src/Chap50/MatrixChainMtEph.rs:742: info: match (implicit): APAS: Work O(n), Span O(n) | Review: Work O(n), Span O(n) — clone Vec from Arc<RwLock>
src/Chap50/MatrixChainMtPer.rs:538: info: match (implicit): APAS: Work O(1), Span O(1) | Review: Work O(1), Span O(1) — create cloned iterator adapter over Arc<Vec>
src/Chap50/MatrixChainMtPer.rs:546: info: match (implicit): APAS: Work O(1), Span O(1) | Review: Work O(1), Span O(1) — format two integers
src/Chap50/MatrixChainMtPer.rs:578: info: match (implicit): APAS: Work O(1), Span O(1) | Review: Work O(1), Span O(1) — format two integers
src/Chap50/MatrixChainMtPer.rs:597: info: match (implicit): APAS: Work O(n), Span O(n) | Review: Work O(n), Span O(n) — unwrap or clone Vec from Arc
src/Chap50/MatrixChainStEph.rs:505: info: match (implicit): APAS: Work O(1), Span O(1) | Review: Work O(1), Span O(1) — create cloned iterator adapter
src/Chap50/MatrixChainStEph.rs:514: info: match (implicit): APAS: Work O(1), Span O(1) | Review: Work O(1), Span O(1) — create cloned iterator adapter
src/Chap50/MatrixChainStEph.rs:522: info: match (implicit): APAS: Work O(1), Span O(1) | Review: Work O(1), Span O(1) — format two integers
src/Chap50/MatrixChainStEph.rs:540: info: match (implicit): APAS: Work O(1), Span O(1) | Review: Work O(1), Span O(1) — format two integers
src/Chap50/MatrixChainStEph.rs:556: info: match (implicit): APAS: Work O(1), Span O(1) | Review: Work O(1), Span O(1) — move Vec into iterator
src/Chap50/MatrixChainStPer.rs:450: info: match (implicit): APAS: Work O(1), Span O(1) | Review: Work O(1), Span O(1) — create cloned iterator adapter
src/Chap50/MatrixChainStPer.rs:458: info: match (implicit): APAS: Work O(1), Span O(1) | Review: Work O(1), Span O(1) — format two integers
src/Chap50/MatrixChainStPer.rs:476: info: match (implicit): APAS: Work O(1), Span O(1) | Review: Work O(1), Span O(1) — format two integers
src/Chap50/MatrixChainStPer.rs:492: info: match (implicit): APAS: Work O(1), Span O(1) | Review: Work O(1), Span O(1) — move Vec into iterator
src/Chap50/OptBinSearchTreeMtEph.rs:154: info: match (implicit): APAS: Work O(n^3), Span O(n lg n) | Review: Work O(n^3), Span O(n lg n) — parallel min reduction over split points via join, O(1) prefix sum lookup
src/Chap50/OptBinSearchTreeMtEph.rs:587: info: match (implicit): APAS: Work O(n), Span O(n) | Review: Work O(n), Span O(n) — clone Vec under read lock
src/Chap50/OptBinSearchTreeMtEph.rs:601: info: match (implicit): APAS: Work O(n), Span O(n) | Review: Work O(n), Span O(n) — clone Vec under read lock
src/Chap50/OptBinSearchTreeMtEph.rs:620: info: match (implicit): APAS: Work O(1), Span O(1) | Review: Work O(1), Span O(1) — format key and probability
src/Chap50/OptBinSearchTreeMtEph.rs:652: info: match (implicit): APAS: Work O(1), Span O(1) | Review: Work O(1), Span O(1) — format two integers under read locks
src/Chap50/OptBinSearchTreeMtEph.rs:669: info: match (implicit): APAS: Work O(n), Span O(n) | Review: Work O(n), Span O(n) — clone Vec from Arc<RwLock>
src/Chap50/OptBinSearchTreeMtPer.rs:123: info: match (implicit): APAS: Work O(n^3), Span O(n lg n) | Review: Work O(n^3), Span O(n lg n) — parallel min reduction over split points via join, O(1) prefix sum lookup
src/Chap50/OptBinSearchTreeMtPer.rs:445: info: match (implicit): APAS: Work O(1), Span O(1) | Review: Work O(1), Span O(1) — create cloned iterator adapter over Arc<Vec>
src/Chap50/OptBinSearchTreeMtPer.rs:459: info: match (implicit): APAS: Work O(1), Span O(1) | Review: Work O(1), Span O(1) — format key and probability
src/Chap50/OptBinSearchTreeMtPer.rs:481: info: match (implicit): APAS: Work O(1), Span O(1) | Review: Work O(1), Span O(1) — format two integers
src/Chap50/OptBinSearchTreeMtPer.rs:495: info: match (implicit): APAS: Work O(n), Span O(n) | Review: Work O(n), Span O(n) — unwrap or clone Vec from Arc
src/Chap50/OptBinSearchTreeStEph.rs:244: warning: ACCEPTED DIFFERENCE: Work O(n^3), Span O(n^3) — ACCEPTED DIFFERENCE: sequential DP table fill, APAS Span O(n lg n) assumes parallel
src/Chap50/OptBinSearchTreeStEph.rs:358: info: match (implicit): APAS: Work O(1), Span O(1) | Review: Work O(1), Span O(1) — create cloned iterator adapter
src/Chap50/OptBinSearchTreeStEph.rs:367: info: match (implicit): APAS: Work O(1), Span O(1) | Review: Work O(1), Span O(1) — create cloned iterator adapter
src/Chap50/OptBinSearchTreeStEph.rs:375: info: match (implicit): APAS: Work O(1), Span O(1) | Review: Work O(1), Span O(1) — format key and probability
src/Chap50/OptBinSearchTreeStEph.rs:393: info: match (implicit): APAS: Work O(1), Span O(1) | Review: Work O(1), Span O(1) — format two integers
src/Chap50/OptBinSearchTreeStEph.rs:409: info: match (implicit): APAS: Work O(1), Span O(1) | Review: Work O(1), Span O(1) — move Vec into iterator
src/Chap50/OptBinSearchTreeStPer.rs:210: warning: ACCEPTED DIFFERENCE: Work O(n^3), Span O(n^3) — ACCEPTED DIFFERENCE: sequential DP table fill, APAS Span O(n lg n) assumes parallel
src/Chap50/OptBinSearchTreeStPer.rs:324: info: match (implicit): APAS: Work O(1), Span O(1) | Review: Work O(1), Span O(1) — create cloned iterator adapter
src/Chap50/OptBinSearchTreeStPer.rs:332: info: match (implicit): APAS: Work O(1), Span O(1) | Review: Work O(1), Span O(1) — format key and probability
src/Chap50/OptBinSearchTreeStPer.rs:350: info: match (implicit): APAS: Work O(1), Span O(1) | Review: Work O(1), Span O(1) — format two integers
src/Chap50/OptBinSearchTreeStPer.rs:366: info: match (implicit): APAS: Work O(1), Span O(1) | Review: Work O(1), Span O(1) — move Vec into iterator
src/Chap51/BottomUpDPMtEph.rs:101: info: match (implicit): APAS: Work O(|S|*|T|), Span O(|S|+|T|) (Algorithm 51.1, diagonal parallel) | Review: Work O(|S|*|T|), Span O(|S|*|T|) -- sequential row fill, not parallel.
src/Chap51/BottomUpDPStEph.rs:103: warning: ACCEPTED DIFFERENCE: Work O(|S|·|T|), Span O(|S|·|T|) — ACCEPTED DIFFERENCE: sequential DP table fill, APAS Span O(|S|+|T|) assumes parallel
src/Chap51/BottomUpDPStPer.rs:86: warning: ACCEPTED DIFFERENCE: Work O(|S|·|T|), Span O(|S|·|T|) — ACCEPTED DIFFERENCE: sequential DP table fill, APAS Span O(|S|+|T|) assumes parallel
src/Chap51/TopDownDPMtEph.rs:201: info: match (implicit): APAS: Work O(|S|*|T|), Span O(|S|*|T|) (sequential memo threading) | Review: Work O(|S|*|T|), Span O(|S|*|T|) -- sequential memoized recursion.
src/Chap51/TopDownDPMtEph.rs:216: info: match (implicit): APAS: Work O(|S|*|T|), Span O(|S|+|T|) (parallel subproblem exploration) | Review: Work O(|S|*|T|), Span O(|S|+|T|) -- fork-join on branches.
src/Chap51/TopDownDPMtEph.rs:236: info: match (implicit): APAS: Work O(|S|*|T|), Span O(|S|*|T|) (Algorithm 51.4, sequential) | Review: Work O(|S|*|T|), Span O(|S|*|T|) -- sequential recursion with memo.
src/Chap51/TopDownDPMtEph.rs:317: info: match (implicit): APAS: Work O(|S|*|T|), Span O(|S|+|T|) (parallel subproblem exploration) | Review: Work O(|S|*|T|), Span O(|S|+|T|) -- fork-join on delete/insert.
src/Chap51/TopDownDPStEph.rs:153: info: match (implicit): APAS: Work O(|S|*|T|), Span O(|S|+|T|) (Algorithm 51.4) | Review: Work O(|S|*|T|), Span O(|S|*|T|) -- sequential recursion with memo.
src/Chap51/TopDownDPStEph.rs:168: info: match (implicit): APAS: Work O(|S|*|T|), Span O(|S|+|T|) (medOne from Algorithm 51.4) | Review: Work O(|S|*|T|), Span O(|S|*|T|) -- sequential recursion with memo.
src/Chap52/AdjMatrixGraphMtEph.rs:112: info: match (implicit): APAS: Work O(1), Span O(1) | Review: Work O(1), Span O(1); cached vertex count
src/Chap52/AdjMatrixGraphMtEph.rs:119: info: match (implicit): APAS: Work O(1), Span O(1) | Review: Work O(1), Span O(1); cached edge count
src/Chap52/AdjMatrixGraphMtEph.rs:130: info: match (implicit): APAS: Work O(1), Span O(1) | Review: Work O(1), Span O(1); direct matrix index
src/Chap52/AdjMatrixGraphMtEph.rs:139: info: match (implicit): APAS: Work O(n), Span O(1) | Review: Work O(n), Span O(n) work; sequential row scan
src/Chap52/AdjMatrixGraphMtEph.rs:152: info: match (implicit): APAS: Work O(n), Span O(lg n) | Review: Work O(n), Span O(n) work; sequential count
src/Chap52/AdjMatrixGraphMtEph.rs:164: info: match (implicit): APAS: Work O(1), Span O(1) | Review: Work O(1), Span O(1); in-place matrix update
src/Chap52/AdjMatrixGraphMtEph.rs:182: info: match (implicit): APAS: Work O(n^2), Span O(1) | Review: Work O(n^2), Span O(n^2) work; negate all entries
src/Chap52/AdjMatrixGraphMtPer.rs:118: info: match (implicit): APAS: Work O(1), Span O(1) | Review: Work O(1), Span O(1); cached vertex count
src/Chap52/AdjMatrixGraphMtPer.rs:125: info: match (implicit): APAS: Work O(1), Span O(1) | Review: Work O(1), Span O(1); cached edge count
src/Chap52/AdjMatrixGraphMtPer.rs:136: info: match (implicit): APAS: Work O(1), Span O(1) | Review: Work O(1), Span O(1); direct matrix index
src/Chap52/AdjMatrixGraphMtPer.rs:145: info: match (implicit): APAS: Work O(n), Span O(1) | Review: Work O(n), Span O(n) work; sequential row scan
src/Chap52/AdjMatrixGraphMtPer.rs:161: info: match (implicit): APAS: Work O(n), Span O(lg n) | Review: Work O(n), Span O(n) work; sequential count
src/Chap52/AdjMatrixGraphMtPer.rs:174: warning: ACCEPTED DIFFERENCE: Work O(n^2), Span O(n^2) — ACCEPTED DIFFERENCE: APAS assumes O(1) row-pointer copy in outer seq; Vec-backed persistent deep-copies all n rows
src/Chap52/AdjMatrixGraphMtPer.rs:191: info: match (implicit): APAS: Work O(n^2), Span O(1) | Review: Work O(n^2), Span O(n^2) work; negate all entries
src/Chap52/AdjMatrixGraphStEph.rs:108: info: match (implicit): APAS: Work O(1), Span O(1) | Review: Work O(1), Span O(1); cached vertex count
src/Chap52/AdjMatrixGraphStEph.rs:114: info: match (implicit): APAS: Work O(1), Span O(1) | Review: Work O(1), Span O(1); cached edge count
src/Chap52/AdjMatrixGraphStEph.rs:124: info: match (implicit): APAS: Work O(1), Span O(1) | Review: Work O(1), Span O(1); direct matrix index
src/Chap52/AdjMatrixGraphStEph.rs:130: info: match (implicit): APAS: Work O(n), Span O(1) | Review: Work O(n), Span O(n) work; sequential row scan
src/Chap52/AdjMatrixGraphStEph.rs:142: info: match (implicit): APAS: Work O(n), Span O(lg n) | Review: Work O(n), Span O(n) work; sequential count
src/Chap52/AdjMatrixGraphStEph.rs:151: info: match (implicit): APAS: Work O(1), Span O(1) | Review: Work O(1), Span O(1); in-place matrix update
src/Chap52/AdjMatrixGraphStEph.rs:168: info: match (implicit): APAS: Work O(n^2), Span O(1) | Review: Work O(n^2), Span O(n^2) work; negate all entries
src/Chap52/AdjMatrixGraphStPer.rs:121: info: match (implicit): APAS: Work O(1), Span O(1) | Review: Work O(1), Span O(1); cached vertex count
src/Chap52/AdjMatrixGraphStPer.rs:128: info: match (implicit): APAS: Work O(1), Span O(1) | Review: Work O(1), Span O(1); cached edge count
src/Chap52/AdjMatrixGraphStPer.rs:139: info: match (implicit): APAS: Work O(1), Span O(1) | Review: Work O(1), Span O(1); direct matrix index
src/Chap52/AdjMatrixGraphStPer.rs:146: info: match (implicit): APAS: Work O(n), Span O(1) | Review: Work O(n), Span O(n) work; sequential row scan
src/Chap52/AdjMatrixGraphStPer.rs:159: info: match (implicit): APAS: Work O(n), Span O(lg n) | Review: Work O(n), Span O(n) work; sequential count
src/Chap52/AdjMatrixGraphStPer.rs:170: warning: ACCEPTED DIFFERENCE: Work O(n), Span O(n) — ACCEPTED DIFFERENCE: APAS says O(1); persistent seq requires row copy
src/Chap52/AdjMatrixGraphStPer.rs:187: info: match (implicit): APAS: Work O(n^2), Span O(1) | Review: Work O(n^2), Span O(n^2) work; negate all entries
src/Chap52/AdjSeqGraphMtEph.rs:113: info: match (implicit): APAS: Work O(1), Span O(1) | Review: Work O(1), Span O(1); seq len
src/Chap52/AdjSeqGraphMtEph.rs:120: info: match (implicit): APAS: Work O(1), Span O(1) | Review: Work O(1), Span O(1); cached field
src/Chap52/AdjSeqGraphMtEph.rs:132: info: match (implicit): APAS: Work O(d_g(u)), Span O(lg d_g(u)) | Review: Work O(d_g(u)), Span O(d_g(u)) work; sequential scan
src/Chap52/AdjSeqGraphMtEph.rs:141: info: match (implicit): APAS: Work O(d_g(v)), Span O(1) | Review: Work O(d_g(v)), Span O(d_g(v)) work; clone inner seq
src/Chap52/AdjSeqGraphMtEph.rs:151: info: match (implicit): APAS: Work O(1), Span O(1) | Review: Work O(1), Span O(1); inner seq len
src/Chap52/AdjSeqGraphMtEph.rs:183: error: possible mismatch: APAS: Work O(n), Span O(1) — persistent cost; APAS notes ephemeral improves to O(d_g(u)) or better | Review: Work O(d_g(u)), Span O(d_g(u)) ephemeral improvement; sequential span
src/Chap52/AdjSeqGraphMtPer.rs:114: info: match (implicit): APAS: Work O(1), Span O(1) | Review: Work O(1), Span O(1); seq len
src/Chap52/AdjSeqGraphMtPer.rs:121: info: match (implicit): APAS: Work O(1), Span O(1) | Review: Work O(1), Span O(1) — cached field
src/Chap52/AdjSeqGraphMtPer.rs:132: info: match (implicit): APAS: Work O(d_g(u)), Span O(lg d_g(u)) | Review: Work O(d_g(u)), Span O(d_g(u)) work; sequential scan
src/Chap52/AdjSeqGraphMtPer.rs:141: error: possible mismatch: APAS: Work O(d_g(v)), Span O(1) | Review: Work O(1), Span O(1); returns reference to inner seq
src/Chap52/AdjSeqGraphMtPer.rs:151: info: match (implicit): APAS: Work O(1), Span O(1) | Review: Work O(1), Span O(1); inner seq len
src/Chap52/AdjSeqGraphStEph.rs:84: info: match (implicit): APAS: Work O(n), Span O(n)  | Review: Work O(n), Span O(n)
src/Chap52/AdjSeqGraphStEph.rs:93: info: match (implicit): APAS: Work O(1), Span O(1) | Review: Work O(1), Span O(1)
src/Chap52/AdjSeqGraphStEph.rs:112: info: match (implicit): APAS: Work O(1), Span O(1) | Review: Work O(1), Span O(1); seq len
src/Chap52/AdjSeqGraphStEph.rs:118: info: match (implicit): APAS: Work O(1), Span O(1) | Review: Work O(1), Span O(1); cached field
src/Chap52/AdjSeqGraphStEph.rs:129: info: match (implicit): APAS: Work O(d_g(u)), Span O(lg d_g(u)) | Review: Work O(d_g(u)), Span O(d_g(u)) work; sequential scan
src/Chap52/AdjSeqGraphStEph.rs:137: info: match (implicit): APAS: Work O(d_g(v)), Span O(1) | Review: Work O(d_g(v)), Span O(d_g(v)) work; tabulate copy
src/Chap52/AdjSeqGraphStEph.rs:146: info: match (implicit): APAS: Work O(1), Span O(1) | Review: Work O(1), Span O(1); inner seq len
src/Chap52/AdjSeqGraphStEph.rs:152: info: match (implicit): APAS: Work O(1), Span O(1)  | Review: Work O(1), Span O(1)
src/Chap52/AdjSeqGraphStEph.rs:178: error: possible mismatch: APAS: Work O(n + deg(u)), Span O(n + deg(u)) | Review: Work O(n + deg(u)
src/Chap52/AdjSeqGraphStEph.rs:200: error: possible mismatch: APAS: Work O(n + deg(u)), Span O(n + deg(u)) | Review: Work O(n + deg(u)
src/Chap52/AdjSeqGraphStEph.rs:223: warning: ACCEPTED DIFFERENCE: Work O(n + d_g(u)), Span O(n + d_g(u)) — ACCEPTED DIFFERENCE: APAS says O(n), O(1); impl rebuilds neighbor list sequentially
src/Chap52/AdjSeqGraphStPer.rs:120: info: match (implicit): APAS: Work O(1), Span O(1) | Review: Work O(1), Span O(1); seq len
src/Chap52/AdjSeqGraphStPer.rs:127: info: match (implicit): APAS: Work O(1), Span O(1) | Review: Work O(1), Span O(1) — cached field
src/Chap52/AdjSeqGraphStPer.rs:138: info: match (implicit): APAS: Work O(d_g(u)), Span O(lg d_g(u)) | Review: Work O(d_g(u)), Span O(d_g(u)) work; sequential scan
src/Chap52/AdjSeqGraphStPer.rs:147: error: possible mismatch: APAS: Work O(d_g(v)), Span O(1) | Review: Work O(1), Span O(1); returns reference to inner seq
src/Chap52/AdjSeqGraphStPer.rs:157: info: match (implicit): APAS: Work O(1), Span O(1) | Review: Work O(1), Span O(1); inner seq len
src/Chap52/AdjTableGraphMtPer.rs:103: info: match (implicit): APAS: Work O(1), Span O(1) | Review: Work O(1), Span O(1); table size
src/Chap52/AdjTableGraphMtPer.rs:108: info: match (implicit): APAS: Work O(1), Span O(1) | Review: Work O(1), Span O(1); cached field
src/Chap52/AdjTableGraphMtPer.rs:115: info: match (implicit): APAS: Work O(lg n), Span O(lg n) | Review: Work O(lg n), Span O(lg n); table find + set find
src/Chap52/AdjTableGraphMtPer.rs:121: error: possible mismatch: APAS: Work O(lg n + d_g(v)), Span O(lg n) | Review: Work O(lg n), Span O(lg n); table find returns neighbor set
src/Chap52/AdjTableGraphMtPer.rs:130: info: match (implicit): APAS: Work O(lg n), Span O(lg n) | Review: Work O(lg n), Span O(lg n); table find + set len
src/Chap52/AdjTableGraphStEph.rs:83: info: match (implicit): APAS: Work O(1), Span O(1)  | Review: Work O(1), Span O(1)
src/Chap52/AdjTableGraphStEph.rs:91: info: match (implicit): APAS: Work O(1), Span O(1) | Review: Work O(1), Span O(1)
src/Chap52/AdjTableGraphStEph.rs:106: info: match (implicit): APAS: Work O(1), Span O(1) | Review: Work O(1), Span O(1); table size
src/Chap52/AdjTableGraphStEph.rs:111: warning: ACCEPTED DIFFERENCE: Work O(n+m), Span O(n+m) — ACCEPTED DIFFERENCE: APAS assumes cached; impl sums degrees sequentially
src/Chap52/AdjTableGraphStEph.rs:115: info: match (implicit): APAS: Work O(|V|), Span O(|V|)  | Review: Work O(|V|), Span O(|V|)
src/Chap52/AdjTableGraphStEph.rs:123: info: match (implicit): APAS: Work O(lg n), Span O(lg n) | Review: Work O(lg n), Span O(lg n); table find + set find
src/Chap52/AdjTableGraphStEph.rs:128: error: possible mismatch: APAS: Work O(lg n + d_g(v)), Span O(lg n) | Review: Work O(lg n), Span O(lg n); table find returns neighbor set
src/Chap52/AdjTableGraphStEph.rs:135: info: match (implicit): APAS: Work O(lg n), Span O(lg n) | Review: Work O(lg n), Span O(lg n); table find + set len
src/Chap52/AdjTableGraphStEph.rs:139: info: match (implicit): APAS: Work O(lg n), Span O(lg n)  | Review: Work O(lg n), Span O(lg n)
src/Chap52/AdjTableGraphStEph.rs:145: error: possible mismatch: APAS: Work O((n + m) lg n), Span O((n + m) lg n)  | Review: Work O((n + m)
src/Chap52/AdjTableGraphStEph.rs:151: info: match (implicit): APAS: Work O(lg n + lg m), Span O(lg n + lg m)  | Review: Work O(lg n + lg m), Span O(lg n + lg m)
src/Chap52/AdjTableGraphStEph.rs:163: info: match (implicit): APAS: Work O(lg n + lg m), Span O(lg n + lg m)  | Review: Work O(lg n + lg m), Span O(lg n + lg m)
src/Chap52/AdjTableGraphStPer.rs:143: info: match (implicit): APAS: Work O(1), Span O(1) | Review: Work O(1), Span O(1); table size
src/Chap52/AdjTableGraphStPer.rs:149: warning: ACCEPTED DIFFERENCE: Work O(n+m), Span O(n+m) — ACCEPTED DIFFERENCE: APAS assumes cached; impl sums degrees sequentially
src/Chap52/AdjTableGraphStPer.rs:161: info: match (implicit): APAS: Work O(lg n), Span O(lg n) | Review: Work O(lg n), Span O(lg n); table find + set find
src/Chap52/AdjTableGraphStPer.rs:167: error: possible mismatch: APAS: Work O(lg n + d_g(v)), Span O(lg n) | Review: Work O(lg n), Span O(lg n); table find returns neighbor set
src/Chap52/AdjTableGraphStPer.rs:175: info: match (implicit): APAS: Work O(lg n), Span O(lg n) | Review: Work O(lg n), Span O(lg n); table find + set len
src/Chap52/EdgeSetGraphMtEph.rs:96: info: match (implicit): APAS: Work O(1), Span O(1) | Review: Work O(1), Span O(1) — creates empty sets.
src/Chap52/EdgeSetGraphMtEph.rs:105: info: match (implicit): APAS: Work O(1), Span O(1) | Review: Work O(1), Span O(1) — wraps existing sets.
src/Chap52/EdgeSetGraphMtEph.rs:119: info: match (implicit): APAS: Work O(1), Span O(1) | Review: Work O(1), Span O(1); AVL set len.
src/Chap52/EdgeSetGraphMtEph.rs:123: info: match (implicit): APAS: Work O(1), Span O(1) | Review: Work O(1), Span O(1); AVL set len.
src/Chap52/EdgeSetGraphMtEph.rs:127: info: match (implicit): APAS: Work O(1), Span O(1) | Review: Work O(1), Span O(1) — returns reference.
src/Chap52/EdgeSetGraphMtEph.rs:131: info: match (implicit): APAS: Work O(1), Span O(1) | Review: Work O(1), Span O(1) — returns reference.
src/Chap52/EdgeSetGraphMtEph.rs:135: info: match (implicit): APAS: Work O(lg n), Span O(lg n) | Review: Work O(lg n), Span O(lg n); AVL find.
src/Chap52/EdgeSetGraphMtEph.rs:139: error: possible mismatch: APAS: Work O(m), Span O(m) | Review: Work O(m lg m), Span O(m lg m); sequential iterate+insert (filter closures not Send+Sync).
src/Chap52/EdgeSetGraphMtEph.rs:148: error: possible mismatch: APAS: Work O(m), Span O(m) | Review: Work O(m lg m), Span O(m lg m); delegates to out_neighbors.
src/Chap52/EdgeSetGraphMtEph.rs:154: info: match (implicit): APAS: Work O(lg n), Span O(lg n) | Review: Work O(lg n), Span O(lg n); AVL set insert.
src/Chap52/EdgeSetGraphMtEph.rs:161: info: match (implicit): APAS: Work O(m lg m), Span O(m lg m) | Review: Work O(m lg m), Span O(m lg m); iterate + delete edges touching v.
src/Chap52/EdgeSetGraphMtEph.rs:169: info: match (implicit): APAS: Work O(lg n + lg m), Span O(lg n + lg m) | Review: Work O(lg n + lg m), Span O(lg n + lg m); vertex inserts + edge insert.
src/Chap52/EdgeSetGraphMtEph.rs:177: info: match (implicit): APAS: Work O(lg m), Span O(lg m) | Review: Work O(lg m), Span O(lg m); AVL set delete.
src/Chap52/EdgeSetGraphMtPer.rs:118: info: match (implicit): APAS: Work O(1), Span O(1) | Review: Work O(1), Span O(1); AVL set len
src/Chap52/EdgeSetGraphMtPer.rs:123: info: match (implicit): APAS: Work O(1), Span O(1) | Review: Work O(1), Span O(1); AVL set len
src/Chap52/EdgeSetGraphMtPer.rs:136: info: match (implicit): APAS: Work O(lg n), Span O(lg n) | Review: Work O(lg n), Span O(lg n); AVL find
src/Chap52/EdgeSetGraphMtPer.rs:141: info: match (implicit): APAS: Work O(m), Span O(lg n) | Review: Work O(m), Span O(lg n); parallel filter
src/Chap52/EdgeSetGraphMtPer.rs:152: info: match (implicit): APAS: Work O(m), Span O(lg n) | Review: Work O(m), Span O(lg n); parallel filter then len
src/Chap52/EdgeSetGraphMtPer.rs:247: info: match (implicit): APAS: Work O(m), Span O(lg n)  | Review: Work O(m), Span O(lg n)
src/Chap52/EdgeSetGraphMtPer.rs:319: info: match (implicit): APAS: Work O(m), Span O(lg n)  | Review: Work O(m), Span O(lg n)
src/Chap52/EdgeSetGraphMtPer.rs:341: info: match (implicit): APAS: Work O(|E| log |E|), Span O(log |E| * log |V|) | Review: Work O(|E| log |E|), Span O(log |E| * log |V|)
src/Chap52/EdgeSetGraphStEph.rs:92: info: match (implicit): APAS: Work O(1), Span O(1)  | Review: Work O(1), Span O(1)
src/Chap52/EdgeSetGraphStEph.rs:102: info: match (implicit): APAS: Work O(1), Span O(1) | Review: Work O(1), Span O(1)
src/Chap52/EdgeSetGraphStEph.rs:117: info: match (implicit): APAS: Work O(1), Span O(1) | Review: Work O(1), Span O(1); AVL set len
src/Chap52/EdgeSetGraphStEph.rs:121: info: match (implicit): APAS: Work O(1), Span O(1) | Review: Work O(1), Span O(1); AVL set len
src/Chap52/EdgeSetGraphStEph.rs:125: info: match (implicit): APAS: Work O(1), Span O(1)  | Review: Work O(1), Span O(1)
src/Chap52/EdgeSetGraphStEph.rs:130: info: match (implicit): APAS: Work O(1), Span O(1)  | Review: Work O(1), Span O(1)
src/Chap52/EdgeSetGraphStEph.rs:135: info: match (implicit): APAS: Work O(lg n), Span O(lg n) | Review: Work O(lg n), Span O(lg n); AVL find
src/Chap52/EdgeSetGraphStEph.rs:139: info: match (implicit): APAS: Work O(m), Span O(lg n) | Review: Work O(m), Span O(m) work; sequential filter
src/Chap52/EdgeSetGraphStEph.rs:144: info: match (implicit): APAS: Work O(m), Span O(lg n) | Review: Work O(m), Span O(m) work; sequential filter then len
src/Chap52/EdgeSetGraphStEph.rs:148: info: match (implicit): APAS: Work O(lg n), Span O(lg n)  | Review: Work O(lg n), Span O(lg n)
src/Chap52/EdgeSetGraphStEph.rs:156: info: match (implicit): APAS: Work O(m lg m), Span O(m lg m)  | Review: Work O(m lg m), Span O(m lg m)
src/Chap52/EdgeSetGraphStEph.rs:162: info: match (implicit): APAS: Work O(lg n + lg m), Span O(lg n + lg m)  | Review: Work O(lg n + lg m), Span O(lg n + lg m)
src/Chap52/EdgeSetGraphStEph.rs:171: info: match (implicit): APAS: Work O(lg m), Span O(lg m)  | Review: Work O(lg m), Span O(lg m)
src/Chap52/EdgeSetGraphStEph.rs:336: info: match (implicit): APAS: Work O(m), Span O(lg n)  | Review: Work O(m), Span O(lg n)
src/Chap52/EdgeSetGraphStPer.rs:121: info: match (implicit): APAS: Work O(1), Span O(1) | Review: Work O(1), Span O(1); AVL set len
src/Chap52/EdgeSetGraphStPer.rs:126: info: match (implicit): APAS: Work O(1), Span O(1) | Review: Work O(1), Span O(1); AVL set len
src/Chap52/EdgeSetGraphStPer.rs:139: info: match (implicit): APAS: Work O(lg n), Span O(lg n) | Review: Work O(lg n), Span O(lg n); AVL find
src/Chap52/EdgeSetGraphStPer.rs:144: info: match (implicit): APAS: Work O(m), Span O(lg n) | Review: Work O(m), Span O(m) work; sequential filter
src/Chap52/EdgeSetGraphStPer.rs:150: info: match (implicit): APAS: Work O(m), Span O(lg n) | Review: Work O(m), Span O(m) work; sequential filter then len
src/Chap52/EdgeSetGraphStPer.rs:339: info: match (implicit): APAS: Work O(m), Span O(lg n)  | Review: Work O(m), Span O(lg n)
src/Chap54/BFSMtEph.rs:291: info: match (implicit): APAS: Work O(m lg n), Span O(d lg^2 n) | Review: Work O(m lg n), Span O(d lg^2 n); parallel BFS with set union per round
src/Chap54/BFSMtEph.rs:309: error: possible mismatch: APAS: Work O(n + m), Span O(d lg n) | Review: Work O(n+m), Span O(d lg n); parallel BFS tree with inject per round
src/Chap54/BFSMtPer.rs:292: info: match (implicit): APAS: Work O(m lg n), Span O(d lg^2 n) | Review: Work O(m lg n), Span O(d lg^2 n); parallel BFS with set union per round
src/Chap54/BFSMtPer.rs:310: error: possible mismatch: APAS: Work O(n + m), Span O(d lg n) | Review: Work O(n+m), Span O(d lg n); parallel BFS tree with inject per round
src/Chap54/BFSStEph.rs:221: warning: ACCEPTED DIFFERENCE: Work O(n+m), Span O(n+m) — ACCEPTED DIFFERENCE: impl uses sequential queue-based BFS (Alg 54.3), not parallel set-based (Alg 54.4)
src/Chap54/BFSStEph.rs:238: error: possible mismatch: APAS: Work O(n + m), Span O(d lg n) | Review: Work O(n+m), Span O(n+m) work; sequential BFS tree with array seqs
src/Chap54/BFSStEph.rs:266: info: match (implicit): APAS: Work O(|V| + |E|), Span O(|V| + |E|) | Review: Work O(|V| + |E|), Span O(|V| + |E|)
src/Chap54/BFSStPer.rs:220: warning: ACCEPTED DIFFERENCE: Work O(n+m), Span O(n+m) — ACCEPTED DIFFERENCE: impl uses sequential queue-based BFS (Alg 54.3), not parallel set-based (Alg 54.4)
src/Chap54/BFSStPer.rs:237: error: possible mismatch: APAS: Work O(n + m), Span O(d lg n) | Review: Work O(n+m), Span O(n+m) work; sequential BFS tree with array seqs
src/Chap54/BFSStPer.rs:266: info: match (implicit): APAS: Work O(|V| + |E|), Span O(|V| + |E|) | Review: Work O(|V| + |E|), Span O(|V| + |E|)
src/Chap55/CycleDetectStEph.rs:278: info: match (implicit): APAS: Work O(|V| + |E|), Span O(|V| + |E|)  | Review: Work O(|V| + |E|), Span O(|V| + |E|)
src/Chap55/DFSStEph.rs:208: info: match (implicit): APAS: Work O((m+n) lg n), Span O((m+n) lg n) | Review: Work O((m+n) lg n), Span O((m+n) lg n) tree-based cost
src/Chap55/DFSStEph.rs:210: error: possible mismatch: APAS: Work O(m + n), Span O(m + n) | Review: Work O((m+n) lg n), Span O((m+n) lg n) tree-based; uses AVL set for visited, adj seq for graph
src/Chap55/DFSStPer.rs:211: info: match (implicit): APAS: Work O((m+n) lg n), Span O((m+n) lg n) | Review: Work O((m+n) lg n), Span O((m+n) lg n) tree-based cost
src/Chap55/DFSStPer.rs:213: error: possible mismatch: APAS: Work O(m + n), Span O(m + n) | Review: Work O((m+n) lg n), Span O((m+n) lg n) tree-based; uses AVL set for visited, adj seq for graph
src/Chap55/SCCStEph.rs:69: info: match (implicit): APAS: Work O(|V| + |E|), Span O(|V| + |E|)  | Review: Work O(|V| + |E|), Span O(|V| + |E|)
src/Chap55/TopoSortStEph.rs:329: info: match (implicit): APAS: Work O(|V| + |E|), Span O(|V| + |E|)  | Review: Work O(|V| + |E|), Span O(|V| + |E|)
src/Chap56/PathWeightUtilsStEph.rs:63: error: possible mismatch: APAS: computes path weight (sum of edge weights along a path). | Review: Work O(k), Span O(k) — definition, k = path length
src/Chap56/PathWeightUtilsStEph.rs:68: error: possible mismatch: APAS: computes path weight (sum of edge weights along a path). | Review: Work O(k), Span O(k) — definition, k = path length
src/Chap56/PathWeightUtilsStPer.rs:66: error: possible mismatch: APAS: computes path weight (sum of edge weights along a path). | Review: Work O(k), Span O(k) — definition, k = path length
src/Chap56/PathWeightUtilsStPer.rs:71: error: possible mismatch: APAS: computes path weight (sum of edge weights along a path). | Review: Work O(k), Span O(k) — definition, k = path length
src/Chap57/DijkstraStEphF64.rs:91: info: match (implicit): APAS: Work O(m lg n), Span O(m lg n) | Review: Work O(m lg n), Span O(m lg n); PQ insert/deleteMin O(lg n) per edge
src/Chap57/DijkstraStEphF64.rs:182: info: match (implicit): APAS: Work O(m lg n), Span O(m lg n) | Review: Work O(m lg n), Span O(m lg n); sequential PQ-based Dijkstra
src/Chap57/DijkstraStEphU64.rs:84: info: match (implicit): APAS: Work O(m lg n), Span O(m lg n) | Review: Work O(m lg n), Span O(m lg n); PQ insert/deleteMin O(lg n) per edge
src/Chap57/DijkstraStEphU64.rs:165: info: match (implicit): APAS: Work O(m lg n), Span O(m lg n) | Review: Work O(m lg n), Span O(m lg n); sequential PQ-based Dijkstra
src/Chap58/BellmanFordStEphF64.rs:62: info: match (implicit): APAS: Work O(nm), Span O(n lg n) | Review: Work O(nm), Span O(nm) seq-based; n rounds, O(m) per round with array seqs
src/Chap58/BellmanFordStEphF64.rs:166: info: match (implicit): APAS: Work O(nm), Span O(n lg n) | Review: Work O(nm), Span O(nm) seq-based; n rounds, O(m) per round with array seqs
src/Chap58/BellmanFordStEphI64.rs:59: info: match (implicit): APAS: Work O(nm), Span O(n lg n) | Review: Work O(nm), Span O(nm) seq-based; n rounds, O(m) per round with array seqs
src/Chap58/BellmanFordStEphI64.rs:191: info: match (implicit): APAS: Work O(nm), Span O(n lg n) | Review: Work O(nm), Span O(nm) seq-based; n rounds, O(m) per round with array seqs
src/Chap59/JohnsonMtEphF64.rs:73: info: match (implicit): APAS: Work O(mn lg n), Span O(m lg n) | Review: Work O(mn lg n), Span O(m lg n); parallel: n Dijkstra calls via join
src/Chap59/JohnsonMtEphF64.rs:114: info: match (implicit): APAS: Work O(mn lg n), Span O(m lg n) | Review: Work O(mn lg n), Span O(m lg n); parallel: BF O(nm) then n x Dijkstra in parallel
src/Chap59/JohnsonMtEphF64.rs:368: info: match (implicit): APAS: Work O(m), Span O(m). | Review: Work O(m), Span O(m)
src/Chap59/JohnsonMtEphI64.rs:61: info: match (implicit): APAS: Work O(mn lg n), Span O(m lg n) | Review: Work O(mn lg n), Span O(m lg n); parallel: n Dijkstra calls via join
src/Chap59/JohnsonMtEphI64.rs:105: info: match (implicit): APAS: Work O(mn lg n), Span O(m lg n) | Review: Work O(mn lg n), Span O(m lg n); parallel: BF O(nm) then n x Dijkstra in parallel
src/Chap59/JohnsonMtEphI64.rs:357: info: match (implicit): APAS: Work O(m), Span O(m) | Review: Work O(m), Span O(m)
src/Chap59/JohnsonStEphF64.rs:67: info: match (implicit): APAS: Work O(mn lg n), Span O(m lg n) | Review: Work O(mn lg n), Span O(mn lg n) work; sequential: 1x BF O(nm) + n x Dijkstra O(m lg n)
src/Chap59/JohnsonStEphF64.rs:242: info: match (implicit): APAS: Work O(m), Span O(m). | Review: Work O(m), Span O(m)
src/Chap59/JohnsonStEphF64.rs:355: info: match (implicit): APAS: Work O(mn lg n), Span O(m lg n) | Review: Work O(mn lg n), Span O(mn lg n) work; sequential: 1x BF + n x Dijkstra
src/Chap59/JohnsonStEphI64.rs:64: info: match (implicit): APAS: Work O(mn lg n), Span O(m lg n) | Review: Work O(mn lg n), Span O(mn lg n) work; sequential: 1x BF O(nm) + n x Dijkstra O(m lg n)
src/Chap59/JohnsonStEphI64.rs:245: info: match (implicit): APAS: Work O(m), Span O(m). | Review: Work O(m), Span O(m)
src/Chap59/JohnsonStEphI64.rs:387: info: match (implicit): APAS: Work O(mn lg n), Span O(m lg n) | Review: Work O(mn lg n), Span O(mn lg n) work; sequential: 1x BF + n x Dijkstra
src/Chap61/EdgeContractionMtEph.rs:86: info: match (implicit): APAS: Work O(|V| + |E|), Span O(lg |V|) | Review: Work O(|V| + |E|), Span O(lg |V|)
src/Chap61/EdgeContractionMtEph.rs:234: info: match (implicit): APAS: Work O(|V| + |E|), Span O(lg |V|) | Review: Work O(|V| + |E|), Span O(lg |V|)
src/Chap61/EdgeContractionStEph.rs:70: warning: ACCEPTED DIFFERENCE: Work O(|V| + |E|), Span O(|V| + |E|) — ACCEPTED DIFFERENCE: sequential loops over matching + vertices + edges; APAS Alg 61.6 is full recursive contraction
src/Chap61/EdgeContractionStEph.rs:94: warning: ACCEPTED DIFFERENCE: Work O(|V| + |E|), Span O(|V| + |E|) — ACCEPTED DIFFERENCE: sequential loops over matching + vertices + edges; APAS Alg 61.6 is full recursive contraction
src/Chap61/EdgeContractionStEph.rs:183: info: match (implicit): APAS: Work O(|V| + |E|), Span O(|V| + |E|) | Review: Work O(|V| + |E|), Span O(|V| + |E|)
src/Chap61/VertexMatchingMtEph.rs:75: info: match (implicit): APAS: Work O(|E|), Span O(lg |V|) | Review: Work O(|E|), Span O(lg |V|)
src/Chap61/VertexMatchingMtEph.rs:113: info: match (implicit): APAS: Work O(|E|), Span O(1) — each coin is independent | Review: Work O(|E|), Span O(1)
src/Chap61/VertexMatchingMtEph.rs:146: info: match (implicit): APAS: Work O(|E|), Span O(lg |V|) — each edge checks only incident edges | Review: Work O(|E|), Span O(lg |V|)
src/Chap61/VertexMatchingMtEph.rs:229: info: match (implicit): APAS: Work O(degree(u) + degree(v)), Span O(degree(u) + degree(v)) — checks only incident edges | Review: Work O(degree(u) + degree(v)), Span O(degree(u) + degree(v))
src/Chap61/VertexMatchingStEph.rs:74: info: match (implicit): APAS: Work O(|E|), Span O(|E|) | Review: Work O(|E|), Span O(|E|)
src/Chap62/StarContractionMtEph.rs:255: info: match (implicit): APAS: Work O((n + m) lg n), Span O(lg^2 n) | Review: Work O((n + m) lg n), Span O(lg^2 n); parallel star_partition + quotient build
src/Chap62/StarContractionMtEph.rs:618: info: match (implicit): APAS: Work O((n + m) lg n), Span O(lg^2 n) | Review: Work O((n + m) lg n), Span O(lg^2 n); delegates to star_contract_mt
src/Chap62/StarContractionStEph.rs:75: warning: ACCEPTED DIFFERENCE: Work O((n + m) lg n), Span O((n + m) lg n) — ACCEPTED DIFFERENCE: sequential recursive contraction, span = work
src/Chap62/StarContractionStEph.rs:236: warning: ACCEPTED DIFFERENCE: Work O((n + m) lg n), Span O((n + m) lg n) — ACCEPTED DIFFERENCE: sequential recursive contraction, span = work
src/Chap62/StarContractionStEph.rs:515: info: match (implicit): APAS: Work O((n + m) lg n), Span O((n + m) lg n) | Review: Work O((n + m) lg n), Span O((n + m) lg n); delegates to star_contract
src/Chap62/StarPartitionMtEph.rs:115: error: possible mismatch: APAS: Work O(n + m), Span O(lg n) | Review: Work O((n + m) lg(n + m)), Span O(lg(n + m)) — all 6 loops parallel D&C
src/Chap62/StarPartitionMtEph.rs:1551: error: possible mismatch: APAS: Work O(n + m), Span O(lg n) | Review: Work O((n + m) lg(n + m)), Span O(lg(n + m)) — all 6 loops parallel D&C
src/Chap62/StarPartitionStEph.rs:100: info: match (implicit): APAS: Work O(n + m), Span O(n + m) | Review: Work O(n + m), Span O(n + m)
src/Chap63/ConnectivityMtEph.rs:115: info: match (implicit): APAS: Work O((n+m) lg n), Span O(lg² n) (edge-set, parallel) | Review: Work O((n+m) lg n), Span O(lg^2 n); parallel star contraction
src/Chap63/ConnectivityMtEph.rs:139: info: match (implicit): APAS: Work O((n+m) lg n), Span O(lg² n) (edge-set, parallel) | Review: Work O((n+m) lg n), Span O(lg^2 n); parallel star contraction
src/Chap63/ConnectivityMtEph.rs:203: info: match (implicit): APAS: Work O((n+m) lg n), Span O(lg^2 n) (parallel) | Review: Work O((n+m) lg n), Span O(lg^2 n); parallel star contraction
src/Chap63/ConnectivityMtEph.rs:224: info: match (implicit): APAS: Work O((n+m) lg n), Span O(lg^2 n) (parallel) | Review: Work O((n+m) lg n), Span O(lg^2 n); parallel star contraction
src/Chap63/ConnectivityStEph.rs:104: info: match (implicit): APAS: Work O((n+m) lg n), Span O((n+m) lg n) (edge-set representation) | Review: Work O((n+m) lg n), Span O((n+m) lg n); delegates to star contraction
src/Chap63/ConnectivityStEph.rs:128: info: match (implicit): APAS: Work O((n+m) lg n), Span O((n+m) lg n) (edge-set representation) | Review: Work O((n+m) lg n), Span O((n+m) lg n); delegates to star contraction
src/Chap63/ConnectivityStEph.rs:201: info: match (implicit): APAS: Work O((n+m) lg n), Span O((n+m) lg n) | Review: Work O((n+m) lg n), Span O((n+m) lg n); delegates to star_contract
src/Chap63/ConnectivityStEph.rs:224: info: match (implicit): APAS: Work O((n+m) lg n), Span O((n+m) lg n) | Review: Work O((n+m) lg n), Span O((n+m) lg n); delegates to star_contract
src/Chap64/SpanTreeMtEph.rs:93: error: possible mismatch: APAS: Work O((n+m) lg n), Span O(lg² n) | Review: Work O((n+m)
src/Chap64/SpanTreeStEph.rs:90: error: possible mismatch: APAS: Work O((n+m) lg n), Span O((n+m) lg n) | Review: Work O((n+m)
src/Chap64/TSPApproxStEph.rs:134: info: match (implicit): APAS: Work O(n), Span O(n) | Review: Work O(n), Span O(n)
src/Chap64/TSPApproxStEph.rs:257: info: match (implicit): APAS: Work O(n), Span O(n) | Review: Work O(n), Span O(n)
src/Chap64/TSPApproxStEph.rs:306: info: match (implicit): APAS: Work O(n), Span O(n) | Review: Work O(n), Span O(n)
src/Chap64/TSPApproxStEph.rs:387: info: match (implicit): APAS: Work O(n+m), Span O(n+m) | Review: Work O(n+m), Span O(n+m)
src/Chap65/KruskalStEph.rs:298: info: match: APAS: Work O(m lg n), Span O(m lg n) | Review: Work O(m lg n), Span O(m lg n) — matches APAS
src/Chap65/KruskalStEph.rs:419: info: match: APAS: : (no cost stated) — utility function | Review: matches APAS
src/Chap65/KruskalStEph.rs:452: info: match: APAS: : (no cost stated) — validation utility | Review: matches APAS
src/Chap65/PrimStEph.rs:269: info: match (implicit): APAS: Work O(m lg n), Span O(m lg n) | Review: Work O(m lg n), Span O(m lg n)
src/Chap66/BoruvkaMtEph.rs:110: info: match (implicit): APAS: Work O(m lg n), Span O(lg^2 n) | Review: Work O(m lg n), Span O(lg^2 n): O(lg n) rounds via bridge star partition, each round O(lg m) span via ParaPair! helpers
src/Chap66/BoruvkaMtEph.rs:128: info: match (implicit): APAS: Work O(m lg n), Span O(lg^2 n) | Review: Work O(m lg n), Span O(lg^2 n): O(lg n) rounds via bridge star partition, each round O(lg m) span via ParaPair! helpers
src/Chap66/BoruvkaMtEph.rs:474: info: match (implicit): APAS: Work O(m), Span O(log m) | Review: Work O(m), Span O(log m)
src/Chap66/BoruvkaMtEph.rs:581: info: match (implicit): APAS: Work O(n), Span O(log n) | Review: Work O(n), Span O(log n)
src/Chap66/BoruvkaMtEph.rs:727: info: match (implicit): APAS: Work O(m lg n), Span O(lg^2 n) | Review: Work O(m lg n), Span O(lg^2 n): O(lg n) rounds via bridge star partition, each round O(lg m) span via ParaPair! helpers
src/Chap66/BoruvkaMtEph.rs:924: info: match (implicit): APAS: Work O(m lg n), Span O(lg^2 n) | Review: Work O(m lg n), Span O(lg^2 n): O(lg n) rounds via bridge star partition, each round O(lg m) span via ParaPair! helpers
src/Chap66/BoruvkaStEph.rs:153: warning: ACCEPTED DIFFERENCE: Work O(m lg n), Span O(m lg n) — ACCEPTED DIFFERENCE: sequential, span = work
src/Chap66/BoruvkaStEph.rs:173: info: match (implicit): APAS: Work O(m lg n), Span O(lg^3 n) | Review: Work O(m lg n), Span O(lg^3 n)
src/Chap66/BoruvkaStEph.rs:176: warning: ACCEPTED DIFFERENCE: Work O(m lg n), Span O(m lg n) — ACCEPTED DIFFERENCE: sequential, span = work
src/Chap66/BoruvkaStEph.rs:214: warning: ACCEPTED DIFFERENCE: Work O(m) — ACCEPTED DIFFERENCE: St sequential, APAS parallel
src/Chap66/BoruvkaStEph.rs:275: warning: ACCEPTED DIFFERENCE: Work O(n) — ACCEPTED DIFFERENCE: St sequential, APAS parallel
src/Chap66/BoruvkaStEph.rs:347: warning: ACCEPTED DIFFERENCE: Work O(m log n) — ACCEPTED DIFFERENCE: St sequential, APAS parallel
src/Chap66/BoruvkaStEph.rs:443: warning: ACCEPTED DIFFERENCE: Work O(m log n) — ACCEPTED DIFFERENCE: St sequential, APAS parallel

Summary: 1211 info (match), 286 warning (accepted), 241 error (mismatch/missing)
